Codigo_SAP,Nombre,Cantidad_SAP,UnidadMedida,Categoria,Codigo_Bodega,Nombre_Bodega,Fecha_Ultima_Recepcion
40716,ADHESIVE DEADENER L301 PARAGON (INHIBIDOR DE ADHESIVO),30.0,KILOS,PROD. TINTAS,36,CONTAINER,2026-08-31
42440,TINTA UV REFLEX BLUE UFO5-0021 FLINT,20.0,KG,PROD. TINTAS,21,TINTAS,2026-05-06
43598,TINTA UV RED 032 UFO-30032 FLINT,27.5,KILOS,PROD. TINTAS,21,TINTAS,2026-06-15
44721,TINTA FLEXOCURE FORCE BLUE UFO50072 FLINT,25.0,KILOS,PROD. TINTAS,21,TINTAS,2026-03-17
45263,SOLVENTE MEZCLA 80/20 IPA (ALCOHOL) / (ACETATO)COD.OO,200.0,LITROS,PROD. TINTAS,21,TINTAS,2026-09-08
45578,"HP EI CYAN 1 CANS 7000, 1560GR COD. Q4132B",0.0,UNIDAD,PROD. TINTAS DIGITAL,01,BODEGA COSTEO,
45578,"HP EI CYAN 1 CANS 7000, 1560GR COD. Q4132B",0.0,UNIDAD,PROD. TINTAS DIGITAL,02,MATERIAS PRIMAS E INSUMOS,
45578,"HP EI CYAN 1 CANS 7000, 1560GR COD. Q4132B",0.0,UNIDAD,PROD. TINTAS DIGITAL,03,PRODUCTOS TERMINADOS,
45578,"HP EI CYAN 1 CANS 7000, 1560GR COD. Q4132B",0.0,UNIDAD,PROD. TINTAS DIGITAL,04,PRODUCCION,
45578,"HP EI CYAN 1 CANS 7000, 1560GR COD. Q4132B",0.0,UNIDAD,PROD. TINTAS DIGITAL,05,RECLAMO PROVEEDOR,
45578,"HP EI CYAN 1 CANS 7000, 1560GR COD. Q4132B",0.0,UNIDAD,PROD. TINTAS DIGITAL,06,PRODUCTOS RECHAZADOS,
45578,"HP EI CYAN 1 CANS 7000, 1560GR COD. Q4132B",0.0,UNIDAD,PROD. TINTAS DIGITAL,07,NOTAS DE CREDITO,
45578,"HP EI CYAN 1 CANS 7000, 1560GR COD. Q4132B",0.0,UNIDAD,PROD. TINTAS DIGITAL,08,MPRIMA SOBRE STOCK,
45578,"HP EI CYAN 1 CANS 7000, 1560GR COD. Q4132B",0.0,UNIDAD,PROD. TINTAS DIGITAL,09,BOG.LOGICA APL,
45578,"HP EI CYAN 1 CANS 7000, 1560GR COD. Q4132B",0.0,UNIDAD,PROD. TINTAS DIGITAL,10,DIFERENCIAS DE INV. P.T.,
45578,"HP EI CYAN 1 CANS 7000, 1560GR COD. Q4132B",0.0,UNIDAD,PROD. TINTAS DIGITAL,11,BOG.LOGICA CyT VESPUCIO,
45578,"HP EI CYAN 1 CANS 7000, 1560GR COD. Q4132B",0.0,UNIDAD,PROD. TINTAS DIGITAL,12,BOG.LOGICA CyT ESPEJO,
45578,"HP EI CYAN 1 CANS 7000, 1560GR COD. Q4132B",0.0,UNIDAD,PROD. TINTAS DIGITAL,13,TDP STOCK,
45578,"HP EI CYAN 1 CANS 7000, 1560GR COD. Q4132B",0.0,UNIDAD,PROD. TINTAS DIGITAL,14,SERVICIO TECNICO,
45578,"HP EI CYAN 1 CANS 7000, 1560GR COD. Q4132B",0.0,UNIDAD,PROD. TINTAS DIGITAL,15,TALLER SERV.TECNICO,
45578,"HP EI CYAN 1 CANS 7000, 1560GR COD. Q4132B",0.0,UNIDAD,PROD. TINTAS DIGITAL,16,BOG.LOGICA COCA-COLA,
45578,"HP EI CYAN 1 CANS 7000, 1560GR COD. Q4132B",0.0,UNIDAD,PROD. TINTAS DIGITAL,17,BODEGA CLIENTES,
45578,"HP EI CYAN 1 CANS 7000, 1560GR COD. Q4132B",0.0,UNIDAD,PROD. TINTAS DIGITAL,18,MAURICIO MEDINA,
45578,"HP EI CYAN 1 CANS 7000, 1560GR COD. Q4132B",0.0,UNIDAD,PROD. TINTAS DIGITAL,19,MAURICIO DAVIS,
45578,"HP EI CYAN 1 CANS 7000, 1560GR COD. Q4132B",0.0,UNIDAD,PROD. TINTAS DIGITAL,20,POSCOSECHA MUESTRAS,
45578,"HP EI CYAN 1 CANS 7000, 1560GR COD. Q4132B",0.0,UNIDAD,PROD. TINTAS DIGITAL,21,TINTAS,
45578,"HP EI CYAN 1 CANS 7000, 1560GR COD. Q4132B",0.0,UNIDAD,PROD. TINTAS DIGITAL,22,SIEGWERK,
45578,"HP EI CYAN 1 CANS 7000, 1560GR COD. Q4132B",0.0,UNIDAD,PROD. TINTAS DIGITAL,24,SALDO MATERIAS PRIMAS,
45578,"HP EI CYAN 1 CANS 7000, 1560GR COD. Q4132B",0.0,UNIDAD,PROD. TINTAS DIGITAL,26,OBSOLETOS COMERCIAL,
45578,"HP EI CYAN 1 CANS 7000, 1560GR COD. Q4132B",0.0,UNIDAD,PROD. TINTAS DIGITAL,34,MP MAQUINA WEBER,
45578,"HP EI CYAN 1 CANS 7000, 1560GR COD. Q4132B",0.0,UNIDAD,PROD. TINTAS DIGITAL,35,BODEGA GESLOG INTEGRAL,
45578,"HP EI CYAN 1 CANS 7000, 1560GR COD. Q4132B",0.0,UNIDAD,PROD. TINTAS DIGITAL,36,CONTAINER,
45578,"HP EI CYAN 1 CANS 7000, 1560GR COD. Q4132B",0.0,UNIDAD,PROD. TINTAS DIGITAL,38,RRHH,
45578,"HP EI CYAN 1 CANS 7000, 1560GR COD. Q4132B",0.0,UNIDAD,PROD. TINTAS DIGITAL,40,ST CONCEPCION,
45578,"HP EI CYAN 1 CANS 7000, 1560GR COD. Q4132B",0.0,UNIDAD,PROD. TINTAS DIGITAL,42,BODEGA DURAMET,
45578,"HP EI CYAN 1 CANS 7000, 1560GR COD. Q4132B",0.0,UNIDAD,PROD. TINTAS DIGITAL,44,SERV.TECNICO SINCLAIR,
45578,"HP EI CYAN 1 CANS 7000, 1560GR COD. Q4132B",0.0,UNIDAD,PROD. TINTAS DIGITAL,45,BODEGA PROVEEDOR,
45578,"HP EI CYAN 1 CANS 7000, 1560GR COD. Q4132B",0.0,UNIDAD,PROD. TINTAS DIGITAL,46,SINCLAIR STOCK,
45578,"HP EI CYAN 1 CANS 7000, 1560GR COD. Q4132B",0.0,UNIDAD,PROD. TINTAS DIGITAL,48,POSCOSECHA,
45578,"HP EI CYAN 1 CANS 7000, 1560GR COD. Q4132B",0.0,UNIDAD,PROD. TINTAS DIGITAL,49,BOG. LOGICA ARAUCO,
45578,"HP EI CYAN 1 CANS 7000, 1560GR COD. Q4132B",0.0,UNIDAD,PROD. TINTAS DIGITAL,50,SERV.TECNICO SAMSON,
45578,"HP EI CYAN 1 CANS 7000, 1560GR COD. Q4132B",0.0,UNIDAD,PROD. TINTAS DIGITAL,51,PERU STOCK ENVIO,
45578,"HP EI CYAN 1 CANS 7000, 1560GR COD. Q4132B",0.0,UNIDAD,PROD. TINTAS DIGITAL,52,ST IMPRESORAS Y EQUIPOS,
45578,"HP EI CYAN 1 CANS 7000, 1560GR COD. Q4132B",0.0,UNIDAD,PROD. TINTAS DIGITAL,53,BODEGA ESQUIM,
45578,"HP EI CYAN 1 CANS 7000, 1560GR COD. Q4132B",0.0,UNIDAD,PROD. TINTAS DIGITAL,54,GESLOG MALLOA,
45579,"HP EI YELLOW 1 CANS, 1560GR Q4130D (EX-Q4130B)",0.0,UNIDAD,PROD. TINTAS DIGITAL,01,BODEGA COSTEO,
45579,"HP EI YELLOW 1 CANS, 1560GR Q4130D (EX-Q4130B)",0.0,UNIDAD,PROD. TINTAS DIGITAL,02,MATERIAS PRIMAS E INSUMOS,
45579,"HP EI YELLOW 1 CANS, 1560GR Q4130D (EX-Q4130B)",0.0,UNIDAD,PROD. TINTAS DIGITAL,03,PRODUCTOS TERMINADOS,
45579,"HP EI YELLOW 1 CANS, 1560GR Q4130D (EX-Q4130B)",0.0,UNIDAD,PROD. TINTAS DIGITAL,04,PRODUCCION,
45579,"HP EI YELLOW 1 CANS, 1560GR Q4130D (EX-Q4130B)",0.0,UNIDAD,PROD. TINTAS DIGITAL,05,RECLAMO PROVEEDOR,
45579,"HP EI YELLOW 1 CANS, 1560GR Q4130D (EX-Q4130B)",0.0,UNIDAD,PROD. TINTAS DIGITAL,06,PRODUCTOS RECHAZADOS,
45579,"HP EI YELLOW 1 CANS, 1560GR Q4130D (EX-Q4130B)",0.0,UNIDAD,PROD. TINTAS DIGITAL,07,NOTAS DE CREDITO,
45579,"HP EI YELLOW 1 CANS, 1560GR Q4130D (EX-Q4130B)",0.0,UNIDAD,PROD. TINTAS DIGITAL,08,MPRIMA SOBRE STOCK,
45579,"HP EI YELLOW 1 CANS, 1560GR Q4130D (EX-Q4130B)",0.0,UNIDAD,PROD. TINTAS DIGITAL,09,BOG.LOGICA APL,
45579,"HP EI YELLOW 1 CANS, 1560GR Q4130D (EX-Q4130B)",0.0,UNIDAD,PROD. TINTAS DIGITAL,10,DIFERENCIAS DE INV. P.T.,
45579,"HP EI YELLOW 1 CANS, 1560GR Q4130D (EX-Q4130B)",0.0,UNIDAD,PROD. TINTAS DIGITAL,11,BOG.LOGICA CyT VESPUCIO,
45579,"HP EI YELLOW 1 CANS, 1560GR Q4130D (EX-Q4130B)",0.0,UNIDAD,PROD. TINTAS DIGITAL,12,BOG.LOGICA CyT ESPEJO,
45579,"HP EI YELLOW 1 CANS, 1560GR Q4130D (EX-Q4130B)",0.0,UNIDAD,PROD. TINTAS DIGITAL,13,TDP STOCK,
45579,"HP EI YELLOW 1 CANS, 1560GR Q4130D (EX-Q4130B)",0.0,UNIDAD,PROD. TINTAS DIGITAL,14,SERVICIO TECNICO,
45579,"HP EI YELLOW 1 CANS, 1560GR Q4130D (EX-Q4130B)",0.0,UNIDAD,PROD. TINTAS DIGITAL,15,TALLER SERV.TECNICO,
45579,"HP EI YELLOW 1 CANS, 1560GR Q4130D (EX-Q4130B)",0.0,UNIDAD,PROD. TINTAS DIGITAL,16,BOG.LOGICA COCA-COLA,
45579,"HP EI YELLOW 1 CANS, 1560GR Q4130D (EX-Q4130B)",0.0,UNIDAD,PROD. TINTAS DIGITAL,17,BODEGA CLIENTES,
45579,"HP EI YELLOW 1 CANS, 1560GR Q4130D (EX-Q4130B)",0.0,UNIDAD,PROD. TINTAS DIGITAL,18,MAURICIO MEDINA,
45579,"HP EI YELLOW 1 CANS, 1560GR Q4130D (EX-Q4130B)",0.0,UNIDAD,PROD. TINTAS DIGITAL,19,MAURICIO DAVIS,
45579,"HP EI YELLOW 1 CANS, 1560GR Q4130D (EX-Q4130B)",0.0,UNIDAD,PROD. TINTAS DIGITAL,20,POSCOSECHA MUESTRAS,
45579,"HP EI YELLOW 1 CANS, 1560GR Q4130D (EX-Q4130B)",0.0,UNIDAD,PROD. TINTAS DIGITAL,21,TINTAS,
45579,"HP EI YELLOW 1 CANS, 1560GR Q4130D (EX-Q4130B)",0.0,UNIDAD,PROD. TINTAS DIGITAL,22,SIEGWERK,
45579,"HP EI YELLOW 1 CANS, 1560GR Q4130D (EX-Q4130B)",0.0,UNIDAD,PROD. TINTAS DIGITAL,24,SALDO MATERIAS PRIMAS,
45579,"HP EI YELLOW 1 CANS, 1560GR Q4130D (EX-Q4130B)",0.0,UNIDAD,PROD. TINTAS DIGITAL,26,OBSOLETOS COMERCIAL,
45579,"HP EI YELLOW 1 CANS, 1560GR Q4130D (EX-Q4130B)",0.0,UNIDAD,PROD. TINTAS DIGITAL,34,MP MAQUINA WEBER,
45579,"HP EI YELLOW 1 CANS, 1560GR Q4130D (EX-Q4130B)",0.0,UNIDAD,PROD. TINTAS DIGITAL,35,BODEGA GESLOG INTEGRAL,
45579,"HP EI YELLOW 1 CANS, 1560GR Q4130D (EX-Q4130B)",0.0,UNIDAD,PROD. TINTAS DIGITAL,36,CONTAINER,
45579,"HP EI YELLOW 1 CANS, 1560GR Q4130D (EX-Q4130B)",0.0,UNIDAD,PROD. TINTAS DIGITAL,38,RRHH,
45579,"HP EI YELLOW 1 CANS, 1560GR Q4130D (EX-Q4130B)",0.0,UNIDAD,PROD. TINTAS DIGITAL,40,ST CONCEPCION,
45579,"HP EI YELLOW 1 CANS, 1560GR Q4130D (EX-Q4130B)",0.0,UNIDAD,PROD. TINTAS DIGITAL,42,BODEGA DURAMET,
45579,"HP EI YELLOW 1 CANS, 1560GR Q4130D (EX-Q4130B)",0.0,UNIDAD,PROD. TINTAS DIGITAL,44,SERV.TECNICO SINCLAIR,
45579,"HP EI YELLOW 1 CANS, 1560GR Q4130D (EX-Q4130B)",0.0,UNIDAD,PROD. TINTAS DIGITAL,45,BODEGA PROVEEDOR,
45579,"HP EI YELLOW 1 CANS, 1560GR Q4130D (EX-Q4130B)",0.0,UNIDAD,PROD. TINTAS DIGITAL,46,SINCLAIR STOCK,
45579,"HP EI YELLOW 1 CANS, 1560GR Q4130D (EX-Q4130B)",0.0,UNIDAD,PROD. TINTAS DIGITAL,48,POSCOSECHA,
45579,"HP EI YELLOW 1 CANS, 1560GR Q4130D (EX-Q4130B)",0.0,UNIDAD,PROD. TINTAS DIGITAL,49,BOG. LOGICA ARAUCO,
45579,"HP EI YELLOW 1 CANS, 1560GR Q4130D (EX-Q4130B)",0.0,UNIDAD,PROD. TINTAS DIGITAL,50,SERV.TECNICO SAMSON,
45579,"HP EI YELLOW 1 CANS, 1560GR Q4130D (EX-Q4130B)",0.0,UNIDAD,PROD. TINTAS DIGITAL,51,PERU STOCK ENVIO,
45579,"HP EI YELLOW 1 CANS, 1560GR Q4130D (EX-Q4130B)",0.0,UNIDAD,PROD. TINTAS DIGITAL,52,ST IMPRESORAS Y EQUIPOS,
45579,"HP EI YELLOW 1 CANS, 1560GR Q4130D (EX-Q4130B)",0.0,UNIDAD,PROD. TINTAS DIGITAL,53,BODEGA ESQUIM,
45579,"HP EI YELLOW 1 CANS, 1560GR Q4130D (EX-Q4130B)",0.0,UNIDAD,PROD. TINTAS DIGITAL,54,GESLOG MALLOA,
45580,"HP EI MAGENTA 1 CANS 700, 1560GR Q4131D (EX-Q4131B)",0.0,UNIDAD,PROD. TINTAS DIGITAL,01,BODEGA COSTEO,
45580,"HP EI MAGENTA 1 CANS 700, 1560GR Q4131D (EX-Q4131B)",0.0,UNIDAD,PROD. TINTAS DIGITAL,02,MATERIAS PRIMAS E INSUMOS,
45580,"HP EI MAGENTA 1 CANS 700, 1560GR Q4131D (EX-Q4131B)",0.0,UNIDAD,PROD. TINTAS DIGITAL,03,PRODUCTOS TERMINADOS,
45580,"HP EI MAGENTA 1 CANS 700, 1560GR Q4131D (EX-Q4131B)",0.0,UNIDAD,PROD. TINTAS DIGITAL,04,PRODUCCION,
45580,"HP EI MAGENTA 1 CANS 700, 1560GR Q4131D (EX-Q4131B)",0.0,UNIDAD,PROD. TINTAS DIGITAL,05,RECLAMO PROVEEDOR,
45580,"HP EI MAGENTA 1 CANS 700, 1560GR Q4131D (EX-Q4131B)",0.0,UNIDAD,PROD. TINTAS DIGITAL,06,PRODUCTOS RECHAZADOS,
45580,"HP EI MAGENTA 1 CANS 700, 1560GR Q4131D (EX-Q4131B)",0.0,UNIDAD,PROD. TINTAS DIGITAL,07,NOTAS DE CREDITO,
45580,"HP EI MAGENTA 1 CANS 700, 1560GR Q4131D (EX-Q4131B)",0.0,UNIDAD,PROD. TINTAS DIGITAL,08,MPRIMA SOBRE STOCK,
45580,"HP EI MAGENTA 1 CANS 700, 1560GR Q4131D (EX-Q4131B)",0.0,UNIDAD,PROD. TINTAS DIGITAL,09,BOG.LOGICA APL,
45580,"HP EI MAGENTA 1 CANS 700, 1560GR Q4131D (EX-Q4131B)",0.0,UNIDAD,PROD. TINTAS DIGITAL,10,DIFERENCIAS DE INV. P.T.,
45580,"HP EI MAGENTA 1 CANS 700, 1560GR Q4131D (EX-Q4131B)",0.0,UNIDAD,PROD. TINTAS DIGITAL,11,BOG.LOGICA CyT VESPUCIO,
45580,"HP EI MAGENTA 1 CANS 700, 1560GR Q4131D (EX-Q4131B)",0.0,UNIDAD,PROD. TINTAS DIGITAL,12,BOG.LOGICA CyT ESPEJO,
45580,"HP EI MAGENTA 1 CANS 700, 1560GR Q4131D (EX-Q4131B)",0.0,UNIDAD,PROD. TINTAS DIGITAL,13,TDP STOCK,
45580,"HP EI MAGENTA 1 CANS 700, 1560GR Q4131D (EX-Q4131B)",0.0,UNIDAD,PROD. TINTAS DIGITAL,14,SERVICIO TECNICO,
45580,"HP EI MAGENTA 1 CANS 700, 1560GR Q4131D (EX-Q4131B)",0.0,UNIDAD,PROD. TINTAS DIGITAL,15,TALLER SERV.TECNICO,
45580,"HP EI MAGENTA 1 CANS 700, 1560GR Q4131D (EX-Q4131B)",0.0,UNIDAD,PROD. TINTAS DIGITAL,16,BOG.LOGICA COCA-COLA,
45580,"HP EI MAGENTA 1 CANS 700, 1560GR Q4131D (EX-Q4131B)",0.0,UNIDAD,PROD. TINTAS DIGITAL,17,BODEGA CLIENTES,
45580,"HP EI MAGENTA 1 CANS 700, 1560GR Q4131D (EX-Q4131B)",0.0,UNIDAD,PROD. TINTAS DIGITAL,18,MAURICIO MEDINA,
45580,"HP EI MAGENTA 1 CANS 700, 1560GR Q4131D (EX-Q4131B)",0.0,UNIDAD,PROD. TINTAS DIGITAL,19,MAURICIO DAVIS,
45580,"HP EI MAGENTA 1 CANS 700, 1560GR Q4131D (EX-Q4131B)",0.0,UNIDAD,PROD. TINTAS DIGITAL,20,POSCOSECHA MUESTRAS,
45580,"HP EI MAGENTA 1 CANS 700, 1560GR Q4131D (EX-Q4131B)",0.0,UNIDAD,PROD. TINTAS DIGITAL,21,TINTAS,
45580,"HP EI MAGENTA 1 CANS 700, 1560GR Q4131D (EX-Q4131B)",0.0,UNIDAD,PROD. TINTAS DIGITAL,22,SIEGWERK,
45580,"HP EI MAGENTA 1 CANS 700, 1560GR Q4131D (EX-Q4131B)",0.0,UNIDAD,PROD. TINTAS DIGITAL,24,SALDO MATERIAS PRIMAS,
45580,"HP EI MAGENTA 1 CANS 700, 1560GR Q4131D (EX-Q4131B)",0.0,UNIDAD,PROD. TINTAS DIGITAL,26,OBSOLETOS COMERCIAL,
45580,"HP EI MAGENTA 1 CANS 700, 1560GR Q4131D (EX-Q4131B)",0.0,UNIDAD,PROD. TINTAS DIGITAL,34,MP MAQUINA WEBER,
45580,"HP EI MAGENTA 1 CANS 700, 1560GR Q4131D (EX-Q4131B)",0.0,UNIDAD,PROD. TINTAS DIGITAL,35,BODEGA GESLOG INTEGRAL,
45580,"HP EI MAGENTA 1 CANS 700, 1560GR Q4131D (EX-Q4131B)",0.0,UNIDAD,PROD. TINTAS DIGITAL,36,CONTAINER,
45580,"HP EI MAGENTA 1 CANS 700, 1560GR Q4131D (EX-Q4131B)",0.0,UNIDAD,PROD. TINTAS DIGITAL,38,RRHH,
45580,"HP EI MAGENTA 1 CANS 700, 1560GR Q4131D (EX-Q4131B)",0.0,UNIDAD,PROD. TINTAS DIGITAL,40,ST CONCEPCION,
45580,"HP EI MAGENTA 1 CANS 700, 1560GR Q4131D (EX-Q4131B)",0.0,UNIDAD,PROD. TINTAS DIGITAL,42,BODEGA DURAMET,
45580,"HP EI MAGENTA 1 CANS 700, 1560GR Q4131D (EX-Q4131B)",0.0,UNIDAD,PROD. TINTAS DIGITAL,44,SERV.TECNICO SINCLAIR,
45580,"HP EI MAGENTA 1 CANS 700, 1560GR Q4131D (EX-Q4131B)",0.0,UNIDAD,PROD. TINTAS DIGITAL,45,BODEGA PROVEEDOR,
45580,"HP EI MAGENTA 1 CANS 700, 1560GR Q4131D (EX-Q4131B)",0.0,UNIDAD,PROD. TINTAS DIGITAL,46,SINCLAIR STOCK,
45580,"HP EI MAGENTA 1 CANS 700, 1560GR Q4131D (EX-Q4131B)",0.0,UNIDAD,PROD. TINTAS DIGITAL,48,POSCOSECHA,
45580,"HP EI MAGENTA 1 CANS 700, 1560GR Q4131D (EX-Q4131B)",0.0,UNIDAD,PROD. TINTAS DIGITAL,49,BOG. LOGICA ARAUCO,
45580,"HP EI MAGENTA 1 CANS 700, 1560GR Q4131D (EX-Q4131B)",0.0,UNIDAD,PROD. TINTAS DIGITAL,50,SERV.TECNICO SAMSON,
45580,"HP EI MAGENTA 1 CANS 700, 1560GR Q4131D (EX-Q4131B)",0.0,UNIDAD,PROD. TINTAS DIGITAL,51,PERU STOCK ENVIO,
45580,"HP EI MAGENTA 1 CANS 700, 1560GR Q4131D (EX-Q4131B)",0.0,UNIDAD,PROD. TINTAS DIGITAL,52,ST IMPRESORAS Y EQUIPOS,
45580,"HP EI MAGENTA 1 CANS 700, 1560GR Q4131D (EX-Q4131B)",0.0,UNIDAD,PROD. TINTAS DIGITAL,53,BODEGA ESQUIM,
45580,"HP EI MAGENTA 1 CANS 700, 1560GR Q4131D (EX-Q4131B)",0.0,UNIDAD,PROD. TINTAS DIGITAL,54,GESLOG MALLOA,
45581,"HP EI BLACK 1 CANS 7000, 1560GR Q4133D (EX-Q4133B)",0.0,UNIDAD,PROD. TINTAS DIGITAL,01,BODEGA COSTEO,
45581,"HP EI BLACK 1 CANS 7000, 1560GR Q4133D (EX-Q4133B)",0.0,UNIDAD,PROD. TINTAS DIGITAL,02,MATERIAS PRIMAS E INSUMOS,
45581,"HP EI BLACK 1 CANS 7000, 1560GR Q4133D (EX-Q4133B)",0.0,UNIDAD,PROD. TINTAS DIGITAL,03,PRODUCTOS TERMINADOS,
45581,"HP EI BLACK 1 CANS 7000, 1560GR Q4133D (EX-Q4133B)",0.0,UNIDAD,PROD. TINTAS DIGITAL,04,PRODUCCION,
45581,"HP EI BLACK 1 CANS 7000, 1560GR Q4133D (EX-Q4133B)",0.0,UNIDAD,PROD. TINTAS DIGITAL,05,RECLAMO PROVEEDOR,
45581,"HP EI BLACK 1 CANS 7000, 1560GR Q4133D (EX-Q4133B)",0.0,UNIDAD,PROD. TINTAS DIGITAL,06,PRODUCTOS RECHAZADOS,
45581,"HP EI BLACK 1 CANS 7000, 1560GR Q4133D (EX-Q4133B)",0.0,UNIDAD,PROD. TINTAS DIGITAL,08,MPRIMA SOBRE STOCK,
45581,"HP EI BLACK 1 CANS 7000, 1560GR Q4133D (EX-Q4133B)",0.0,UNIDAD,PROD. TINTAS DIGITAL,10,DIFERENCIAS DE INV. P.T.,
45581,"HP EI BLACK 1 CANS 7000, 1560GR Q4133D (EX-Q4133B)",0.0,UNIDAD,PROD. TINTAS DIGITAL,17,BODEGA CLIENTES,
45581,"HP EI BLACK 1 CANS 7000, 1560GR Q4133D (EX-Q4133B)",0.0,UNIDAD,PROD. TINTAS DIGITAL,20,POSCOSECHA MUESTRAS,
45581,"HP EI BLACK 1 CANS 7000, 1560GR Q4133D (EX-Q4133B)",0.0,UNIDAD,PROD. TINTAS DIGITAL,21,TINTAS,
45581,"HP EI BLACK 1 CANS 7000, 1560GR Q4133D (EX-Q4133B)",0.0,UNIDAD,PROD. TINTAS DIGITAL,35,BODEGA GESLOG INTEGRAL,
45581,"HP EI BLACK 1 CANS 7000, 1560GR Q4133D (EX-Q4133B)",0.0,UNIDAD,PROD. TINTAS DIGITAL,36,CONTAINER,
45581,"HP EI BLACK 1 CANS 7000, 1560GR Q4133D (EX-Q4133B)",0.0,UNIDAD,PROD. TINTAS DIGITAL,38,RRHH,
45581,"HP EI BLACK 1 CANS 7000, 1560GR Q4133D (EX-Q4133B)",0.0,UNIDAD,PROD. TINTAS DIGITAL,40,ST CONCEPCION,
45581,"HP EI BLACK 1 CANS 7000, 1560GR Q4133D (EX-Q4133B)",0.0,UNIDAD,PROD. TINTAS DIGITAL,42,BODEGA DURAMET,
45581,"HP EI BLACK 1 CANS 7000, 1560GR Q4133D (EX-Q4133B)",0.0,UNIDAD,PROD. TINTAS DIGITAL,44,SERV.TECNICO SINCLAIR,
45581,"HP EI BLACK 1 CANS 7000, 1560GR Q4133D (EX-Q4133B)",0.0,UNIDAD,PROD. TINTAS DIGITAL,45,BODEGA PROVEEDOR,
45581,"HP EI BLACK 1 CANS 7000, 1560GR Q4133D (EX-Q4133B)",0.0,UNIDAD,PROD. TINTAS DIGITAL,46,SINCLAIR STOCK,
45581,"HP EI BLACK 1 CANS 7000, 1560GR Q4133D (EX-Q4133B)",0.0,UNIDAD,PROD. TINTAS DIGITAL,48,POSCOSECHA,
45581,"HP EI BLACK 1 CANS 7000, 1560GR Q4133D (EX-Q4133B)",0.0,UNIDAD,PROD. TINTAS DIGITAL,49,BOG. LOGICA ARAUCO,
45581,"HP EI BLACK 1 CANS 7000, 1560GR Q4133D (EX-Q4133B)",0.0,UNIDAD,PROD. TINTAS DIGITAL,50,SERV.TECNICO SAMSON,
45581,"HP EI BLACK 1 CANS 7000, 1560GR Q4133D (EX-Q4133B)",0.0,UNIDAD,PROD. TINTAS DIGITAL,51,PERU STOCK ENVIO,
45581,"HP EI BLACK 1 CANS 7000, 1560GR Q4133D (EX-Q4133B)",0.0,UNIDAD,PROD. TINTAS DIGITAL,52,ST IMPRESORAS Y EQUIPOS,
45581,"HP EI BLACK 1 CANS 7000, 1560GR Q4133D (EX-Q4133B)",0.0,UNIDAD,PROD. TINTAS DIGITAL,53,BODEGA ESQUIM,
45581,"HP EI BLACK 1 CANS 7000, 1560GR Q4133D (EX-Q4133B)",0.0,UNIDAD,PROD. TINTAS DIGITAL,54,GESLOG MALLOA,
45582,"HP EI VIOLET 1 CANS,  COD. Q4117A",0.0,UNIDAD,PROD. TINTAS DIGITAL,01,BODEGA COSTEO,
45582,"HP EI VIOLET 1 CANS,  COD. Q4117A",0.0,UNIDAD,PROD. TINTAS DIGITAL,02,MATERIAS PRIMAS E INSUMOS,
45582,"HP EI VIOLET 1 CANS,  COD. Q4117A",0.0,UNIDAD,PROD. TINTAS DIGITAL,03,PRODUCTOS TERMINADOS,
45582,"HP EI VIOLET 1 CANS,  COD. Q4117A",0.0,UNIDAD,PROD. TINTAS DIGITAL,04,PRODUCCION,
45582,"HP EI VIOLET 1 CANS,  COD. Q4117A",0.0,UNIDAD,PROD. TINTAS DIGITAL,05,RECLAMO PROVEEDOR,
45582,"HP EI VIOLET 1 CANS,  COD. Q4117A",0.0,UNIDAD,PROD. TINTAS DIGITAL,06,PRODUCTOS RECHAZADOS,
45582,"HP EI VIOLET 1 CANS,  COD. Q4117A",0.0,UNIDAD,PROD. TINTAS DIGITAL,07,NOTAS DE CREDITO,
45582,"HP EI VIOLET 1 CANS,  COD. Q4117A",0.0,UNIDAD,PROD. TINTAS DIGITAL,08,MPRIMA SOBRE STOCK,
45582,"HP EI VIOLET 1 CANS,  COD. Q4117A",0.0,UNIDAD,PROD. TINTAS DIGITAL,09,BOG.LOGICA APL,
45582,"HP EI VIOLET 1 CANS,  COD. Q4117A",0.0,UNIDAD,PROD. TINTAS DIGITAL,10,DIFERENCIAS DE INV. P.T.,
45582,"HP EI VIOLET 1 CANS,  COD. Q4117A",0.0,UNIDAD,PROD. TINTAS DIGITAL,11,BOG.LOGICA CyT VESPUCIO,
45582,"HP EI VIOLET 1 CANS,  COD. Q4117A",0.0,UNIDAD,PROD. TINTAS DIGITAL,12,BOG.LOGICA CyT ESPEJO,
45582,"HP EI VIOLET 1 CANS,  COD. Q4117A",0.0,UNIDAD,PROD. TINTAS DIGITAL,13,TDP STOCK,
45582,"HP EI VIOLET 1 CANS,  COD. Q4117A",0.0,UNIDAD,PROD. TINTAS DIGITAL,14,SERVICIO TECNICO,
45582,"HP EI VIOLET 1 CANS,  COD. Q4117A",0.0,UNIDAD,PROD. TINTAS DIGITAL,15,TALLER SERV.TECNICO,
45582,"HP EI VIOLET 1 CANS,  COD. Q4117A",0.0,UNIDAD,PROD. TINTAS DIGITAL,16,BOG.LOGICA COCA-COLA,
45582,"HP EI VIOLET 1 CANS,  COD. Q4117A",0.0,UNIDAD,PROD. TINTAS DIGITAL,17,BODEGA CLIENTES,
45582,"HP EI VIOLET 1 CANS,  COD. Q4117A",0.0,UNIDAD,PROD. TINTAS DIGITAL,18,MAURICIO MEDINA,
45582,"HP EI VIOLET 1 CANS,  COD. Q4117A",0.0,UNIDAD,PROD. TINTAS DIGITAL,19,MAURICIO DAVIS,
45582,"HP EI VIOLET 1 CANS,  COD. Q4117A",0.0,UNIDAD,PROD. TINTAS DIGITAL,20,POSCOSECHA MUESTRAS,
45582,"HP EI VIOLET 1 CANS,  COD. Q4117A",0.0,UNIDAD,PROD. TINTAS DIGITAL,21,TINTAS,
45582,"HP EI VIOLET 1 CANS,  COD. Q4117A",0.0,UNIDAD,PROD. TINTAS DIGITAL,22,SIEGWERK,
45582,"HP EI VIOLET 1 CANS,  COD. Q4117A",0.0,UNIDAD,PROD. TINTAS DIGITAL,24,SALDO MATERIAS PRIMAS,
45582,"HP EI VIOLET 1 CANS,  COD. Q4117A",0.0,UNIDAD,PROD. TINTAS DIGITAL,26,OBSOLETOS COMERCIAL,
45582,"HP EI VIOLET 1 CANS,  COD. Q4117A",0.0,UNIDAD,PROD. TINTAS DIGITAL,34,MP MAQUINA WEBER,
45582,"HP EI VIOLET 1 CANS,  COD. Q4117A",0.0,UNIDAD,PROD. TINTAS DIGITAL,35,BODEGA GESLOG INTEGRAL,
45582,"HP EI VIOLET 1 CANS,  COD. Q4117A",0.0,UNIDAD,PROD. TINTAS DIGITAL,36,CONTAINER,
45582,"HP EI VIOLET 1 CANS,  COD. Q4117A",0.0,UNIDAD,PROD. TINTAS DIGITAL,38,RRHH,
45582,"HP EI VIOLET 1 CANS,  COD. Q4117A",0.0,UNIDAD,PROD. TINTAS DIGITAL,40,ST CONCEPCION,
45582,"HP EI VIOLET 1 CANS,  COD. Q4117A",0.0,UNIDAD,PROD. TINTAS DIGITAL,42,BODEGA DURAMET,
45582,"HP EI VIOLET 1 CANS,  COD. Q4117A",0.0,UNIDAD,PROD. TINTAS DIGITAL,44,SERV.TECNICO SINCLAIR,
45582,"HP EI VIOLET 1 CANS,  COD. Q4117A",0.0,UNIDAD,PROD. TINTAS DIGITAL,45,BODEGA PROVEEDOR,
45582,"HP EI VIOLET 1 CANS,  COD. Q4117A",0.0,UNIDAD,PROD. TINTAS DIGITAL,46,SINCLAIR STOCK,
45582,"HP EI VIOLET 1 CANS,  COD. Q4117A",0.0,UNIDAD,PROD. TINTAS DIGITAL,48,POSCOSECHA,
45582,"HP EI VIOLET 1 CANS,  COD. Q4117A",0.0,UNIDAD,PROD. TINTAS DIGITAL,49,BOG. LOGICA ARAUCO,
45582,"HP EI VIOLET 1 CANS,  COD. Q4117A",0.0,UNIDAD,PROD. TINTAS DIGITAL,50,SERV.TECNICO SAMSON,
45582,"HP EI VIOLET 1 CANS,  COD. Q4117A",0.0,UNIDAD,PROD. TINTAS DIGITAL,51,PERU STOCK ENVIO,
45582,"HP EI VIOLET 1 CANS,  COD. Q4117A",0.0,UNIDAD,PROD. TINTAS DIGITAL,52,ST IMPRESORAS Y EQUIPOS,
45582,"HP EI VIOLET 1 CANS,  COD. Q4117A",0.0,UNIDAD,PROD. TINTAS DIGITAL,53,BODEGA ESQUIM,
45582,"HP EI VIOLET 1 CANS,  COD. Q4117A",0.0,UNIDAD,PROD. TINTAS DIGITAL,54,GESLOG MALLOA,
45583,"HP EI ORANGE 1 CANS,  COD. Q4115A",0.0,UNIDAD,PROD. TINTAS DIGITAL,01,BODEGA COSTEO,
45583,"HP EI ORANGE 1 CANS,  COD. Q4115A",0.0,UNIDAD,PROD. TINTAS DIGITAL,02,MATERIAS PRIMAS E INSUMOS,
45583,"HP EI ORANGE 1 CANS,  COD. Q4115A",0.0,UNIDAD,PROD. TINTAS DIGITAL,03,PRODUCTOS TERMINADOS,
45583,"HP EI ORANGE 1 CANS,  COD. Q4115A",0.0,UNIDAD,PROD. TINTAS DIGITAL,04,PRODUCCION,
45583,"HP EI ORANGE 1 CANS,  COD. Q4115A",0.0,UNIDAD,PROD. TINTAS DIGITAL,05,RECLAMO PROVEEDOR,
45583,"HP EI ORANGE 1 CANS,  COD. Q4115A",0.0,UNIDAD,PROD. TINTAS DIGITAL,06,PRODUCTOS RECHAZADOS,
45583,"HP EI ORANGE 1 CANS,  COD. Q4115A",0.0,UNIDAD,PROD. TINTAS DIGITAL,07,NOTAS DE CREDITO,
45583,"HP EI ORANGE 1 CANS,  COD. Q4115A",0.0,UNIDAD,PROD. TINTAS DIGITAL,08,MPRIMA SOBRE STOCK,
45583,"HP EI ORANGE 1 CANS,  COD. Q4115A",0.0,UNIDAD,PROD. TINTAS DIGITAL,09,BOG.LOGICA APL,
45583,"HP EI ORANGE 1 CANS,  COD. Q4115A",0.0,UNIDAD,PROD. TINTAS DIGITAL,10,DIFERENCIAS DE INV. P.T.,
45583,"HP EI ORANGE 1 CANS,  COD. Q4115A",0.0,UNIDAD,PROD. TINTAS DIGITAL,11,BOG.LOGICA CyT VESPUCIO,
45583,"HP EI ORANGE 1 CANS,  COD. Q4115A",0.0,UNIDAD,PROD. TINTAS DIGITAL,12,BOG.LOGICA CyT ESPEJO,
45583,"HP EI ORANGE 1 CANS,  COD. Q4115A",0.0,UNIDAD,PROD. TINTAS DIGITAL,13,TDP STOCK,
45583,"HP EI ORANGE 1 CANS,  COD. Q4115A",0.0,UNIDAD,PROD. TINTAS DIGITAL,14,SERVICIO TECNICO,
45583,"HP EI ORANGE 1 CANS,  COD. Q4115A",0.0,UNIDAD,PROD. TINTAS DIGITAL,15,TALLER SERV.TECNICO,
45583,"HP EI ORANGE 1 CANS,  COD. Q4115A",0.0,UNIDAD,PROD. TINTAS DIGITAL,16,BOG.LOGICA COCA-COLA,
45583,"HP EI ORANGE 1 CANS,  COD. Q4115A",0.0,UNIDAD,PROD. TINTAS DIGITAL,17,BODEGA CLIENTES,
45583,"HP EI ORANGE 1 CANS,  COD. Q4115A",0.0,UNIDAD,PROD. TINTAS DIGITAL,18,MAURICIO MEDINA,
45583,"HP EI ORANGE 1 CANS,  COD. Q4115A",0.0,UNIDAD,PROD. TINTAS DIGITAL,19,MAURICIO DAVIS,
45583,"HP EI ORANGE 1 CANS,  COD. Q4115A",0.0,UNIDAD,PROD. TINTAS DIGITAL,20,POSCOSECHA MUESTRAS,
45583,"HP EI ORANGE 1 CANS,  COD. Q4115A",0.0,UNIDAD,PROD. TINTAS DIGITAL,21,TINTAS,
45583,"HP EI ORANGE 1 CANS,  COD. Q4115A",0.0,UNIDAD,PROD. TINTAS DIGITAL,22,SIEGWERK,
45583,"HP EI ORANGE 1 CANS,  COD. Q4115A",0.0,UNIDAD,PROD. TINTAS DIGITAL,24,SALDO MATERIAS PRIMAS,
45583,"HP EI ORANGE 1 CANS,  COD. Q4115A",0.0,UNIDAD,PROD. TINTAS DIGITAL,26,OBSOLETOS COMERCIAL,
45583,"HP EI ORANGE 1 CANS,  COD. Q4115A",0.0,UNIDAD,PROD. TINTAS DIGITAL,34,MP MAQUINA WEBER,
45583,"HP EI ORANGE 1 CANS,  COD. Q4115A",0.0,UNIDAD,PROD. TINTAS DIGITAL,35,BODEGA GESLOG INTEGRAL,
45583,"HP EI ORANGE 1 CANS,  COD. Q4115A",0.0,UNIDAD,PROD. TINTAS DIGITAL,36,CONTAINER,
45583,"HP EI ORANGE 1 CANS,  COD. Q4115A",0.0,UNIDAD,PROD. TINTAS DIGITAL,38,RRHH,
45583,"HP EI ORANGE 1 CANS,  COD. Q4115A",0.0,UNIDAD,PROD. TINTAS DIGITAL,40,ST CONCEPCION,
45583,"HP EI ORANGE 1 CANS,  COD. Q4115A",0.0,UNIDAD,PROD. TINTAS DIGITAL,42,BODEGA DURAMET,
45583,"HP EI ORANGE 1 CANS,  COD. Q4115A",0.0,UNIDAD,PROD. TINTAS DIGITAL,44,SERV.TECNICO SINCLAIR,
45583,"HP EI ORANGE 1 CANS,  COD. Q4115A",0.0,UNIDAD,PROD. TINTAS DIGITAL,45,BODEGA PROVEEDOR,
45583,"HP EI ORANGE 1 CANS,  COD. Q4115A",0.0,UNIDAD,PROD. TINTAS DIGITAL,46,SINCLAIR STOCK,
45583,"HP EI ORANGE 1 CANS,  COD. Q4115A",0.0,UNIDAD,PROD. TINTAS DIGITAL,48,POSCOSECHA,
45583,"HP EI ORANGE 1 CANS,  COD. Q4115A",0.0,UNIDAD,PROD. TINTAS DIGITAL,49,BOG. LOGICA ARAUCO,
45583,"HP EI ORANGE 1 CANS,  COD. Q4115A",0.0,UNIDAD,PROD. TINTAS DIGITAL,50,SERV.TECNICO SAMSON,
45583,"HP EI ORANGE 1 CANS,  COD. Q4115A",0.0,UNIDAD,PROD. TINTAS DIGITAL,51,PERU STOCK ENVIO,
45583,"HP EI ORANGE 1 CANS,  COD. Q4115A",0.0,UNIDAD,PROD. TINTAS DIGITAL,52,ST IMPRESORAS Y EQUIPOS,
45583,"HP EI ORANGE 1 CANS,  COD. Q4115A",0.0,UNIDAD,PROD. TINTAS DIGITAL,53,BODEGA ESQUIM,
45583,"HP EI ORANGE 1 CANS,  COD. Q4115A",0.0,UNIDAD,PROD. TINTAS DIGITAL,54,GESLOG MALLOA,
45783,"HP CLEAN 1188,  COD. Q4337A",0.0,UN,PROD. TINTAS DIGITAL,01,BODEGA COSTEO,2016-08-05
45783,"HP CLEAN 1188,  COD. Q4337A",0.0,UN,PROD. TINTAS DIGITAL,02,MATERIAS PRIMAS E INSUMOS,2016-08-05
45783,"HP CLEAN 1188,  COD. Q4337A",0.0,UN,PROD. TINTAS DIGITAL,03,PRODUCTOS TERMINADOS,2016-08-05
45783,"HP CLEAN 1188,  COD. Q4337A",0.0,UN,PROD. TINTAS DIGITAL,04,PRODUCCION,2016-08-05
45783,"HP CLEAN 1188,  COD. Q4337A",0.0,UN,PROD. TINTAS DIGITAL,05,RECLAMO PROVEEDOR,2016-08-05
45783,"HP CLEAN 1188,  COD. Q4337A",0.0,UN,PROD. TINTAS DIGITAL,06,PRODUCTOS RECHAZADOS,2016-08-05
45783,"HP CLEAN 1188,  COD. Q4337A",0.0,UN,PROD. TINTAS DIGITAL,07,NOTAS DE CREDITO,2016-08-05
45783,"HP CLEAN 1188,  COD. Q4337A",0.0,UN,PROD. TINTAS DIGITAL,08,MPRIMA SOBRE STOCK,2016-08-05
45783,"HP CLEAN 1188,  COD. Q4337A",0.0,UN,PROD. TINTAS DIGITAL,09,BOG.LOGICA APL,2016-08-05
45783,"HP CLEAN 1188,  COD. Q4337A",0.0,UN,PROD. TINTAS DIGITAL,10,DIFERENCIAS DE INV. P.T.,2016-08-05
45783,"HP CLEAN 1188,  COD. Q4337A",0.0,UN,PROD. TINTAS DIGITAL,11,BOG.LOGICA CyT VESPUCIO,2016-08-05
45783,"HP CLEAN 1188,  COD. Q4337A",0.0,UN,PROD. TINTAS DIGITAL,12,BOG.LOGICA CyT ESPEJO,2016-08-05
45783,"HP CLEAN 1188,  COD. Q4337A",0.0,UN,PROD. TINTAS DIGITAL,13,TDP STOCK,2016-08-05
45783,"HP CLEAN 1188,  COD. Q4337A",0.0,UN,PROD. TINTAS DIGITAL,14,SERVICIO TECNICO,2016-08-05
45783,"HP CLEAN 1188,  COD. Q4337A",0.0,UN,PROD. TINTAS DIGITAL,15,TALLER SERV.TECNICO,2016-08-05
45783,"HP CLEAN 1188,  COD. Q4337A",0.0,UN,PROD. TINTAS DIGITAL,16,BOG.LOGICA COCA-COLA,2016-08-05
45783,"HP CLEAN 1188,  COD. Q4337A",0.0,UN,PROD. TINTAS DIGITAL,17,BODEGA CLIENTES,2016-08-05
45783,"HP CLEAN 1188,  COD. Q4337A",0.0,UN,PROD. TINTAS DIGITAL,18,MAURICIO MEDINA,2016-08-05
45783,"HP CLEAN 1188,  COD. Q4337A",0.0,UN,PROD. TINTAS DIGITAL,19,MAURICIO DAVIS,2016-08-05
45783,"HP CLEAN 1188,  COD. Q4337A",0.0,UN,PROD. TINTAS DIGITAL,20,POSCOSECHA MUESTRAS,2016-08-05
45783,"HP CLEAN 1188,  COD. Q4337A",0.0,UN,PROD. TINTAS DIGITAL,21,TINTAS,2016-08-05
45783,"HP CLEAN 1188,  COD. Q4337A",0.0,UN,PROD. TINTAS DIGITAL,22,SIEGWERK,2016-08-05
45783,"HP CLEAN 1188,  COD. Q4337A",0.0,UN,PROD. TINTAS DIGITAL,24,SALDO MATERIAS PRIMAS,2016-08-05
45783,"HP CLEAN 1188,  COD. Q4337A",0.0,UN,PROD. TINTAS DIGITAL,26,OBSOLETOS COMERCIAL,2016-08-05
45783,"HP CLEAN 1188,  COD. Q4337A",0.0,UN,PROD. TINTAS DIGITAL,34,MP MAQUINA WEBER,2016-08-05
45783,"HP CLEAN 1188,  COD. Q4337A",0.0,UN,PROD. TINTAS DIGITAL,35,BODEGA GESLOG INTEGRAL,2016-08-05
45783,"HP CLEAN 1188,  COD. Q4337A",2.0,UN,PROD. TINTAS DIGITAL,36,CONTAINER,2016-08-05
45783,"HP CLEAN 1188,  COD. Q4337A",0.0,UN,PROD. TINTAS DIGITAL,38,RRHH,2016-08-05
45783,"HP CLEAN 1188,  COD. Q4337A",0.0,UN,PROD. TINTAS DIGITAL,40,ST CONCEPCION,2016-08-05
45783,"HP CLEAN 1188,  COD. Q4337A",0.0,UN,PROD. TINTAS DIGITAL,42,BODEGA DURAMET,2016-08-05
45783,"HP CLEAN 1188,  COD. Q4337A",0.0,UN,PROD. TINTAS DIGITAL,44,SERV.TECNICO SINCLAIR,2016-08-05
45783,"HP CLEAN 1188,  COD. Q4337A",0.0,UN,PROD. TINTAS DIGITAL,45,BODEGA PROVEEDOR,2016-08-05
45783,"HP CLEAN 1188,  COD. Q4337A",0.0,UN,PROD. TINTAS DIGITAL,46,SINCLAIR STOCK,2016-08-05
45783,"HP CLEAN 1188,  COD. Q4337A",0.0,UN,PROD. TINTAS DIGITAL,48,POSCOSECHA,2016-08-05
45783,"HP CLEAN 1188,  COD. Q4337A",0.0,UN,PROD. TINTAS DIGITAL,49,BOG. LOGICA ARAUCO,2016-08-05
45783,"HP CLEAN 1188,  COD. Q4337A",0.0,UN,PROD. TINTAS DIGITAL,50,SERV.TECNICO SAMSON,2016-08-05
45783,"HP CLEAN 1188,  COD. Q4337A",0.0,UN,PROD. TINTAS DIGITAL,51,PERU STOCK ENVIO,2016-08-05
45783,"HP CLEAN 1188,  COD. Q4337A",0.0,UN,PROD. TINTAS DIGITAL,52,ST IMPRESORAS Y EQUIPOS,2016-08-05
45783,"HP CLEAN 1188,  COD. Q4337A",0.0,UN,PROD. TINTAS DIGITAL,53,BODEGA ESQUIM,2016-08-05
45783,"HP CLEAN 1188,  COD. Q4337A",0.0,UN,PROD. TINTAS DIGITAL,54,GESLOG MALLOA,2016-08-05
45969,TINTA UV 81-010166-7 BLANCO OPACO  39-8 SIEGWERK,225.0,UN,PROD. TINTAS,21,TINTAS,2026-09-16
45978,TINTA UV 81-404667-8  FLEXO ORO 871 SIEGWERK,20.0,KILOS,PROD. TINTAS,21,TINTAS,2026-09-16
45981,BARNIZ UV BRILLANTE UV6663 SIEGWERK,143.44,UN,PROD. TINTAS,21,TINTAS,2026-09-16
46041,TINTA UV 39-6-38307 SILVER BRIGHT 877,92.0,KILOS,PROD. TINTAS,21,TINTAS,2026-08-24
46042,TINTA UV 81-000477-0.3512 SHRINK SEALANT WHITE SR3,348.16,KILOS,PROD. TINTAS,21,TINTAS,2026-09-07
46270,TINTA UV 81-100175-9 VIOLET C 39-8 ( 5500 ),0.0,UN,PROD. TINTAS,01,BODEGA COSTEO,
46270,TINTA UV 81-100175-9 VIOLET C 39-8 ( 5500 ),0.0,UN,PROD. TINTAS,02,MATERIAS PRIMAS E INSUMOS,
46270,TINTA UV 81-100175-9 VIOLET C 39-8 ( 5500 ),0.0,UN,PROD. TINTAS,03,PRODUCTOS TERMINADOS,
46270,TINTA UV 81-100175-9 VIOLET C 39-8 ( 5500 ),0.0,UN,PROD. TINTAS,04,PRODUCCION,
46270,TINTA UV 81-100175-9 VIOLET C 39-8 ( 5500 ),0.0,UN,PROD. TINTAS,05,RECLAMO PROVEEDOR,
46270,TINTA UV 81-100175-9 VIOLET C 39-8 ( 5500 ),0.0,UN,PROD. TINTAS,06,PRODUCTOS RECHAZADOS,
46270,TINTA UV 81-100175-9 VIOLET C 39-8 ( 5500 ),0.0,UN,PROD. TINTAS,07,NOTAS DE CREDITO,
46270,TINTA UV 81-100175-9 VIOLET C 39-8 ( 5500 ),0.0,UN,PROD. TINTAS,08,MPRIMA SOBRE STOCK,
46270,TINTA UV 81-100175-9 VIOLET C 39-8 ( 5500 ),0.0,UN,PROD. TINTAS,09,BOG.LOGICA APL,
46270,TINTA UV 81-100175-9 VIOLET C 39-8 ( 5500 ),0.0,UN,PROD. TINTAS,10,DIFERENCIAS DE INV. P.T.,
46270,TINTA UV 81-100175-9 VIOLET C 39-8 ( 5500 ),0.0,UN,PROD. TINTAS,11,BOG.LOGICA CyT VESPUCIO,
46270,TINTA UV 81-100175-9 VIOLET C 39-8 ( 5500 ),0.0,UN,PROD. TINTAS,12,BOG.LOGICA CyT ESPEJO,
46270,TINTA UV 81-100175-9 VIOLET C 39-8 ( 5500 ),0.0,UN,PROD. TINTAS,13,TDP STOCK,
46270,TINTA UV 81-100175-9 VIOLET C 39-8 ( 5500 ),0.0,UN,PROD. TINTAS,14,SERVICIO TECNICO,
46270,TINTA UV 81-100175-9 VIOLET C 39-8 ( 5500 ),0.0,UN,PROD. TINTAS,15,TALLER SERV.TECNICO,
46270,TINTA UV 81-100175-9 VIOLET C 39-8 ( 5500 ),0.0,UN,PROD. TINTAS,16,BOG.LOGICA COCA-COLA,
46270,TINTA UV 81-100175-9 VIOLET C 39-8 ( 5500 ),0.0,UN,PROD. TINTAS,17,BODEGA CLIENTES,
46270,TINTA UV 81-100175-9 VIOLET C 39-8 ( 5500 ),0.0,UN,PROD. TINTAS,18,MAURICIO MEDINA,
46270,TINTA UV 81-100175-9 VIOLET C 39-8 ( 5500 ),0.0,UN,PROD. TINTAS,19,MAURICIO DAVIS,
46270,TINTA UV 81-100175-9 VIOLET C 39-8 ( 5500 ),0.0,UN,PROD. TINTAS,20,POSCOSECHA MUESTRAS,
46270,TINTA UV 81-100175-9 VIOLET C 39-8 ( 5500 ),0.0,UN,PROD. TINTAS,21,TINTAS,
46270,TINTA UV 81-100175-9 VIOLET C 39-8 ( 5500 ),0.0,UN,PROD. TINTAS,22,SIEGWERK,
46270,TINTA UV 81-100175-9 VIOLET C 39-8 ( 5500 ),0.0,UN,PROD. TINTAS,24,SALDO MATERIAS PRIMAS,
46270,TINTA UV 81-100175-9 VIOLET C 39-8 ( 5500 ),0.0,UN,PROD. TINTAS,26,OBSOLETOS COMERCIAL,
46270,TINTA UV 81-100175-9 VIOLET C 39-8 ( 5500 ),0.0,UN,PROD. TINTAS,34,MP MAQUINA WEBER,
46270,TINTA UV 81-100175-9 VIOLET C 39-8 ( 5500 ),0.0,UN,PROD. TINTAS,35,BODEGA GESLOG INTEGRAL,
46270,TINTA UV 81-100175-9 VIOLET C 39-8 ( 5500 ),0.0,UN,PROD. TINTAS,36,CONTAINER,
46270,TINTA UV 81-100175-9 VIOLET C 39-8 ( 5500 ),0.0,UN,PROD. TINTAS,38,RRHH,
46270,TINTA UV 81-100175-9 VIOLET C 39-8 ( 5500 ),0.0,UN,PROD. TINTAS,40,ST CONCEPCION,
46270,TINTA UV 81-100175-9 VIOLET C 39-8 ( 5500 ),0.0,UN,PROD. TINTAS,42,BODEGA DURAMET,
46270,TINTA UV 81-100175-9 VIOLET C 39-8 ( 5500 ),0.0,UN,PROD. TINTAS,44,SERV.TECNICO SINCLAIR,
46270,TINTA UV 81-100175-9 VIOLET C 39-8 ( 5500 ),0.0,UN,PROD. TINTAS,45,BODEGA PROVEEDOR,
46270,TINTA UV 81-100175-9 VIOLET C 39-8 ( 5500 ),0.0,UN,PROD. TINTAS,46,SINCLAIR STOCK,
46270,TINTA UV 81-100175-9 VIOLET C 39-8 ( 5500 ),0.0,UN,PROD. TINTAS,48,POSCOSECHA,
46270,TINTA UV 81-100175-9 VIOLET C 39-8 ( 5500 ),0.0,UN,PROD. TINTAS,49,BOG. LOGICA ARAUCO,
46270,TINTA UV 81-100175-9 VIOLET C 39-8 ( 5500 ),0.0,UN,PROD. TINTAS,50,SERV.TECNICO SAMSON,
46270,TINTA UV 81-100175-9 VIOLET C 39-8 ( 5500 ),0.0,UN,PROD. TINTAS,51,PERU STOCK ENVIO,
46270,TINTA UV 81-100175-9 VIOLET C 39-8 ( 5500 ),0.0,UN,PROD. TINTAS,52,ST IMPRESORAS Y EQUIPOS,
46270,TINTA UV 81-100175-9 VIOLET C 39-8 ( 5500 ),0.0,UN,PROD. TINTAS,53,BODEGA ESQUIM,
46270,TINTA UV 81-100175-9 VIOLET C 39-8 ( 5500 ),0.0,UN,PROD. TINTAS,54,GESLOG MALLOA,
46321,BARNIZ UV OPV HIGH RESISTANCE 39-3-0081HR,0.0,UN,PROD. TINTAS,01,BODEGA COSTEO,
46321,BARNIZ UV OPV HIGH RESISTANCE 39-3-0081HR,0.0,UN,PROD. TINTAS,02,MATERIAS PRIMAS E INSUMOS,
46321,BARNIZ UV OPV HIGH RESISTANCE 39-3-0081HR,0.0,UN,PROD. TINTAS,03,PRODUCTOS TERMINADOS,
46321,BARNIZ UV OPV HIGH RESISTANCE 39-3-0081HR,0.0,UN,PROD. TINTAS,04,PRODUCCION,
46321,BARNIZ UV OPV HIGH RESISTANCE 39-3-0081HR,0.0,UN,PROD. TINTAS,05,RECLAMO PROVEEDOR,
46321,BARNIZ UV OPV HIGH RESISTANCE 39-3-0081HR,0.0,UN,PROD. TINTAS,06,PRODUCTOS RECHAZADOS,
46321,BARNIZ UV OPV HIGH RESISTANCE 39-3-0081HR,0.0,UN,PROD. TINTAS,07,NOTAS DE CREDITO,
46321,BARNIZ UV OPV HIGH RESISTANCE 39-3-0081HR,0.0,UN,PROD. TINTAS,08,MPRIMA SOBRE STOCK,
46321,BARNIZ UV OPV HIGH RESISTANCE 39-3-0081HR,0.0,UN,PROD. TINTAS,09,BOG.LOGICA APL,
46321,BARNIZ UV OPV HIGH RESISTANCE 39-3-0081HR,0.0,UN,PROD. TINTAS,10,DIFERENCIAS DE INV. P.T.,
46321,BARNIZ UV OPV HIGH RESISTANCE 39-3-0081HR,0.0,UN,PROD. TINTAS,11,BOG.LOGICA CyT VESPUCIO,
46321,BARNIZ UV OPV HIGH RESISTANCE 39-3-0081HR,0.0,UN,PROD. TINTAS,12,BOG.LOGICA CyT ESPEJO,
46321,BARNIZ UV OPV HIGH RESISTANCE 39-3-0081HR,0.0,UN,PROD. TINTAS,13,TDP STOCK,
46321,BARNIZ UV OPV HIGH RESISTANCE 39-3-0081HR,0.0,UN,PROD. TINTAS,14,SERVICIO TECNICO,
46321,BARNIZ UV OPV HIGH RESISTANCE 39-3-0081HR,0.0,UN,PROD. TINTAS,15,TALLER SERV.TECNICO,
46321,BARNIZ UV OPV HIGH RESISTANCE 39-3-0081HR,0.0,UN,PROD. TINTAS,16,BOG.LOGICA COCA-COLA,
46321,BARNIZ UV OPV HIGH RESISTANCE 39-3-0081HR,0.0,UN,PROD. TINTAS,17,BODEGA CLIENTES,
46321,BARNIZ UV OPV HIGH RESISTANCE 39-3-0081HR,0.0,UN,PROD. TINTAS,18,MAURICIO MEDINA,
46321,BARNIZ UV OPV HIGH RESISTANCE 39-3-0081HR,0.0,UN,PROD. TINTAS,19,MAURICIO DAVIS,
46321,BARNIZ UV OPV HIGH RESISTANCE 39-3-0081HR,0.0,UN,PROD. TINTAS,20,POSCOSECHA MUESTRAS,
46321,BARNIZ UV OPV HIGH RESISTANCE 39-3-0081HR,0.0,UN,PROD. TINTAS,21,TINTAS,
46321,BARNIZ UV OPV HIGH RESISTANCE 39-3-0081HR,0.0,UN,PROD. TINTAS,22,SIEGWERK,
46321,BARNIZ UV OPV HIGH RESISTANCE 39-3-0081HR,0.0,UN,PROD. TINTAS,24,SALDO MATERIAS PRIMAS,
46321,BARNIZ UV OPV HIGH RESISTANCE 39-3-0081HR,0.0,UN,PROD. TINTAS,26,OBSOLETOS COMERCIAL,
46321,BARNIZ UV OPV HIGH RESISTANCE 39-3-0081HR,0.0,UN,PROD. TINTAS,34,MP MAQUINA WEBER,
46321,BARNIZ UV OPV HIGH RESISTANCE 39-3-0081HR,0.0,UN,PROD. TINTAS,35,BODEGA GESLOG INTEGRAL,
46321,BARNIZ UV OPV HIGH RESISTANCE 39-3-0081HR,0.0,UN,PROD. TINTAS,36,CONTAINER,
46321,BARNIZ UV OPV HIGH RESISTANCE 39-3-0081HR,0.0,UN,PROD. TINTAS,38,RRHH,
46321,BARNIZ UV OPV HIGH RESISTANCE 39-3-0081HR,0.0,UN,PROD. TINTAS,40,ST CONCEPCION,
46321,BARNIZ UV OPV HIGH RESISTANCE 39-3-0081HR,0.0,UN,PROD. TINTAS,42,BODEGA DURAMET,
46321,BARNIZ UV OPV HIGH RESISTANCE 39-3-0081HR,0.0,UN,PROD. TINTAS,44,SERV.TECNICO SINCLAIR,
46321,BARNIZ UV OPV HIGH RESISTANCE 39-3-0081HR,0.0,UN,PROD. TINTAS,45,BODEGA PROVEEDOR,
46321,BARNIZ UV OPV HIGH RESISTANCE 39-3-0081HR,0.0,UN,PROD. TINTAS,46,SINCLAIR STOCK,
46321,BARNIZ UV OPV HIGH RESISTANCE 39-3-0081HR,0.0,UN,PROD. TINTAS,48,POSCOSECHA,
46321,BARNIZ UV OPV HIGH RESISTANCE 39-3-0081HR,0.0,UN,PROD. TINTAS,49,BOG. LOGICA ARAUCO,
46321,BARNIZ UV OPV HIGH RESISTANCE 39-3-0081HR,0.0,UN,PROD. TINTAS,50,SERV.TECNICO SAMSON,
46321,BARNIZ UV OPV HIGH RESISTANCE 39-3-0081HR,0.0,UN,PROD. TINTAS,51,PERU STOCK ENVIO,
46321,BARNIZ UV OPV HIGH RESISTANCE 39-3-0081HR,0.0,UN,PROD. TINTAS,52,ST IMPRESORAS Y EQUIPOS,
46321,BARNIZ UV OPV HIGH RESISTANCE 39-3-0081HR,0.0,UN,PROD. TINTAS,53,BODEGA ESQUIM,
46321,BARNIZ UV OPV HIGH RESISTANCE 39-3-0081HR,0.0,UN,PROD. TINTAS,54,GESLOG MALLOA,
46437,ADHESIVO PARA FOLIA (RVA001550) (3.63 KG) CF308-1G,13.63,KG,PROD. TINTAS,21,TINTAS,2026-01-27
47731,TINTA UV VIOLETA PMS 518 ( 81-100518N )SIEGW.,0.0,KG,PROD. TINTAS,01,BODEGA COSTEO,
47731,TINTA UV VIOLETA PMS 518 ( 81-100518N )SIEGW.,0.0,KG,PROD. TINTAS,02,MATERIAS PRIMAS E INSUMOS,
47731,TINTA UV VIOLETA PMS 518 ( 81-100518N )SIEGW.,0.0,KG,PROD. TINTAS,03,PRODUCTOS TERMINADOS,
47731,TINTA UV VIOLETA PMS 518 ( 81-100518N )SIEGW.,0.0,KG,PROD. TINTAS,04,PRODUCCION,
47731,TINTA UV VIOLETA PMS 518 ( 81-100518N )SIEGW.,0.0,KG,PROD. TINTAS,05,RECLAMO PROVEEDOR,
47731,TINTA UV VIOLETA PMS 518 ( 81-100518N )SIEGW.,0.0,KG,PROD. TINTAS,06,PRODUCTOS RECHAZADOS,
47731,TINTA UV VIOLETA PMS 518 ( 81-100518N )SIEGW.,0.0,KG,PROD. TINTAS,07,NOTAS DE CREDITO,
47731,TINTA UV VIOLETA PMS 518 ( 81-100518N )SIEGW.,0.0,KG,PROD. TINTAS,08,MPRIMA SOBRE STOCK,
47731,TINTA UV VIOLETA PMS 518 ( 81-100518N )SIEGW.,0.0,KG,PROD. TINTAS,09,BOG.LOGICA APL,
47731,TINTA UV VIOLETA PMS 518 ( 81-100518N )SIEGW.,0.0,KG,PROD. TINTAS,10,DIFERENCIAS DE INV. P.T.,
47731,TINTA UV VIOLETA PMS 518 ( 81-100518N )SIEGW.,0.0,KG,PROD. TINTAS,11,BOG.LOGICA CyT VESPUCIO,
47731,TINTA UV VIOLETA PMS 518 ( 81-100518N )SIEGW.,0.0,KG,PROD. TINTAS,12,BOG.LOGICA CyT ESPEJO,
47731,TINTA UV VIOLETA PMS 518 ( 81-100518N )SIEGW.,0.0,KG,PROD. TINTAS,13,TDP STOCK,
47731,TINTA UV VIOLETA PMS 518 ( 81-100518N )SIEGW.,0.0,KG,PROD. TINTAS,14,SERVICIO TECNICO,
47731,TINTA UV VIOLETA PMS 518 ( 81-100518N )SIEGW.,0.0,KG,PROD. TINTAS,15,TALLER SERV.TECNICO,
47731,TINTA UV VIOLETA PMS 518 ( 81-100518N )SIEGW.,0.0,KG,PROD. TINTAS,16,BOG.LOGICA COCA-COLA,
47731,TINTA UV VIOLETA PMS 518 ( 81-100518N )SIEGW.,0.0,KG,PROD. TINTAS,17,BODEGA CLIENTES,
47731,TINTA UV VIOLETA PMS 518 ( 81-100518N )SIEGW.,0.0,KG,PROD. TINTAS,18,MAURICIO MEDINA,
47731,TINTA UV VIOLETA PMS 518 ( 81-100518N )SIEGW.,0.0,KG,PROD. TINTAS,19,MAURICIO DAVIS,
47731,TINTA UV VIOLETA PMS 518 ( 81-100518N )SIEGW.,0.0,KG,PROD. TINTAS,20,POSCOSECHA MUESTRAS,
47731,TINTA UV VIOLETA PMS 518 ( 81-100518N )SIEGW.,0.0,KG,PROD. TINTAS,21,TINTAS,
47731,TINTA UV VIOLETA PMS 518 ( 81-100518N )SIEGW.,0.0,KG,PROD. TINTAS,22,SIEGWERK,
47731,TINTA UV VIOLETA PMS 518 ( 81-100518N )SIEGW.,0.0,KG,PROD. TINTAS,24,SALDO MATERIAS PRIMAS,
47731,TINTA UV VIOLETA PMS 518 ( 81-100518N )SIEGW.,0.0,KG,PROD. TINTAS,26,OBSOLETOS COMERCIAL,
47731,TINTA UV VIOLETA PMS 518 ( 81-100518N )SIEGW.,0.0,KG,PROD. TINTAS,34,MP MAQUINA WEBER,
47731,TINTA UV VIOLETA PMS 518 ( 81-100518N )SIEGW.,0.0,KG,PROD. TINTAS,35,BODEGA GESLOG INTEGRAL,
47731,TINTA UV VIOLETA PMS 518 ( 81-100518N )SIEGW.,0.0,KG,PROD. TINTAS,36,CONTAINER,
47731,TINTA UV VIOLETA PMS 518 ( 81-100518N )SIEGW.,0.0,KG,PROD. TINTAS,38,RRHH,
47731,TINTA UV VIOLETA PMS 518 ( 81-100518N )SIEGW.,0.0,KG,PROD. TINTAS,40,ST CONCEPCION,
47731,TINTA UV VIOLETA PMS 518 ( 81-100518N )SIEGW.,0.0,KG,PROD. TINTAS,42,BODEGA DURAMET,
47731,TINTA UV VIOLETA PMS 518 ( 81-100518N )SIEGW.,0.0,KG,PROD. TINTAS,44,SERV.TECNICO SINCLAIR,
47731,TINTA UV VIOLETA PMS 518 ( 81-100518N )SIEGW.,0.0,KG,PROD. TINTAS,45,BODEGA PROVEEDOR,
47731,TINTA UV VIOLETA PMS 518 ( 81-100518N )SIEGW.,0.0,KG,PROD. TINTAS,46,SINCLAIR STOCK,
47731,TINTA UV VIOLETA PMS 518 ( 81-100518N )SIEGW.,0.0,KG,PROD. TINTAS,48,POSCOSECHA,
47731,TINTA UV VIOLETA PMS 518 ( 81-100518N )SIEGW.,0.0,KG,PROD. TINTAS,49,BOG. LOGICA ARAUCO,
47731,TINTA UV VIOLETA PMS 518 ( 81-100518N )SIEGW.,0.0,KG,PROD. TINTAS,50,SERV.TECNICO SAMSON,
47731,TINTA UV VIOLETA PMS 518 ( 81-100518N )SIEGW.,0.0,KG,PROD. TINTAS,51,PERU STOCK ENVIO,
47731,TINTA UV VIOLETA PMS 518 ( 81-100518N )SIEGW.,0.0,KG,PROD. TINTAS,52,ST IMPRESORAS Y EQUIPOS,
47731,TINTA UV VIOLETA PMS 518 ( 81-100518N )SIEGW.,0.0,KG,PROD. TINTAS,53,BODEGA ESQUIM,
47731,TINTA UV VIOLETA PMS 518 ( 81-100518N )SIEGW.,0.0,KG,PROD. TINTAS,54,GESLOG MALLOA,
47732,TINTA ROJO PMS 1945 ( 81-801945N ) SIEGW.,0.0,KG,PROD. TINTAS,01,BODEGA COSTEO,
47732,TINTA ROJO PMS 1945 ( 81-801945N ) SIEGW.,0.0,KG,PROD. TINTAS,02,MATERIAS PRIMAS E INSUMOS,
47732,TINTA ROJO PMS 1945 ( 81-801945N ) SIEGW.,0.0,KG,PROD. TINTAS,03,PRODUCTOS TERMINADOS,
47732,TINTA ROJO PMS 1945 ( 81-801945N ) SIEGW.,0.0,KG,PROD. TINTAS,04,PRODUCCION,
47732,TINTA ROJO PMS 1945 ( 81-801945N ) SIEGW.,0.0,KG,PROD. TINTAS,05,RECLAMO PROVEEDOR,
47732,TINTA ROJO PMS 1945 ( 81-801945N ) SIEGW.,0.0,KG,PROD. TINTAS,06,PRODUCTOS RECHAZADOS,
47732,TINTA ROJO PMS 1945 ( 81-801945N ) SIEGW.,0.0,KG,PROD. TINTAS,07,NOTAS DE CREDITO,
47732,TINTA ROJO PMS 1945 ( 81-801945N ) SIEGW.,0.0,KG,PROD. TINTAS,08,MPRIMA SOBRE STOCK,
47732,TINTA ROJO PMS 1945 ( 81-801945N ) SIEGW.,0.0,KG,PROD. TINTAS,09,BOG.LOGICA APL,
47732,TINTA ROJO PMS 1945 ( 81-801945N ) SIEGW.,0.0,KG,PROD. TINTAS,10,DIFERENCIAS DE INV. P.T.,
47732,TINTA ROJO PMS 1945 ( 81-801945N ) SIEGW.,0.0,KG,PROD. TINTAS,11,BOG.LOGICA CyT VESPUCIO,
47732,TINTA ROJO PMS 1945 ( 81-801945N ) SIEGW.,0.0,KG,PROD. TINTAS,12,BOG.LOGICA CyT ESPEJO,
47732,TINTA ROJO PMS 1945 ( 81-801945N ) SIEGW.,0.0,KG,PROD. TINTAS,13,TDP STOCK,
47732,TINTA ROJO PMS 1945 ( 81-801945N ) SIEGW.,0.0,KG,PROD. TINTAS,14,SERVICIO TECNICO,
47732,TINTA ROJO PMS 1945 ( 81-801945N ) SIEGW.,0.0,KG,PROD. TINTAS,15,TALLER SERV.TECNICO,
47732,TINTA ROJO PMS 1945 ( 81-801945N ) SIEGW.,0.0,KG,PROD. TINTAS,16,BOG.LOGICA COCA-COLA,
47732,TINTA ROJO PMS 1945 ( 81-801945N ) SIEGW.,0.0,KG,PROD. TINTAS,17,BODEGA CLIENTES,
47732,TINTA ROJO PMS 1945 ( 81-801945N ) SIEGW.,0.0,KG,PROD. TINTAS,18,MAURICIO MEDINA,
47732,TINTA ROJO PMS 1945 ( 81-801945N ) SIEGW.,0.0,KG,PROD. TINTAS,19,MAURICIO DAVIS,
47732,TINTA ROJO PMS 1945 ( 81-801945N ) SIEGW.,0.0,KG,PROD. TINTAS,20,POSCOSECHA MUESTRAS,
47732,TINTA ROJO PMS 1945 ( 81-801945N ) SIEGW.,0.0,KG,PROD. TINTAS,21,TINTAS,
47732,TINTA ROJO PMS 1945 ( 81-801945N ) SIEGW.,0.0,KG,PROD. TINTAS,22,SIEGWERK,
47732,TINTA ROJO PMS 1945 ( 81-801945N ) SIEGW.,0.0,KG,PROD. TINTAS,24,SALDO MATERIAS PRIMAS,
47732,TINTA ROJO PMS 1945 ( 81-801945N ) SIEGW.,0.0,KG,PROD. TINTAS,26,OBSOLETOS COMERCIAL,
47732,TINTA ROJO PMS 1945 ( 81-801945N ) SIEGW.,0.0,KG,PROD. TINTAS,34,MP MAQUINA WEBER,
47732,TINTA ROJO PMS 1945 ( 81-801945N ) SIEGW.,0.0,KG,PROD. TINTAS,35,BODEGA GESLOG INTEGRAL,
47732,TINTA ROJO PMS 1945 ( 81-801945N ) SIEGW.,0.0,KG,PROD. TINTAS,36,CONTAINER,
47732,TINTA ROJO PMS 1945 ( 81-801945N ) SIEGW.,0.0,KG,PROD. TINTAS,38,RRHH,
47732,TINTA ROJO PMS 1945 ( 81-801945N ) SIEGW.,0.0,KG,PROD. TINTAS,40,ST CONCEPCION,
47732,TINTA ROJO PMS 1945 ( 81-801945N ) SIEGW.,0.0,KG,PROD. TINTAS,42,BODEGA DURAMET,
47732,TINTA ROJO PMS 1945 ( 81-801945N ) SIEGW.,0.0,KG,PROD. TINTAS,44,SERV.TECNICO SINCLAIR,
47732,TINTA ROJO PMS 1945 ( 81-801945N ) SIEGW.,0.0,KG,PROD. TINTAS,45,BODEGA PROVEEDOR,
47732,TINTA ROJO PMS 1945 ( 81-801945N ) SIEGW.,0.0,KG,PROD. TINTAS,46,SINCLAIR STOCK,
47732,TINTA ROJO PMS 1945 ( 81-801945N ) SIEGW.,0.0,KG,PROD. TINTAS,48,POSCOSECHA,
47732,TINTA ROJO PMS 1945 ( 81-801945N ) SIEGW.,0.0,KG,PROD. TINTAS,49,BOG. LOGICA ARAUCO,
47732,TINTA ROJO PMS 1945 ( 81-801945N ) SIEGW.,0.0,KG,PROD. TINTAS,50,SERV.TECNICO SAMSON,
47732,TINTA ROJO PMS 1945 ( 81-801945N ) SIEGW.,0.0,KG,PROD. TINTAS,51,PERU STOCK ENVIO,
47732,TINTA ROJO PMS 1945 ( 81-801945N ) SIEGW.,0.0,KG,PROD. TINTAS,52,ST IMPRESORAS Y EQUIPOS,
47732,TINTA ROJO PMS 1945 ( 81-801945N ) SIEGW.,0.0,KG,PROD. TINTAS,53,BODEGA ESQUIM,
47732,TINTA ROJO PMS 1945 ( 81-801945N ) SIEGW.,0.0,KG,PROD. TINTAS,54,GESLOG MALLOA,
48250,AGUA DESTILADA,0.0,LTS,PROD. TINTAS DIGITAL,01,BODEGA COSTEO,
48250,AGUA DESTILADA,0.0,LTS,PROD. TINTAS DIGITAL,02,MATERIAS PRIMAS E INSUMOS,
48250,AGUA DESTILADA,0.0,LTS,PROD. TINTAS DIGITAL,04,PRODUCCION,
48250,AGUA DESTILADA,0.0,LTS,PROD. TINTAS DIGITAL,08,MPRIMA SOBRE STOCK,
48250,AGUA DESTILADA,0.0,LTS,PROD. TINTAS DIGITAL,17,BODEGA CLIENTES,
48250,AGUA DESTILADA,0.0,LTS,PROD. TINTAS DIGITAL,20,POSCOSECHA MUESTRAS,
48250,AGUA DESTILADA,0.0,LTS,PROD. TINTAS DIGITAL,21,TINTAS,
48250,AGUA DESTILADA,0.0,LTS,PROD. TINTAS DIGITAL,22,SIEGWERK,
48250,AGUA DESTILADA,0.0,LTS,PROD. TINTAS DIGITAL,24,SALDO MATERIAS PRIMAS,
48250,AGUA DESTILADA,0.0,LTS,PROD. TINTAS DIGITAL,26,OBSOLETOS COMERCIAL,
48250,AGUA DESTILADA,0.0,LTS,PROD. TINTAS DIGITAL,34,MP MAQUINA WEBER,
48250,AGUA DESTILADA,0.0,LTS,PROD. TINTAS DIGITAL,35,BODEGA GESLOG INTEGRAL,
48250,AGUA DESTILADA,0.0,LTS,PROD. TINTAS DIGITAL,36,CONTAINER,
48250,AGUA DESTILADA,0.0,LTS,PROD. TINTAS DIGITAL,38,RRHH,
48250,AGUA DESTILADA,0.0,LTS,PROD. TINTAS DIGITAL,40,ST CONCEPCION,
48250,AGUA DESTILADA,0.0,LTS,PROD. TINTAS DIGITAL,42,BODEGA DURAMET,
48250,AGUA DESTILADA,0.0,LTS,PROD. TINTAS DIGITAL,44,SERV.TECNICO SINCLAIR,
48250,AGUA DESTILADA,0.0,LTS,PROD. TINTAS DIGITAL,45,BODEGA PROVEEDOR,
48250,AGUA DESTILADA,0.0,LTS,PROD. TINTAS DIGITAL,46,SINCLAIR STOCK,
48250,AGUA DESTILADA,0.0,LTS,PROD. TINTAS DIGITAL,48,POSCOSECHA,
48250,AGUA DESTILADA,0.0,LTS,PROD. TINTAS DIGITAL,49,BOG. LOGICA ARAUCO,
48250,AGUA DESTILADA,0.0,LTS,PROD. TINTAS DIGITAL,50,SERV.TECNICO SAMSON,
48250,AGUA DESTILADA,0.0,LTS,PROD. TINTAS DIGITAL,51,PERU STOCK ENVIO,
48250,AGUA DESTILADA,0.0,LTS,PROD. TINTAS DIGITAL,52,ST IMPRESORAS Y EQUIPOS,
48250,AGUA DESTILADA,0.0,LTS,PROD. TINTAS DIGITAL,53,BODEGA ESQUIM,
48250,AGUA DESTILADA,0.0,LTS,PROD. TINTAS DIGITAL,54,GESLOG MALLOA,
48452,"HP WHITE PREMIUM,  COD. Q4260A",0.0,UNIDAD,PROD. TINTAS DIGITAL,01,BODEGA COSTEO,
48452,"HP WHITE PREMIUM,  COD. Q4260A",0.0,UNIDAD,PROD. TINTAS DIGITAL,02,MATERIAS PRIMAS E INSUMOS,
48452,"HP WHITE PREMIUM,  COD. Q4260A",0.0,UNIDAD,PROD. TINTAS DIGITAL,03,PRODUCTOS TERMINADOS,
48452,"HP WHITE PREMIUM,  COD. Q4260A",0.0,UNIDAD,PROD. TINTAS DIGITAL,04,PRODUCCION,
48452,"HP WHITE PREMIUM,  COD. Q4260A",0.0,UNIDAD,PROD. TINTAS DIGITAL,05,RECLAMO PROVEEDOR,
48452,"HP WHITE PREMIUM,  COD. Q4260A",0.0,UNIDAD,PROD. TINTAS DIGITAL,06,PRODUCTOS RECHAZADOS,
48452,"HP WHITE PREMIUM,  COD. Q4260A",0.0,UNIDAD,PROD. TINTAS DIGITAL,07,NOTAS DE CREDITO,
48452,"HP WHITE PREMIUM,  COD. Q4260A",0.0,UNIDAD,PROD. TINTAS DIGITAL,08,MPRIMA SOBRE STOCK,
48452,"HP WHITE PREMIUM,  COD. Q4260A",0.0,UNIDAD,PROD. TINTAS DIGITAL,09,BOG.LOGICA APL,
48452,"HP WHITE PREMIUM,  COD. Q4260A",0.0,UNIDAD,PROD. TINTAS DIGITAL,10,DIFERENCIAS DE INV. P.T.,
48452,"HP WHITE PREMIUM,  COD. Q4260A",0.0,UNIDAD,PROD. TINTAS DIGITAL,11,BOG.LOGICA CyT VESPUCIO,
48452,"HP WHITE PREMIUM,  COD. Q4260A",0.0,UNIDAD,PROD. TINTAS DIGITAL,12,BOG.LOGICA CyT ESPEJO,
48452,"HP WHITE PREMIUM,  COD. Q4260A",0.0,UNIDAD,PROD. TINTAS DIGITAL,13,TDP STOCK,
48452,"HP WHITE PREMIUM,  COD. Q4260A",0.0,UNIDAD,PROD. TINTAS DIGITAL,14,SERVICIO TECNICO,
48452,"HP WHITE PREMIUM,  COD. Q4260A",0.0,UNIDAD,PROD. TINTAS DIGITAL,15,TALLER SERV.TECNICO,
48452,"HP WHITE PREMIUM,  COD. Q4260A",0.0,UNIDAD,PROD. TINTAS DIGITAL,16,BOG.LOGICA COCA-COLA,
48452,"HP WHITE PREMIUM,  COD. Q4260A",0.0,UNIDAD,PROD. TINTAS DIGITAL,17,BODEGA CLIENTES,
48452,"HP WHITE PREMIUM,  COD. Q4260A",0.0,UNIDAD,PROD. TINTAS DIGITAL,18,MAURICIO MEDINA,
48452,"HP WHITE PREMIUM,  COD. Q4260A",0.0,UNIDAD,PROD. TINTAS DIGITAL,19,MAURICIO DAVIS,
48452,"HP WHITE PREMIUM,  COD. Q4260A",0.0,UNIDAD,PROD. TINTAS DIGITAL,20,POSCOSECHA MUESTRAS,
48452,"HP WHITE PREMIUM,  COD. Q4260A",0.0,UNIDAD,PROD. TINTAS DIGITAL,21,TINTAS,
48452,"HP WHITE PREMIUM,  COD. Q4260A",0.0,UNIDAD,PROD. TINTAS DIGITAL,22,SIEGWERK,
48452,"HP WHITE PREMIUM,  COD. Q4260A",0.0,UNIDAD,PROD. TINTAS DIGITAL,24,SALDO MATERIAS PRIMAS,
48452,"HP WHITE PREMIUM,  COD. Q4260A",0.0,UNIDAD,PROD. TINTAS DIGITAL,26,OBSOLETOS COMERCIAL,
48452,"HP WHITE PREMIUM,  COD. Q4260A",0.0,UNIDAD,PROD. TINTAS DIGITAL,34,MP MAQUINA WEBER,
48452,"HP WHITE PREMIUM,  COD. Q4260A",0.0,UNIDAD,PROD. TINTAS DIGITAL,35,BODEGA GESLOG INTEGRAL,
48452,"HP WHITE PREMIUM,  COD. Q4260A",0.0,UNIDAD,PROD. TINTAS DIGITAL,36,CONTAINER,
48452,"HP WHITE PREMIUM,  COD. Q4260A",0.0,UNIDAD,PROD. TINTAS DIGITAL,38,RRHH,
48452,"HP WHITE PREMIUM,  COD. Q4260A",0.0,UNIDAD,PROD. TINTAS DIGITAL,40,ST CONCEPCION,
48452,"HP WHITE PREMIUM,  COD. Q4260A",0.0,UNIDAD,PROD. TINTAS DIGITAL,42,BODEGA DURAMET,
48452,"HP WHITE PREMIUM,  COD. Q4260A",0.0,UNIDAD,PROD. TINTAS DIGITAL,44,SERV.TECNICO SINCLAIR,
48452,"HP WHITE PREMIUM,  COD. Q4260A",0.0,UNIDAD,PROD. TINTAS DIGITAL,45,BODEGA PROVEEDOR,
48452,"HP WHITE PREMIUM,  COD. Q4260A",0.0,UNIDAD,PROD. TINTAS DIGITAL,46,SINCLAIR STOCK,
48452,"HP WHITE PREMIUM,  COD. Q4260A",0.0,UNIDAD,PROD. TINTAS DIGITAL,48,POSCOSECHA,
48452,"HP WHITE PREMIUM,  COD. Q4260A",0.0,UNIDAD,PROD. TINTAS DIGITAL,49,BOG. LOGICA ARAUCO,
48452,"HP WHITE PREMIUM,  COD. Q4260A",0.0,UNIDAD,PROD. TINTAS DIGITAL,50,SERV.TECNICO SAMSON,
48452,"HP WHITE PREMIUM,  COD. Q4260A",0.0,UNIDAD,PROD. TINTAS DIGITAL,51,PERU STOCK ENVIO,
48452,"HP WHITE PREMIUM,  COD. Q4260A",0.0,UNIDAD,PROD. TINTAS DIGITAL,52,ST IMPRESORAS Y EQUIPOS,
48452,"HP WHITE PREMIUM,  COD. Q4260A",0.0,UNIDAD,PROD. TINTAS DIGITAL,53,BODEGA ESQUIM,
48452,"HP WHITE PREMIUM,  COD. Q4260A",0.0,UNIDAD,PROD. TINTAS DIGITAL,54,GESLOG MALLOA,
49911,"HP EI C.CALIB YELLOW, COD. Q4134B",0.0,UN,PROD. TINTAS DIGITAL,01,BODEGA COSTEO,
49911,"HP EI C.CALIB YELLOW, COD. Q4134B",0.0,UN,PROD. TINTAS DIGITAL,02,MATERIAS PRIMAS E INSUMOS,
49911,"HP EI C.CALIB YELLOW, COD. Q4134B",0.0,UN,PROD. TINTAS DIGITAL,03,PRODUCTOS TERMINADOS,
49911,"HP EI C.CALIB YELLOW, COD. Q4134B",0.0,UN,PROD. TINTAS DIGITAL,04,PRODUCCION,
49911,"HP EI C.CALIB YELLOW, COD. Q4134B",0.0,UN,PROD. TINTAS DIGITAL,05,RECLAMO PROVEEDOR,
49911,"HP EI C.CALIB YELLOW, COD. Q4134B",0.0,UN,PROD. TINTAS DIGITAL,06,PRODUCTOS RECHAZADOS,
49911,"HP EI C.CALIB YELLOW, COD. Q4134B",0.0,UN,PROD. TINTAS DIGITAL,07,NOTAS DE CREDITO,
49911,"HP EI C.CALIB YELLOW, COD. Q4134B",0.0,UN,PROD. TINTAS DIGITAL,08,MPRIMA SOBRE STOCK,
49911,"HP EI C.CALIB YELLOW, COD. Q4134B",0.0,UN,PROD. TINTAS DIGITAL,09,BOG.LOGICA APL,
49911,"HP EI C.CALIB YELLOW, COD. Q4134B",0.0,UN,PROD. TINTAS DIGITAL,10,DIFERENCIAS DE INV. P.T.,
49911,"HP EI C.CALIB YELLOW, COD. Q4134B",0.0,UN,PROD. TINTAS DIGITAL,11,BOG.LOGICA CyT VESPUCIO,
49911,"HP EI C.CALIB YELLOW, COD. Q4134B",0.0,UN,PROD. TINTAS DIGITAL,12,BOG.LOGICA CyT ESPEJO,
49911,"HP EI C.CALIB YELLOW, COD. Q4134B",0.0,UN,PROD. TINTAS DIGITAL,13,TDP STOCK,
49911,"HP EI C.CALIB YELLOW, COD. Q4134B",0.0,UN,PROD. TINTAS DIGITAL,14,SERVICIO TECNICO,
49911,"HP EI C.CALIB YELLOW, COD. Q4134B",0.0,UN,PROD. TINTAS DIGITAL,15,TALLER SERV.TECNICO,
49911,"HP EI C.CALIB YELLOW, COD. Q4134B",0.0,UN,PROD. TINTAS DIGITAL,16,BOG.LOGICA COCA-COLA,
49911,"HP EI C.CALIB YELLOW, COD. Q4134B",0.0,UN,PROD. TINTAS DIGITAL,17,BODEGA CLIENTES,
49911,"HP EI C.CALIB YELLOW, COD. Q4134B",0.0,UN,PROD. TINTAS DIGITAL,18,MAURICIO MEDINA,
49911,"HP EI C.CALIB YELLOW, COD. Q4134B",0.0,UN,PROD. TINTAS DIGITAL,19,MAURICIO DAVIS,
49911,"HP EI C.CALIB YELLOW, COD. Q4134B",0.0,UN,PROD. TINTAS DIGITAL,20,POSCOSECHA MUESTRAS,
49911,"HP EI C.CALIB YELLOW, COD. Q4134B",0.0,UN,PROD. TINTAS DIGITAL,21,TINTAS,
49911,"HP EI C.CALIB YELLOW, COD. Q4134B",0.0,UN,PROD. TINTAS DIGITAL,22,SIEGWERK,
49911,"HP EI C.CALIB YELLOW, COD. Q4134B",0.0,UN,PROD. TINTAS DIGITAL,24,SALDO MATERIAS PRIMAS,
49911,"HP EI C.CALIB YELLOW, COD. Q4134B",0.0,UN,PROD. TINTAS DIGITAL,26,OBSOLETOS COMERCIAL,
49911,"HP EI C.CALIB YELLOW, COD. Q4134B",0.0,UN,PROD. TINTAS DIGITAL,34,MP MAQUINA WEBER,
49911,"HP EI C.CALIB YELLOW, COD. Q4134B",0.0,UN,PROD. TINTAS DIGITAL,35,BODEGA GESLOG INTEGRAL,
49911,"HP EI C.CALIB YELLOW, COD. Q4134B",0.0,UN,PROD. TINTAS DIGITAL,36,CONTAINER,
49911,"HP EI C.CALIB YELLOW, COD. Q4134B",0.0,UN,PROD. TINTAS DIGITAL,38,RRHH,
49911,"HP EI C.CALIB YELLOW, COD. Q4134B",0.0,UN,PROD. TINTAS DIGITAL,40,ST CONCEPCION,
49911,"HP EI C.CALIB YELLOW, COD. Q4134B",0.0,UN,PROD. TINTAS DIGITAL,42,BODEGA DURAMET,
49911,"HP EI C.CALIB YELLOW, COD. Q4134B",0.0,UN,PROD. TINTAS DIGITAL,44,SERV.TECNICO SINCLAIR,
49911,"HP EI C.CALIB YELLOW, COD. Q4134B",0.0,UN,PROD. TINTAS DIGITAL,45,BODEGA PROVEEDOR,
49911,"HP EI C.CALIB YELLOW, COD. Q4134B",0.0,UN,PROD. TINTAS DIGITAL,46,SINCLAIR STOCK,
49911,"HP EI C.CALIB YELLOW, COD. Q4134B",0.0,UN,PROD. TINTAS DIGITAL,48,POSCOSECHA,
49911,"HP EI C.CALIB YELLOW, COD. Q4134B",0.0,UN,PROD. TINTAS DIGITAL,49,BOG. LOGICA ARAUCO,
49911,"HP EI C.CALIB YELLOW, COD. Q4134B",0.0,UN,PROD. TINTAS DIGITAL,50,SERV.TECNICO SAMSON,
49911,"HP EI C.CALIB YELLOW, COD. Q4134B",0.0,UN,PROD. TINTAS DIGITAL,51,PERU STOCK ENVIO,
49911,"HP EI C.CALIB YELLOW, COD. Q4134B",0.0,UN,PROD. TINTAS DIGITAL,52,ST IMPRESORAS Y EQUIPOS,
49911,"HP EI C.CALIB YELLOW, COD. Q4134B",0.0,UN,PROD. TINTAS DIGITAL,53,BODEGA ESQUIM,
49911,"HP EI C.CALIB YELLOW, COD. Q4134B",0.0,UN,PROD. TINTAS DIGITAL,54,GESLOG MALLOA,
49924,C33S020614 SJIC26P(B): TINTA NEGRA TM-C7500,0.0,,INDUST. TINTA EPSON,01,BODEGA COSTEO,
49924,C33S020614 SJIC26P(B): TINTA NEGRA TM-C7500,0.0,,INDUST. TINTA EPSON,02,MATERIAS PRIMAS E INSUMOS,
49924,C33S020614 SJIC26P(B): TINTA NEGRA TM-C7500,0.0,,INDUST. TINTA EPSON,03,PRODUCTOS TERMINADOS,
49924,C33S020614 SJIC26P(B): TINTA NEGRA TM-C7500,0.0,,INDUST. TINTA EPSON,04,PRODUCCION,
49924,C33S020614 SJIC26P(B): TINTA NEGRA TM-C7500,0.0,,INDUST. TINTA EPSON,05,RECLAMO PROVEEDOR,
49924,C33S020614 SJIC26P(B): TINTA NEGRA TM-C7500,0.0,,INDUST. TINTA EPSON,06,PRODUCTOS RECHAZADOS,
49924,C33S020614 SJIC26P(B): TINTA NEGRA TM-C7500,0.0,,INDUST. TINTA EPSON,07,NOTAS DE CREDITO,
49924,C33S020614 SJIC26P(B): TINTA NEGRA TM-C7500,0.0,,INDUST. TINTA EPSON,08,MPRIMA SOBRE STOCK,
49924,C33S020614 SJIC26P(B): TINTA NEGRA TM-C7500,0.0,,INDUST. TINTA EPSON,09,BOG.LOGICA APL,
49924,C33S020614 SJIC26P(B): TINTA NEGRA TM-C7500,0.0,,INDUST. TINTA EPSON,10,DIFERENCIAS DE INV. P.T.,
49924,C33S020614 SJIC26P(B): TINTA NEGRA TM-C7500,0.0,,INDUST. TINTA EPSON,11,BOG.LOGICA CyT VESPUCIO,
49924,C33S020614 SJIC26P(B): TINTA NEGRA TM-C7500,0.0,,INDUST. TINTA EPSON,12,BOG.LOGICA CyT ESPEJO,
49924,C33S020614 SJIC26P(B): TINTA NEGRA TM-C7500,0.0,,INDUST. TINTA EPSON,13,TDP STOCK,
49924,C33S020614 SJIC26P(B): TINTA NEGRA TM-C7500,0.0,,INDUST. TINTA EPSON,14,SERVICIO TECNICO,
49924,C33S020614 SJIC26P(B): TINTA NEGRA TM-C7500,0.0,,INDUST. TINTA EPSON,15,TALLER SERV.TECNICO,
49924,C33S020614 SJIC26P(B): TINTA NEGRA TM-C7500,0.0,,INDUST. TINTA EPSON,16,BOG.LOGICA COCA-COLA,
49924,C33S020614 SJIC26P(B): TINTA NEGRA TM-C7500,0.0,,INDUST. TINTA EPSON,17,BODEGA CLIENTES,
49924,C33S020614 SJIC26P(B): TINTA NEGRA TM-C7500,0.0,,INDUST. TINTA EPSON,18,MAURICIO MEDINA,
49924,C33S020614 SJIC26P(B): TINTA NEGRA TM-C7500,0.0,,INDUST. TINTA EPSON,19,MAURICIO DAVIS,
49924,C33S020614 SJIC26P(B): TINTA NEGRA TM-C7500,0.0,,INDUST. TINTA EPSON,20,POSCOSECHA MUESTRAS,
49924,C33S020614 SJIC26P(B): TINTA NEGRA TM-C7500,0.0,,INDUST. TINTA EPSON,21,TINTAS,
49924,C33S020614 SJIC26P(B): TINTA NEGRA TM-C7500,0.0,,INDUST. TINTA EPSON,22,SIEGWERK,
49924,C33S020614 SJIC26P(B): TINTA NEGRA TM-C7500,0.0,,INDUST. TINTA EPSON,24,SALDO MATERIAS PRIMAS,
49924,C33S020614 SJIC26P(B): TINTA NEGRA TM-C7500,0.0,,INDUST. TINTA EPSON,26,OBSOLETOS COMERCIAL,
49924,C33S020614 SJIC26P(B): TINTA NEGRA TM-C7500,0.0,,INDUST. TINTA EPSON,34,MP MAQUINA WEBER,
49924,C33S020614 SJIC26P(B): TINTA NEGRA TM-C7500,0.0,,INDUST. TINTA EPSON,35,BODEGA GESLOG INTEGRAL,
49924,C33S020614 SJIC26P(B): TINTA NEGRA TM-C7500,0.0,,INDUST. TINTA EPSON,36,CONTAINER,
49924,C33S020614 SJIC26P(B): TINTA NEGRA TM-C7500,0.0,,INDUST. TINTA EPSON,38,RRHH,
49924,C33S020614 SJIC26P(B): TINTA NEGRA TM-C7500,0.0,,INDUST. TINTA EPSON,40,ST CONCEPCION,
49924,C33S020614 SJIC26P(B): TINTA NEGRA TM-C7500,0.0,,INDUST. TINTA EPSON,42,BODEGA DURAMET,
49924,C33S020614 SJIC26P(B): TINTA NEGRA TM-C7500,0.0,,INDUST. TINTA EPSON,44,SERV.TECNICO SINCLAIR,
49924,C33S020614 SJIC26P(B): TINTA NEGRA TM-C7500,0.0,,INDUST. TINTA EPSON,45,BODEGA PROVEEDOR,
49924,C33S020614 SJIC26P(B): TINTA NEGRA TM-C7500,0.0,,INDUST. TINTA EPSON,46,SINCLAIR STOCK,
49924,C33S020614 SJIC26P(B): TINTA NEGRA TM-C7500,0.0,,INDUST. TINTA EPSON,48,POSCOSECHA,
49924,C33S020614 SJIC26P(B): TINTA NEGRA TM-C7500,0.0,,INDUST. TINTA EPSON,49,BOG. LOGICA ARAUCO,
49924,C33S020614 SJIC26P(B): TINTA NEGRA TM-C7500,0.0,,INDUST. TINTA EPSON,50,SERV.TECNICO SAMSON,
49924,C33S020614 SJIC26P(B): TINTA NEGRA TM-C7500,0.0,,INDUST. TINTA EPSON,51,PERU STOCK ENVIO,
49924,C33S020614 SJIC26P(B): TINTA NEGRA TM-C7500,0.0,,INDUST. TINTA EPSON,52,ST IMPRESORAS Y EQUIPOS,
49924,C33S020614 SJIC26P(B): TINTA NEGRA TM-C7500,0.0,,INDUST. TINTA EPSON,53,BODEGA ESQUIM,
49924,C33S020614 SJIC26P(B): TINTA NEGRA TM-C7500,0.0,,INDUST. TINTA EPSON,54,GESLOG MALLOA,
49925,C33S020615 SJIC26P(C): TINTA CYAN TM-C7500,0.0,,INDUST. TINTA EPSON,01,BODEGA COSTEO,
49925,C33S020615 SJIC26P(C): TINTA CYAN TM-C7500,0.0,,INDUST. TINTA EPSON,02,MATERIAS PRIMAS E INSUMOS,
49925,C33S020615 SJIC26P(C): TINTA CYAN TM-C7500,0.0,,INDUST. TINTA EPSON,03,PRODUCTOS TERMINADOS,
49925,C33S020615 SJIC26P(C): TINTA CYAN TM-C7500,0.0,,INDUST. TINTA EPSON,04,PRODUCCION,
49925,C33S020615 SJIC26P(C): TINTA CYAN TM-C7500,0.0,,INDUST. TINTA EPSON,05,RECLAMO PROVEEDOR,
49925,C33S020615 SJIC26P(C): TINTA CYAN TM-C7500,0.0,,INDUST. TINTA EPSON,06,PRODUCTOS RECHAZADOS,
49925,C33S020615 SJIC26P(C): TINTA CYAN TM-C7500,0.0,,INDUST. TINTA EPSON,07,NOTAS DE CREDITO,
49925,C33S020615 SJIC26P(C): TINTA CYAN TM-C7500,0.0,,INDUST. TINTA EPSON,08,MPRIMA SOBRE STOCK,
49925,C33S020615 SJIC26P(C): TINTA CYAN TM-C7500,0.0,,INDUST. TINTA EPSON,09,BOG.LOGICA APL,
49925,C33S020615 SJIC26P(C): TINTA CYAN TM-C7500,0.0,,INDUST. TINTA EPSON,10,DIFERENCIAS DE INV. P.T.,
49925,C33S020615 SJIC26P(C): TINTA CYAN TM-C7500,0.0,,INDUST. TINTA EPSON,11,BOG.LOGICA CyT VESPUCIO,
49925,C33S020615 SJIC26P(C): TINTA CYAN TM-C7500,0.0,,INDUST. TINTA EPSON,12,BOG.LOGICA CyT ESPEJO,
49925,C33S020615 SJIC26P(C): TINTA CYAN TM-C7500,0.0,,INDUST. TINTA EPSON,13,TDP STOCK,
49925,C33S020615 SJIC26P(C): TINTA CYAN TM-C7500,0.0,,INDUST. TINTA EPSON,14,SERVICIO TECNICO,
49925,C33S020615 SJIC26P(C): TINTA CYAN TM-C7500,0.0,,INDUST. TINTA EPSON,15,TALLER SERV.TECNICO,
49925,C33S020615 SJIC26P(C): TINTA CYAN TM-C7500,0.0,,INDUST. TINTA EPSON,16,BOG.LOGICA COCA-COLA,
49925,C33S020615 SJIC26P(C): TINTA CYAN TM-C7500,0.0,,INDUST. TINTA EPSON,17,BODEGA CLIENTES,
49925,C33S020615 SJIC26P(C): TINTA CYAN TM-C7500,0.0,,INDUST. TINTA EPSON,18,MAURICIO MEDINA,
49925,C33S020615 SJIC26P(C): TINTA CYAN TM-C7500,0.0,,INDUST. TINTA EPSON,19,MAURICIO DAVIS,
49925,C33S020615 SJIC26P(C): TINTA CYAN TM-C7500,0.0,,INDUST. TINTA EPSON,20,POSCOSECHA MUESTRAS,
49925,C33S020615 SJIC26P(C): TINTA CYAN TM-C7500,0.0,,INDUST. TINTA EPSON,21,TINTAS,
49925,C33S020615 SJIC26P(C): TINTA CYAN TM-C7500,0.0,,INDUST. TINTA EPSON,22,SIEGWERK,
49925,C33S020615 SJIC26P(C): TINTA CYAN TM-C7500,0.0,,INDUST. TINTA EPSON,24,SALDO MATERIAS PRIMAS,
49925,C33S020615 SJIC26P(C): TINTA CYAN TM-C7500,0.0,,INDUST. TINTA EPSON,26,OBSOLETOS COMERCIAL,
49925,C33S020615 SJIC26P(C): TINTA CYAN TM-C7500,0.0,,INDUST. TINTA EPSON,34,MP MAQUINA WEBER,
49925,C33S020615 SJIC26P(C): TINTA CYAN TM-C7500,0.0,,INDUST. TINTA EPSON,35,BODEGA GESLOG INTEGRAL,
49925,C33S020615 SJIC26P(C): TINTA CYAN TM-C7500,0.0,,INDUST. TINTA EPSON,36,CONTAINER,
49925,C33S020615 SJIC26P(C): TINTA CYAN TM-C7500,0.0,,INDUST. TINTA EPSON,38,RRHH,
49925,C33S020615 SJIC26P(C): TINTA CYAN TM-C7500,0.0,,INDUST. TINTA EPSON,40,ST CONCEPCION,
49925,C33S020615 SJIC26P(C): TINTA CYAN TM-C7500,0.0,,INDUST. TINTA EPSON,42,BODEGA DURAMET,
49925,C33S020615 SJIC26P(C): TINTA CYAN TM-C7500,0.0,,INDUST. TINTA EPSON,44,SERV.TECNICO SINCLAIR,
49925,C33S020615 SJIC26P(C): TINTA CYAN TM-C7500,0.0,,INDUST. TINTA EPSON,45,BODEGA PROVEEDOR,
49925,C33S020615 SJIC26P(C): TINTA CYAN TM-C7500,0.0,,INDUST. TINTA EPSON,46,SINCLAIR STOCK,
49925,C33S020615 SJIC26P(C): TINTA CYAN TM-C7500,0.0,,INDUST. TINTA EPSON,48,POSCOSECHA,
49925,C33S020615 SJIC26P(C): TINTA CYAN TM-C7500,0.0,,INDUST. TINTA EPSON,49,BOG. LOGICA ARAUCO,
49925,C33S020615 SJIC26P(C): TINTA CYAN TM-C7500,0.0,,INDUST. TINTA EPSON,50,SERV.TECNICO SAMSON,
49925,C33S020615 SJIC26P(C): TINTA CYAN TM-C7500,0.0,,INDUST. TINTA EPSON,51,PERU STOCK ENVIO,
49925,C33S020615 SJIC26P(C): TINTA CYAN TM-C7500,0.0,,INDUST. TINTA EPSON,52,ST IMPRESORAS Y EQUIPOS,
49925,C33S020615 SJIC26P(C): TINTA CYAN TM-C7500,0.0,,INDUST. TINTA EPSON,53,BODEGA ESQUIM,
49925,C33S020615 SJIC26P(C): TINTA CYAN TM-C7500,0.0,,INDUST. TINTA EPSON,54,GESLOG MALLOA,
49926,C33S020616 SJIC26P(M):TINTA MAGENTA TM-C7500,0.0,,INDUST. TINTA EPSON,01,BODEGA COSTEO,
49926,C33S020616 SJIC26P(M):TINTA MAGENTA TM-C7500,0.0,,INDUST. TINTA EPSON,02,MATERIAS PRIMAS E INSUMOS,
49926,C33S020616 SJIC26P(M):TINTA MAGENTA TM-C7500,0.0,,INDUST. TINTA EPSON,03,PRODUCTOS TERMINADOS,
49926,C33S020616 SJIC26P(M):TINTA MAGENTA TM-C7500,0.0,,INDUST. TINTA EPSON,04,PRODUCCION,
49926,C33S020616 SJIC26P(M):TINTA MAGENTA TM-C7500,0.0,,INDUST. TINTA EPSON,05,RECLAMO PROVEEDOR,
49926,C33S020616 SJIC26P(M):TINTA MAGENTA TM-C7500,0.0,,INDUST. TINTA EPSON,06,PRODUCTOS RECHAZADOS,
49926,C33S020616 SJIC26P(M):TINTA MAGENTA TM-C7500,0.0,,INDUST. TINTA EPSON,07,NOTAS DE CREDITO,
49926,C33S020616 SJIC26P(M):TINTA MAGENTA TM-C7500,0.0,,INDUST. TINTA EPSON,08,MPRIMA SOBRE STOCK,
49926,C33S020616 SJIC26P(M):TINTA MAGENTA TM-C7500,0.0,,INDUST. TINTA EPSON,09,BOG.LOGICA APL,
49926,C33S020616 SJIC26P(M):TINTA MAGENTA TM-C7500,0.0,,INDUST. TINTA EPSON,10,DIFERENCIAS DE INV. P.T.,
49926,C33S020616 SJIC26P(M):TINTA MAGENTA TM-C7500,0.0,,INDUST. TINTA EPSON,11,BOG.LOGICA CyT VESPUCIO,
49926,C33S020616 SJIC26P(M):TINTA MAGENTA TM-C7500,0.0,,INDUST. TINTA EPSON,12,BOG.LOGICA CyT ESPEJO,
49926,C33S020616 SJIC26P(M):TINTA MAGENTA TM-C7500,0.0,,INDUST. TINTA EPSON,13,TDP STOCK,
49926,C33S020616 SJIC26P(M):TINTA MAGENTA TM-C7500,0.0,,INDUST. TINTA EPSON,14,SERVICIO TECNICO,
49926,C33S020616 SJIC26P(M):TINTA MAGENTA TM-C7500,0.0,,INDUST. TINTA EPSON,15,TALLER SERV.TECNICO,
49926,C33S020616 SJIC26P(M):TINTA MAGENTA TM-C7500,0.0,,INDUST. TINTA EPSON,16,BOG.LOGICA COCA-COLA,
49926,C33S020616 SJIC26P(M):TINTA MAGENTA TM-C7500,0.0,,INDUST. TINTA EPSON,17,BODEGA CLIENTES,
49926,C33S020616 SJIC26P(M):TINTA MAGENTA TM-C7500,0.0,,INDUST. TINTA EPSON,18,MAURICIO MEDINA,
49926,C33S020616 SJIC26P(M):TINTA MAGENTA TM-C7500,0.0,,INDUST. TINTA EPSON,19,MAURICIO DAVIS,
49926,C33S020616 SJIC26P(M):TINTA MAGENTA TM-C7500,0.0,,INDUST. TINTA EPSON,20,POSCOSECHA MUESTRAS,
49926,C33S020616 SJIC26P(M):TINTA MAGENTA TM-C7500,0.0,,INDUST. TINTA EPSON,21,TINTAS,
49926,C33S020616 SJIC26P(M):TINTA MAGENTA TM-C7500,0.0,,INDUST. TINTA EPSON,22,SIEGWERK,
49926,C33S020616 SJIC26P(M):TINTA MAGENTA TM-C7500,0.0,,INDUST. TINTA EPSON,24,SALDO MATERIAS PRIMAS,
49926,C33S020616 SJIC26P(M):TINTA MAGENTA TM-C7500,0.0,,INDUST. TINTA EPSON,26,OBSOLETOS COMERCIAL,
49926,C33S020616 SJIC26P(M):TINTA MAGENTA TM-C7500,0.0,,INDUST. TINTA EPSON,34,MP MAQUINA WEBER,
49926,C33S020616 SJIC26P(M):TINTA MAGENTA TM-C7500,0.0,,INDUST. TINTA EPSON,35,BODEGA GESLOG INTEGRAL,
49926,C33S020616 SJIC26P(M):TINTA MAGENTA TM-C7500,0.0,,INDUST. TINTA EPSON,36,CONTAINER,
49926,C33S020616 SJIC26P(M):TINTA MAGENTA TM-C7500,0.0,,INDUST. TINTA EPSON,38,RRHH,
49926,C33S020616 SJIC26P(M):TINTA MAGENTA TM-C7500,0.0,,INDUST. TINTA EPSON,40,ST CONCEPCION,
49926,C33S020616 SJIC26P(M):TINTA MAGENTA TM-C7500,0.0,,INDUST. TINTA EPSON,42,BODEGA DURAMET,
49926,C33S020616 SJIC26P(M):TINTA MAGENTA TM-C7500,0.0,,INDUST. TINTA EPSON,44,SERV.TECNICO SINCLAIR,
49926,C33S020616 SJIC26P(M):TINTA MAGENTA TM-C7500,0.0,,INDUST. TINTA EPSON,45,BODEGA PROVEEDOR,
49926,C33S020616 SJIC26P(M):TINTA MAGENTA TM-C7500,0.0,,INDUST. TINTA EPSON,46,SINCLAIR STOCK,
49926,C33S020616 SJIC26P(M):TINTA MAGENTA TM-C7500,0.0,,INDUST. TINTA EPSON,48,POSCOSECHA,
49926,C33S020616 SJIC26P(M):TINTA MAGENTA TM-C7500,0.0,,INDUST. TINTA EPSON,49,BOG. LOGICA ARAUCO,
49926,C33S020616 SJIC26P(M):TINTA MAGENTA TM-C7500,0.0,,INDUST. TINTA EPSON,50,SERV.TECNICO SAMSON,
49926,C33S020616 SJIC26P(M):TINTA MAGENTA TM-C7500,0.0,,INDUST. TINTA EPSON,51,PERU STOCK ENVIO,
49926,C33S020616 SJIC26P(M):TINTA MAGENTA TM-C7500,0.0,,INDUST. TINTA EPSON,52,ST IMPRESORAS Y EQUIPOS,
49926,C33S020616 SJIC26P(M):TINTA MAGENTA TM-C7500,0.0,,INDUST. TINTA EPSON,53,BODEGA ESQUIM,
49926,C33S020616 SJIC26P(M):TINTA MAGENTA TM-C7500,0.0,,INDUST. TINTA EPSON,54,GESLOG MALLOA,
49927,C33S020617 SJIC26P(Y):TINTA AMARILLA TM-C7500,0.0,,INDUST. TINTA EPSON,01,BODEGA COSTEO,
49927,C33S020617 SJIC26P(Y):TINTA AMARILLA TM-C7500,0.0,,INDUST. TINTA EPSON,02,MATERIAS PRIMAS E INSUMOS,
49927,C33S020617 SJIC26P(Y):TINTA AMARILLA TM-C7500,0.0,,INDUST. TINTA EPSON,03,PRODUCTOS TERMINADOS,
49927,C33S020617 SJIC26P(Y):TINTA AMARILLA TM-C7500,0.0,,INDUST. TINTA EPSON,04,PRODUCCION,
49927,C33S020617 SJIC26P(Y):TINTA AMARILLA TM-C7500,0.0,,INDUST. TINTA EPSON,05,RECLAMO PROVEEDOR,
49927,C33S020617 SJIC26P(Y):TINTA AMARILLA TM-C7500,0.0,,INDUST. TINTA EPSON,06,PRODUCTOS RECHAZADOS,
49927,C33S020617 SJIC26P(Y):TINTA AMARILLA TM-C7500,0.0,,INDUST. TINTA EPSON,07,NOTAS DE CREDITO,
49927,C33S020617 SJIC26P(Y):TINTA AMARILLA TM-C7500,0.0,,INDUST. TINTA EPSON,08,MPRIMA SOBRE STOCK,
49927,C33S020617 SJIC26P(Y):TINTA AMARILLA TM-C7500,0.0,,INDUST. TINTA EPSON,09,BOG.LOGICA APL,
49927,C33S020617 SJIC26P(Y):TINTA AMARILLA TM-C7500,0.0,,INDUST. TINTA EPSON,10,DIFERENCIAS DE INV. P.T.,
49927,C33S020617 SJIC26P(Y):TINTA AMARILLA TM-C7500,0.0,,INDUST. TINTA EPSON,11,BOG.LOGICA CyT VESPUCIO,
49927,C33S020617 SJIC26P(Y):TINTA AMARILLA TM-C7500,0.0,,INDUST. TINTA EPSON,12,BOG.LOGICA CyT ESPEJO,
49927,C33S020617 SJIC26P(Y):TINTA AMARILLA TM-C7500,0.0,,INDUST. TINTA EPSON,13,TDP STOCK,
49927,C33S020617 SJIC26P(Y):TINTA AMARILLA TM-C7500,0.0,,INDUST. TINTA EPSON,14,SERVICIO TECNICO,
49927,C33S020617 SJIC26P(Y):TINTA AMARILLA TM-C7500,0.0,,INDUST. TINTA EPSON,15,TALLER SERV.TECNICO,
49927,C33S020617 SJIC26P(Y):TINTA AMARILLA TM-C7500,0.0,,INDUST. TINTA EPSON,16,BOG.LOGICA COCA-COLA,
49927,C33S020617 SJIC26P(Y):TINTA AMARILLA TM-C7500,0.0,,INDUST. TINTA EPSON,17,BODEGA CLIENTES,
49927,C33S020617 SJIC26P(Y):TINTA AMARILLA TM-C7500,0.0,,INDUST. TINTA EPSON,18,MAURICIO MEDINA,
49927,C33S020617 SJIC26P(Y):TINTA AMARILLA TM-C7500,0.0,,INDUST. TINTA EPSON,19,MAURICIO DAVIS,
49927,C33S020617 SJIC26P(Y):TINTA AMARILLA TM-C7500,0.0,,INDUST. TINTA EPSON,20,POSCOSECHA MUESTRAS,
49927,C33S020617 SJIC26P(Y):TINTA AMARILLA TM-C7500,0.0,,INDUST. TINTA EPSON,21,TINTAS,
49927,C33S020617 SJIC26P(Y):TINTA AMARILLA TM-C7500,0.0,,INDUST. TINTA EPSON,22,SIEGWERK,
49927,C33S020617 SJIC26P(Y):TINTA AMARILLA TM-C7500,0.0,,INDUST. TINTA EPSON,24,SALDO MATERIAS PRIMAS,
49927,C33S020617 SJIC26P(Y):TINTA AMARILLA TM-C7500,0.0,,INDUST. TINTA EPSON,26,OBSOLETOS COMERCIAL,
49927,C33S020617 SJIC26P(Y):TINTA AMARILLA TM-C7500,0.0,,INDUST. TINTA EPSON,34,MP MAQUINA WEBER,
49927,C33S020617 SJIC26P(Y):TINTA AMARILLA TM-C7500,0.0,,INDUST. TINTA EPSON,35,BODEGA GESLOG INTEGRAL,
49927,C33S020617 SJIC26P(Y):TINTA AMARILLA TM-C7500,0.0,,INDUST. TINTA EPSON,36,CONTAINER,
49927,C33S020617 SJIC26P(Y):TINTA AMARILLA TM-C7500,0.0,,INDUST. TINTA EPSON,38,RRHH,
49927,C33S020617 SJIC26P(Y):TINTA AMARILLA TM-C7500,0.0,,INDUST. TINTA EPSON,40,ST CONCEPCION,
49927,C33S020617 SJIC26P(Y):TINTA AMARILLA TM-C7500,0.0,,INDUST. TINTA EPSON,42,BODEGA DURAMET,
49927,C33S020617 SJIC26P(Y):TINTA AMARILLA TM-C7500,0.0,,INDUST. TINTA EPSON,44,SERV.TECNICO SINCLAIR,
49927,C33S020617 SJIC26P(Y):TINTA AMARILLA TM-C7500,0.0,,INDUST. TINTA EPSON,45,BODEGA PROVEEDOR,
49927,C33S020617 SJIC26P(Y):TINTA AMARILLA TM-C7500,0.0,,INDUST. TINTA EPSON,46,SINCLAIR STOCK,
49927,C33S020617 SJIC26P(Y):TINTA AMARILLA TM-C7500,0.0,,INDUST. TINTA EPSON,48,POSCOSECHA,
49927,C33S020617 SJIC26P(Y):TINTA AMARILLA TM-C7500,0.0,,INDUST. TINTA EPSON,49,BOG. LOGICA ARAUCO,
49927,C33S020617 SJIC26P(Y):TINTA AMARILLA TM-C7500,0.0,,INDUST. TINTA EPSON,50,SERV.TECNICO SAMSON,
49927,C33S020617 SJIC26P(Y):TINTA AMARILLA TM-C7500,0.0,,INDUST. TINTA EPSON,51,PERU STOCK ENVIO,
49927,C33S020617 SJIC26P(Y):TINTA AMARILLA TM-C7500,0.0,,INDUST. TINTA EPSON,52,ST IMPRESORAS Y EQUIPOS,
49927,C33S020617 SJIC26P(Y):TINTA AMARILLA TM-C7500,0.0,,INDUST. TINTA EPSON,53,BODEGA ESQUIM,
49927,C33S020617 SJIC26P(Y):TINTA AMARILLA TM-C7500,0.0,,INDUST. TINTA EPSON,54,GESLOG MALLOA,
49938,C33S020638 SJIC30P(Y):YELLOW INK CART TM-C7500G,0.0,UN,INDUST. TINTA EPSON,01,BODEGA COSTEO,
49938,C33S020638 SJIC30P(Y):YELLOW INK CART TM-C7500G,0.0,UN,INDUST. TINTA EPSON,02,MATERIAS PRIMAS E INSUMOS,
49938,C33S020638 SJIC30P(Y):YELLOW INK CART TM-C7500G,0.0,UN,INDUST. TINTA EPSON,03,PRODUCTOS TERMINADOS,
49938,C33S020638 SJIC30P(Y):YELLOW INK CART TM-C7500G,0.0,UN,INDUST. TINTA EPSON,04,PRODUCCION,
49938,C33S020638 SJIC30P(Y):YELLOW INK CART TM-C7500G,0.0,UN,INDUST. TINTA EPSON,05,RECLAMO PROVEEDOR,
49938,C33S020638 SJIC30P(Y):YELLOW INK CART TM-C7500G,0.0,UN,INDUST. TINTA EPSON,06,PRODUCTOS RECHAZADOS,
49938,C33S020638 SJIC30P(Y):YELLOW INK CART TM-C7500G,0.0,UN,INDUST. TINTA EPSON,07,NOTAS DE CREDITO,
49938,C33S020638 SJIC30P(Y):YELLOW INK CART TM-C7500G,0.0,UN,INDUST. TINTA EPSON,08,MPRIMA SOBRE STOCK,
49938,C33S020638 SJIC30P(Y):YELLOW INK CART TM-C7500G,0.0,UN,INDUST. TINTA EPSON,09,BOG.LOGICA APL,
49938,C33S020638 SJIC30P(Y):YELLOW INK CART TM-C7500G,0.0,UN,INDUST. TINTA EPSON,10,DIFERENCIAS DE INV. P.T.,
49938,C33S020638 SJIC30P(Y):YELLOW INK CART TM-C7500G,0.0,UN,INDUST. TINTA EPSON,11,BOG.LOGICA CyT VESPUCIO,
49938,C33S020638 SJIC30P(Y):YELLOW INK CART TM-C7500G,0.0,UN,INDUST. TINTA EPSON,12,BOG.LOGICA CyT ESPEJO,
49938,C33S020638 SJIC30P(Y):YELLOW INK CART TM-C7500G,0.0,UN,INDUST. TINTA EPSON,13,TDP STOCK,
49938,C33S020638 SJIC30P(Y):YELLOW INK CART TM-C7500G,0.0,UN,INDUST. TINTA EPSON,14,SERVICIO TECNICO,
49938,C33S020638 SJIC30P(Y):YELLOW INK CART TM-C7500G,0.0,UN,INDUST. TINTA EPSON,15,TALLER SERV.TECNICO,
49938,C33S020638 SJIC30P(Y):YELLOW INK CART TM-C7500G,0.0,UN,INDUST. TINTA EPSON,16,BOG.LOGICA COCA-COLA,
49938,C33S020638 SJIC30P(Y):YELLOW INK CART TM-C7500G,0.0,UN,INDUST. TINTA EPSON,17,BODEGA CLIENTES,
49938,C33S020638 SJIC30P(Y):YELLOW INK CART TM-C7500G,0.0,UN,INDUST. TINTA EPSON,18,MAURICIO MEDINA,
49938,C33S020638 SJIC30P(Y):YELLOW INK CART TM-C7500G,0.0,UN,INDUST. TINTA EPSON,19,MAURICIO DAVIS,
49938,C33S020638 SJIC30P(Y):YELLOW INK CART TM-C7500G,0.0,UN,INDUST. TINTA EPSON,20,POSCOSECHA MUESTRAS,
49938,C33S020638 SJIC30P(Y):YELLOW INK CART TM-C7500G,0.0,UN,INDUST. TINTA EPSON,21,TINTAS,
49938,C33S020638 SJIC30P(Y):YELLOW INK CART TM-C7500G,0.0,UN,INDUST. TINTA EPSON,22,SIEGWERK,
49938,C33S020638 SJIC30P(Y):YELLOW INK CART TM-C7500G,0.0,UN,INDUST. TINTA EPSON,24,SALDO MATERIAS PRIMAS,
49938,C33S020638 SJIC30P(Y):YELLOW INK CART TM-C7500G,0.0,UN,INDUST. TINTA EPSON,26,OBSOLETOS COMERCIAL,
49938,C33S020638 SJIC30P(Y):YELLOW INK CART TM-C7500G,0.0,UN,INDUST. TINTA EPSON,34,MP MAQUINA WEBER,
49938,C33S020638 SJIC30P(Y):YELLOW INK CART TM-C7500G,0.0,UN,INDUST. TINTA EPSON,35,BODEGA GESLOG INTEGRAL,
49938,C33S020638 SJIC30P(Y):YELLOW INK CART TM-C7500G,0.0,UN,INDUST. TINTA EPSON,36,CONTAINER,
49938,C33S020638 SJIC30P(Y):YELLOW INK CART TM-C7500G,0.0,UN,INDUST. TINTA EPSON,38,RRHH,
49938,C33S020638 SJIC30P(Y):YELLOW INK CART TM-C7500G,0.0,UN,INDUST. TINTA EPSON,40,ST CONCEPCION,
49938,C33S020638 SJIC30P(Y):YELLOW INK CART TM-C7500G,0.0,UN,INDUST. TINTA EPSON,42,BODEGA DURAMET,
49938,C33S020638 SJIC30P(Y):YELLOW INK CART TM-C7500G,0.0,UN,INDUST. TINTA EPSON,44,SERV.TECNICO SINCLAIR,
49938,C33S020638 SJIC30P(Y):YELLOW INK CART TM-C7500G,0.0,UN,INDUST. TINTA EPSON,45,BODEGA PROVEEDOR,
49938,C33S020638 SJIC30P(Y):YELLOW INK CART TM-C7500G,0.0,UN,INDUST. TINTA EPSON,46,SINCLAIR STOCK,
49938,C33S020638 SJIC30P(Y):YELLOW INK CART TM-C7500G,0.0,UN,INDUST. TINTA EPSON,48,POSCOSECHA,
49938,C33S020638 SJIC30P(Y):YELLOW INK CART TM-C7500G,0.0,UN,INDUST. TINTA EPSON,49,BOG. LOGICA ARAUCO,
49938,C33S020638 SJIC30P(Y):YELLOW INK CART TM-C7500G,0.0,UN,INDUST. TINTA EPSON,50,SERV.TECNICO SAMSON,
49938,C33S020638 SJIC30P(Y):YELLOW INK CART TM-C7500G,0.0,UN,INDUST. TINTA EPSON,51,PERU STOCK ENVIO,
49938,C33S020638 SJIC30P(Y):YELLOW INK CART TM-C7500G,0.0,UN,INDUST. TINTA EPSON,52,ST IMPRESORAS Y EQUIPOS,
49938,C33S020638 SJIC30P(Y):YELLOW INK CART TM-C7500G,0.0,UN,INDUST. TINTA EPSON,53,BODEGA ESQUIM,
49938,C33S020638 SJIC30P(Y):YELLOW INK CART TM-C7500G,0.0,UN,INDUST. TINTA EPSON,54,GESLOG MALLOA,
49939,C33S020580 TANQUE MANTENIMIENTO TM-C3500,0.0,UNIDAD,INDUST. TINTA EPSON,01,BODEGA COSTEO,
49939,C33S020580 TANQUE MANTENIMIENTO TM-C3500,0.0,UNIDAD,INDUST. TINTA EPSON,02,MATERIAS PRIMAS E INSUMOS,
49939,C33S020580 TANQUE MANTENIMIENTO TM-C3500,0.0,UNIDAD,INDUST. TINTA EPSON,03,PRODUCTOS TERMINADOS,
49939,C33S020580 TANQUE MANTENIMIENTO TM-C3500,0.0,UNIDAD,INDUST. TINTA EPSON,04,PRODUCCION,
49939,C33S020580 TANQUE MANTENIMIENTO TM-C3500,0.0,UNIDAD,INDUST. TINTA EPSON,05,RECLAMO PROVEEDOR,
49939,C33S020580 TANQUE MANTENIMIENTO TM-C3500,0.0,UNIDAD,INDUST. TINTA EPSON,06,PRODUCTOS RECHAZADOS,
49939,C33S020580 TANQUE MANTENIMIENTO TM-C3500,0.0,UNIDAD,INDUST. TINTA EPSON,07,NOTAS DE CREDITO,
49939,C33S020580 TANQUE MANTENIMIENTO TM-C3500,0.0,UNIDAD,INDUST. TINTA EPSON,08,MPRIMA SOBRE STOCK,
49939,C33S020580 TANQUE MANTENIMIENTO TM-C3500,0.0,UNIDAD,INDUST. TINTA EPSON,09,BOG.LOGICA APL,
49939,C33S020580 TANQUE MANTENIMIENTO TM-C3500,0.0,UNIDAD,INDUST. TINTA EPSON,10,DIFERENCIAS DE INV. P.T.,
49939,C33S020580 TANQUE MANTENIMIENTO TM-C3500,0.0,UNIDAD,INDUST. TINTA EPSON,11,BOG.LOGICA CyT VESPUCIO,
49939,C33S020580 TANQUE MANTENIMIENTO TM-C3500,0.0,UNIDAD,INDUST. TINTA EPSON,12,BOG.LOGICA CyT ESPEJO,
49939,C33S020580 TANQUE MANTENIMIENTO TM-C3500,0.0,UNIDAD,INDUST. TINTA EPSON,13,TDP STOCK,
49939,C33S020580 TANQUE MANTENIMIENTO TM-C3500,0.0,UNIDAD,INDUST. TINTA EPSON,14,SERVICIO TECNICO,
49939,C33S020580 TANQUE MANTENIMIENTO TM-C3500,0.0,UNIDAD,INDUST. TINTA EPSON,15,TALLER SERV.TECNICO,
49939,C33S020580 TANQUE MANTENIMIENTO TM-C3500,0.0,UNIDAD,INDUST. TINTA EPSON,16,BOG.LOGICA COCA-COLA,
49939,C33S020580 TANQUE MANTENIMIENTO TM-C3500,0.0,UNIDAD,INDUST. TINTA EPSON,17,BODEGA CLIENTES,
49939,C33S020580 TANQUE MANTENIMIENTO TM-C3500,0.0,UNIDAD,INDUST. TINTA EPSON,18,MAURICIO MEDINA,
49939,C33S020580 TANQUE MANTENIMIENTO TM-C3500,0.0,UNIDAD,INDUST. TINTA EPSON,19,MAURICIO DAVIS,
49939,C33S020580 TANQUE MANTENIMIENTO TM-C3500,0.0,UNIDAD,INDUST. TINTA EPSON,20,POSCOSECHA MUESTRAS,
49939,C33S020580 TANQUE MANTENIMIENTO TM-C3500,0.0,UNIDAD,INDUST. TINTA EPSON,21,TINTAS,
49939,C33S020580 TANQUE MANTENIMIENTO TM-C3500,0.0,UNIDAD,INDUST. TINTA EPSON,22,SIEGWERK,
49939,C33S020580 TANQUE MANTENIMIENTO TM-C3500,0.0,UNIDAD,INDUST. TINTA EPSON,24,SALDO MATERIAS PRIMAS,
49939,C33S020580 TANQUE MANTENIMIENTO TM-C3500,0.0,UNIDAD,INDUST. TINTA EPSON,26,OBSOLETOS COMERCIAL,
49939,C33S020580 TANQUE MANTENIMIENTO TM-C3500,0.0,UNIDAD,INDUST. TINTA EPSON,34,MP MAQUINA WEBER,
49939,C33S020580 TANQUE MANTENIMIENTO TM-C3500,0.0,UNIDAD,INDUST. TINTA EPSON,35,BODEGA GESLOG INTEGRAL,
49939,C33S020580 TANQUE MANTENIMIENTO TM-C3500,0.0,UNIDAD,INDUST. TINTA EPSON,36,CONTAINER,
49939,C33S020580 TANQUE MANTENIMIENTO TM-C3500,0.0,UNIDAD,INDUST. TINTA EPSON,38,RRHH,
49939,C33S020580 TANQUE MANTENIMIENTO TM-C3500,0.0,UNIDAD,INDUST. TINTA EPSON,40,ST CONCEPCION,
49939,C33S020580 TANQUE MANTENIMIENTO TM-C3500,0.0,UNIDAD,INDUST. TINTA EPSON,42,BODEGA DURAMET,
49939,C33S020580 TANQUE MANTENIMIENTO TM-C3500,0.0,UNIDAD,INDUST. TINTA EPSON,44,SERV.TECNICO SINCLAIR,
49939,C33S020580 TANQUE MANTENIMIENTO TM-C3500,0.0,UNIDAD,INDUST. TINTA EPSON,45,BODEGA PROVEEDOR,
49939,C33S020580 TANQUE MANTENIMIENTO TM-C3500,0.0,UNIDAD,INDUST. TINTA EPSON,46,SINCLAIR STOCK,
49939,C33S020580 TANQUE MANTENIMIENTO TM-C3500,0.0,UNIDAD,INDUST. TINTA EPSON,48,POSCOSECHA,
49939,C33S020580 TANQUE MANTENIMIENTO TM-C3500,0.0,UNIDAD,INDUST. TINTA EPSON,49,BOG. LOGICA ARAUCO,
49939,C33S020580 TANQUE MANTENIMIENTO TM-C3500,0.0,UNIDAD,INDUST. TINTA EPSON,50,SERV.TECNICO SAMSON,
49939,C33S020580 TANQUE MANTENIMIENTO TM-C3500,0.0,UNIDAD,INDUST. TINTA EPSON,51,PERU STOCK ENVIO,
49939,C33S020580 TANQUE MANTENIMIENTO TM-C3500,0.0,UNIDAD,INDUST. TINTA EPSON,52,ST IMPRESORAS Y EQUIPOS,
49939,C33S020580 TANQUE MANTENIMIENTO TM-C3500,0.0,UNIDAD,INDUST. TINTA EPSON,53,BODEGA ESQUIM,
49939,C33S020580 TANQUE MANTENIMIENTO TM-C3500,0.0,UNIDAD,INDUST. TINTA EPSON,54,GESLOG MALLOA,
50176,BARNIZ AG,15.0,KILOS,PROD. TINTAS,21,TINTAS,2026-03-13
50871,PRIMER TOP COAT DIGI 680 B1 HP DIGITAL (termo & films) 5KG,0.0,BIDON,PROD. TINTAS DIGITAL,01,BODEGA COSTEO,2023-12-12
50871,PRIMER TOP COAT DIGI 680 B1 HP DIGITAL (termo & films) 5KG,0.0,BIDON,PROD. TINTAS DIGITAL,02,MATERIAS PRIMAS E INSUMOS,2023-12-12
50871,PRIMER TOP COAT DIGI 680 B1 HP DIGITAL (termo & films) 5KG,0.0,BIDON,PROD. TINTAS DIGITAL,04,PRODUCCION,2023-12-12
50871,PRIMER TOP COAT DIGI 680 B1 HP DIGITAL (termo & films) 5KG,0.0,BIDON,PROD. TINTAS DIGITAL,08,MPRIMA SOBRE STOCK,2023-12-12
50871,PRIMER TOP COAT DIGI 680 B1 HP DIGITAL (termo & films) 5KG,0.0,BIDON,PROD. TINTAS DIGITAL,10,DIFERENCIAS DE INV. P.T.,2023-12-12
50871,PRIMER TOP COAT DIGI 680 B1 HP DIGITAL (termo & films) 5KG,0.0,BIDON,PROD. TINTAS DIGITAL,17,BODEGA CLIENTES,2023-12-12
50871,PRIMER TOP COAT DIGI 680 B1 HP DIGITAL (termo & films) 5KG,0.0,BIDON,PROD. TINTAS DIGITAL,20,POSCOSECHA MUESTRAS,2023-12-12
50871,PRIMER TOP COAT DIGI 680 B1 HP DIGITAL (termo & films) 5KG,0.0,BIDON,PROD. TINTAS DIGITAL,21,TINTAS,2023-12-12
50871,PRIMER TOP COAT DIGI 680 B1 HP DIGITAL (termo & films) 5KG,0.0,BIDON,PROD. TINTAS DIGITAL,35,BODEGA GESLOG INTEGRAL,2023-12-12
50871,PRIMER TOP COAT DIGI 680 B1 HP DIGITAL (termo & films) 5KG,7.0,BIDON,PROD. TINTAS DIGITAL,36,CONTAINER,2023-12-12
50871,PRIMER TOP COAT DIGI 680 B1 HP DIGITAL (termo & films) 5KG,0.0,BIDON,PROD. TINTAS DIGITAL,38,RRHH,2023-12-12
50871,PRIMER TOP COAT DIGI 680 B1 HP DIGITAL (termo & films) 5KG,0.0,BIDON,PROD. TINTAS DIGITAL,45,BODEGA PROVEEDOR,2023-12-12
50871,PRIMER TOP COAT DIGI 680 B1 HP DIGITAL (termo & films) 5KG,0.0,BIDON,PROD. TINTAS DIGITAL,50,SERV.TECNICO SAMSON,2023-12-12
50871,PRIMER TOP COAT DIGI 680 B1 HP DIGITAL (termo & films) 5KG,0.0,BIDON,PROD. TINTAS DIGITAL,51,PERU STOCK ENVIO,2023-12-12
50871,PRIMER TOP COAT DIGI 680 B1 HP DIGITAL (termo & films) 5KG,0.0,BIDON,PROD. TINTAS DIGITAL,52,ST IMPRESORAS Y EQUIPOS,2023-12-12
50871,PRIMER TOP COAT DIGI 680 B1 HP DIGITAL (termo & films) 5KG,0.0,BIDON,PROD. TINTAS DIGITAL,53,BODEGA ESQUIM,2023-12-12
50871,PRIMER TOP COAT DIGI 680 B1 HP DIGITAL (termo & films) 5KG,0.0,BIDON,PROD. TINTAS DIGITAL,54,GESLOG MALLOA,2023-12-12
51980,SILICONA UV POLY 206,0.0,UNIDAD,PROD. TINTAS,01,BODEGA COSTEO,
51980,SILICONA UV POLY 206,0.0,UNIDAD,PROD. TINTAS,02,MATERIAS PRIMAS E INSUMOS,
51980,SILICONA UV POLY 206,0.0,UNIDAD,PROD. TINTAS,03,PRODUCTOS TERMINADOS,
51980,SILICONA UV POLY 206,0.0,UNIDAD,PROD. TINTAS,04,PRODUCCION,
51980,SILICONA UV POLY 206,0.0,UNIDAD,PROD. TINTAS,05,RECLAMO PROVEEDOR,
51980,SILICONA UV POLY 206,0.0,UNIDAD,PROD. TINTAS,06,PRODUCTOS RECHAZADOS,
51980,SILICONA UV POLY 206,0.0,UNIDAD,PROD. TINTAS,07,NOTAS DE CREDITO,
51980,SILICONA UV POLY 206,0.0,UNIDAD,PROD. TINTAS,08,MPRIMA SOBRE STOCK,
51980,SILICONA UV POLY 206,0.0,UNIDAD,PROD. TINTAS,09,BOG.LOGICA APL,
51980,SILICONA UV POLY 206,0.0,UNIDAD,PROD. TINTAS,10,DIFERENCIAS DE INV. P.T.,
51980,SILICONA UV POLY 206,0.0,UNIDAD,PROD. TINTAS,11,BOG.LOGICA CyT VESPUCIO,
51980,SILICONA UV POLY 206,0.0,UNIDAD,PROD. TINTAS,12,BOG.LOGICA CyT ESPEJO,
51980,SILICONA UV POLY 206,0.0,UNIDAD,PROD. TINTAS,13,TDP STOCK,
51980,SILICONA UV POLY 206,0.0,UNIDAD,PROD. TINTAS,14,SERVICIO TECNICO,
51980,SILICONA UV POLY 206,0.0,UNIDAD,PROD. TINTAS,15,TALLER SERV.TECNICO,
51980,SILICONA UV POLY 206,0.0,UNIDAD,PROD. TINTAS,16,BOG.LOGICA COCA-COLA,
51980,SILICONA UV POLY 206,0.0,UNIDAD,PROD. TINTAS,17,BODEGA CLIENTES,
51980,SILICONA UV POLY 206,0.0,UNIDAD,PROD. TINTAS,18,MAURICIO MEDINA,
51980,SILICONA UV POLY 206,0.0,UNIDAD,PROD. TINTAS,19,MAURICIO DAVIS,
51980,SILICONA UV POLY 206,0.0,UNIDAD,PROD. TINTAS,20,POSCOSECHA MUESTRAS,
51980,SILICONA UV POLY 206,0.0,UNIDAD,PROD. TINTAS,21,TINTAS,
51980,SILICONA UV POLY 206,0.0,UNIDAD,PROD. TINTAS,22,SIEGWERK,
51980,SILICONA UV POLY 206,0.0,UNIDAD,PROD. TINTAS,24,SALDO MATERIAS PRIMAS,
51980,SILICONA UV POLY 206,0.0,UNIDAD,PROD. TINTAS,26,OBSOLETOS COMERCIAL,
51980,SILICONA UV POLY 206,0.0,UNIDAD,PROD. TINTAS,34,MP MAQUINA WEBER,
51980,SILICONA UV POLY 206,0.0,UNIDAD,PROD. TINTAS,35,BODEGA GESLOG INTEGRAL,
51980,SILICONA UV POLY 206,0.0,UNIDAD,PROD. TINTAS,36,CONTAINER,
51980,SILICONA UV POLY 206,0.0,UNIDAD,PROD. TINTAS,38,RRHH,
51980,SILICONA UV POLY 206,0.0,UNIDAD,PROD. TINTAS,40,ST CONCEPCION,
51980,SILICONA UV POLY 206,0.0,UNIDAD,PROD. TINTAS,42,BODEGA DURAMET,
51980,SILICONA UV POLY 206,0.0,UNIDAD,PROD. TINTAS,44,SERV.TECNICO SINCLAIR,
51980,SILICONA UV POLY 206,0.0,UNIDAD,PROD. TINTAS,45,BODEGA PROVEEDOR,
51980,SILICONA UV POLY 206,0.0,UNIDAD,PROD. TINTAS,46,SINCLAIR STOCK,
51980,SILICONA UV POLY 206,0.0,UNIDAD,PROD. TINTAS,48,POSCOSECHA,
51980,SILICONA UV POLY 206,0.0,UNIDAD,PROD. TINTAS,49,BOG. LOGICA ARAUCO,
51980,SILICONA UV POLY 206,0.0,UNIDAD,PROD. TINTAS,50,SERV.TECNICO SAMSON,
51980,SILICONA UV POLY 206,0.0,UNIDAD,PROD. TINTAS,51,PERU STOCK ENVIO,
51980,SILICONA UV POLY 206,0.0,UNIDAD,PROD. TINTAS,52,ST IMPRESORAS Y EQUIPOS,
51980,SILICONA UV POLY 206,0.0,UNIDAD,PROD. TINTAS,53,BODEGA ESQUIM,
51980,SILICONA UV POLY 206,0.0,UNIDAD,PROD. TINTAS,54,GESLOG MALLOA,
52267,SOLVENTE ALCOHOL ETILICO,70.0,LTS,PROD. TINTAS,21,TINTAS,2026-05-08
54083,TINTA UV HEPTAC. YELLOW 80-301119-6,0.0,KILOS,PROD. TINTAS,01,BODEGA COSTEO,
54083,TINTA UV HEPTAC. YELLOW 80-301119-6,0.0,KILOS,PROD. TINTAS,02,MATERIAS PRIMAS E INSUMOS,
54083,TINTA UV HEPTAC. YELLOW 80-301119-6,0.0,KILOS,PROD. TINTAS,03,PRODUCTOS TERMINADOS,
54083,TINTA UV HEPTAC. YELLOW 80-301119-6,0.0,KILOS,PROD. TINTAS,04,PRODUCCION,
54083,TINTA UV HEPTAC. YELLOW 80-301119-6,0.0,KILOS,PROD. TINTAS,05,RECLAMO PROVEEDOR,
54083,TINTA UV HEPTAC. YELLOW 80-301119-6,0.0,KILOS,PROD. TINTAS,06,PRODUCTOS RECHAZADOS,
54083,TINTA UV HEPTAC. YELLOW 80-301119-6,0.0,KILOS,PROD. TINTAS,07,NOTAS DE CREDITO,
54083,TINTA UV HEPTAC. YELLOW 80-301119-6,0.0,KILOS,PROD. TINTAS,08,MPRIMA SOBRE STOCK,
54083,TINTA UV HEPTAC. YELLOW 80-301119-6,0.0,KILOS,PROD. TINTAS,09,BOG.LOGICA APL,
54083,TINTA UV HEPTAC. YELLOW 80-301119-6,0.0,KILOS,PROD. TINTAS,10,DIFERENCIAS DE INV. P.T.,
54083,TINTA UV HEPTAC. YELLOW 80-301119-6,0.0,KILOS,PROD. TINTAS,11,BOG.LOGICA CyT VESPUCIO,
54083,TINTA UV HEPTAC. YELLOW 80-301119-6,0.0,KILOS,PROD. TINTAS,12,BOG.LOGICA CyT ESPEJO,
54083,TINTA UV HEPTAC. YELLOW 80-301119-6,0.0,KILOS,PROD. TINTAS,13,TDP STOCK,
54083,TINTA UV HEPTAC. YELLOW 80-301119-6,0.0,KILOS,PROD. TINTAS,14,SERVICIO TECNICO,
54083,TINTA UV HEPTAC. YELLOW 80-301119-6,0.0,KILOS,PROD. TINTAS,15,TALLER SERV.TECNICO,
54083,TINTA UV HEPTAC. YELLOW 80-301119-6,0.0,KILOS,PROD. TINTAS,16,BOG.LOGICA COCA-COLA,
54083,TINTA UV HEPTAC. YELLOW 80-301119-6,0.0,KILOS,PROD. TINTAS,17,BODEGA CLIENTES,
54083,TINTA UV HEPTAC. YELLOW 80-301119-6,0.0,KILOS,PROD. TINTAS,18,MAURICIO MEDINA,
54083,TINTA UV HEPTAC. YELLOW 80-301119-6,0.0,KILOS,PROD. TINTAS,19,MAURICIO DAVIS,
54083,TINTA UV HEPTAC. YELLOW 80-301119-6,0.0,KILOS,PROD. TINTAS,20,POSCOSECHA MUESTRAS,
54083,TINTA UV HEPTAC. YELLOW 80-301119-6,0.0,KILOS,PROD. TINTAS,21,TINTAS,
54083,TINTA UV HEPTAC. YELLOW 80-301119-6,0.0,KILOS,PROD. TINTAS,22,SIEGWERK,
54083,TINTA UV HEPTAC. YELLOW 80-301119-6,0.0,KILOS,PROD. TINTAS,24,SALDO MATERIAS PRIMAS,
54083,TINTA UV HEPTAC. YELLOW 80-301119-6,0.0,KILOS,PROD. TINTAS,26,OBSOLETOS COMERCIAL,
54083,TINTA UV HEPTAC. YELLOW 80-301119-6,0.0,KILOS,PROD. TINTAS,34,MP MAQUINA WEBER,
54083,TINTA UV HEPTAC. YELLOW 80-301119-6,0.0,KILOS,PROD. TINTAS,35,BODEGA GESLOG INTEGRAL,
54083,TINTA UV HEPTAC. YELLOW 80-301119-6,0.0,KILOS,PROD. TINTAS,36,CONTAINER,
54083,TINTA UV HEPTAC. YELLOW 80-301119-6,0.0,KILOS,PROD. TINTAS,38,RRHH,
54083,TINTA UV HEPTAC. YELLOW 80-301119-6,0.0,KILOS,PROD. TINTAS,40,ST CONCEPCION,
54083,TINTA UV HEPTAC. YELLOW 80-301119-6,0.0,KILOS,PROD. TINTAS,42,BODEGA DURAMET,
54083,TINTA UV HEPTAC. YELLOW 80-301119-6,0.0,KILOS,PROD. TINTAS,44,SERV.TECNICO SINCLAIR,
54083,TINTA UV HEPTAC. YELLOW 80-301119-6,0.0,KILOS,PROD. TINTAS,45,BODEGA PROVEEDOR,
54083,TINTA UV HEPTAC. YELLOW 80-301119-6,0.0,KILOS,PROD. TINTAS,46,SINCLAIR STOCK,
54083,TINTA UV HEPTAC. YELLOW 80-301119-6,0.0,KILOS,PROD. TINTAS,48,POSCOSECHA,
54083,TINTA UV HEPTAC. YELLOW 80-301119-6,0.0,KILOS,PROD. TINTAS,49,BOG. LOGICA ARAUCO,
54083,TINTA UV HEPTAC. YELLOW 80-301119-6,0.0,KILOS,PROD. TINTAS,50,SERV.TECNICO SAMSON,
54083,TINTA UV HEPTAC. YELLOW 80-301119-6,0.0,KILOS,PROD. TINTAS,51,PERU STOCK ENVIO,
54083,TINTA UV HEPTAC. YELLOW 80-301119-6,0.0,KILOS,PROD. TINTAS,52,ST IMPRESORAS Y EQUIPOS,
54083,TINTA UV HEPTAC. YELLOW 80-301119-6,0.0,KILOS,PROD. TINTAS,53,BODEGA ESQUIM,
54083,TINTA UV HEPTAC. YELLOW 80-301119-6,0.0,KILOS,PROD. TINTAS,54,GESLOG MALLOA,
54084,TINTA HEPTAC. GRUN 81-501357-8,0.0,KILOS,PROD. TINTAS,01,BODEGA COSTEO,
54084,TINTA HEPTAC. GRUN 81-501357-8,0.0,KILOS,PROD. TINTAS,02,MATERIAS PRIMAS E INSUMOS,
54084,TINTA HEPTAC. GRUN 81-501357-8,0.0,KILOS,PROD. TINTAS,03,PRODUCTOS TERMINADOS,
54084,TINTA HEPTAC. GRUN 81-501357-8,0.0,KILOS,PROD. TINTAS,04,PRODUCCION,
54084,TINTA HEPTAC. GRUN 81-501357-8,0.0,KILOS,PROD. TINTAS,05,RECLAMO PROVEEDOR,
54084,TINTA HEPTAC. GRUN 81-501357-8,0.0,KILOS,PROD. TINTAS,06,PRODUCTOS RECHAZADOS,
54084,TINTA HEPTAC. GRUN 81-501357-8,0.0,KILOS,PROD. TINTAS,07,NOTAS DE CREDITO,
54084,TINTA HEPTAC. GRUN 81-501357-8,0.0,KILOS,PROD. TINTAS,08,MPRIMA SOBRE STOCK,
54084,TINTA HEPTAC. GRUN 81-501357-8,0.0,KILOS,PROD. TINTAS,09,BOG.LOGICA APL,
54084,TINTA HEPTAC. GRUN 81-501357-8,0.0,KILOS,PROD. TINTAS,10,DIFERENCIAS DE INV. P.T.,
54084,TINTA HEPTAC. GRUN 81-501357-8,0.0,KILOS,PROD. TINTAS,11,BOG.LOGICA CyT VESPUCIO,
54084,TINTA HEPTAC. GRUN 81-501357-8,0.0,KILOS,PROD. TINTAS,12,BOG.LOGICA CyT ESPEJO,
54084,TINTA HEPTAC. GRUN 81-501357-8,0.0,KILOS,PROD. TINTAS,13,TDP STOCK,
54084,TINTA HEPTAC. GRUN 81-501357-8,0.0,KILOS,PROD. TINTAS,14,SERVICIO TECNICO,
54084,TINTA HEPTAC. GRUN 81-501357-8,0.0,KILOS,PROD. TINTAS,15,TALLER SERV.TECNICO,
54084,TINTA HEPTAC. GRUN 81-501357-8,0.0,KILOS,PROD. TINTAS,16,BOG.LOGICA COCA-COLA,
54084,TINTA HEPTAC. GRUN 81-501357-8,0.0,KILOS,PROD. TINTAS,17,BODEGA CLIENTES,
54084,TINTA HEPTAC. GRUN 81-501357-8,0.0,KILOS,PROD. TINTAS,18,MAURICIO MEDINA,
54084,TINTA HEPTAC. GRUN 81-501357-8,0.0,KILOS,PROD. TINTAS,19,MAURICIO DAVIS,
54084,TINTA HEPTAC. GRUN 81-501357-8,0.0,KILOS,PROD. TINTAS,20,POSCOSECHA MUESTRAS,
54084,TINTA HEPTAC. GRUN 81-501357-8,0.0,KILOS,PROD. TINTAS,21,TINTAS,
54084,TINTA HEPTAC. GRUN 81-501357-8,0.0,KILOS,PROD. TINTAS,22,SIEGWERK,
54084,TINTA HEPTAC. GRUN 81-501357-8,0.0,KILOS,PROD. TINTAS,24,SALDO MATERIAS PRIMAS,
54084,TINTA HEPTAC. GRUN 81-501357-8,0.0,KILOS,PROD. TINTAS,26,OBSOLETOS COMERCIAL,
54084,TINTA HEPTAC. GRUN 81-501357-8,0.0,KILOS,PROD. TINTAS,34,MP MAQUINA WEBER,
54084,TINTA HEPTAC. GRUN 81-501357-8,0.0,KILOS,PROD. TINTAS,35,BODEGA GESLOG INTEGRAL,
54084,TINTA HEPTAC. GRUN 81-501357-8,0.0,KILOS,PROD. TINTAS,36,CONTAINER,
54084,TINTA HEPTAC. GRUN 81-501357-8,0.0,KILOS,PROD. TINTAS,38,RRHH,
54084,TINTA HEPTAC. GRUN 81-501357-8,0.0,KILOS,PROD. TINTAS,40,ST CONCEPCION,
54084,TINTA HEPTAC. GRUN 81-501357-8,0.0,KILOS,PROD. TINTAS,42,BODEGA DURAMET,
54084,TINTA HEPTAC. GRUN 81-501357-8,0.0,KILOS,PROD. TINTAS,44,SERV.TECNICO SINCLAIR,
54084,TINTA HEPTAC. GRUN 81-501357-8,0.0,KILOS,PROD. TINTAS,45,BODEGA PROVEEDOR,
54084,TINTA HEPTAC. GRUN 81-501357-8,0.0,KILOS,PROD. TINTAS,46,SINCLAIR STOCK,
54084,TINTA HEPTAC. GRUN 81-501357-8,0.0,KILOS,PROD. TINTAS,48,POSCOSECHA,
54084,TINTA HEPTAC. GRUN 81-501357-8,0.0,KILOS,PROD. TINTAS,49,BOG. LOGICA ARAUCO,
54084,TINTA HEPTAC. GRUN 81-501357-8,0.0,KILOS,PROD. TINTAS,50,SERV.TECNICO SAMSON,
54084,TINTA HEPTAC. GRUN 81-501357-8,0.0,KILOS,PROD. TINTAS,51,PERU STOCK ENVIO,
54084,TINTA HEPTAC. GRUN 81-501357-8,0.0,KILOS,PROD. TINTAS,52,ST IMPRESORAS Y EQUIPOS,
54084,TINTA HEPTAC. GRUN 81-501357-8,0.0,KILOS,PROD. TINTAS,53,BODEGA ESQUIM,
54084,TINTA HEPTAC. GRUN 81-501357-8,0.0,KILOS,PROD. TINTAS,54,GESLOG MALLOA,
54085,TINTA HEPTAC. WHITE 81-000174-3,0.0,KILOS,PROD. TINTAS,01,BODEGA COSTEO,
54085,TINTA HEPTAC. WHITE 81-000174-3,0.0,KILOS,PROD. TINTAS,02,MATERIAS PRIMAS E INSUMOS,
54085,TINTA HEPTAC. WHITE 81-000174-3,0.0,KILOS,PROD. TINTAS,03,PRODUCTOS TERMINADOS,
54085,TINTA HEPTAC. WHITE 81-000174-3,0.0,KILOS,PROD. TINTAS,04,PRODUCCION,
54085,TINTA HEPTAC. WHITE 81-000174-3,0.0,KILOS,PROD. TINTAS,05,RECLAMO PROVEEDOR,
54085,TINTA HEPTAC. WHITE 81-000174-3,0.0,KILOS,PROD. TINTAS,06,PRODUCTOS RECHAZADOS,
54085,TINTA HEPTAC. WHITE 81-000174-3,0.0,KILOS,PROD. TINTAS,07,NOTAS DE CREDITO,
54085,TINTA HEPTAC. WHITE 81-000174-3,0.0,KILOS,PROD. TINTAS,08,MPRIMA SOBRE STOCK,
54085,TINTA HEPTAC. WHITE 81-000174-3,0.0,KILOS,PROD. TINTAS,09,BOG.LOGICA APL,
54085,TINTA HEPTAC. WHITE 81-000174-3,0.0,KILOS,PROD. TINTAS,10,DIFERENCIAS DE INV. P.T.,
54085,TINTA HEPTAC. WHITE 81-000174-3,0.0,KILOS,PROD. TINTAS,11,BOG.LOGICA CyT VESPUCIO,
54085,TINTA HEPTAC. WHITE 81-000174-3,0.0,KILOS,PROD. TINTAS,12,BOG.LOGICA CyT ESPEJO,
54085,TINTA HEPTAC. WHITE 81-000174-3,0.0,KILOS,PROD. TINTAS,13,TDP STOCK,
54085,TINTA HEPTAC. WHITE 81-000174-3,0.0,KILOS,PROD. TINTAS,14,SERVICIO TECNICO,
54085,TINTA HEPTAC. WHITE 81-000174-3,0.0,KILOS,PROD. TINTAS,15,TALLER SERV.TECNICO,
54085,TINTA HEPTAC. WHITE 81-000174-3,0.0,KILOS,PROD. TINTAS,16,BOG.LOGICA COCA-COLA,
54085,TINTA HEPTAC. WHITE 81-000174-3,0.0,KILOS,PROD. TINTAS,17,BODEGA CLIENTES,
54085,TINTA HEPTAC. WHITE 81-000174-3,0.0,KILOS,PROD. TINTAS,18,MAURICIO MEDINA,
54085,TINTA HEPTAC. WHITE 81-000174-3,0.0,KILOS,PROD. TINTAS,19,MAURICIO DAVIS,
54085,TINTA HEPTAC. WHITE 81-000174-3,0.0,KILOS,PROD. TINTAS,20,POSCOSECHA MUESTRAS,
54085,TINTA HEPTAC. WHITE 81-000174-3,0.0,KILOS,PROD. TINTAS,21,TINTAS,
54085,TINTA HEPTAC. WHITE 81-000174-3,0.0,KILOS,PROD. TINTAS,22,SIEGWERK,
54085,TINTA HEPTAC. WHITE 81-000174-3,0.0,KILOS,PROD. TINTAS,24,SALDO MATERIAS PRIMAS,
54085,TINTA HEPTAC. WHITE 81-000174-3,0.0,KILOS,PROD. TINTAS,26,OBSOLETOS COMERCIAL,
54085,TINTA HEPTAC. WHITE 81-000174-3,0.0,KILOS,PROD. TINTAS,34,MP MAQUINA WEBER,
54085,TINTA HEPTAC. WHITE 81-000174-3,0.0,KILOS,PROD. TINTAS,35,BODEGA GESLOG INTEGRAL,
54085,TINTA HEPTAC. WHITE 81-000174-3,0.0,KILOS,PROD. TINTAS,36,CONTAINER,
54085,TINTA HEPTAC. WHITE 81-000174-3,0.0,KILOS,PROD. TINTAS,38,RRHH,
54085,TINTA HEPTAC. WHITE 81-000174-3,0.0,KILOS,PROD. TINTAS,40,ST CONCEPCION,
54085,TINTA HEPTAC. WHITE 81-000174-3,0.0,KILOS,PROD. TINTAS,42,BODEGA DURAMET,
54085,TINTA HEPTAC. WHITE 81-000174-3,0.0,KILOS,PROD. TINTAS,44,SERV.TECNICO SINCLAIR,
54085,TINTA HEPTAC. WHITE 81-000174-3,0.0,KILOS,PROD. TINTAS,45,BODEGA PROVEEDOR,
54085,TINTA HEPTAC. WHITE 81-000174-3,0.0,KILOS,PROD. TINTAS,46,SINCLAIR STOCK,
54085,TINTA HEPTAC. WHITE 81-000174-3,0.0,KILOS,PROD. TINTAS,48,POSCOSECHA,
54085,TINTA HEPTAC. WHITE 81-000174-3,0.0,KILOS,PROD. TINTAS,49,BOG. LOGICA ARAUCO,
54085,TINTA HEPTAC. WHITE 81-000174-3,0.0,KILOS,PROD. TINTAS,50,SERV.TECNICO SAMSON,
54085,TINTA HEPTAC. WHITE 81-000174-3,0.0,KILOS,PROD. TINTAS,51,PERU STOCK ENVIO,
54085,TINTA HEPTAC. WHITE 81-000174-3,0.0,KILOS,PROD. TINTAS,52,ST IMPRESORAS Y EQUIPOS,
54085,TINTA HEPTAC. WHITE 81-000174-3,0.0,KILOS,PROD. TINTAS,53,BODEGA ESQUIM,
54085,TINTA HEPTAC. WHITE 81-000174-3,0.0,KILOS,PROD. TINTAS,54,GESLOG MALLOA,
54086,TINTA HEPTAC. CYAN 80-121129-3,0.0,KILOS,PROD. TINTAS,01,BODEGA COSTEO,
54086,TINTA HEPTAC. CYAN 80-121129-3,0.0,KILOS,PROD. TINTAS,02,MATERIAS PRIMAS E INSUMOS,
54086,TINTA HEPTAC. CYAN 80-121129-3,0.0,KILOS,PROD. TINTAS,03,PRODUCTOS TERMINADOS,
54086,TINTA HEPTAC. CYAN 80-121129-3,0.0,KILOS,PROD. TINTAS,04,PRODUCCION,
54086,TINTA HEPTAC. CYAN 80-121129-3,0.0,KILOS,PROD. TINTAS,05,RECLAMO PROVEEDOR,
54086,TINTA HEPTAC. CYAN 80-121129-3,0.0,KILOS,PROD. TINTAS,06,PRODUCTOS RECHAZADOS,
54086,TINTA HEPTAC. CYAN 80-121129-3,0.0,KILOS,PROD. TINTAS,07,NOTAS DE CREDITO,
54086,TINTA HEPTAC. CYAN 80-121129-3,0.0,KILOS,PROD. TINTAS,08,MPRIMA SOBRE STOCK,
54086,TINTA HEPTAC. CYAN 80-121129-3,0.0,KILOS,PROD. TINTAS,09,BOG.LOGICA APL,
54086,TINTA HEPTAC. CYAN 80-121129-3,0.0,KILOS,PROD. TINTAS,10,DIFERENCIAS DE INV. P.T.,
54086,TINTA HEPTAC. CYAN 80-121129-3,0.0,KILOS,PROD. TINTAS,11,BOG.LOGICA CyT VESPUCIO,
54086,TINTA HEPTAC. CYAN 80-121129-3,0.0,KILOS,PROD. TINTAS,12,BOG.LOGICA CyT ESPEJO,
54086,TINTA HEPTAC. CYAN 80-121129-3,0.0,KILOS,PROD. TINTAS,13,TDP STOCK,
54086,TINTA HEPTAC. CYAN 80-121129-3,0.0,KILOS,PROD. TINTAS,14,SERVICIO TECNICO,
54086,TINTA HEPTAC. CYAN 80-121129-3,0.0,KILOS,PROD. TINTAS,15,TALLER SERV.TECNICO,
54086,TINTA HEPTAC. CYAN 80-121129-3,0.0,KILOS,PROD. TINTAS,16,BOG.LOGICA COCA-COLA,
54086,TINTA HEPTAC. CYAN 80-121129-3,0.0,KILOS,PROD. TINTAS,17,BODEGA CLIENTES,
54086,TINTA HEPTAC. CYAN 80-121129-3,0.0,KILOS,PROD. TINTAS,18,MAURICIO MEDINA,
54086,TINTA HEPTAC. CYAN 80-121129-3,0.0,KILOS,PROD. TINTAS,19,MAURICIO DAVIS,
54086,TINTA HEPTAC. CYAN 80-121129-3,0.0,KILOS,PROD. TINTAS,20,POSCOSECHA MUESTRAS,
54086,TINTA HEPTAC. CYAN 80-121129-3,0.0,KILOS,PROD. TINTAS,21,TINTAS,
54086,TINTA HEPTAC. CYAN 80-121129-3,0.0,KILOS,PROD. TINTAS,22,SIEGWERK,
54086,TINTA HEPTAC. CYAN 80-121129-3,0.0,KILOS,PROD. TINTAS,24,SALDO MATERIAS PRIMAS,
54086,TINTA HEPTAC. CYAN 80-121129-3,0.0,KILOS,PROD. TINTAS,26,OBSOLETOS COMERCIAL,
54086,TINTA HEPTAC. CYAN 80-121129-3,0.0,KILOS,PROD. TINTAS,34,MP MAQUINA WEBER,
54086,TINTA HEPTAC. CYAN 80-121129-3,0.0,KILOS,PROD. TINTAS,35,BODEGA GESLOG INTEGRAL,
54086,TINTA HEPTAC. CYAN 80-121129-3,0.0,KILOS,PROD. TINTAS,36,CONTAINER,
54086,TINTA HEPTAC. CYAN 80-121129-3,0.0,KILOS,PROD. TINTAS,38,RRHH,
54086,TINTA HEPTAC. CYAN 80-121129-3,0.0,KILOS,PROD. TINTAS,40,ST CONCEPCION,
54086,TINTA HEPTAC. CYAN 80-121129-3,0.0,KILOS,PROD. TINTAS,42,BODEGA DURAMET,
54086,TINTA HEPTAC. CYAN 80-121129-3,0.0,KILOS,PROD. TINTAS,44,SERV.TECNICO SINCLAIR,
54086,TINTA HEPTAC. CYAN 80-121129-3,0.0,KILOS,PROD. TINTAS,45,BODEGA PROVEEDOR,
54086,TINTA HEPTAC. CYAN 80-121129-3,0.0,KILOS,PROD. TINTAS,46,SINCLAIR STOCK,
54086,TINTA HEPTAC. CYAN 80-121129-3,0.0,KILOS,PROD. TINTAS,48,POSCOSECHA,
54086,TINTA HEPTAC. CYAN 80-121129-3,0.0,KILOS,PROD. TINTAS,49,BOG. LOGICA ARAUCO,
54086,TINTA HEPTAC. CYAN 80-121129-3,0.0,KILOS,PROD. TINTAS,50,SERV.TECNICO SAMSON,
54086,TINTA HEPTAC. CYAN 80-121129-3,0.0,KILOS,PROD. TINTAS,51,PERU STOCK ENVIO,
54086,TINTA HEPTAC. CYAN 80-121129-3,0.0,KILOS,PROD. TINTAS,52,ST IMPRESORAS Y EQUIPOS,
54086,TINTA HEPTAC. CYAN 80-121129-3,0.0,KILOS,PROD. TINTAS,53,BODEGA ESQUIM,
54086,TINTA HEPTAC. CYAN 80-121129-3,0.0,KILOS,PROD. TINTAS,54,GESLOG MALLOA,
54087,TINTA UV HEPTAC. BLACK 80-900907-9,0.0,KILOS,PROD. TINTAS,01,BODEGA COSTEO,
54087,TINTA UV HEPTAC. BLACK 80-900907-9,0.0,KILOS,PROD. TINTAS,02,MATERIAS PRIMAS E INSUMOS,
54087,TINTA UV HEPTAC. BLACK 80-900907-9,0.0,KILOS,PROD. TINTAS,03,PRODUCTOS TERMINADOS,
54087,TINTA UV HEPTAC. BLACK 80-900907-9,0.0,KILOS,PROD. TINTAS,04,PRODUCCION,
54087,TINTA UV HEPTAC. BLACK 80-900907-9,0.0,KILOS,PROD. TINTAS,05,RECLAMO PROVEEDOR,
54087,TINTA UV HEPTAC. BLACK 80-900907-9,0.0,KILOS,PROD. TINTAS,06,PRODUCTOS RECHAZADOS,
54087,TINTA UV HEPTAC. BLACK 80-900907-9,0.0,KILOS,PROD. TINTAS,07,NOTAS DE CREDITO,
54087,TINTA UV HEPTAC. BLACK 80-900907-9,0.0,KILOS,PROD. TINTAS,08,MPRIMA SOBRE STOCK,
54087,TINTA UV HEPTAC. BLACK 80-900907-9,0.0,KILOS,PROD. TINTAS,09,BOG.LOGICA APL,
54087,TINTA UV HEPTAC. BLACK 80-900907-9,0.0,KILOS,PROD. TINTAS,10,DIFERENCIAS DE INV. P.T.,
54087,TINTA UV HEPTAC. BLACK 80-900907-9,0.0,KILOS,PROD. TINTAS,11,BOG.LOGICA CyT VESPUCIO,
54087,TINTA UV HEPTAC. BLACK 80-900907-9,0.0,KILOS,PROD. TINTAS,12,BOG.LOGICA CyT ESPEJO,
54087,TINTA UV HEPTAC. BLACK 80-900907-9,0.0,KILOS,PROD. TINTAS,13,TDP STOCK,
54087,TINTA UV HEPTAC. BLACK 80-900907-9,0.0,KILOS,PROD. TINTAS,14,SERVICIO TECNICO,
54087,TINTA UV HEPTAC. BLACK 80-900907-9,0.0,KILOS,PROD. TINTAS,15,TALLER SERV.TECNICO,
54087,TINTA UV HEPTAC. BLACK 80-900907-9,0.0,KILOS,PROD. TINTAS,16,BOG.LOGICA COCA-COLA,
54087,TINTA UV HEPTAC. BLACK 80-900907-9,0.0,KILOS,PROD. TINTAS,17,BODEGA CLIENTES,
54087,TINTA UV HEPTAC. BLACK 80-900907-9,0.0,KILOS,PROD. TINTAS,18,MAURICIO MEDINA,
54087,TINTA UV HEPTAC. BLACK 80-900907-9,0.0,KILOS,PROD. TINTAS,19,MAURICIO DAVIS,
54087,TINTA UV HEPTAC. BLACK 80-900907-9,0.0,KILOS,PROD. TINTAS,20,POSCOSECHA MUESTRAS,
54087,TINTA UV HEPTAC. BLACK 80-900907-9,0.0,KILOS,PROD. TINTAS,21,TINTAS,
54087,TINTA UV HEPTAC. BLACK 80-900907-9,0.0,KILOS,PROD. TINTAS,22,SIEGWERK,
54087,TINTA UV HEPTAC. BLACK 80-900907-9,0.0,KILOS,PROD. TINTAS,24,SALDO MATERIAS PRIMAS,
54087,TINTA UV HEPTAC. BLACK 80-900907-9,0.0,KILOS,PROD. TINTAS,26,OBSOLETOS COMERCIAL,
54087,TINTA UV HEPTAC. BLACK 80-900907-9,0.0,KILOS,PROD. TINTAS,34,MP MAQUINA WEBER,
54087,TINTA UV HEPTAC. BLACK 80-900907-9,0.0,KILOS,PROD. TINTAS,35,BODEGA GESLOG INTEGRAL,
54087,TINTA UV HEPTAC. BLACK 80-900907-9,0.0,KILOS,PROD. TINTAS,36,CONTAINER,
54087,TINTA UV HEPTAC. BLACK 80-900907-9,0.0,KILOS,PROD. TINTAS,38,RRHH,
54087,TINTA UV HEPTAC. BLACK 80-900907-9,0.0,KILOS,PROD. TINTAS,40,ST CONCEPCION,
54087,TINTA UV HEPTAC. BLACK 80-900907-9,0.0,KILOS,PROD. TINTAS,42,BODEGA DURAMET,
54087,TINTA UV HEPTAC. BLACK 80-900907-9,0.0,KILOS,PROD. TINTAS,44,SERV.TECNICO SINCLAIR,
54087,TINTA UV HEPTAC. BLACK 80-900907-9,0.0,KILOS,PROD. TINTAS,45,BODEGA PROVEEDOR,
54087,TINTA UV HEPTAC. BLACK 80-900907-9,0.0,KILOS,PROD. TINTAS,46,SINCLAIR STOCK,
54087,TINTA UV HEPTAC. BLACK 80-900907-9,0.0,KILOS,PROD. TINTAS,48,POSCOSECHA,
54087,TINTA UV HEPTAC. BLACK 80-900907-9,0.0,KILOS,PROD. TINTAS,49,BOG. LOGICA ARAUCO,
54087,TINTA UV HEPTAC. BLACK 80-900907-9,0.0,KILOS,PROD. TINTAS,50,SERV.TECNICO SAMSON,
54087,TINTA UV HEPTAC. BLACK 80-900907-9,0.0,KILOS,PROD. TINTAS,51,PERU STOCK ENVIO,
54087,TINTA UV HEPTAC. BLACK 80-900907-9,0.0,KILOS,PROD. TINTAS,52,ST IMPRESORAS Y EQUIPOS,
54087,TINTA UV HEPTAC. BLACK 80-900907-9,0.0,KILOS,PROD. TINTAS,53,BODEGA ESQUIM,
54087,TINTA UV HEPTAC. BLACK 80-900907-9,0.0,KILOS,PROD. TINTAS,54,GESLOG MALLOA,
54089,TINTA HEPTAC. ORANGE 81-700671-1,0.0,KILOS,PROD. TINTAS,01,BODEGA COSTEO,
54089,TINTA HEPTAC. ORANGE 81-700671-1,0.0,KILOS,PROD. TINTAS,02,MATERIAS PRIMAS E INSUMOS,
54089,TINTA HEPTAC. ORANGE 81-700671-1,0.0,KILOS,PROD. TINTAS,03,PRODUCTOS TERMINADOS,
54089,TINTA HEPTAC. ORANGE 81-700671-1,0.0,KILOS,PROD. TINTAS,04,PRODUCCION,
54089,TINTA HEPTAC. ORANGE 81-700671-1,0.0,KILOS,PROD. TINTAS,05,RECLAMO PROVEEDOR,
54089,TINTA HEPTAC. ORANGE 81-700671-1,0.0,KILOS,PROD. TINTAS,06,PRODUCTOS RECHAZADOS,
54089,TINTA HEPTAC. ORANGE 81-700671-1,0.0,KILOS,PROD. TINTAS,07,NOTAS DE CREDITO,
54089,TINTA HEPTAC. ORANGE 81-700671-1,0.0,KILOS,PROD. TINTAS,08,MPRIMA SOBRE STOCK,
54089,TINTA HEPTAC. ORANGE 81-700671-1,0.0,KILOS,PROD. TINTAS,09,BOG.LOGICA APL,
54089,TINTA HEPTAC. ORANGE 81-700671-1,0.0,KILOS,PROD. TINTAS,10,DIFERENCIAS DE INV. P.T.,
54089,TINTA HEPTAC. ORANGE 81-700671-1,0.0,KILOS,PROD. TINTAS,11,BOG.LOGICA CyT VESPUCIO,
54089,TINTA HEPTAC. ORANGE 81-700671-1,0.0,KILOS,PROD. TINTAS,12,BOG.LOGICA CyT ESPEJO,
54089,TINTA HEPTAC. ORANGE 81-700671-1,0.0,KILOS,PROD. TINTAS,13,TDP STOCK,
54089,TINTA HEPTAC. ORANGE 81-700671-1,0.0,KILOS,PROD. TINTAS,14,SERVICIO TECNICO,
54089,TINTA HEPTAC. ORANGE 81-700671-1,0.0,KILOS,PROD. TINTAS,15,TALLER SERV.TECNICO,
54089,TINTA HEPTAC. ORANGE 81-700671-1,0.0,KILOS,PROD. TINTAS,16,BOG.LOGICA COCA-COLA,
54089,TINTA HEPTAC. ORANGE 81-700671-1,0.0,KILOS,PROD. TINTAS,17,BODEGA CLIENTES,
54089,TINTA HEPTAC. ORANGE 81-700671-1,0.0,KILOS,PROD. TINTAS,18,MAURICIO MEDINA,
54089,TINTA HEPTAC. ORANGE 81-700671-1,0.0,KILOS,PROD. TINTAS,19,MAURICIO DAVIS,
54089,TINTA HEPTAC. ORANGE 81-700671-1,0.0,KILOS,PROD. TINTAS,20,POSCOSECHA MUESTRAS,
54089,TINTA HEPTAC. ORANGE 81-700671-1,0.0,KILOS,PROD. TINTAS,21,TINTAS,
54089,TINTA HEPTAC. ORANGE 81-700671-1,0.0,KILOS,PROD. TINTAS,22,SIEGWERK,
54089,TINTA HEPTAC. ORANGE 81-700671-1,0.0,KILOS,PROD. TINTAS,24,SALDO MATERIAS PRIMAS,
54089,TINTA HEPTAC. ORANGE 81-700671-1,0.0,KILOS,PROD. TINTAS,26,OBSOLETOS COMERCIAL,
54089,TINTA HEPTAC. ORANGE 81-700671-1,0.0,KILOS,PROD. TINTAS,34,MP MAQUINA WEBER,
54089,TINTA HEPTAC. ORANGE 81-700671-1,0.0,KILOS,PROD. TINTAS,35,BODEGA GESLOG INTEGRAL,
54089,TINTA HEPTAC. ORANGE 81-700671-1,0.0,KILOS,PROD. TINTAS,36,CONTAINER,
54089,TINTA HEPTAC. ORANGE 81-700671-1,0.0,KILOS,PROD. TINTAS,38,RRHH,
54089,TINTA HEPTAC. ORANGE 81-700671-1,0.0,KILOS,PROD. TINTAS,40,ST CONCEPCION,
54089,TINTA HEPTAC. ORANGE 81-700671-1,0.0,KILOS,PROD. TINTAS,42,BODEGA DURAMET,
54089,TINTA HEPTAC. ORANGE 81-700671-1,0.0,KILOS,PROD. TINTAS,44,SERV.TECNICO SINCLAIR,
54089,TINTA HEPTAC. ORANGE 81-700671-1,0.0,KILOS,PROD. TINTAS,45,BODEGA PROVEEDOR,
54089,TINTA HEPTAC. ORANGE 81-700671-1,0.0,KILOS,PROD. TINTAS,46,SINCLAIR STOCK,
54089,TINTA HEPTAC. ORANGE 81-700671-1,0.0,KILOS,PROD. TINTAS,48,POSCOSECHA,
54089,TINTA HEPTAC. ORANGE 81-700671-1,0.0,KILOS,PROD. TINTAS,49,BOG. LOGICA ARAUCO,
54089,TINTA HEPTAC. ORANGE 81-700671-1,0.0,KILOS,PROD. TINTAS,50,SERV.TECNICO SAMSON,
54089,TINTA HEPTAC. ORANGE 81-700671-1,0.0,KILOS,PROD. TINTAS,51,PERU STOCK ENVIO,
54089,TINTA HEPTAC. ORANGE 81-700671-1,0.0,KILOS,PROD. TINTAS,52,ST IMPRESORAS Y EQUIPOS,
54089,TINTA HEPTAC. ORANGE 81-700671-1,0.0,KILOS,PROD. TINTAS,53,BODEGA ESQUIM,
54089,TINTA HEPTAC. ORANGE 81-700671-1,0.0,KILOS,PROD. TINTAS,54,GESLOG MALLOA,
54090,TINTA HEPTAC. VIOLET 81-100584-2,0.0,KILOS,PROD. TINTAS,01,BODEGA COSTEO,
54090,TINTA HEPTAC. VIOLET 81-100584-2,0.0,KILOS,PROD. TINTAS,02,MATERIAS PRIMAS E INSUMOS,
54090,TINTA HEPTAC. VIOLET 81-100584-2,0.0,KILOS,PROD. TINTAS,03,PRODUCTOS TERMINADOS,
54090,TINTA HEPTAC. VIOLET 81-100584-2,0.0,KILOS,PROD. TINTAS,04,PRODUCCION,
54090,TINTA HEPTAC. VIOLET 81-100584-2,0.0,KILOS,PROD. TINTAS,05,RECLAMO PROVEEDOR,
54090,TINTA HEPTAC. VIOLET 81-100584-2,0.0,KILOS,PROD. TINTAS,06,PRODUCTOS RECHAZADOS,
54090,TINTA HEPTAC. VIOLET 81-100584-2,0.0,KILOS,PROD. TINTAS,07,NOTAS DE CREDITO,
54090,TINTA HEPTAC. VIOLET 81-100584-2,0.0,KILOS,PROD. TINTAS,08,MPRIMA SOBRE STOCK,
54090,TINTA HEPTAC. VIOLET 81-100584-2,0.0,KILOS,PROD. TINTAS,09,BOG.LOGICA APL,
54090,TINTA HEPTAC. VIOLET 81-100584-2,0.0,KILOS,PROD. TINTAS,10,DIFERENCIAS DE INV. P.T.,
54090,TINTA HEPTAC. VIOLET 81-100584-2,0.0,KILOS,PROD. TINTAS,11,BOG.LOGICA CyT VESPUCIO,
54090,TINTA HEPTAC. VIOLET 81-100584-2,0.0,KILOS,PROD. TINTAS,12,BOG.LOGICA CyT ESPEJO,
54090,TINTA HEPTAC. VIOLET 81-100584-2,0.0,KILOS,PROD. TINTAS,13,TDP STOCK,
54090,TINTA HEPTAC. VIOLET 81-100584-2,0.0,KILOS,PROD. TINTAS,14,SERVICIO TECNICO,
54090,TINTA HEPTAC. VIOLET 81-100584-2,0.0,KILOS,PROD. TINTAS,15,TALLER SERV.TECNICO,
54090,TINTA HEPTAC. VIOLET 81-100584-2,0.0,KILOS,PROD. TINTAS,16,BOG.LOGICA COCA-COLA,
54090,TINTA HEPTAC. VIOLET 81-100584-2,0.0,KILOS,PROD. TINTAS,17,BODEGA CLIENTES,
54090,TINTA HEPTAC. VIOLET 81-100584-2,0.0,KILOS,PROD. TINTAS,18,MAURICIO MEDINA,
54090,TINTA HEPTAC. VIOLET 81-100584-2,0.0,KILOS,PROD. TINTAS,19,MAURICIO DAVIS,
54090,TINTA HEPTAC. VIOLET 81-100584-2,0.0,KILOS,PROD. TINTAS,20,POSCOSECHA MUESTRAS,
54090,TINTA HEPTAC. VIOLET 81-100584-2,0.0,KILOS,PROD. TINTAS,21,TINTAS,
54090,TINTA HEPTAC. VIOLET 81-100584-2,0.0,KILOS,PROD. TINTAS,22,SIEGWERK,
54090,TINTA HEPTAC. VIOLET 81-100584-2,0.0,KILOS,PROD. TINTAS,24,SALDO MATERIAS PRIMAS,
54090,TINTA HEPTAC. VIOLET 81-100584-2,0.0,KILOS,PROD. TINTAS,26,OBSOLETOS COMERCIAL,
54090,TINTA HEPTAC. VIOLET 81-100584-2,0.0,KILOS,PROD. TINTAS,34,MP MAQUINA WEBER,
54090,TINTA HEPTAC. VIOLET 81-100584-2,0.0,KILOS,PROD. TINTAS,35,BODEGA GESLOG INTEGRAL,
54090,TINTA HEPTAC. VIOLET 81-100584-2,0.0,KILOS,PROD. TINTAS,36,CONTAINER,
54090,TINTA HEPTAC. VIOLET 81-100584-2,0.0,KILOS,PROD. TINTAS,38,RRHH,
54090,TINTA HEPTAC. VIOLET 81-100584-2,0.0,KILOS,PROD. TINTAS,40,ST CONCEPCION,
54090,TINTA HEPTAC. VIOLET 81-100584-2,0.0,KILOS,PROD. TINTAS,42,BODEGA DURAMET,
54090,TINTA HEPTAC. VIOLET 81-100584-2,0.0,KILOS,PROD. TINTAS,44,SERV.TECNICO SINCLAIR,
54090,TINTA HEPTAC. VIOLET 81-100584-2,0.0,KILOS,PROD. TINTAS,45,BODEGA PROVEEDOR,
54090,TINTA HEPTAC. VIOLET 81-100584-2,0.0,KILOS,PROD. TINTAS,46,SINCLAIR STOCK,
54090,TINTA HEPTAC. VIOLET 81-100584-2,0.0,KILOS,PROD. TINTAS,48,POSCOSECHA,
54090,TINTA HEPTAC. VIOLET 81-100584-2,0.0,KILOS,PROD. TINTAS,49,BOG. LOGICA ARAUCO,
54090,TINTA HEPTAC. VIOLET 81-100584-2,0.0,KILOS,PROD. TINTAS,50,SERV.TECNICO SAMSON,
54090,TINTA HEPTAC. VIOLET 81-100584-2,0.0,KILOS,PROD. TINTAS,51,PERU STOCK ENVIO,
54090,TINTA HEPTAC. VIOLET 81-100584-2,0.0,KILOS,PROD. TINTAS,52,ST IMPRESORAS Y EQUIPOS,
54090,TINTA HEPTAC. VIOLET 81-100584-2,0.0,KILOS,PROD. TINTAS,53,BODEGA ESQUIM,
54090,TINTA HEPTAC. VIOLET 81-100584-2,0.0,KILOS,PROD. TINTAS,54,GESLOG MALLOA,
54254,TINTA SOLVENTE AZUL REFLEJO 177556,20.0,KILOS,PROD. TINTAS,21,TINTAS,2026-07-08
54255,TINTA SOLVENTE AMARILLO TRICROMIA 177008,20.0,KILOS,PROD. TINTAS,21,TINTAS,2026-08-18
54256,TINTA SOLVENTE AZUL TRICROMIA 177007,18.0,KILOS,PROD. TINTAS,21,TINTAS,2026-08-18
54257,TINTA SOLVENTE NEGRO TRICROMIA 177418,15.0,KILOS,PROD. TINTAS,21,TINTAS,2026-07-23
54258,TINTA SOLVENTE ROJO TRICROMIA 177010,18.0,KILOS,PROD. TINTAS,21,TINTAS,2026-08-18
54260,BARNIZ REDUCTOR SOLVENTE 171615,30.0,KILOS,PROD. TINTAS,21,TINTAS,2026-08-18
54601,TINTA SOLVENTE VIOLETA 175578,16.0,KILOS,PROD. TINTAS,21,TINTAS,2026-07-23
55581,TINTA SOLVENTE ROJO 485 177617,18.0,KILOS,PROD. TINTAS,21,TINTAS,2026-05-07
55582,TINTA SOLVENTE RODAMINA 177636,13.0,KILOS,PROD. TINTAS,21,TINTAS,2026-02-28
55652,BARNIZ ACUOSO 172867 HUB,35.0,KILOS,PROD. TINTAS,21,TINTAS,2026-08-18
55690,TINTA SOLVENTE WARN RED GF 177733,18.0,KILOS,PROD. TINTAS,21,TINTAS,2026-08-18
55801,TINTA SOLVENTE AZUL 300 177782,10.0,KILOS,PROD. TINTAS,21,TINTAS,2026-02-28
55868,TINTA AL AGUA NEGRO 177724,25.0,KILOS,PROD. TINTAS,21,TINTAS,2026-02-28
55947,TINTA AL AGUA AMARILLO 177721,36.0,KILOS,PROD. TINTAS,21,TINTAS,2026-07-08
56078,TINTA UV BLANCO TRANSPARENTE 4000 UV (EXTENDER),0.0,KILOS,PROD. TINTAS,01,BODEGA COSTEO,
56078,TINTA UV BLANCO TRANSPARENTE 4000 UV (EXTENDER),0.0,KILOS,PROD. TINTAS,02,MATERIAS PRIMAS E INSUMOS,
56078,TINTA UV BLANCO TRANSPARENTE 4000 UV (EXTENDER),0.0,KILOS,PROD. TINTAS,03,PRODUCTOS TERMINADOS,
56078,TINTA UV BLANCO TRANSPARENTE 4000 UV (EXTENDER),0.0,KILOS,PROD. TINTAS,04,PRODUCCION,
56078,TINTA UV BLANCO TRANSPARENTE 4000 UV (EXTENDER),0.0,KILOS,PROD. TINTAS,05,RECLAMO PROVEEDOR,
56078,TINTA UV BLANCO TRANSPARENTE 4000 UV (EXTENDER),0.0,KILOS,PROD. TINTAS,06,PRODUCTOS RECHAZADOS,
56078,TINTA UV BLANCO TRANSPARENTE 4000 UV (EXTENDER),0.0,KILOS,PROD. TINTAS,07,NOTAS DE CREDITO,
56078,TINTA UV BLANCO TRANSPARENTE 4000 UV (EXTENDER),0.0,KILOS,PROD. TINTAS,08,MPRIMA SOBRE STOCK,
56078,TINTA UV BLANCO TRANSPARENTE 4000 UV (EXTENDER),0.0,KILOS,PROD. TINTAS,09,BOG.LOGICA APL,
56078,TINTA UV BLANCO TRANSPARENTE 4000 UV (EXTENDER),0.0,KILOS,PROD. TINTAS,10,DIFERENCIAS DE INV. P.T.,
56078,TINTA UV BLANCO TRANSPARENTE 4000 UV (EXTENDER),0.0,KILOS,PROD. TINTAS,11,BOG.LOGICA CyT VESPUCIO,
56078,TINTA UV BLANCO TRANSPARENTE 4000 UV (EXTENDER),0.0,KILOS,PROD. TINTAS,12,BOG.LOGICA CyT ESPEJO,
56078,TINTA UV BLANCO TRANSPARENTE 4000 UV (EXTENDER),0.0,KILOS,PROD. TINTAS,13,TDP STOCK,
56078,TINTA UV BLANCO TRANSPARENTE 4000 UV (EXTENDER),0.0,KILOS,PROD. TINTAS,14,SERVICIO TECNICO,
56078,TINTA UV BLANCO TRANSPARENTE 4000 UV (EXTENDER),0.0,KILOS,PROD. TINTAS,15,TALLER SERV.TECNICO,
56078,TINTA UV BLANCO TRANSPARENTE 4000 UV (EXTENDER),0.0,KILOS,PROD. TINTAS,16,BOG.LOGICA COCA-COLA,
56078,TINTA UV BLANCO TRANSPARENTE 4000 UV (EXTENDER),0.0,KILOS,PROD. TINTAS,17,BODEGA CLIENTES,
56078,TINTA UV BLANCO TRANSPARENTE 4000 UV (EXTENDER),0.0,KILOS,PROD. TINTAS,18,MAURICIO MEDINA,
56078,TINTA UV BLANCO TRANSPARENTE 4000 UV (EXTENDER),0.0,KILOS,PROD. TINTAS,19,MAURICIO DAVIS,
56078,TINTA UV BLANCO TRANSPARENTE 4000 UV (EXTENDER),0.0,KILOS,PROD. TINTAS,20,POSCOSECHA MUESTRAS,
56078,TINTA UV BLANCO TRANSPARENTE 4000 UV (EXTENDER),0.0,KILOS,PROD. TINTAS,21,TINTAS,
56078,TINTA UV BLANCO TRANSPARENTE 4000 UV (EXTENDER),0.0,KILOS,PROD. TINTAS,22,SIEGWERK,
56078,TINTA UV BLANCO TRANSPARENTE 4000 UV (EXTENDER),0.0,KILOS,PROD. TINTAS,24,SALDO MATERIAS PRIMAS,
56078,TINTA UV BLANCO TRANSPARENTE 4000 UV (EXTENDER),0.0,KILOS,PROD. TINTAS,26,OBSOLETOS COMERCIAL,
56078,TINTA UV BLANCO TRANSPARENTE 4000 UV (EXTENDER),0.0,KILOS,PROD. TINTAS,34,MP MAQUINA WEBER,
56078,TINTA UV BLANCO TRANSPARENTE 4000 UV (EXTENDER),0.0,KILOS,PROD. TINTAS,35,BODEGA GESLOG INTEGRAL,
56078,TINTA UV BLANCO TRANSPARENTE 4000 UV (EXTENDER),0.0,KILOS,PROD. TINTAS,36,CONTAINER,
56078,TINTA UV BLANCO TRANSPARENTE 4000 UV (EXTENDER),0.0,KILOS,PROD. TINTAS,38,RRHH,
56078,TINTA UV BLANCO TRANSPARENTE 4000 UV (EXTENDER),0.0,KILOS,PROD. TINTAS,40,ST CONCEPCION,
56078,TINTA UV BLANCO TRANSPARENTE 4000 UV (EXTENDER),0.0,KILOS,PROD. TINTAS,42,BODEGA DURAMET,
56078,TINTA UV BLANCO TRANSPARENTE 4000 UV (EXTENDER),0.0,KILOS,PROD. TINTAS,44,SERV.TECNICO SINCLAIR,
56078,TINTA UV BLANCO TRANSPARENTE 4000 UV (EXTENDER),0.0,KILOS,PROD. TINTAS,45,BODEGA PROVEEDOR,
56078,TINTA UV BLANCO TRANSPARENTE 4000 UV (EXTENDER),0.0,KILOS,PROD. TINTAS,46,SINCLAIR STOCK,
56078,TINTA UV BLANCO TRANSPARENTE 4000 UV (EXTENDER),0.0,KILOS,PROD. TINTAS,48,POSCOSECHA,
56078,TINTA UV BLANCO TRANSPARENTE 4000 UV (EXTENDER),0.0,KILOS,PROD. TINTAS,49,BOG. LOGICA ARAUCO,
56078,TINTA UV BLANCO TRANSPARENTE 4000 UV (EXTENDER),0.0,KILOS,PROD. TINTAS,50,SERV.TECNICO SAMSON,
56078,TINTA UV BLANCO TRANSPARENTE 4000 UV (EXTENDER),0.0,KILOS,PROD. TINTAS,51,PERU STOCK ENVIO,
56078,TINTA UV BLANCO TRANSPARENTE 4000 UV (EXTENDER),0.0,KILOS,PROD. TINTAS,52,ST IMPRESORAS Y EQUIPOS,
56078,TINTA UV BLANCO TRANSPARENTE 4000 UV (EXTENDER),0.0,KILOS,PROD. TINTAS,53,BODEGA ESQUIM,
56078,TINTA UV BLANCO TRANSPARENTE 4000 UV (EXTENDER),0.0,KILOS,PROD. TINTAS,54,GESLOG MALLOA,
56209,BARNIZ UV 85-600638-2 NUTRIFLEX MATE,20.0,UN,PROD. TINTAS,21,TINTAS,2026-03-16
56221,TINTA SOLVENTE ROJO 186 175672,18.0,KILOS,PROD. TINTAS,21,TINTAS,2026-02-28
56317,TINTA UV PARAGON YELLOW PROCESS YF0005,28.0,KILOS,PROD. TINTAS,21,TINTAS,2026-08-18
56317,TINTA UV PARAGON YELLOW PROCESS YF0005,300.0,KILOS,PROD. TINTAS,36,CONTAINER,2026-08-18
56318,TINTA UV PARAGON CYAN PROCESS CF0005,15.0,KILOS,PROD. TINTAS,21,TINTAS,2026-08-18
56318,TINTA UV PARAGON CYAN PROCESS CF0005,80.0,KILOS,PROD. TINTAS,36,CONTAINER,2026-08-18
56319,TINTA UV PARAGON MAGENTA PROCESS RF0005,8.0,KILOS,PROD. TINTAS,04,PRODUCCION,2026-08-18
56319,TINTA UV PARAGON MAGENTA PROCESS RF0005,13.0,KILOS,PROD. TINTAS,21,TINTAS,2026-08-18
56319,TINTA UV PARAGON MAGENTA PROCESS RF0005,55.0,KILOS,PROD. TINTAS,36,CONTAINER,2026-08-18
56324,TINTA UV PARAGON BLACK  PROCESS BF0005,2.0,KILOS,PROD. TINTAS,04,PRODUCCION,2026-08-18
56324,TINTA UV PARAGON BLACK  PROCESS BF0005,20.0,KILOS,PROD. TINTAS,21,TINTAS,2026-08-18
56324,TINTA UV PARAGON BLACK  PROCESS BF0005,205.0,KILOS,PROD. TINTAS,36,CONTAINER,2026-08-18
56325,TINTA UV PARAGON AZUL REFLEJO PROCESS CF0002,4.0,KILOS,PROD. TINTAS,04,PRODUCCION,2026-08-18
56325,TINTA UV PARAGON AZUL REFLEJO PROCESS CF0002,44.0,KILOS,PROD. TINTAS,21,TINTAS,2026-08-18
56325,TINTA UV PARAGON AZUL REFLEJO PROCESS CF0002,35.0,KILOS,PROD. TINTAS,36,CONTAINER,2026-08-18
56373,TINTA UV PARAGON VIOLETA PROCESS VF0001,13.0,KILOS,PROD. TINTAS,21,TINTAS,2026-08-18
56373,TINTA UV PARAGON VIOLETA PROCESS VF0001,25.0,KILOS,PROD. TINTAS,36,CONTAINER,2026-08-18
56374,TINTA UV PARAGON WARM RED PROCESS RF0002,80.0,KILOS,PROD. TINTAS,36,CONTAINER,2026-03-31
56375,TINTA UV PARAGON GREEN PROCESS GF0001,70.0,KILOS,PROD. TINTAS,36,CONTAINER,2026-02-04
56376,TINTA UV PARAGON RODAMINA PROCESS RF0003,10.0,KILOS,PROD. TINTAS,21,TINTAS,2026-02-04
56376,TINTA UV PARAGON RODAMINA PROCESS RF0003,60.0,KILOS,PROD. TINTAS,36,CONTAINER,2026-02-04
56866,TINTA UV BLANCO BASE FLEXOCURE XS HI-SLIP SHRINK WHITE,0.0,KILOS,PROD. TINTAS,01,BODEGA COSTEO,
56866,TINTA UV BLANCO BASE FLEXOCURE XS HI-SLIP SHRINK WHITE,0.0,KILOS,PROD. TINTAS,02,MATERIAS PRIMAS E INSUMOS,
56866,TINTA UV BLANCO BASE FLEXOCURE XS HI-SLIP SHRINK WHITE,0.0,KILOS,PROD. TINTAS,03,PRODUCTOS TERMINADOS,
56866,TINTA UV BLANCO BASE FLEXOCURE XS HI-SLIP SHRINK WHITE,0.0,KILOS,PROD. TINTAS,04,PRODUCCION,
56866,TINTA UV BLANCO BASE FLEXOCURE XS HI-SLIP SHRINK WHITE,0.0,KILOS,PROD. TINTAS,05,RECLAMO PROVEEDOR,
56866,TINTA UV BLANCO BASE FLEXOCURE XS HI-SLIP SHRINK WHITE,0.0,KILOS,PROD. TINTAS,06,PRODUCTOS RECHAZADOS,
56866,TINTA UV BLANCO BASE FLEXOCURE XS HI-SLIP SHRINK WHITE,0.0,KILOS,PROD. TINTAS,07,NOTAS DE CREDITO,
56866,TINTA UV BLANCO BASE FLEXOCURE XS HI-SLIP SHRINK WHITE,0.0,KILOS,PROD. TINTAS,08,MPRIMA SOBRE STOCK,
56866,TINTA UV BLANCO BASE FLEXOCURE XS HI-SLIP SHRINK WHITE,0.0,KILOS,PROD. TINTAS,09,BOG.LOGICA APL,
56866,TINTA UV BLANCO BASE FLEXOCURE XS HI-SLIP SHRINK WHITE,0.0,KILOS,PROD. TINTAS,10,DIFERENCIAS DE INV. P.T.,
56866,TINTA UV BLANCO BASE FLEXOCURE XS HI-SLIP SHRINK WHITE,0.0,KILOS,PROD. TINTAS,11,BOG.LOGICA CyT VESPUCIO,
56866,TINTA UV BLANCO BASE FLEXOCURE XS HI-SLIP SHRINK WHITE,0.0,KILOS,PROD. TINTAS,12,BOG.LOGICA CyT ESPEJO,
56866,TINTA UV BLANCO BASE FLEXOCURE XS HI-SLIP SHRINK WHITE,0.0,KILOS,PROD. TINTAS,13,TDP STOCK,
56866,TINTA UV BLANCO BASE FLEXOCURE XS HI-SLIP SHRINK WHITE,0.0,KILOS,PROD. TINTAS,14,SERVICIO TECNICO,
56866,TINTA UV BLANCO BASE FLEXOCURE XS HI-SLIP SHRINK WHITE,0.0,KILOS,PROD. TINTAS,15,TALLER SERV.TECNICO,
56866,TINTA UV BLANCO BASE FLEXOCURE XS HI-SLIP SHRINK WHITE,0.0,KILOS,PROD. TINTAS,16,BOG.LOGICA COCA-COLA,
56866,TINTA UV BLANCO BASE FLEXOCURE XS HI-SLIP SHRINK WHITE,0.0,KILOS,PROD. TINTAS,17,BODEGA CLIENTES,
56866,TINTA UV BLANCO BASE FLEXOCURE XS HI-SLIP SHRINK WHITE,0.0,KILOS,PROD. TINTAS,18,MAURICIO MEDINA,
56866,TINTA UV BLANCO BASE FLEXOCURE XS HI-SLIP SHRINK WHITE,0.0,KILOS,PROD. TINTAS,19,MAURICIO DAVIS,
56866,TINTA UV BLANCO BASE FLEXOCURE XS HI-SLIP SHRINK WHITE,0.0,KILOS,PROD. TINTAS,20,POSCOSECHA MUESTRAS,
56866,TINTA UV BLANCO BASE FLEXOCURE XS HI-SLIP SHRINK WHITE,0.0,KILOS,PROD. TINTAS,21,TINTAS,
56866,TINTA UV BLANCO BASE FLEXOCURE XS HI-SLIP SHRINK WHITE,0.0,KILOS,PROD. TINTAS,22,SIEGWERK,
56866,TINTA UV BLANCO BASE FLEXOCURE XS HI-SLIP SHRINK WHITE,0.0,KILOS,PROD. TINTAS,24,SALDO MATERIAS PRIMAS,
56866,TINTA UV BLANCO BASE FLEXOCURE XS HI-SLIP SHRINK WHITE,0.0,KILOS,PROD. TINTAS,26,OBSOLETOS COMERCIAL,
56866,TINTA UV BLANCO BASE FLEXOCURE XS HI-SLIP SHRINK WHITE,0.0,KILOS,PROD. TINTAS,34,MP MAQUINA WEBER,
56866,TINTA UV BLANCO BASE FLEXOCURE XS HI-SLIP SHRINK WHITE,0.0,KILOS,PROD. TINTAS,35,BODEGA GESLOG INTEGRAL,
56866,TINTA UV BLANCO BASE FLEXOCURE XS HI-SLIP SHRINK WHITE,0.0,KILOS,PROD. TINTAS,36,CONTAINER,
56866,TINTA UV BLANCO BASE FLEXOCURE XS HI-SLIP SHRINK WHITE,0.0,KILOS,PROD. TINTAS,38,RRHH,
56866,TINTA UV BLANCO BASE FLEXOCURE XS HI-SLIP SHRINK WHITE,0.0,KILOS,PROD. TINTAS,40,ST CONCEPCION,
56866,TINTA UV BLANCO BASE FLEXOCURE XS HI-SLIP SHRINK WHITE,0.0,KILOS,PROD. TINTAS,42,BODEGA DURAMET,
56866,TINTA UV BLANCO BASE FLEXOCURE XS HI-SLIP SHRINK WHITE,0.0,KILOS,PROD. TINTAS,44,SERV.TECNICO SINCLAIR,
56866,TINTA UV BLANCO BASE FLEXOCURE XS HI-SLIP SHRINK WHITE,0.0,KILOS,PROD. TINTAS,45,BODEGA PROVEEDOR,
56866,TINTA UV BLANCO BASE FLEXOCURE XS HI-SLIP SHRINK WHITE,0.0,KILOS,PROD. TINTAS,46,SINCLAIR STOCK,
56866,TINTA UV BLANCO BASE FLEXOCURE XS HI-SLIP SHRINK WHITE,0.0,KILOS,PROD. TINTAS,48,POSCOSECHA,
56866,TINTA UV BLANCO BASE FLEXOCURE XS HI-SLIP SHRINK WHITE,0.0,KILOS,PROD. TINTAS,49,BOG. LOGICA ARAUCO,
56866,TINTA UV BLANCO BASE FLEXOCURE XS HI-SLIP SHRINK WHITE,0.0,KILOS,PROD. TINTAS,50,SERV.TECNICO SAMSON,
56866,TINTA UV BLANCO BASE FLEXOCURE XS HI-SLIP SHRINK WHITE,0.0,KILOS,PROD. TINTAS,51,PERU STOCK ENVIO,
56866,TINTA UV BLANCO BASE FLEXOCURE XS HI-SLIP SHRINK WHITE,0.0,KILOS,PROD. TINTAS,52,ST IMPRESORAS Y EQUIPOS,
56866,TINTA UV BLANCO BASE FLEXOCURE XS HI-SLIP SHRINK WHITE,0.0,KILOS,PROD. TINTAS,53,BODEGA ESQUIM,
56866,TINTA UV BLANCO BASE FLEXOCURE XS HI-SLIP SHRINK WHITE,0.0,KILOS,PROD. TINTAS,54,GESLOG MALLOA,
57048,TINTA UV PARAGON LUNA RED 032 PROCESS,12.0,KILOS,PROD. TINTAS,21,TINTAS,2026-08-18
57048,TINTA UV PARAGON LUNA RED 032 PROCESS,25.0,KILOS,PROD. TINTAS,36,CONTAINER,2026-08-18
57049,TINTA UV PARAGON LUNA ORANGE 021 PROCESS,5.0,KILOS,PROD. TINTAS,21,TINTAS,2026-02-28
57049,TINTA UV PARAGON LUNA ORANGE 021 PROCESS,55.0,KILOS,PROD. TINTAS,36,CONTAINER,2026-02-28
57050,TINTA UV PARAGON LUNA BLUE 072,75.0,KILOS,PROD. TINTAS,36,CONTAINER,2026-05-12
57319,"HP WHITE PREMIUM FOR SLEEVES,  COD. Y8M91A",1.0,UN,PROD. TINTAS DIGITAL,36,CONTAINER,2023-04-27
57404,HP EI C.CALIB BLACK COD. Q4137D,0.0,UN,PROD. TINTAS DIGITAL,01,BODEGA COSTEO,
57404,HP EI C.CALIB BLACK COD. Q4137D,0.0,UN,PROD. TINTAS DIGITAL,02,MATERIAS PRIMAS E INSUMOS,
57404,HP EI C.CALIB BLACK COD. Q4137D,0.0,UN,PROD. TINTAS DIGITAL,03,PRODUCTOS TERMINADOS,
57404,HP EI C.CALIB BLACK COD. Q4137D,0.0,UN,PROD. TINTAS DIGITAL,04,PRODUCCION,
57404,HP EI C.CALIB BLACK COD. Q4137D,0.0,UN,PROD. TINTAS DIGITAL,05,RECLAMO PROVEEDOR,
57404,HP EI C.CALIB BLACK COD. Q4137D,0.0,UN,PROD. TINTAS DIGITAL,06,PRODUCTOS RECHAZADOS,
57404,HP EI C.CALIB BLACK COD. Q4137D,0.0,UN,PROD. TINTAS DIGITAL,07,NOTAS DE CREDITO,
57404,HP EI C.CALIB BLACK COD. Q4137D,0.0,UN,PROD. TINTAS DIGITAL,08,MPRIMA SOBRE STOCK,
57404,HP EI C.CALIB BLACK COD. Q4137D,0.0,UN,PROD. TINTAS DIGITAL,09,BOG.LOGICA APL,
57404,HP EI C.CALIB BLACK COD. Q4137D,0.0,UN,PROD. TINTAS DIGITAL,10,DIFERENCIAS DE INV. P.T.,
57404,HP EI C.CALIB BLACK COD. Q4137D,0.0,UN,PROD. TINTAS DIGITAL,11,BOG.LOGICA CyT VESPUCIO,
57404,HP EI C.CALIB BLACK COD. Q4137D,0.0,UN,PROD. TINTAS DIGITAL,12,BOG.LOGICA CyT ESPEJO,
57404,HP EI C.CALIB BLACK COD. Q4137D,0.0,UN,PROD. TINTAS DIGITAL,13,TDP STOCK,
57404,HP EI C.CALIB BLACK COD. Q4137D,0.0,UN,PROD. TINTAS DIGITAL,14,SERVICIO TECNICO,
57404,HP EI C.CALIB BLACK COD. Q4137D,0.0,UN,PROD. TINTAS DIGITAL,15,TALLER SERV.TECNICO,
57404,HP EI C.CALIB BLACK COD. Q4137D,0.0,UN,PROD. TINTAS DIGITAL,16,BOG.LOGICA COCA-COLA,
57404,HP EI C.CALIB BLACK COD. Q4137D,0.0,UN,PROD. TINTAS DIGITAL,17,BODEGA CLIENTES,
57404,HP EI C.CALIB BLACK COD. Q4137D,0.0,UN,PROD. TINTAS DIGITAL,18,MAURICIO MEDINA,
57404,HP EI C.CALIB BLACK COD. Q4137D,0.0,UN,PROD. TINTAS DIGITAL,19,MAURICIO DAVIS,
57404,HP EI C.CALIB BLACK COD. Q4137D,0.0,UN,PROD. TINTAS DIGITAL,20,POSCOSECHA MUESTRAS,
57404,HP EI C.CALIB BLACK COD. Q4137D,0.0,UN,PROD. TINTAS DIGITAL,21,TINTAS,
57404,HP EI C.CALIB BLACK COD. Q4137D,0.0,UN,PROD. TINTAS DIGITAL,22,SIEGWERK,
57404,HP EI C.CALIB BLACK COD. Q4137D,0.0,UN,PROD. TINTAS DIGITAL,24,SALDO MATERIAS PRIMAS,
57404,HP EI C.CALIB BLACK COD. Q4137D,0.0,UN,PROD. TINTAS DIGITAL,26,OBSOLETOS COMERCIAL,
57404,HP EI C.CALIB BLACK COD. Q4137D,0.0,UN,PROD. TINTAS DIGITAL,34,MP MAQUINA WEBER,
57404,HP EI C.CALIB BLACK COD. Q4137D,0.0,UN,PROD. TINTAS DIGITAL,35,BODEGA GESLOG INTEGRAL,
57404,HP EI C.CALIB BLACK COD. Q4137D,0.0,UN,PROD. TINTAS DIGITAL,36,CONTAINER,
57404,HP EI C.CALIB BLACK COD. Q4137D,0.0,UN,PROD. TINTAS DIGITAL,38,RRHH,
57404,HP EI C.CALIB BLACK COD. Q4137D,0.0,UN,PROD. TINTAS DIGITAL,40,ST CONCEPCION,
57404,HP EI C.CALIB BLACK COD. Q4137D,0.0,UN,PROD. TINTAS DIGITAL,42,BODEGA DURAMET,
57404,HP EI C.CALIB BLACK COD. Q4137D,0.0,UN,PROD. TINTAS DIGITAL,44,SERV.TECNICO SINCLAIR,
57404,HP EI C.CALIB BLACK COD. Q4137D,0.0,UN,PROD. TINTAS DIGITAL,45,BODEGA PROVEEDOR,
57404,HP EI C.CALIB BLACK COD. Q4137D,0.0,UN,PROD. TINTAS DIGITAL,46,SINCLAIR STOCK,
57404,HP EI C.CALIB BLACK COD. Q4137D,0.0,UN,PROD. TINTAS DIGITAL,48,POSCOSECHA,
57404,HP EI C.CALIB BLACK COD. Q4137D,0.0,UN,PROD. TINTAS DIGITAL,49,BOG. LOGICA ARAUCO,
57404,HP EI C.CALIB BLACK COD. Q4137D,0.0,UN,PROD. TINTAS DIGITAL,50,SERV.TECNICO SAMSON,
57404,HP EI C.CALIB BLACK COD. Q4137D,0.0,UN,PROD. TINTAS DIGITAL,51,PERU STOCK ENVIO,
57404,HP EI C.CALIB BLACK COD. Q4137D,0.0,UN,PROD. TINTAS DIGITAL,52,ST IMPRESORAS Y EQUIPOS,
57404,HP EI C.CALIB BLACK COD. Q4137D,0.0,UN,PROD. TINTAS DIGITAL,53,BODEGA ESQUIM,
57404,HP EI C.CALIB BLACK COD. Q4137D,0.0,UN,PROD. TINTAS DIGITAL,54,GESLOG MALLOA,
57541,TINTA SOLVENTE WHITE 178092,18.0,KILOS,PROD. TINTAS,21,TINTAS,2026-08-18
57708,TINTA UV 81-100585-9 NUTRIFLEX PURPLE,5.0,KG,PROD. TINTAS,21,TINTAS,2025-09-24
57715,BARNIZ EXTENDER SOBREIMP UPF0-0080-0405N FLINT,30.0,KG,PROD. TINTAS,21,TINTAS,2026-09-03
57815,TINTA UV BLANCO TRANSPARENTE UFO0-0061 FLINT,0.0,KILOS,PROD. TINTAS,01,BODEGA COSTEO,2026-08-06
57815,TINTA UV BLANCO TRANSPARENTE UFO0-0061 FLINT,0.0,KILOS,PROD. TINTAS,02,MATERIAS PRIMAS E INSUMOS,2026-08-06
57815,TINTA UV BLANCO TRANSPARENTE UFO0-0061 FLINT,0.0,KILOS,PROD. TINTAS,03,PRODUCTOS TERMINADOS,2026-08-06
57815,TINTA UV BLANCO TRANSPARENTE UFO0-0061 FLINT,0.0,KILOS,PROD. TINTAS,04,PRODUCCION,2026-08-06
57815,TINTA UV BLANCO TRANSPARENTE UFO0-0061 FLINT,0.0,KILOS,PROD. TINTAS,05,RECLAMO PROVEEDOR,2026-08-06
57815,TINTA UV BLANCO TRANSPARENTE UFO0-0061 FLINT,0.0,KILOS,PROD. TINTAS,06,PRODUCTOS RECHAZADOS,2026-08-06
57815,TINTA UV BLANCO TRANSPARENTE UFO0-0061 FLINT,0.0,KILOS,PROD. TINTAS,07,NOTAS DE CREDITO,2026-08-06
57815,TINTA UV BLANCO TRANSPARENTE UFO0-0061 FLINT,0.0,KILOS,PROD. TINTAS,08,MPRIMA SOBRE STOCK,2026-08-06
57815,TINTA UV BLANCO TRANSPARENTE UFO0-0061 FLINT,0.0,KILOS,PROD. TINTAS,09,BOG.LOGICA APL,2026-08-06
57815,TINTA UV BLANCO TRANSPARENTE UFO0-0061 FLINT,0.0,KILOS,PROD. TINTAS,10,DIFERENCIAS DE INV. P.T.,2026-08-06
57815,TINTA UV BLANCO TRANSPARENTE UFO0-0061 FLINT,0.0,KILOS,PROD. TINTAS,11,BOG.LOGICA CyT VESPUCIO,2026-08-06
57815,TINTA UV BLANCO TRANSPARENTE UFO0-0061 FLINT,0.0,KILOS,PROD. TINTAS,12,BOG.LOGICA CyT ESPEJO,2026-08-06
57815,TINTA UV BLANCO TRANSPARENTE UFO0-0061 FLINT,0.0,KILOS,PROD. TINTAS,13,TDP STOCK,2026-08-06
57815,TINTA UV BLANCO TRANSPARENTE UFO0-0061 FLINT,0.0,KILOS,PROD. TINTAS,14,SERVICIO TECNICO,2026-08-06
57815,TINTA UV BLANCO TRANSPARENTE UFO0-0061 FLINT,0.0,KILOS,PROD. TINTAS,15,TALLER SERV.TECNICO,2026-08-06
57815,TINTA UV BLANCO TRANSPARENTE UFO0-0061 FLINT,0.0,KILOS,PROD. TINTAS,16,BOG.LOGICA COCA-COLA,2026-08-06
57815,TINTA UV BLANCO TRANSPARENTE UFO0-0061 FLINT,0.0,KILOS,PROD. TINTAS,17,BODEGA CLIENTES,2026-08-06
57815,TINTA UV BLANCO TRANSPARENTE UFO0-0061 FLINT,0.0,KILOS,PROD. TINTAS,18,MAURICIO MEDINA,2026-08-06
57815,TINTA UV BLANCO TRANSPARENTE UFO0-0061 FLINT,0.0,KILOS,PROD. TINTAS,19,MAURICIO DAVIS,2026-08-06
57815,TINTA UV BLANCO TRANSPARENTE UFO0-0061 FLINT,0.0,KILOS,PROD. TINTAS,20,POSCOSECHA MUESTRAS,2026-08-06
57815,TINTA UV BLANCO TRANSPARENTE UFO0-0061 FLINT,10.0,KILOS,PROD. TINTAS,21,TINTAS,2026-08-06
57815,TINTA UV BLANCO TRANSPARENTE UFO0-0061 FLINT,0.0,KILOS,PROD. TINTAS,22,SIEGWERK,2026-08-06
57815,TINTA UV BLANCO TRANSPARENTE UFO0-0061 FLINT,0.0,KILOS,PROD. TINTAS,24,SALDO MATERIAS PRIMAS,2026-08-06
57815,TINTA UV BLANCO TRANSPARENTE UFO0-0061 FLINT,0.0,KILOS,PROD. TINTAS,26,OBSOLETOS COMERCIAL,2026-08-06
57815,TINTA UV BLANCO TRANSPARENTE UFO0-0061 FLINT,0.0,KILOS,PROD. TINTAS,34,MP MAQUINA WEBER,2026-08-06
57815,TINTA UV BLANCO TRANSPARENTE UFO0-0061 FLINT,0.0,KILOS,PROD. TINTAS,35,BODEGA GESLOG INTEGRAL,2026-08-06
57815,TINTA UV BLANCO TRANSPARENTE UFO0-0061 FLINT,0.0,KILOS,PROD. TINTAS,36,CONTAINER,2026-08-06
57815,TINTA UV BLANCO TRANSPARENTE UFO0-0061 FLINT,0.0,KILOS,PROD. TINTAS,38,RRHH,2026-08-06
57815,TINTA UV BLANCO TRANSPARENTE UFO0-0061 FLINT,0.0,KILOS,PROD. TINTAS,40,ST CONCEPCION,2026-08-06
57815,TINTA UV BLANCO TRANSPARENTE UFO0-0061 FLINT,0.0,KILOS,PROD. TINTAS,42,BODEGA DURAMET,2026-08-06
57815,TINTA UV BLANCO TRANSPARENTE UFO0-0061 FLINT,0.0,KILOS,PROD. TINTAS,44,SERV.TECNICO SINCLAIR,2026-08-06
57815,TINTA UV BLANCO TRANSPARENTE UFO0-0061 FLINT,0.0,KILOS,PROD. TINTAS,45,BODEGA PROVEEDOR,2026-08-06
57815,TINTA UV BLANCO TRANSPARENTE UFO0-0061 FLINT,0.0,KILOS,PROD. TINTAS,46,SINCLAIR STOCK,2026-08-06
57815,TINTA UV BLANCO TRANSPARENTE UFO0-0061 FLINT,0.0,KILOS,PROD. TINTAS,48,POSCOSECHA,2026-08-06
57815,TINTA UV BLANCO TRANSPARENTE UFO0-0061 FLINT,0.0,KILOS,PROD. TINTAS,49,BOG. LOGICA ARAUCO,2026-08-06
57815,TINTA UV BLANCO TRANSPARENTE UFO0-0061 FLINT,0.0,KILOS,PROD. TINTAS,50,SERV.TECNICO SAMSON,2026-08-06
57815,TINTA UV BLANCO TRANSPARENTE UFO0-0061 FLINT,0.0,KILOS,PROD. TINTAS,51,PERU STOCK ENVIO,2026-08-06
57815,TINTA UV BLANCO TRANSPARENTE UFO0-0061 FLINT,0.0,KILOS,PROD. TINTAS,52,ST IMPRESORAS Y EQUIPOS,2026-08-06
57815,TINTA UV BLANCO TRANSPARENTE UFO0-0061 FLINT,0.0,KILOS,PROD. TINTAS,53,BODEGA ESQUIM,2026-08-06
57815,TINTA UV BLANCO TRANSPARENTE UFO0-0061 FLINT,0.0,KILOS,PROD. TINTAS,54,GESLOG MALLOA,2026-08-06
57907,TINTA UV VIOLET UFO4-0013 FLINT,0.0,UN,PROD. TINTAS,01,BODEGA COSTEO,2026-07-03
57907,TINTA UV VIOLET UFO4-0013 FLINT,0.0,UN,PROD. TINTAS,02,MATERIAS PRIMAS E INSUMOS,2026-07-03
57907,TINTA UV VIOLET UFO4-0013 FLINT,0.0,UN,PROD. TINTAS,03,PRODUCTOS TERMINADOS,2026-07-03
57907,TINTA UV VIOLET UFO4-0013 FLINT,0.0,UN,PROD. TINTAS,04,PRODUCCION,2026-07-03
57907,TINTA UV VIOLET UFO4-0013 FLINT,0.0,UN,PROD. TINTAS,05,RECLAMO PROVEEDOR,2026-07-03
57907,TINTA UV VIOLET UFO4-0013 FLINT,0.0,UN,PROD. TINTAS,06,PRODUCTOS RECHAZADOS,2026-07-03
57907,TINTA UV VIOLET UFO4-0013 FLINT,0.0,UN,PROD. TINTAS,07,NOTAS DE CREDITO,2026-07-03
57907,TINTA UV VIOLET UFO4-0013 FLINT,0.0,UN,PROD. TINTAS,08,MPRIMA SOBRE STOCK,2026-07-03
57907,TINTA UV VIOLET UFO4-0013 FLINT,0.0,UN,PROD. TINTAS,09,BOG.LOGICA APL,2026-07-03
57907,TINTA UV VIOLET UFO4-0013 FLINT,0.0,UN,PROD. TINTAS,10,DIFERENCIAS DE INV. P.T.,2026-07-03
57907,TINTA UV VIOLET UFO4-0013 FLINT,0.0,UN,PROD. TINTAS,11,BOG.LOGICA CyT VESPUCIO,2026-07-03
57907,TINTA UV VIOLET UFO4-0013 FLINT,0.0,UN,PROD. TINTAS,12,BOG.LOGICA CyT ESPEJO,2026-07-03
57907,TINTA UV VIOLET UFO4-0013 FLINT,0.0,UN,PROD. TINTAS,13,TDP STOCK,2026-07-03
57907,TINTA UV VIOLET UFO4-0013 FLINT,0.0,UN,PROD. TINTAS,14,SERVICIO TECNICO,2026-07-03
57907,TINTA UV VIOLET UFO4-0013 FLINT,0.0,UN,PROD. TINTAS,15,TALLER SERV.TECNICO,2026-07-03
57907,TINTA UV VIOLET UFO4-0013 FLINT,0.0,UN,PROD. TINTAS,16,BOG.LOGICA COCA-COLA,2026-07-03
57907,TINTA UV VIOLET UFO4-0013 FLINT,0.0,UN,PROD. TINTAS,17,BODEGA CLIENTES,2026-07-03
57907,TINTA UV VIOLET UFO4-0013 FLINT,0.0,UN,PROD. TINTAS,18,MAURICIO MEDINA,2026-07-03
57907,TINTA UV VIOLET UFO4-0013 FLINT,0.0,UN,PROD. TINTAS,19,MAURICIO DAVIS,2026-07-03
57907,TINTA UV VIOLET UFO4-0013 FLINT,0.0,UN,PROD. TINTAS,20,POSCOSECHA MUESTRAS,2026-07-03
57907,TINTA UV VIOLET UFO4-0013 FLINT,5.0,UN,PROD. TINTAS,21,TINTAS,2026-07-03
57907,TINTA UV VIOLET UFO4-0013 FLINT,0.0,UN,PROD. TINTAS,22,SIEGWERK,2026-07-03
57907,TINTA UV VIOLET UFO4-0013 FLINT,0.0,UN,PROD. TINTAS,24,SALDO MATERIAS PRIMAS,2026-07-03
57907,TINTA UV VIOLET UFO4-0013 FLINT,0.0,UN,PROD. TINTAS,26,OBSOLETOS COMERCIAL,2026-07-03
57907,TINTA UV VIOLET UFO4-0013 FLINT,0.0,UN,PROD. TINTAS,34,MP MAQUINA WEBER,2026-07-03
57907,TINTA UV VIOLET UFO4-0013 FLINT,0.0,UN,PROD. TINTAS,35,BODEGA GESLOG INTEGRAL,2026-07-03
57907,TINTA UV VIOLET UFO4-0013 FLINT,0.0,UN,PROD. TINTAS,36,CONTAINER,2026-07-03
57907,TINTA UV VIOLET UFO4-0013 FLINT,0.0,UN,PROD. TINTAS,38,RRHH,2026-07-03
57907,TINTA UV VIOLET UFO4-0013 FLINT,0.0,UN,PROD. TINTAS,40,ST CONCEPCION,2026-07-03
57907,TINTA UV VIOLET UFO4-0013 FLINT,0.0,UN,PROD. TINTAS,42,BODEGA DURAMET,2026-07-03
57907,TINTA UV VIOLET UFO4-0013 FLINT,0.0,UN,PROD. TINTAS,44,SERV.TECNICO SINCLAIR,2026-07-03
57907,TINTA UV VIOLET UFO4-0013 FLINT,0.0,UN,PROD. TINTAS,45,BODEGA PROVEEDOR,2026-07-03
57907,TINTA UV VIOLET UFO4-0013 FLINT,0.0,UN,PROD. TINTAS,46,SINCLAIR STOCK,2026-07-03
57907,TINTA UV VIOLET UFO4-0013 FLINT,0.0,UN,PROD. TINTAS,48,POSCOSECHA,2026-07-03
57907,TINTA UV VIOLET UFO4-0013 FLINT,0.0,UN,PROD. TINTAS,49,BOG. LOGICA ARAUCO,2026-07-03
57907,TINTA UV VIOLET UFO4-0013 FLINT,0.0,UN,PROD. TINTAS,50,SERV.TECNICO SAMSON,2026-07-03
57907,TINTA UV VIOLET UFO4-0013 FLINT,0.0,UN,PROD. TINTAS,51,PERU STOCK ENVIO,2026-07-03
57907,TINTA UV VIOLET UFO4-0013 FLINT,0.0,UN,PROD. TINTAS,52,ST IMPRESORAS Y EQUIPOS,2026-07-03
57907,TINTA UV VIOLET UFO4-0013 FLINT,0.0,UN,PROD. TINTAS,53,BODEGA ESQUIM,2026-07-03
57907,TINTA UV VIOLET UFO4-0013 FLINT,0.0,UN,PROD. TINTAS,54,GESLOG MALLOA,2026-07-03
57908,TINTA UV PURPLE UFO4-0011 FLINT,0.0,UN,PROD. TINTAS,01,BODEGA COSTEO,2026-07-03
57908,TINTA UV PURPLE UFO4-0011 FLINT,0.0,UN,PROD. TINTAS,02,MATERIAS PRIMAS E INSUMOS,2026-07-03
57908,TINTA UV PURPLE UFO4-0011 FLINT,0.0,UN,PROD. TINTAS,03,PRODUCTOS TERMINADOS,2026-07-03
57908,TINTA UV PURPLE UFO4-0011 FLINT,0.0,UN,PROD. TINTAS,04,PRODUCCION,2026-07-03
57908,TINTA UV PURPLE UFO4-0011 FLINT,0.0,UN,PROD. TINTAS,05,RECLAMO PROVEEDOR,2026-07-03
57908,TINTA UV PURPLE UFO4-0011 FLINT,0.0,UN,PROD. TINTAS,06,PRODUCTOS RECHAZADOS,2026-07-03
57908,TINTA UV PURPLE UFO4-0011 FLINT,0.0,UN,PROD. TINTAS,07,NOTAS DE CREDITO,2026-07-03
57908,TINTA UV PURPLE UFO4-0011 FLINT,0.0,UN,PROD. TINTAS,08,MPRIMA SOBRE STOCK,2026-07-03
57908,TINTA UV PURPLE UFO4-0011 FLINT,0.0,UN,PROD. TINTAS,09,BOG.LOGICA APL,2026-07-03
57908,TINTA UV PURPLE UFO4-0011 FLINT,0.0,UN,PROD. TINTAS,10,DIFERENCIAS DE INV. P.T.,2026-07-03
57908,TINTA UV PURPLE UFO4-0011 FLINT,0.0,UN,PROD. TINTAS,11,BOG.LOGICA CyT VESPUCIO,2026-07-03
57908,TINTA UV PURPLE UFO4-0011 FLINT,0.0,UN,PROD. TINTAS,12,BOG.LOGICA CyT ESPEJO,2026-07-03
57908,TINTA UV PURPLE UFO4-0011 FLINT,0.0,UN,PROD. TINTAS,13,TDP STOCK,2026-07-03
57908,TINTA UV PURPLE UFO4-0011 FLINT,0.0,UN,PROD. TINTAS,14,SERVICIO TECNICO,2026-07-03
57908,TINTA UV PURPLE UFO4-0011 FLINT,0.0,UN,PROD. TINTAS,15,TALLER SERV.TECNICO,2026-07-03
57908,TINTA UV PURPLE UFO4-0011 FLINT,0.0,UN,PROD. TINTAS,16,BOG.LOGICA COCA-COLA,2026-07-03
57908,TINTA UV PURPLE UFO4-0011 FLINT,0.0,UN,PROD. TINTAS,17,BODEGA CLIENTES,2026-07-03
57908,TINTA UV PURPLE UFO4-0011 FLINT,0.0,UN,PROD. TINTAS,18,MAURICIO MEDINA,2026-07-03
57908,TINTA UV PURPLE UFO4-0011 FLINT,0.0,UN,PROD. TINTAS,19,MAURICIO DAVIS,2026-07-03
57908,TINTA UV PURPLE UFO4-0011 FLINT,0.0,UN,PROD. TINTAS,20,POSCOSECHA MUESTRAS,2026-07-03
57908,TINTA UV PURPLE UFO4-0011 FLINT,10.0,UN,PROD. TINTAS,21,TINTAS,2026-07-03
57908,TINTA UV PURPLE UFO4-0011 FLINT,0.0,UN,PROD. TINTAS,22,SIEGWERK,2026-07-03
57908,TINTA UV PURPLE UFO4-0011 FLINT,0.0,UN,PROD. TINTAS,24,SALDO MATERIAS PRIMAS,2026-07-03
57908,TINTA UV PURPLE UFO4-0011 FLINT,0.0,UN,PROD. TINTAS,26,OBSOLETOS COMERCIAL,2026-07-03
57908,TINTA UV PURPLE UFO4-0011 FLINT,0.0,UN,PROD. TINTAS,34,MP MAQUINA WEBER,2026-07-03
57908,TINTA UV PURPLE UFO4-0011 FLINT,0.0,UN,PROD. TINTAS,35,BODEGA GESLOG INTEGRAL,2026-07-03
57908,TINTA UV PURPLE UFO4-0011 FLINT,0.0,UN,PROD. TINTAS,36,CONTAINER,2026-07-03
57908,TINTA UV PURPLE UFO4-0011 FLINT,0.0,UN,PROD. TINTAS,38,RRHH,2026-07-03
57908,TINTA UV PURPLE UFO4-0011 FLINT,0.0,UN,PROD. TINTAS,40,ST CONCEPCION,2026-07-03
57908,TINTA UV PURPLE UFO4-0011 FLINT,0.0,UN,PROD. TINTAS,42,BODEGA DURAMET,2026-07-03
57908,TINTA UV PURPLE UFO4-0011 FLINT,0.0,UN,PROD. TINTAS,44,SERV.TECNICO SINCLAIR,2026-07-03
57908,TINTA UV PURPLE UFO4-0011 FLINT,0.0,UN,PROD. TINTAS,45,BODEGA PROVEEDOR,2026-07-03
57908,TINTA UV PURPLE UFO4-0011 FLINT,0.0,UN,PROD. TINTAS,46,SINCLAIR STOCK,2026-07-03
57908,TINTA UV PURPLE UFO4-0011 FLINT,0.0,UN,PROD. TINTAS,48,POSCOSECHA,2026-07-03
57908,TINTA UV PURPLE UFO4-0011 FLINT,0.0,UN,PROD. TINTAS,49,BOG. LOGICA ARAUCO,2026-07-03
57908,TINTA UV PURPLE UFO4-0011 FLINT,0.0,UN,PROD. TINTAS,50,SERV.TECNICO SAMSON,2026-07-03
57908,TINTA UV PURPLE UFO4-0011 FLINT,0.0,UN,PROD. TINTAS,51,PERU STOCK ENVIO,2026-07-03
57908,TINTA UV PURPLE UFO4-0011 FLINT,0.0,UN,PROD. TINTAS,52,ST IMPRESORAS Y EQUIPOS,2026-07-03
57908,TINTA UV PURPLE UFO4-0011 FLINT,0.0,UN,PROD. TINTAS,53,BODEGA ESQUIM,2026-07-03
57908,TINTA UV PURPLE UFO4-0011 FLINT,0.0,UN,PROD. TINTAS,54,GESLOG MALLOA,2026-07-03
57909,TINTA UV RHODAMINE UFO3-0003 FLINT,0.0,UN,PROD. TINTAS,01,BODEGA COSTEO,
57909,TINTA UV RHODAMINE UFO3-0003 FLINT,0.0,UN,PROD. TINTAS,02,MATERIAS PRIMAS E INSUMOS,
57909,TINTA UV RHODAMINE UFO3-0003 FLINT,0.0,UN,PROD. TINTAS,03,PRODUCTOS TERMINADOS,
57909,TINTA UV RHODAMINE UFO3-0003 FLINT,0.0,UN,PROD. TINTAS,04,PRODUCCION,
57909,TINTA UV RHODAMINE UFO3-0003 FLINT,0.0,UN,PROD. TINTAS,05,RECLAMO PROVEEDOR,
57909,TINTA UV RHODAMINE UFO3-0003 FLINT,0.0,UN,PROD. TINTAS,06,PRODUCTOS RECHAZADOS,
57909,TINTA UV RHODAMINE UFO3-0003 FLINT,0.0,UN,PROD. TINTAS,07,NOTAS DE CREDITO,
57909,TINTA UV RHODAMINE UFO3-0003 FLINT,0.0,UN,PROD. TINTAS,08,MPRIMA SOBRE STOCK,
57909,TINTA UV RHODAMINE UFO3-0003 FLINT,0.0,UN,PROD. TINTAS,09,BOG.LOGICA APL,
57909,TINTA UV RHODAMINE UFO3-0003 FLINT,0.0,UN,PROD. TINTAS,10,DIFERENCIAS DE INV. P.T.,
57909,TINTA UV RHODAMINE UFO3-0003 FLINT,0.0,UN,PROD. TINTAS,11,BOG.LOGICA CyT VESPUCIO,
57909,TINTA UV RHODAMINE UFO3-0003 FLINT,0.0,UN,PROD. TINTAS,12,BOG.LOGICA CyT ESPEJO,
57909,TINTA UV RHODAMINE UFO3-0003 FLINT,0.0,UN,PROD. TINTAS,13,TDP STOCK,
57909,TINTA UV RHODAMINE UFO3-0003 FLINT,0.0,UN,PROD. TINTAS,14,SERVICIO TECNICO,
57909,TINTA UV RHODAMINE UFO3-0003 FLINT,0.0,UN,PROD. TINTAS,15,TALLER SERV.TECNICO,
57909,TINTA UV RHODAMINE UFO3-0003 FLINT,0.0,UN,PROD. TINTAS,16,BOG.LOGICA COCA-COLA,
57909,TINTA UV RHODAMINE UFO3-0003 FLINT,0.0,UN,PROD. TINTAS,17,BODEGA CLIENTES,
57909,TINTA UV RHODAMINE UFO3-0003 FLINT,0.0,UN,PROD. TINTAS,18,MAURICIO MEDINA,
57909,TINTA UV RHODAMINE UFO3-0003 FLINT,0.0,UN,PROD. TINTAS,19,MAURICIO DAVIS,
57909,TINTA UV RHODAMINE UFO3-0003 FLINT,0.0,UN,PROD. TINTAS,20,POSCOSECHA MUESTRAS,
57909,TINTA UV RHODAMINE UFO3-0003 FLINT,0.0,UN,PROD. TINTAS,21,TINTAS,
57909,TINTA UV RHODAMINE UFO3-0003 FLINT,0.0,UN,PROD. TINTAS,22,SIEGWERK,
57909,TINTA UV RHODAMINE UFO3-0003 FLINT,0.0,UN,PROD. TINTAS,24,SALDO MATERIAS PRIMAS,
57909,TINTA UV RHODAMINE UFO3-0003 FLINT,0.0,UN,PROD. TINTAS,26,OBSOLETOS COMERCIAL,
57909,TINTA UV RHODAMINE UFO3-0003 FLINT,0.0,UN,PROD. TINTAS,34,MP MAQUINA WEBER,
57909,TINTA UV RHODAMINE UFO3-0003 FLINT,0.0,UN,PROD. TINTAS,35,BODEGA GESLOG INTEGRAL,
57909,TINTA UV RHODAMINE UFO3-0003 FLINT,0.0,UN,PROD. TINTAS,36,CONTAINER,
57909,TINTA UV RHODAMINE UFO3-0003 FLINT,0.0,UN,PROD. TINTAS,38,RRHH,
57909,TINTA UV RHODAMINE UFO3-0003 FLINT,0.0,UN,PROD. TINTAS,40,ST CONCEPCION,
57909,TINTA UV RHODAMINE UFO3-0003 FLINT,0.0,UN,PROD. TINTAS,42,BODEGA DURAMET,
57909,TINTA UV RHODAMINE UFO3-0003 FLINT,0.0,UN,PROD. TINTAS,44,SERV.TECNICO SINCLAIR,
57909,TINTA UV RHODAMINE UFO3-0003 FLINT,0.0,UN,PROD. TINTAS,45,BODEGA PROVEEDOR,
57909,TINTA UV RHODAMINE UFO3-0003 FLINT,0.0,UN,PROD. TINTAS,46,SINCLAIR STOCK,
57909,TINTA UV RHODAMINE UFO3-0003 FLINT,0.0,UN,PROD. TINTAS,48,POSCOSECHA,
57909,TINTA UV RHODAMINE UFO3-0003 FLINT,0.0,UN,PROD. TINTAS,49,BOG. LOGICA ARAUCO,
57909,TINTA UV RHODAMINE UFO3-0003 FLINT,0.0,UN,PROD. TINTAS,50,SERV.TECNICO SAMSON,
57909,TINTA UV RHODAMINE UFO3-0003 FLINT,0.0,UN,PROD. TINTAS,51,PERU STOCK ENVIO,
57909,TINTA UV RHODAMINE UFO3-0003 FLINT,0.0,UN,PROD. TINTAS,52,ST IMPRESORAS Y EQUIPOS,
57909,TINTA UV RHODAMINE UFO3-0003 FLINT,0.0,UN,PROD. TINTAS,53,BODEGA ESQUIM,
57909,TINTA UV RHODAMINE UFO3-0003 FLINT,0.0,UN,PROD. TINTAS,54,GESLOG MALLOA,
58055,TINTA UV CYAN 1690241 DURST,0.0,LITRO,PROD. TINTAS DIGITAL,01,BODEGA COSTEO,2026-09-10
58055,TINTA UV CYAN 1690241 DURST,0.0,LITRO,PROD. TINTAS DIGITAL,02,MATERIAS PRIMAS E INSUMOS,2026-09-10
58055,TINTA UV CYAN 1690241 DURST,0.0,LITRO,PROD. TINTAS DIGITAL,03,PRODUCTOS TERMINADOS,2026-09-10
58055,TINTA UV CYAN 1690241 DURST,17.55,LITRO,PROD. TINTAS DIGITAL,04,PRODUCCION,2026-09-10
58055,TINTA UV CYAN 1690241 DURST,0.0,LITRO,PROD. TINTAS DIGITAL,05,RECLAMO PROVEEDOR,2026-09-10
58055,TINTA UV CYAN 1690241 DURST,0.0,LITRO,PROD. TINTAS DIGITAL,06,PRODUCTOS RECHAZADOS,2026-09-10
58055,TINTA UV CYAN 1690241 DURST,0.0,LITRO,PROD. TINTAS DIGITAL,07,NOTAS DE CREDITO,2026-09-10
58055,TINTA UV CYAN 1690241 DURST,0.0,LITRO,PROD. TINTAS DIGITAL,08,MPRIMA SOBRE STOCK,2026-09-10
58055,TINTA UV CYAN 1690241 DURST,0.0,LITRO,PROD. TINTAS DIGITAL,09,BOG.LOGICA APL,2026-09-10
58055,TINTA UV CYAN 1690241 DURST,0.0,LITRO,PROD. TINTAS DIGITAL,10,DIFERENCIAS DE INV. P.T.,2026-09-10
58055,TINTA UV CYAN 1690241 DURST,0.0,LITRO,PROD. TINTAS DIGITAL,11,BOG.LOGICA CyT VESPUCIO,2026-09-10
58055,TINTA UV CYAN 1690241 DURST,0.0,LITRO,PROD. TINTAS DIGITAL,12,BOG.LOGICA CyT ESPEJO,2026-09-10
58055,TINTA UV CYAN 1690241 DURST,0.0,LITRO,PROD. TINTAS DIGITAL,13,TDP STOCK,2026-09-10
58055,TINTA UV CYAN 1690241 DURST,0.0,LITRO,PROD. TINTAS DIGITAL,14,SERVICIO TECNICO,2026-09-10
58055,TINTA UV CYAN 1690241 DURST,0.0,LITRO,PROD. TINTAS DIGITAL,15,TALLER SERV.TECNICO,2026-09-10
58055,TINTA UV CYAN 1690241 DURST,0.0,LITRO,PROD. TINTAS DIGITAL,16,BOG.LOGICA COCA-COLA,2026-09-10
58055,TINTA UV CYAN 1690241 DURST,0.0,LITRO,PROD. TINTAS DIGITAL,17,BODEGA CLIENTES,2026-09-10
58055,TINTA UV CYAN 1690241 DURST,0.0,LITRO,PROD. TINTAS DIGITAL,18,MAURICIO MEDINA,2026-09-10
58055,TINTA UV CYAN 1690241 DURST,0.0,LITRO,PROD. TINTAS DIGITAL,19,MAURICIO DAVIS,2026-09-10
58055,TINTA UV CYAN 1690241 DURST,0.0,LITRO,PROD. TINTAS DIGITAL,20,POSCOSECHA MUESTRAS,2026-09-10
58055,TINTA UV CYAN 1690241 DURST,0.0,LITRO,PROD. TINTAS DIGITAL,21,TINTAS,2026-09-10
58055,TINTA UV CYAN 1690241 DURST,0.0,LITRO,PROD. TINTAS DIGITAL,22,SIEGWERK,2026-09-10
58055,TINTA UV CYAN 1690241 DURST,0.0,LITRO,PROD. TINTAS DIGITAL,24,SALDO MATERIAS PRIMAS,2026-09-10
58055,TINTA UV CYAN 1690241 DURST,0.0,LITRO,PROD. TINTAS DIGITAL,26,OBSOLETOS COMERCIAL,2026-09-10
58055,TINTA UV CYAN 1690241 DURST,0.0,LITRO,PROD. TINTAS DIGITAL,34,MP MAQUINA WEBER,2026-09-10
58055,TINTA UV CYAN 1690241 DURST,0.0,LITRO,PROD. TINTAS DIGITAL,35,BODEGA GESLOG INTEGRAL,2026-09-10
58055,TINTA UV CYAN 1690241 DURST,20.0,LITRO,PROD. TINTAS DIGITAL,36,CONTAINER,2026-09-10
58055,TINTA UV CYAN 1690241 DURST,0.0,LITRO,PROD. TINTAS DIGITAL,38,RRHH,2026-09-10
58055,TINTA UV CYAN 1690241 DURST,0.0,LITRO,PROD. TINTAS DIGITAL,40,ST CONCEPCION,2026-09-10
58055,TINTA UV CYAN 1690241 DURST,0.0,LITRO,PROD. TINTAS DIGITAL,42,BODEGA DURAMET,2026-09-10
58055,TINTA UV CYAN 1690241 DURST,0.0,LITRO,PROD. TINTAS DIGITAL,44,SERV.TECNICO SINCLAIR,2026-09-10
58055,TINTA UV CYAN 1690241 DURST,0.0,LITRO,PROD. TINTAS DIGITAL,45,BODEGA PROVEEDOR,2026-09-10
58055,TINTA UV CYAN 1690241 DURST,0.0,LITRO,PROD. TINTAS DIGITAL,46,SINCLAIR STOCK,2026-09-10
58055,TINTA UV CYAN 1690241 DURST,0.0,LITRO,PROD. TINTAS DIGITAL,48,POSCOSECHA,2026-09-10
58055,TINTA UV CYAN 1690241 DURST,0.0,LITRO,PROD. TINTAS DIGITAL,49,BOG. LOGICA ARAUCO,2026-09-10
58055,TINTA UV CYAN 1690241 DURST,0.0,LITRO,PROD. TINTAS DIGITAL,50,SERV.TECNICO SAMSON,2026-09-10
58055,TINTA UV CYAN 1690241 DURST,0.0,LITRO,PROD. TINTAS DIGITAL,51,PERU STOCK ENVIO,2026-09-10
58055,TINTA UV CYAN 1690241 DURST,0.0,LITRO,PROD. TINTAS DIGITAL,52,ST IMPRESORAS Y EQUIPOS,2026-09-10
58055,TINTA UV CYAN 1690241 DURST,0.0,LITRO,PROD. TINTAS DIGITAL,53,BODEGA ESQUIM,2026-09-10
58055,TINTA UV CYAN 1690241 DURST,0.0,LITRO,PROD. TINTAS DIGITAL,54,GESLOG MALLOA,2026-09-10
58059,TINTA UV MAGENTA 1690276 DURST,0.0,LITRO,PROD. TINTAS DIGITAL,01,BODEGA COSTEO,2026-09-10
58059,TINTA UV MAGENTA 1690276 DURST,0.0,LITRO,PROD. TINTAS DIGITAL,02,MATERIAS PRIMAS E INSUMOS,2026-09-10
58059,TINTA UV MAGENTA 1690276 DURST,0.0,LITRO,PROD. TINTAS DIGITAL,03,PRODUCTOS TERMINADOS,2026-09-10
58059,TINTA UV MAGENTA 1690276 DURST,30.0,LITRO,PROD. TINTAS DIGITAL,04,PRODUCCION,2026-09-10
58059,TINTA UV MAGENTA 1690276 DURST,0.0,LITRO,PROD. TINTAS DIGITAL,05,RECLAMO PROVEEDOR,2026-09-10
58059,TINTA UV MAGENTA 1690276 DURST,0.0,LITRO,PROD. TINTAS DIGITAL,06,PRODUCTOS RECHAZADOS,2026-09-10
58059,TINTA UV MAGENTA 1690276 DURST,0.0,LITRO,PROD. TINTAS DIGITAL,07,NOTAS DE CREDITO,2026-09-10
58059,TINTA UV MAGENTA 1690276 DURST,0.0,LITRO,PROD. TINTAS DIGITAL,08,MPRIMA SOBRE STOCK,2026-09-10
58059,TINTA UV MAGENTA 1690276 DURST,0.0,LITRO,PROD. TINTAS DIGITAL,09,BOG.LOGICA APL,2026-09-10
58059,TINTA UV MAGENTA 1690276 DURST,0.0,LITRO,PROD. TINTAS DIGITAL,10,DIFERENCIAS DE INV. P.T.,2026-09-10
58059,TINTA UV MAGENTA 1690276 DURST,0.0,LITRO,PROD. TINTAS DIGITAL,11,BOG.LOGICA CyT VESPUCIO,2026-09-10
58059,TINTA UV MAGENTA 1690276 DURST,0.0,LITRO,PROD. TINTAS DIGITAL,12,BOG.LOGICA CyT ESPEJO,2026-09-10
58059,TINTA UV MAGENTA 1690276 DURST,0.0,LITRO,PROD. TINTAS DIGITAL,13,TDP STOCK,2026-09-10
58059,TINTA UV MAGENTA 1690276 DURST,0.0,LITRO,PROD. TINTAS DIGITAL,14,SERVICIO TECNICO,2026-09-10
58059,TINTA UV MAGENTA 1690276 DURST,0.0,LITRO,PROD. TINTAS DIGITAL,15,TALLER SERV.TECNICO,2026-09-10
58059,TINTA UV MAGENTA 1690276 DURST,0.0,LITRO,PROD. TINTAS DIGITAL,16,BOG.LOGICA COCA-COLA,2026-09-10
58059,TINTA UV MAGENTA 1690276 DURST,0.0,LITRO,PROD. TINTAS DIGITAL,17,BODEGA CLIENTES,2026-09-10
58059,TINTA UV MAGENTA 1690276 DURST,0.0,LITRO,PROD. TINTAS DIGITAL,18,MAURICIO MEDINA,2026-09-10
58059,TINTA UV MAGENTA 1690276 DURST,0.0,LITRO,PROD. TINTAS DIGITAL,19,MAURICIO DAVIS,2026-09-10
58059,TINTA UV MAGENTA 1690276 DURST,0.0,LITRO,PROD. TINTAS DIGITAL,20,POSCOSECHA MUESTRAS,2026-09-10
58059,TINTA UV MAGENTA 1690276 DURST,0.0,LITRO,PROD. TINTAS DIGITAL,21,TINTAS,2026-09-10
58059,TINTA UV MAGENTA 1690276 DURST,0.0,LITRO,PROD. TINTAS DIGITAL,22,SIEGWERK,2026-09-10
58059,TINTA UV MAGENTA 1690276 DURST,0.0,LITRO,PROD. TINTAS DIGITAL,24,SALDO MATERIAS PRIMAS,2026-09-10
58059,TINTA UV MAGENTA 1690276 DURST,0.0,LITRO,PROD. TINTAS DIGITAL,26,OBSOLETOS COMERCIAL,2026-09-10
58059,TINTA UV MAGENTA 1690276 DURST,0.0,LITRO,PROD. TINTAS DIGITAL,34,MP MAQUINA WEBER,2026-09-10
58059,TINTA UV MAGENTA 1690276 DURST,0.0,LITRO,PROD. TINTAS DIGITAL,35,BODEGA GESLOG INTEGRAL,2026-09-10
58059,TINTA UV MAGENTA 1690276 DURST,40.0,LITRO,PROD. TINTAS DIGITAL,36,CONTAINER,2026-09-10
58059,TINTA UV MAGENTA 1690276 DURST,0.0,LITRO,PROD. TINTAS DIGITAL,38,RRHH,2026-09-10
58059,TINTA UV MAGENTA 1690276 DURST,0.0,LITRO,PROD. TINTAS DIGITAL,40,ST CONCEPCION,2026-09-10
58059,TINTA UV MAGENTA 1690276 DURST,0.0,LITRO,PROD. TINTAS DIGITAL,42,BODEGA DURAMET,2026-09-10
58059,TINTA UV MAGENTA 1690276 DURST,0.0,LITRO,PROD. TINTAS DIGITAL,44,SERV.TECNICO SINCLAIR,2026-09-10
58059,TINTA UV MAGENTA 1690276 DURST,0.0,LITRO,PROD. TINTAS DIGITAL,45,BODEGA PROVEEDOR,2026-09-10
58059,TINTA UV MAGENTA 1690276 DURST,0.0,LITRO,PROD. TINTAS DIGITAL,46,SINCLAIR STOCK,2026-09-10
58059,TINTA UV MAGENTA 1690276 DURST,0.0,LITRO,PROD. TINTAS DIGITAL,48,POSCOSECHA,2026-09-10
58059,TINTA UV MAGENTA 1690276 DURST,0.0,LITRO,PROD. TINTAS DIGITAL,49,BOG. LOGICA ARAUCO,2026-09-10
58059,TINTA UV MAGENTA 1690276 DURST,0.0,LITRO,PROD. TINTAS DIGITAL,50,SERV.TECNICO SAMSON,2026-09-10
58059,TINTA UV MAGENTA 1690276 DURST,0.0,LITRO,PROD. TINTAS DIGITAL,51,PERU STOCK ENVIO,2026-09-10
58059,TINTA UV MAGENTA 1690276 DURST,0.0,LITRO,PROD. TINTAS DIGITAL,52,ST IMPRESORAS Y EQUIPOS,2026-09-10
58059,TINTA UV MAGENTA 1690276 DURST,0.0,LITRO,PROD. TINTAS DIGITAL,53,BODEGA ESQUIM,2026-09-10
58059,TINTA UV MAGENTA 1690276 DURST,0.0,LITRO,PROD. TINTAS DIGITAL,54,GESLOG MALLOA,2026-09-10
58060,TINTA UV BLACK 1690320 DURST,0.0,LITRO,PROD. TINTAS DIGITAL,01,BODEGA COSTEO,2026-09-10
58060,TINTA UV BLACK 1690320 DURST,0.0,LITRO,PROD. TINTAS DIGITAL,02,MATERIAS PRIMAS E INSUMOS,2026-09-10
58060,TINTA UV BLACK 1690320 DURST,0.0,LITRO,PROD. TINTAS DIGITAL,03,PRODUCTOS TERMINADOS,2026-09-10
58060,TINTA UV BLACK 1690320 DURST,27.55,LITRO,PROD. TINTAS DIGITAL,04,PRODUCCION,2026-09-10
58060,TINTA UV BLACK 1690320 DURST,0.0,LITRO,PROD. TINTAS DIGITAL,05,RECLAMO PROVEEDOR,2026-09-10
58060,TINTA UV BLACK 1690320 DURST,0.0,LITRO,PROD. TINTAS DIGITAL,06,PRODUCTOS RECHAZADOS,2026-09-10
58060,TINTA UV BLACK 1690320 DURST,0.0,LITRO,PROD. TINTAS DIGITAL,07,NOTAS DE CREDITO,2026-09-10
58060,TINTA UV BLACK 1690320 DURST,0.0,LITRO,PROD. TINTAS DIGITAL,08,MPRIMA SOBRE STOCK,2026-09-10
58060,TINTA UV BLACK 1690320 DURST,0.0,LITRO,PROD. TINTAS DIGITAL,09,BOG.LOGICA APL,2026-09-10
58060,TINTA UV BLACK 1690320 DURST,0.0,LITRO,PROD. TINTAS DIGITAL,10,DIFERENCIAS DE INV. P.T.,2026-09-10
58060,TINTA UV BLACK 1690320 DURST,0.0,LITRO,PROD. TINTAS DIGITAL,11,BOG.LOGICA CyT VESPUCIO,2026-09-10
58060,TINTA UV BLACK 1690320 DURST,0.0,LITRO,PROD. TINTAS DIGITAL,12,BOG.LOGICA CyT ESPEJO,2026-09-10
58060,TINTA UV BLACK 1690320 DURST,0.0,LITRO,PROD. TINTAS DIGITAL,13,TDP STOCK,2026-09-10
58060,TINTA UV BLACK 1690320 DURST,0.0,LITRO,PROD. TINTAS DIGITAL,14,SERVICIO TECNICO,2026-09-10
58060,TINTA UV BLACK 1690320 DURST,0.0,LITRO,PROD. TINTAS DIGITAL,15,TALLER SERV.TECNICO,2026-09-10
58060,TINTA UV BLACK 1690320 DURST,0.0,LITRO,PROD. TINTAS DIGITAL,16,BOG.LOGICA COCA-COLA,2026-09-10
58060,TINTA UV BLACK 1690320 DURST,0.0,LITRO,PROD. TINTAS DIGITAL,17,BODEGA CLIENTES,2026-09-10
58060,TINTA UV BLACK 1690320 DURST,0.0,LITRO,PROD. TINTAS DIGITAL,18,MAURICIO MEDINA,2026-09-10
58060,TINTA UV BLACK 1690320 DURST,0.0,LITRO,PROD. TINTAS DIGITAL,19,MAURICIO DAVIS,2026-09-10
58060,TINTA UV BLACK 1690320 DURST,0.0,LITRO,PROD. TINTAS DIGITAL,20,POSCOSECHA MUESTRAS,2026-09-10
58060,TINTA UV BLACK 1690320 DURST,0.0,LITRO,PROD. TINTAS DIGITAL,21,TINTAS,2026-09-10
58060,TINTA UV BLACK 1690320 DURST,0.0,LITRO,PROD. TINTAS DIGITAL,22,SIEGWERK,2026-09-10
58060,TINTA UV BLACK 1690320 DURST,0.0,LITRO,PROD. TINTAS DIGITAL,24,SALDO MATERIAS PRIMAS,2026-09-10
58060,TINTA UV BLACK 1690320 DURST,0.0,LITRO,PROD. TINTAS DIGITAL,26,OBSOLETOS COMERCIAL,2026-09-10
58060,TINTA UV BLACK 1690320 DURST,0.0,LITRO,PROD. TINTAS DIGITAL,34,MP MAQUINA WEBER,2026-09-10
58060,TINTA UV BLACK 1690320 DURST,0.0,LITRO,PROD. TINTAS DIGITAL,35,BODEGA GESLOG INTEGRAL,2026-09-10
58060,TINTA UV BLACK 1690320 DURST,20.0,LITRO,PROD. TINTAS DIGITAL,36,CONTAINER,2026-09-10
58060,TINTA UV BLACK 1690320 DURST,0.0,LITRO,PROD. TINTAS DIGITAL,38,RRHH,2026-09-10
58060,TINTA UV BLACK 1690320 DURST,0.0,LITRO,PROD. TINTAS DIGITAL,40,ST CONCEPCION,2026-09-10
58060,TINTA UV BLACK 1690320 DURST,0.0,LITRO,PROD. TINTAS DIGITAL,42,BODEGA DURAMET,2026-09-10
58060,TINTA UV BLACK 1690320 DURST,0.0,LITRO,PROD. TINTAS DIGITAL,44,SERV.TECNICO SINCLAIR,2026-09-10
58060,TINTA UV BLACK 1690320 DURST,0.0,LITRO,PROD. TINTAS DIGITAL,45,BODEGA PROVEEDOR,2026-09-10
58060,TINTA UV BLACK 1690320 DURST,0.0,LITRO,PROD. TINTAS DIGITAL,46,SINCLAIR STOCK,2026-09-10
58060,TINTA UV BLACK 1690320 DURST,0.0,LITRO,PROD. TINTAS DIGITAL,48,POSCOSECHA,2026-09-10
58060,TINTA UV BLACK 1690320 DURST,0.0,LITRO,PROD. TINTAS DIGITAL,49,BOG. LOGICA ARAUCO,2026-09-10
58060,TINTA UV BLACK 1690320 DURST,0.0,LITRO,PROD. TINTAS DIGITAL,50,SERV.TECNICO SAMSON,2026-09-10
58060,TINTA UV BLACK 1690320 DURST,0.0,LITRO,PROD. TINTAS DIGITAL,51,PERU STOCK ENVIO,2026-09-10
58060,TINTA UV BLACK 1690320 DURST,0.0,LITRO,PROD. TINTAS DIGITAL,52,ST IMPRESORAS Y EQUIPOS,2026-09-10
58060,TINTA UV BLACK 1690320 DURST,0.0,LITRO,PROD. TINTAS DIGITAL,53,BODEGA ESQUIM,2026-09-10
58060,TINTA UV BLACK 1690320 DURST,0.0,LITRO,PROD. TINTAS DIGITAL,54,GESLOG MALLOA,2026-09-10
58061,TINTA UV ORANGE 1690246 DURST,0.0,LITRO,PROD. TINTAS DIGITAL,01,BODEGA COSTEO,2026-09-10
58061,TINTA UV ORANGE 1690246 DURST,0.0,LITRO,PROD. TINTAS DIGITAL,02,MATERIAS PRIMAS E INSUMOS,2026-09-10
58061,TINTA UV ORANGE 1690246 DURST,0.0,LITRO,PROD. TINTAS DIGITAL,03,PRODUCTOS TERMINADOS,2026-09-10
58061,TINTA UV ORANGE 1690246 DURST,0.0,LITRO,PROD. TINTAS DIGITAL,04,PRODUCCION,2026-09-10
58061,TINTA UV ORANGE 1690246 DURST,0.0,LITRO,PROD. TINTAS DIGITAL,05,RECLAMO PROVEEDOR,2026-09-10
58061,TINTA UV ORANGE 1690246 DURST,0.0,LITRO,PROD. TINTAS DIGITAL,06,PRODUCTOS RECHAZADOS,2026-09-10
58061,TINTA UV ORANGE 1690246 DURST,0.0,LITRO,PROD. TINTAS DIGITAL,07,NOTAS DE CREDITO,2026-09-10
58061,TINTA UV ORANGE 1690246 DURST,0.0,LITRO,PROD. TINTAS DIGITAL,08,MPRIMA SOBRE STOCK,2026-09-10
58061,TINTA UV ORANGE 1690246 DURST,0.0,LITRO,PROD. TINTAS DIGITAL,09,BOG.LOGICA APL,2026-09-10
58061,TINTA UV ORANGE 1690246 DURST,0.0,LITRO,PROD. TINTAS DIGITAL,10,DIFERENCIAS DE INV. P.T.,2026-09-10
58061,TINTA UV ORANGE 1690246 DURST,0.0,LITRO,PROD. TINTAS DIGITAL,11,BOG.LOGICA CyT VESPUCIO,2026-09-10
58061,TINTA UV ORANGE 1690246 DURST,0.0,LITRO,PROD. TINTAS DIGITAL,12,BOG.LOGICA CyT ESPEJO,2026-09-10
58061,TINTA UV ORANGE 1690246 DURST,0.0,LITRO,PROD. TINTAS DIGITAL,13,TDP STOCK,2026-09-10
58061,TINTA UV ORANGE 1690246 DURST,0.0,LITRO,PROD. TINTAS DIGITAL,14,SERVICIO TECNICO,2026-09-10
58061,TINTA UV ORANGE 1690246 DURST,0.0,LITRO,PROD. TINTAS DIGITAL,15,TALLER SERV.TECNICO,2026-09-10
58061,TINTA UV ORANGE 1690246 DURST,0.0,LITRO,PROD. TINTAS DIGITAL,16,BOG.LOGICA COCA-COLA,2026-09-10
58061,TINTA UV ORANGE 1690246 DURST,0.0,LITRO,PROD. TINTAS DIGITAL,17,BODEGA CLIENTES,2026-09-10
58061,TINTA UV ORANGE 1690246 DURST,0.0,LITRO,PROD. TINTAS DIGITAL,18,MAURICIO MEDINA,2026-09-10
58061,TINTA UV ORANGE 1690246 DURST,0.0,LITRO,PROD. TINTAS DIGITAL,19,MAURICIO DAVIS,2026-09-10
58061,TINTA UV ORANGE 1690246 DURST,0.0,LITRO,PROD. TINTAS DIGITAL,20,POSCOSECHA MUESTRAS,2026-09-10
58061,TINTA UV ORANGE 1690246 DURST,0.0,LITRO,PROD. TINTAS DIGITAL,21,TINTAS,2026-09-10
58061,TINTA UV ORANGE 1690246 DURST,0.0,LITRO,PROD. TINTAS DIGITAL,22,SIEGWERK,2026-09-10
58061,TINTA UV ORANGE 1690246 DURST,0.0,LITRO,PROD. TINTAS DIGITAL,24,SALDO MATERIAS PRIMAS,2026-09-10
58061,TINTA UV ORANGE 1690246 DURST,0.0,LITRO,PROD. TINTAS DIGITAL,26,OBSOLETOS COMERCIAL,2026-09-10
58061,TINTA UV ORANGE 1690246 DURST,0.0,LITRO,PROD. TINTAS DIGITAL,34,MP MAQUINA WEBER,2026-09-10
58061,TINTA UV ORANGE 1690246 DURST,0.0,LITRO,PROD. TINTAS DIGITAL,35,BODEGA GESLOG INTEGRAL,2026-09-10
58061,TINTA UV ORANGE 1690246 DURST,20.0,LITRO,PROD. TINTAS DIGITAL,36,CONTAINER,2026-09-10
58061,TINTA UV ORANGE 1690246 DURST,0.0,LITRO,PROD. TINTAS DIGITAL,38,RRHH,2026-09-10
58061,TINTA UV ORANGE 1690246 DURST,0.0,LITRO,PROD. TINTAS DIGITAL,40,ST CONCEPCION,2026-09-10
58061,TINTA UV ORANGE 1690246 DURST,0.0,LITRO,PROD. TINTAS DIGITAL,42,BODEGA DURAMET,2026-09-10
58061,TINTA UV ORANGE 1690246 DURST,0.0,LITRO,PROD. TINTAS DIGITAL,44,SERV.TECNICO SINCLAIR,2026-09-10
58061,TINTA UV ORANGE 1690246 DURST,0.0,LITRO,PROD. TINTAS DIGITAL,45,BODEGA PROVEEDOR,2026-09-10
58061,TINTA UV ORANGE 1690246 DURST,0.0,LITRO,PROD. TINTAS DIGITAL,46,SINCLAIR STOCK,2026-09-10
58061,TINTA UV ORANGE 1690246 DURST,0.0,LITRO,PROD. TINTAS DIGITAL,48,POSCOSECHA,2026-09-10
58061,TINTA UV ORANGE 1690246 DURST,0.0,LITRO,PROD. TINTAS DIGITAL,49,BOG. LOGICA ARAUCO,2026-09-10
58061,TINTA UV ORANGE 1690246 DURST,0.0,LITRO,PROD. TINTAS DIGITAL,50,SERV.TECNICO SAMSON,2026-09-10
58061,TINTA UV ORANGE 1690246 DURST,0.0,LITRO,PROD. TINTAS DIGITAL,51,PERU STOCK ENVIO,2026-09-10
58061,TINTA UV ORANGE 1690246 DURST,0.0,LITRO,PROD. TINTAS DIGITAL,52,ST IMPRESORAS Y EQUIPOS,2026-09-10
58061,TINTA UV ORANGE 1690246 DURST,0.0,LITRO,PROD. TINTAS DIGITAL,53,BODEGA ESQUIM,2026-09-10
58061,TINTA UV ORANGE 1690246 DURST,0.0,LITRO,PROD. TINTAS DIGITAL,54,GESLOG MALLOA,2026-09-10
58062,TINTA UV VIOLET 1690269 DURST,0.0,LITRO,PROD. TINTAS DIGITAL,01,BODEGA COSTEO,2024-12-31
58062,TINTA UV VIOLET 1690269 DURST,52.0,LITRO,PROD. TINTAS DIGITAL,02,MATERIAS PRIMAS E INSUMOS,2024-12-31
58062,TINTA UV VIOLET 1690269 DURST,0.0,LITRO,PROD. TINTAS DIGITAL,03,PRODUCTOS TERMINADOS,2024-12-31
58062,TINTA UV VIOLET 1690269 DURST,0.0,LITRO,PROD. TINTAS DIGITAL,04,PRODUCCION,2024-12-31
58062,TINTA UV VIOLET 1690269 DURST,0.0,LITRO,PROD. TINTAS DIGITAL,05,RECLAMO PROVEEDOR,2024-12-31
58062,TINTA UV VIOLET 1690269 DURST,0.0,LITRO,PROD. TINTAS DIGITAL,06,PRODUCTOS RECHAZADOS,2024-12-31
58062,TINTA UV VIOLET 1690269 DURST,0.0,LITRO,PROD. TINTAS DIGITAL,07,NOTAS DE CREDITO,2024-12-31
58062,TINTA UV VIOLET 1690269 DURST,0.0,LITRO,PROD. TINTAS DIGITAL,08,MPRIMA SOBRE STOCK,2024-12-31
58062,TINTA UV VIOLET 1690269 DURST,0.0,LITRO,PROD. TINTAS DIGITAL,09,BOG.LOGICA APL,2024-12-31
58062,TINTA UV VIOLET 1690269 DURST,0.0,LITRO,PROD. TINTAS DIGITAL,10,DIFERENCIAS DE INV. P.T.,2024-12-31
58062,TINTA UV VIOLET 1690269 DURST,0.0,LITRO,PROD. TINTAS DIGITAL,11,BOG.LOGICA CyT VESPUCIO,2024-12-31
58062,TINTA UV VIOLET 1690269 DURST,0.0,LITRO,PROD. TINTAS DIGITAL,12,BOG.LOGICA CyT ESPEJO,2024-12-31
58062,TINTA UV VIOLET 1690269 DURST,0.0,LITRO,PROD. TINTAS DIGITAL,13,TDP STOCK,2024-12-31
58062,TINTA UV VIOLET 1690269 DURST,0.0,LITRO,PROD. TINTAS DIGITAL,14,SERVICIO TECNICO,2024-12-31
58062,TINTA UV VIOLET 1690269 DURST,0.0,LITRO,PROD. TINTAS DIGITAL,15,TALLER SERV.TECNICO,2024-12-31
58062,TINTA UV VIOLET 1690269 DURST,0.0,LITRO,PROD. TINTAS DIGITAL,16,BOG.LOGICA COCA-COLA,2024-12-31
58062,TINTA UV VIOLET 1690269 DURST,0.0,LITRO,PROD. TINTAS DIGITAL,17,BODEGA CLIENTES,2024-12-31
58062,TINTA UV VIOLET 1690269 DURST,0.0,LITRO,PROD. TINTAS DIGITAL,18,MAURICIO MEDINA,2024-12-31
58062,TINTA UV VIOLET 1690269 DURST,0.0,LITRO,PROD. TINTAS DIGITAL,19,MAURICIO DAVIS,2024-12-31
58062,TINTA UV VIOLET 1690269 DURST,0.0,LITRO,PROD. TINTAS DIGITAL,20,POSCOSECHA MUESTRAS,2024-12-31
58062,TINTA UV VIOLET 1690269 DURST,0.0,LITRO,PROD. TINTAS DIGITAL,21,TINTAS,2024-12-31
58062,TINTA UV VIOLET 1690269 DURST,0.0,LITRO,PROD. TINTAS DIGITAL,22,SIEGWERK,2024-12-31
58062,TINTA UV VIOLET 1690269 DURST,0.0,LITRO,PROD. TINTAS DIGITAL,24,SALDO MATERIAS PRIMAS,2024-12-31
58062,TINTA UV VIOLET 1690269 DURST,0.0,LITRO,PROD. TINTAS DIGITAL,26,OBSOLETOS COMERCIAL,2024-12-31
58062,TINTA UV VIOLET 1690269 DURST,0.0,LITRO,PROD. TINTAS DIGITAL,34,MP MAQUINA WEBER,2024-12-31
58062,TINTA UV VIOLET 1690269 DURST,0.0,LITRO,PROD. TINTAS DIGITAL,35,BODEGA GESLOG INTEGRAL,2024-12-31
58062,TINTA UV VIOLET 1690269 DURST,0.0,LITRO,PROD. TINTAS DIGITAL,36,CONTAINER,2024-12-31
58062,TINTA UV VIOLET 1690269 DURST,0.0,LITRO,PROD. TINTAS DIGITAL,38,RRHH,2024-12-31
58062,TINTA UV VIOLET 1690269 DURST,0.0,LITRO,PROD. TINTAS DIGITAL,40,ST CONCEPCION,2024-12-31
58062,TINTA UV VIOLET 1690269 DURST,0.0,LITRO,PROD. TINTAS DIGITAL,42,BODEGA DURAMET,2024-12-31
58062,TINTA UV VIOLET 1690269 DURST,0.0,LITRO,PROD. TINTAS DIGITAL,44,SERV.TECNICO SINCLAIR,2024-12-31
58062,TINTA UV VIOLET 1690269 DURST,0.0,LITRO,PROD. TINTAS DIGITAL,45,BODEGA PROVEEDOR,2024-12-31
58062,TINTA UV VIOLET 1690269 DURST,0.0,LITRO,PROD. TINTAS DIGITAL,46,SINCLAIR STOCK,2024-12-31
58062,TINTA UV VIOLET 1690269 DURST,0.0,LITRO,PROD. TINTAS DIGITAL,48,POSCOSECHA,2024-12-31
58062,TINTA UV VIOLET 1690269 DURST,0.0,LITRO,PROD. TINTAS DIGITAL,49,BOG. LOGICA ARAUCO,2024-12-31
58062,TINTA UV VIOLET 1690269 DURST,0.0,LITRO,PROD. TINTAS DIGITAL,50,SERV.TECNICO SAMSON,2024-12-31
58062,TINTA UV VIOLET 1690269 DURST,0.0,LITRO,PROD. TINTAS DIGITAL,51,PERU STOCK ENVIO,2024-12-31
58062,TINTA UV VIOLET 1690269 DURST,0.0,LITRO,PROD. TINTAS DIGITAL,52,ST IMPRESORAS Y EQUIPOS,2024-12-31
58062,TINTA UV VIOLET 1690269 DURST,0.0,LITRO,PROD. TINTAS DIGITAL,53,BODEGA ESQUIM,2024-12-31
58062,TINTA UV VIOLET 1690269 DURST,0.0,LITRO,PROD. TINTAS DIGITAL,54,GESLOG MALLOA,2024-12-31
58063,TINTA UV GREEN 1690245 DURST,0.0,LITRO,PROD. TINTAS DIGITAL,01,BODEGA COSTEO,2025-10-31
58063,TINTA UV GREEN 1690245 DURST,38.0,LITRO,PROD. TINTAS DIGITAL,02,MATERIAS PRIMAS E INSUMOS,2025-10-31
58063,TINTA UV GREEN 1690245 DURST,0.0,LITRO,PROD. TINTAS DIGITAL,03,PRODUCTOS TERMINADOS,2025-10-31
58063,TINTA UV GREEN 1690245 DURST,5.0,LITRO,PROD. TINTAS DIGITAL,04,PRODUCCION,2025-10-31
58063,TINTA UV GREEN 1690245 DURST,0.0,LITRO,PROD. TINTAS DIGITAL,05,RECLAMO PROVEEDOR,2025-10-31
58063,TINTA UV GREEN 1690245 DURST,0.0,LITRO,PROD. TINTAS DIGITAL,06,PRODUCTOS RECHAZADOS,2025-10-31
58063,TINTA UV GREEN 1690245 DURST,0.0,LITRO,PROD. TINTAS DIGITAL,07,NOTAS DE CREDITO,2025-10-31
58063,TINTA UV GREEN 1690245 DURST,0.0,LITRO,PROD. TINTAS DIGITAL,08,MPRIMA SOBRE STOCK,2025-10-31
58063,TINTA UV GREEN 1690245 DURST,0.0,LITRO,PROD. TINTAS DIGITAL,09,BOG.LOGICA APL,2025-10-31
58063,TINTA UV GREEN 1690245 DURST,0.0,LITRO,PROD. TINTAS DIGITAL,10,DIFERENCIAS DE INV. P.T.,2025-10-31
58063,TINTA UV GREEN 1690245 DURST,0.0,LITRO,PROD. TINTAS DIGITAL,11,BOG.LOGICA CyT VESPUCIO,2025-10-31
58063,TINTA UV GREEN 1690245 DURST,0.0,LITRO,PROD. TINTAS DIGITAL,12,BOG.LOGICA CyT ESPEJO,2025-10-31
58063,TINTA UV GREEN 1690245 DURST,0.0,LITRO,PROD. TINTAS DIGITAL,13,TDP STOCK,2025-10-31
58063,TINTA UV GREEN 1690245 DURST,0.0,LITRO,PROD. TINTAS DIGITAL,14,SERVICIO TECNICO,2025-10-31
58063,TINTA UV GREEN 1690245 DURST,0.0,LITRO,PROD. TINTAS DIGITAL,15,TALLER SERV.TECNICO,2025-10-31
58063,TINTA UV GREEN 1690245 DURST,0.0,LITRO,PROD. TINTAS DIGITAL,16,BOG.LOGICA COCA-COLA,2025-10-31
58063,TINTA UV GREEN 1690245 DURST,0.0,LITRO,PROD. TINTAS DIGITAL,17,BODEGA CLIENTES,2025-10-31
58063,TINTA UV GREEN 1690245 DURST,0.0,LITRO,PROD. TINTAS DIGITAL,18,MAURICIO MEDINA,2025-10-31
58063,TINTA UV GREEN 1690245 DURST,0.0,LITRO,PROD. TINTAS DIGITAL,19,MAURICIO DAVIS,2025-10-31
58063,TINTA UV GREEN 1690245 DURST,0.0,LITRO,PROD. TINTAS DIGITAL,20,POSCOSECHA MUESTRAS,2025-10-31
58063,TINTA UV GREEN 1690245 DURST,0.0,LITRO,PROD. TINTAS DIGITAL,21,TINTAS,2025-10-31
58063,TINTA UV GREEN 1690245 DURST,0.0,LITRO,PROD. TINTAS DIGITAL,22,SIEGWERK,2025-10-31
58063,TINTA UV GREEN 1690245 DURST,0.0,LITRO,PROD. TINTAS DIGITAL,24,SALDO MATERIAS PRIMAS,2025-10-31
58063,TINTA UV GREEN 1690245 DURST,0.0,LITRO,PROD. TINTAS DIGITAL,26,OBSOLETOS COMERCIAL,2025-10-31
58063,TINTA UV GREEN 1690245 DURST,0.0,LITRO,PROD. TINTAS DIGITAL,34,MP MAQUINA WEBER,2025-10-31
58063,TINTA UV GREEN 1690245 DURST,0.0,LITRO,PROD. TINTAS DIGITAL,35,BODEGA GESLOG INTEGRAL,2025-10-31
58063,TINTA UV GREEN 1690245 DURST,0.0,LITRO,PROD. TINTAS DIGITAL,36,CONTAINER,2025-10-31
58063,TINTA UV GREEN 1690245 DURST,0.0,LITRO,PROD. TINTAS DIGITAL,38,RRHH,2025-10-31
58063,TINTA UV GREEN 1690245 DURST,0.0,LITRO,PROD. TINTAS DIGITAL,40,ST CONCEPCION,2025-10-31
58063,TINTA UV GREEN 1690245 DURST,0.0,LITRO,PROD. TINTAS DIGITAL,42,BODEGA DURAMET,2025-10-31
58063,TINTA UV GREEN 1690245 DURST,0.0,LITRO,PROD. TINTAS DIGITAL,44,SERV.TECNICO SINCLAIR,2025-10-31
58063,TINTA UV GREEN 1690245 DURST,0.0,LITRO,PROD. TINTAS DIGITAL,45,BODEGA PROVEEDOR,2025-10-31
58063,TINTA UV GREEN 1690245 DURST,0.0,LITRO,PROD. TINTAS DIGITAL,46,SINCLAIR STOCK,2025-10-31
58063,TINTA UV GREEN 1690245 DURST,0.0,LITRO,PROD. TINTAS DIGITAL,48,POSCOSECHA,2025-10-31
58063,TINTA UV GREEN 1690245 DURST,0.0,LITRO,PROD. TINTAS DIGITAL,49,BOG. LOGICA ARAUCO,2025-10-31
58063,TINTA UV GREEN 1690245 DURST,0.0,LITRO,PROD. TINTAS DIGITAL,50,SERV.TECNICO SAMSON,2025-10-31
58063,TINTA UV GREEN 1690245 DURST,0.0,LITRO,PROD. TINTAS DIGITAL,51,PERU STOCK ENVIO,2025-10-31
58063,TINTA UV GREEN 1690245 DURST,0.0,LITRO,PROD. TINTAS DIGITAL,52,ST IMPRESORAS Y EQUIPOS,2025-10-31
58063,TINTA UV GREEN 1690245 DURST,0.0,LITRO,PROD. TINTAS DIGITAL,53,BODEGA ESQUIM,2025-10-31
58063,TINTA UV GREEN 1690245 DURST,0.0,LITRO,PROD. TINTAS DIGITAL,54,GESLOG MALLOA,2025-10-31
58064,TINTA UV WHITE 1690244 DURST,0.0,LITRO,PROD. TINTAS DIGITAL,01,BODEGA COSTEO,2026-09-10
58064,TINTA UV WHITE 1690244 DURST,0.0,LITRO,PROD. TINTAS DIGITAL,02,MATERIAS PRIMAS E INSUMOS,2026-09-10
58064,TINTA UV WHITE 1690244 DURST,0.0,LITRO,PROD. TINTAS DIGITAL,03,PRODUCTOS TERMINADOS,2026-09-10
58064,TINTA UV WHITE 1690244 DURST,0.0,LITRO,PROD. TINTAS DIGITAL,04,PRODUCCION,2026-09-10
58064,TINTA UV WHITE 1690244 DURST,0.0,LITRO,PROD. TINTAS DIGITAL,05,RECLAMO PROVEEDOR,2026-09-10
58064,TINTA UV WHITE 1690244 DURST,0.0,LITRO,PROD. TINTAS DIGITAL,06,PRODUCTOS RECHAZADOS,2026-09-10
58064,TINTA UV WHITE 1690244 DURST,0.0,LITRO,PROD. TINTAS DIGITAL,07,NOTAS DE CREDITO,2026-09-10
58064,TINTA UV WHITE 1690244 DURST,0.0,LITRO,PROD. TINTAS DIGITAL,08,MPRIMA SOBRE STOCK,2026-09-10
58064,TINTA UV WHITE 1690244 DURST,0.0,LITRO,PROD. TINTAS DIGITAL,09,BOG.LOGICA APL,2026-09-10
58064,TINTA UV WHITE 1690244 DURST,0.0,LITRO,PROD. TINTAS DIGITAL,10,DIFERENCIAS DE INV. P.T.,2026-09-10
58064,TINTA UV WHITE 1690244 DURST,0.0,LITRO,PROD. TINTAS DIGITAL,11,BOG.LOGICA CyT VESPUCIO,2026-09-10
58064,TINTA UV WHITE 1690244 DURST,0.0,LITRO,PROD. TINTAS DIGITAL,12,BOG.LOGICA CyT ESPEJO,2026-09-10
58064,TINTA UV WHITE 1690244 DURST,0.0,LITRO,PROD. TINTAS DIGITAL,13,TDP STOCK,2026-09-10
58064,TINTA UV WHITE 1690244 DURST,0.0,LITRO,PROD. TINTAS DIGITAL,14,SERVICIO TECNICO,2026-09-10
58064,TINTA UV WHITE 1690244 DURST,0.0,LITRO,PROD. TINTAS DIGITAL,15,TALLER SERV.TECNICO,2026-09-10
58064,TINTA UV WHITE 1690244 DURST,0.0,LITRO,PROD. TINTAS DIGITAL,16,BOG.LOGICA COCA-COLA,2026-09-10
58064,TINTA UV WHITE 1690244 DURST,0.0,LITRO,PROD. TINTAS DIGITAL,17,BODEGA CLIENTES,2026-09-10
58064,TINTA UV WHITE 1690244 DURST,0.0,LITRO,PROD. TINTAS DIGITAL,18,MAURICIO MEDINA,2026-09-10
58064,TINTA UV WHITE 1690244 DURST,0.0,LITRO,PROD. TINTAS DIGITAL,19,MAURICIO DAVIS,2026-09-10
58064,TINTA UV WHITE 1690244 DURST,0.0,LITRO,PROD. TINTAS DIGITAL,20,POSCOSECHA MUESTRAS,2026-09-10
58064,TINTA UV WHITE 1690244 DURST,0.0,LITRO,PROD. TINTAS DIGITAL,21,TINTAS,2026-09-10
58064,TINTA UV WHITE 1690244 DURST,0.0,LITRO,PROD. TINTAS DIGITAL,22,SIEGWERK,2026-09-10
58064,TINTA UV WHITE 1690244 DURST,0.0,LITRO,PROD. TINTAS DIGITAL,24,SALDO MATERIAS PRIMAS,2026-09-10
58064,TINTA UV WHITE 1690244 DURST,0.0,LITRO,PROD. TINTAS DIGITAL,26,OBSOLETOS COMERCIAL,2026-09-10
58064,TINTA UV WHITE 1690244 DURST,0.0,LITRO,PROD. TINTAS DIGITAL,34,MP MAQUINA WEBER,2026-09-10
58064,TINTA UV WHITE 1690244 DURST,0.0,LITRO,PROD. TINTAS DIGITAL,35,BODEGA GESLOG INTEGRAL,2026-09-10
58064,TINTA UV WHITE 1690244 DURST,10.0,LITRO,PROD. TINTAS DIGITAL,36,CONTAINER,2026-09-10
58064,TINTA UV WHITE 1690244 DURST,0.0,LITRO,PROD. TINTAS DIGITAL,38,RRHH,2026-09-10
58064,TINTA UV WHITE 1690244 DURST,0.0,LITRO,PROD. TINTAS DIGITAL,40,ST CONCEPCION,2026-09-10
58064,TINTA UV WHITE 1690244 DURST,0.0,LITRO,PROD. TINTAS DIGITAL,42,BODEGA DURAMET,2026-09-10
58064,TINTA UV WHITE 1690244 DURST,0.0,LITRO,PROD. TINTAS DIGITAL,44,SERV.TECNICO SINCLAIR,2026-09-10
58064,TINTA UV WHITE 1690244 DURST,0.0,LITRO,PROD. TINTAS DIGITAL,45,BODEGA PROVEEDOR,2026-09-10
58064,TINTA UV WHITE 1690244 DURST,0.0,LITRO,PROD. TINTAS DIGITAL,46,SINCLAIR STOCK,2026-09-10
58064,TINTA UV WHITE 1690244 DURST,0.0,LITRO,PROD. TINTAS DIGITAL,48,POSCOSECHA,2026-09-10
58064,TINTA UV WHITE 1690244 DURST,0.0,LITRO,PROD. TINTAS DIGITAL,49,BOG. LOGICA ARAUCO,2026-09-10
58064,TINTA UV WHITE 1690244 DURST,0.0,LITRO,PROD. TINTAS DIGITAL,50,SERV.TECNICO SAMSON,2026-09-10
58064,TINTA UV WHITE 1690244 DURST,0.0,LITRO,PROD. TINTAS DIGITAL,51,PERU STOCK ENVIO,2026-09-10
58064,TINTA UV WHITE 1690244 DURST,0.0,LITRO,PROD. TINTAS DIGITAL,52,ST IMPRESORAS Y EQUIPOS,2026-09-10
58064,TINTA UV WHITE 1690244 DURST,0.0,LITRO,PROD. TINTAS DIGITAL,53,BODEGA ESQUIM,2026-09-10
58064,TINTA UV WHITE 1690244 DURST,0.0,LITRO,PROD. TINTAS DIGITAL,54,GESLOG MALLOA,2026-09-10
58065,TINTA HEAD CLEANER 1690274 DURST,0.0,LITRO,PROD. TINTAS DIGITAL,01,BODEGA COSTEO,2026-05-27
58065,TINTA HEAD CLEANER 1690274 DURST,0.0,LITRO,PROD. TINTAS DIGITAL,02,MATERIAS PRIMAS E INSUMOS,2026-05-27
58065,TINTA HEAD CLEANER 1690274 DURST,0.0,LITRO,PROD. TINTAS DIGITAL,03,PRODUCTOS TERMINADOS,2026-05-27
58065,TINTA HEAD CLEANER 1690274 DURST,12.5,LITRO,PROD. TINTAS DIGITAL,04,PRODUCCION,2026-05-27
58065,TINTA HEAD CLEANER 1690274 DURST,0.0,LITRO,PROD. TINTAS DIGITAL,05,RECLAMO PROVEEDOR,2026-05-27
58065,TINTA HEAD CLEANER 1690274 DURST,0.0,LITRO,PROD. TINTAS DIGITAL,06,PRODUCTOS RECHAZADOS,2026-05-27
58065,TINTA HEAD CLEANER 1690274 DURST,0.0,LITRO,PROD. TINTAS DIGITAL,07,NOTAS DE CREDITO,2026-05-27
58065,TINTA HEAD CLEANER 1690274 DURST,0.0,LITRO,PROD. TINTAS DIGITAL,08,MPRIMA SOBRE STOCK,2026-05-27
58065,TINTA HEAD CLEANER 1690274 DURST,0.0,LITRO,PROD. TINTAS DIGITAL,09,BOG.LOGICA APL,2026-05-27
58065,TINTA HEAD CLEANER 1690274 DURST,0.0,LITRO,PROD. TINTAS DIGITAL,10,DIFERENCIAS DE INV. P.T.,2026-05-27
58065,TINTA HEAD CLEANER 1690274 DURST,0.0,LITRO,PROD. TINTAS DIGITAL,11,BOG.LOGICA CyT VESPUCIO,2026-05-27
58065,TINTA HEAD CLEANER 1690274 DURST,0.0,LITRO,PROD. TINTAS DIGITAL,12,BOG.LOGICA CyT ESPEJO,2026-05-27
58065,TINTA HEAD CLEANER 1690274 DURST,0.0,LITRO,PROD. TINTAS DIGITAL,13,TDP STOCK,2026-05-27
58065,TINTA HEAD CLEANER 1690274 DURST,0.0,LITRO,PROD. TINTAS DIGITAL,14,SERVICIO TECNICO,2026-05-27
58065,TINTA HEAD CLEANER 1690274 DURST,0.0,LITRO,PROD. TINTAS DIGITAL,15,TALLER SERV.TECNICO,2026-05-27
58065,TINTA HEAD CLEANER 1690274 DURST,0.0,LITRO,PROD. TINTAS DIGITAL,16,BOG.LOGICA COCA-COLA,2026-05-27
58065,TINTA HEAD CLEANER 1690274 DURST,0.0,LITRO,PROD. TINTAS DIGITAL,17,BODEGA CLIENTES,2026-05-27
58065,TINTA HEAD CLEANER 1690274 DURST,0.0,LITRO,PROD. TINTAS DIGITAL,18,MAURICIO MEDINA,2026-05-27
58065,TINTA HEAD CLEANER 1690274 DURST,0.0,LITRO,PROD. TINTAS DIGITAL,19,MAURICIO DAVIS,2026-05-27
58065,TINTA HEAD CLEANER 1690274 DURST,0.0,LITRO,PROD. TINTAS DIGITAL,20,POSCOSECHA MUESTRAS,2026-05-27
58065,TINTA HEAD CLEANER 1690274 DURST,0.0,LITRO,PROD. TINTAS DIGITAL,21,TINTAS,2026-05-27
58065,TINTA HEAD CLEANER 1690274 DURST,0.0,LITRO,PROD. TINTAS DIGITAL,22,SIEGWERK,2026-05-27
58065,TINTA HEAD CLEANER 1690274 DURST,0.0,LITRO,PROD. TINTAS DIGITAL,24,SALDO MATERIAS PRIMAS,2026-05-27
58065,TINTA HEAD CLEANER 1690274 DURST,0.0,LITRO,PROD. TINTAS DIGITAL,26,OBSOLETOS COMERCIAL,2026-05-27
58065,TINTA HEAD CLEANER 1690274 DURST,0.0,LITRO,PROD. TINTAS DIGITAL,34,MP MAQUINA WEBER,2026-05-27
58065,TINTA HEAD CLEANER 1690274 DURST,0.0,LITRO,PROD. TINTAS DIGITAL,35,BODEGA GESLOG INTEGRAL,2026-05-27
58065,TINTA HEAD CLEANER 1690274 DURST,50.0,LITRO,PROD. TINTAS DIGITAL,36,CONTAINER,2026-05-27
58065,TINTA HEAD CLEANER 1690274 DURST,0.0,LITRO,PROD. TINTAS DIGITAL,38,RRHH,2026-05-27
58065,TINTA HEAD CLEANER 1690274 DURST,0.0,LITRO,PROD. TINTAS DIGITAL,40,ST CONCEPCION,2026-05-27
58065,TINTA HEAD CLEANER 1690274 DURST,0.0,LITRO,PROD. TINTAS DIGITAL,42,BODEGA DURAMET,2026-05-27
58065,TINTA HEAD CLEANER 1690274 DURST,0.0,LITRO,PROD. TINTAS DIGITAL,44,SERV.TECNICO SINCLAIR,2026-05-27
58065,TINTA HEAD CLEANER 1690274 DURST,0.0,LITRO,PROD. TINTAS DIGITAL,45,BODEGA PROVEEDOR,2026-05-27
58065,TINTA HEAD CLEANER 1690274 DURST,0.0,LITRO,PROD. TINTAS DIGITAL,46,SINCLAIR STOCK,2026-05-27
58065,TINTA HEAD CLEANER 1690274 DURST,0.0,LITRO,PROD. TINTAS DIGITAL,48,POSCOSECHA,2026-05-27
58065,TINTA HEAD CLEANER 1690274 DURST,0.0,LITRO,PROD. TINTAS DIGITAL,49,BOG. LOGICA ARAUCO,2026-05-27
58065,TINTA HEAD CLEANER 1690274 DURST,0.0,LITRO,PROD. TINTAS DIGITAL,50,SERV.TECNICO SAMSON,2026-05-27
58065,TINTA HEAD CLEANER 1690274 DURST,0.0,LITRO,PROD. TINTAS DIGITAL,51,PERU STOCK ENVIO,2026-05-27
58065,TINTA HEAD CLEANER 1690274 DURST,0.0,LITRO,PROD. TINTAS DIGITAL,52,ST IMPRESORAS Y EQUIPOS,2026-05-27
58065,TINTA HEAD CLEANER 1690274 DURST,0.0,LITRO,PROD. TINTAS DIGITAL,53,BODEGA ESQUIM,2026-05-27
58065,TINTA HEAD CLEANER 1690274 DURST,0.0,LITRO,PROD. TINTAS DIGITAL,54,GESLOG MALLOA,2026-05-27
58066,TINTA UV YELLOW 1690243 DURST,0.0,LITRO,PROD. TINTAS DIGITAL,01,BODEGA COSTEO,2026-09-10
58066,TINTA UV YELLOW 1690243 DURST,0.0,LITRO,PROD. TINTAS DIGITAL,02,MATERIAS PRIMAS E INSUMOS,2026-09-10
58066,TINTA UV YELLOW 1690243 DURST,0.0,LITRO,PROD. TINTAS DIGITAL,03,PRODUCTOS TERMINADOS,2026-09-10
58066,TINTA UV YELLOW 1690243 DURST,10.0,LITRO,PROD. TINTAS DIGITAL,04,PRODUCCION,2026-09-10
58066,TINTA UV YELLOW 1690243 DURST,0.0,LITRO,PROD. TINTAS DIGITAL,05,RECLAMO PROVEEDOR,2026-09-10
58066,TINTA UV YELLOW 1690243 DURST,0.0,LITRO,PROD. TINTAS DIGITAL,06,PRODUCTOS RECHAZADOS,2026-09-10
58066,TINTA UV YELLOW 1690243 DURST,0.0,LITRO,PROD. TINTAS DIGITAL,07,NOTAS DE CREDITO,2026-09-10
58066,TINTA UV YELLOW 1690243 DURST,0.0,LITRO,PROD. TINTAS DIGITAL,08,MPRIMA SOBRE STOCK,2026-09-10
58066,TINTA UV YELLOW 1690243 DURST,0.0,LITRO,PROD. TINTAS DIGITAL,09,BOG.LOGICA APL,2026-09-10
58066,TINTA UV YELLOW 1690243 DURST,0.0,LITRO,PROD. TINTAS DIGITAL,10,DIFERENCIAS DE INV. P.T.,2026-09-10
58066,TINTA UV YELLOW 1690243 DURST,0.0,LITRO,PROD. TINTAS DIGITAL,11,BOG.LOGICA CyT VESPUCIO,2026-09-10
58066,TINTA UV YELLOW 1690243 DURST,0.0,LITRO,PROD. TINTAS DIGITAL,12,BOG.LOGICA CyT ESPEJO,2026-09-10
58066,TINTA UV YELLOW 1690243 DURST,0.0,LITRO,PROD. TINTAS DIGITAL,13,TDP STOCK,2026-09-10
58066,TINTA UV YELLOW 1690243 DURST,0.0,LITRO,PROD. TINTAS DIGITAL,14,SERVICIO TECNICO,2026-09-10
58066,TINTA UV YELLOW 1690243 DURST,0.0,LITRO,PROD. TINTAS DIGITAL,15,TALLER SERV.TECNICO,2026-09-10
58066,TINTA UV YELLOW 1690243 DURST,0.0,LITRO,PROD. TINTAS DIGITAL,16,BOG.LOGICA COCA-COLA,2026-09-10
58066,TINTA UV YELLOW 1690243 DURST,0.0,LITRO,PROD. TINTAS DIGITAL,17,BODEGA CLIENTES,2026-09-10
58066,TINTA UV YELLOW 1690243 DURST,0.0,LITRO,PROD. TINTAS DIGITAL,18,MAURICIO MEDINA,2026-09-10
58066,TINTA UV YELLOW 1690243 DURST,0.0,LITRO,PROD. TINTAS DIGITAL,19,MAURICIO DAVIS,2026-09-10
58066,TINTA UV YELLOW 1690243 DURST,0.0,LITRO,PROD. TINTAS DIGITAL,20,POSCOSECHA MUESTRAS,2026-09-10
58066,TINTA UV YELLOW 1690243 DURST,0.0,LITRO,PROD. TINTAS DIGITAL,21,TINTAS,2026-09-10
58066,TINTA UV YELLOW 1690243 DURST,0.0,LITRO,PROD. TINTAS DIGITAL,22,SIEGWERK,2026-09-10
58066,TINTA UV YELLOW 1690243 DURST,0.0,LITRO,PROD. TINTAS DIGITAL,24,SALDO MATERIAS PRIMAS,2026-09-10
58066,TINTA UV YELLOW 1690243 DURST,0.0,LITRO,PROD. TINTAS DIGITAL,26,OBSOLETOS COMERCIAL,2026-09-10
58066,TINTA UV YELLOW 1690243 DURST,0.0,LITRO,PROD. TINTAS DIGITAL,34,MP MAQUINA WEBER,2026-09-10
58066,TINTA UV YELLOW 1690243 DURST,0.0,LITRO,PROD. TINTAS DIGITAL,35,BODEGA GESLOG INTEGRAL,2026-09-10
58066,TINTA UV YELLOW 1690243 DURST,40.0,LITRO,PROD. TINTAS DIGITAL,36,CONTAINER,2026-09-10
58066,TINTA UV YELLOW 1690243 DURST,0.0,LITRO,PROD. TINTAS DIGITAL,38,RRHH,2026-09-10
58066,TINTA UV YELLOW 1690243 DURST,0.0,LITRO,PROD. TINTAS DIGITAL,40,ST CONCEPCION,2026-09-10
58066,TINTA UV YELLOW 1690243 DURST,0.0,LITRO,PROD. TINTAS DIGITAL,42,BODEGA DURAMET,2026-09-10
58066,TINTA UV YELLOW 1690243 DURST,0.0,LITRO,PROD. TINTAS DIGITAL,44,SERV.TECNICO SINCLAIR,2026-09-10
58066,TINTA UV YELLOW 1690243 DURST,0.0,LITRO,PROD. TINTAS DIGITAL,45,BODEGA PROVEEDOR,2026-09-10
58066,TINTA UV YELLOW 1690243 DURST,0.0,LITRO,PROD. TINTAS DIGITAL,46,SINCLAIR STOCK,2026-09-10
58066,TINTA UV YELLOW 1690243 DURST,0.0,LITRO,PROD. TINTAS DIGITAL,48,POSCOSECHA,2026-09-10
58066,TINTA UV YELLOW 1690243 DURST,0.0,LITRO,PROD. TINTAS DIGITAL,49,BOG. LOGICA ARAUCO,2026-09-10
58066,TINTA UV YELLOW 1690243 DURST,0.0,LITRO,PROD. TINTAS DIGITAL,50,SERV.TECNICO SAMSON,2026-09-10
58066,TINTA UV YELLOW 1690243 DURST,0.0,LITRO,PROD. TINTAS DIGITAL,51,PERU STOCK ENVIO,2026-09-10
58066,TINTA UV YELLOW 1690243 DURST,0.0,LITRO,PROD. TINTAS DIGITAL,52,ST IMPRESORAS Y EQUIPOS,2026-09-10
58066,TINTA UV YELLOW 1690243 DURST,0.0,LITRO,PROD. TINTAS DIGITAL,53,BODEGA ESQUIM,2026-09-10
58066,TINTA UV YELLOW 1690243 DURST,0.0,LITRO,PROD. TINTAS DIGITAL,54,GESLOG MALLOA,2026-09-10
58133,BARNIZ SOBREIMPRIMIBLE OVERPRINTABLE PARAGON L508,40.0,KILOS,PROD. TINTAS,21,TINTAS,2026-08-18
58133,BARNIZ SOBREIMPRIMIBLE OVERPRINTABLE PARAGON L508,770.0,KILOS,PROD. TINTAS,36,CONTAINER,2026-08-18
58248,HP El GREEN 1 CANS,0.0,UNIDAD,PROD. TINTAS DIGITAL,01,BODEGA COSTEO,
58248,HP El GREEN 1 CANS,0.0,UNIDAD,PROD. TINTAS DIGITAL,02,MATERIAS PRIMAS E INSUMOS,
58248,HP El GREEN 1 CANS,0.0,UNIDAD,PROD. TINTAS DIGITAL,03,PRODUCTOS TERMINADOS,
58248,HP El GREEN 1 CANS,0.0,UNIDAD,PROD. TINTAS DIGITAL,04,PRODUCCION,
58248,HP El GREEN 1 CANS,0.0,UNIDAD,PROD. TINTAS DIGITAL,05,RECLAMO PROVEEDOR,
58248,HP El GREEN 1 CANS,0.0,UNIDAD,PROD. TINTAS DIGITAL,06,PRODUCTOS RECHAZADOS,
58248,HP El GREEN 1 CANS,0.0,UNIDAD,PROD. TINTAS DIGITAL,07,NOTAS DE CREDITO,
58248,HP El GREEN 1 CANS,0.0,UNIDAD,PROD. TINTAS DIGITAL,08,MPRIMA SOBRE STOCK,
58248,HP El GREEN 1 CANS,0.0,UNIDAD,PROD. TINTAS DIGITAL,10,DIFERENCIAS DE INV. P.T.,
58248,HP El GREEN 1 CANS,0.0,UNIDAD,PROD. TINTAS DIGITAL,13,TDP STOCK,
58248,HP El GREEN 1 CANS,0.0,UNIDAD,PROD. TINTAS DIGITAL,14,SERVICIO TECNICO,
58248,HP El GREEN 1 CANS,0.0,UNIDAD,PROD. TINTAS DIGITAL,15,TALLER SERV.TECNICO,
58248,HP El GREEN 1 CANS,0.0,UNIDAD,PROD. TINTAS DIGITAL,17,BODEGA CLIENTES,
58248,HP El GREEN 1 CANS,0.0,UNIDAD,PROD. TINTAS DIGITAL,20,POSCOSECHA MUESTRAS,
58248,HP El GREEN 1 CANS,0.0,UNIDAD,PROD. TINTAS DIGITAL,21,TINTAS,
58248,HP El GREEN 1 CANS,0.0,UNIDAD,PROD. TINTAS DIGITAL,22,SIEGWERK,
58248,HP El GREEN 1 CANS,0.0,UNIDAD,PROD. TINTAS DIGITAL,24,SALDO MATERIAS PRIMAS,
58248,HP El GREEN 1 CANS,0.0,UNIDAD,PROD. TINTAS DIGITAL,26,OBSOLETOS COMERCIAL,
58248,HP El GREEN 1 CANS,0.0,UNIDAD,PROD. TINTAS DIGITAL,34,MP MAQUINA WEBER,
58248,HP El GREEN 1 CANS,0.0,UNIDAD,PROD. TINTAS DIGITAL,35,BODEGA GESLOG INTEGRAL,
58248,HP El GREEN 1 CANS,0.0,UNIDAD,PROD. TINTAS DIGITAL,36,CONTAINER,
58248,HP El GREEN 1 CANS,0.0,UNIDAD,PROD. TINTAS DIGITAL,38,RRHH,
58248,HP El GREEN 1 CANS,0.0,UNIDAD,PROD. TINTAS DIGITAL,40,ST CONCEPCION,
58248,HP El GREEN 1 CANS,0.0,UNIDAD,PROD. TINTAS DIGITAL,44,SERV.TECNICO SINCLAIR,
58248,HP El GREEN 1 CANS,0.0,UNIDAD,PROD. TINTAS DIGITAL,45,BODEGA PROVEEDOR,
58248,HP El GREEN 1 CANS,0.0,UNIDAD,PROD. TINTAS DIGITAL,46,SINCLAIR STOCK,
58248,HP El GREEN 1 CANS,0.0,UNIDAD,PROD. TINTAS DIGITAL,48,POSCOSECHA,
58248,HP El GREEN 1 CANS,0.0,UNIDAD,PROD. TINTAS DIGITAL,49,BOG. LOGICA ARAUCO,
58248,HP El GREEN 1 CANS,0.0,UNIDAD,PROD. TINTAS DIGITAL,50,SERV.TECNICO SAMSON,
58248,HP El GREEN 1 CANS,0.0,UNIDAD,PROD. TINTAS DIGITAL,51,PERU STOCK ENVIO,
58248,HP El GREEN 1 CANS,0.0,UNIDAD,PROD. TINTAS DIGITAL,52,ST IMPRESORAS Y EQUIPOS,
58248,HP El GREEN 1 CANS,0.0,UNIDAD,PROD. TINTAS DIGITAL,53,BODEGA ESQUIM,
58248,HP El GREEN 1 CANS,0.0,UNIDAD,PROD. TINTAS DIGITAL,54,GESLOG MALLOA,
58280,TINTA HEAD CLEANER 1690275 DURST,0.0,LITRO,PROD. TINTAS DIGITAL,01,BODEGA COSTEO,2025-01-07
58280,TINTA HEAD CLEANER 1690275 DURST,0.0,LITRO,PROD. TINTAS DIGITAL,02,MATERIAS PRIMAS E INSUMOS,2025-01-07
58280,TINTA HEAD CLEANER 1690275 DURST,0.0,LITRO,PROD. TINTAS DIGITAL,03,PRODUCTOS TERMINADOS,2025-01-07
58280,TINTA HEAD CLEANER 1690275 DURST,1.0,LITRO,PROD. TINTAS DIGITAL,04,PRODUCCION,2025-01-07
58280,TINTA HEAD CLEANER 1690275 DURST,0.0,LITRO,PROD. TINTAS DIGITAL,05,RECLAMO PROVEEDOR,2025-01-07
58280,TINTA HEAD CLEANER 1690275 DURST,0.0,LITRO,PROD. TINTAS DIGITAL,06,PRODUCTOS RECHAZADOS,2025-01-07
58280,TINTA HEAD CLEANER 1690275 DURST,0.0,LITRO,PROD. TINTAS DIGITAL,07,NOTAS DE CREDITO,2025-01-07
58280,TINTA HEAD CLEANER 1690275 DURST,0.0,LITRO,PROD. TINTAS DIGITAL,08,MPRIMA SOBRE STOCK,2025-01-07
58280,TINTA HEAD CLEANER 1690275 DURST,0.0,LITRO,PROD. TINTAS DIGITAL,10,DIFERENCIAS DE INV. P.T.,2025-01-07
58280,TINTA HEAD CLEANER 1690275 DURST,0.0,LITRO,PROD. TINTAS DIGITAL,13,TDP STOCK,2025-01-07
58280,TINTA HEAD CLEANER 1690275 DURST,0.0,LITRO,PROD. TINTAS DIGITAL,14,SERVICIO TECNICO,2025-01-07
58280,TINTA HEAD CLEANER 1690275 DURST,0.0,LITRO,PROD. TINTAS DIGITAL,15,TALLER SERV.TECNICO,2025-01-07
58280,TINTA HEAD CLEANER 1690275 DURST,0.0,LITRO,PROD. TINTAS DIGITAL,17,BODEGA CLIENTES,2025-01-07
58280,TINTA HEAD CLEANER 1690275 DURST,0.0,LITRO,PROD. TINTAS DIGITAL,20,POSCOSECHA MUESTRAS,2025-01-07
58280,TINTA HEAD CLEANER 1690275 DURST,0.0,LITRO,PROD. TINTAS DIGITAL,21,TINTAS,2025-01-07
58280,TINTA HEAD CLEANER 1690275 DURST,0.0,LITRO,PROD. TINTAS DIGITAL,22,SIEGWERK,2025-01-07
58280,TINTA HEAD CLEANER 1690275 DURST,0.0,LITRO,PROD. TINTAS DIGITAL,24,SALDO MATERIAS PRIMAS,2025-01-07
58280,TINTA HEAD CLEANER 1690275 DURST,0.0,LITRO,PROD. TINTAS DIGITAL,26,OBSOLETOS COMERCIAL,2025-01-07
58280,TINTA HEAD CLEANER 1690275 DURST,0.0,LITRO,PROD. TINTAS DIGITAL,34,MP MAQUINA WEBER,2025-01-07
58280,TINTA HEAD CLEANER 1690275 DURST,0.0,LITRO,PROD. TINTAS DIGITAL,35,BODEGA GESLOG INTEGRAL,2025-01-07
58280,TINTA HEAD CLEANER 1690275 DURST,0.0,LITRO,PROD. TINTAS DIGITAL,36,CONTAINER,2025-01-07
58280,TINTA HEAD CLEANER 1690275 DURST,0.0,LITRO,PROD. TINTAS DIGITAL,38,RRHH,2025-01-07
58280,TINTA HEAD CLEANER 1690275 DURST,0.0,LITRO,PROD. TINTAS DIGITAL,40,ST CONCEPCION,2025-01-07
58280,TINTA HEAD CLEANER 1690275 DURST,0.0,LITRO,PROD. TINTAS DIGITAL,44,SERV.TECNICO SINCLAIR,2025-01-07
58280,TINTA HEAD CLEANER 1690275 DURST,0.0,LITRO,PROD. TINTAS DIGITAL,45,BODEGA PROVEEDOR,2025-01-07
58280,TINTA HEAD CLEANER 1690275 DURST,0.0,LITRO,PROD. TINTAS DIGITAL,46,SINCLAIR STOCK,2025-01-07
58280,TINTA HEAD CLEANER 1690275 DURST,0.0,LITRO,PROD. TINTAS DIGITAL,48,POSCOSECHA,2025-01-07
58280,TINTA HEAD CLEANER 1690275 DURST,0.0,LITRO,PROD. TINTAS DIGITAL,49,BOG. LOGICA ARAUCO,2025-01-07
58280,TINTA HEAD CLEANER 1690275 DURST,0.0,LITRO,PROD. TINTAS DIGITAL,50,SERV.TECNICO SAMSON,2025-01-07
58280,TINTA HEAD CLEANER 1690275 DURST,0.0,LITRO,PROD. TINTAS DIGITAL,51,PERU STOCK ENVIO,2025-01-07
58280,TINTA HEAD CLEANER 1690275 DURST,0.0,LITRO,PROD. TINTAS DIGITAL,52,ST IMPRESORAS Y EQUIPOS,2025-01-07
58280,TINTA HEAD CLEANER 1690275 DURST,0.0,LITRO,PROD. TINTAS DIGITAL,53,BODEGA ESQUIM,2025-01-07
58280,TINTA HEAD CLEANER 1690275 DURST,0.0,LITRO,PROD. TINTAS DIGITAL,54,GESLOG MALLOA,2025-01-07
58286,POLYESTER WIPES 1473245 DURST,0.0,UN,PROD. TINTAS DIGITAL,01,BODEGA COSTEO,2025-03-17
58286,POLYESTER WIPES 1473245 DURST,0.0,UN,PROD. TINTAS DIGITAL,02,MATERIAS PRIMAS E INSUMOS,2025-03-17
58286,POLYESTER WIPES 1473245 DURST,0.0,UN,PROD. TINTAS DIGITAL,03,PRODUCTOS TERMINADOS,2025-03-17
58286,POLYESTER WIPES 1473245 DURST,1.0,UN,PROD. TINTAS DIGITAL,04,PRODUCCION,2025-03-17
58286,POLYESTER WIPES 1473245 DURST,0.0,UN,PROD. TINTAS DIGITAL,05,RECLAMO PROVEEDOR,2025-03-17
58286,POLYESTER WIPES 1473245 DURST,0.0,UN,PROD. TINTAS DIGITAL,06,PRODUCTOS RECHAZADOS,2025-03-17
58286,POLYESTER WIPES 1473245 DURST,0.0,UN,PROD. TINTAS DIGITAL,07,NOTAS DE CREDITO,2025-03-17
58286,POLYESTER WIPES 1473245 DURST,0.0,UN,PROD. TINTAS DIGITAL,08,MPRIMA SOBRE STOCK,2025-03-17
58286,POLYESTER WIPES 1473245 DURST,0.0,UN,PROD. TINTAS DIGITAL,10,DIFERENCIAS DE INV. P.T.,2025-03-17
58286,POLYESTER WIPES 1473245 DURST,0.0,UN,PROD. TINTAS DIGITAL,13,TDP STOCK,2025-03-17
58286,POLYESTER WIPES 1473245 DURST,0.0,UN,PROD. TINTAS DIGITAL,14,SERVICIO TECNICO,2025-03-17
58286,POLYESTER WIPES 1473245 DURST,0.0,UN,PROD. TINTAS DIGITAL,15,TALLER SERV.TECNICO,2025-03-17
58286,POLYESTER WIPES 1473245 DURST,0.0,UN,PROD. TINTAS DIGITAL,17,BODEGA CLIENTES,2025-03-17
58286,POLYESTER WIPES 1473245 DURST,0.0,UN,PROD. TINTAS DIGITAL,20,POSCOSECHA MUESTRAS,2025-03-17
58286,POLYESTER WIPES 1473245 DURST,0.0,UN,PROD. TINTAS DIGITAL,21,TINTAS,2025-03-17
58286,POLYESTER WIPES 1473245 DURST,0.0,UN,PROD. TINTAS DIGITAL,22,SIEGWERK,2025-03-17
58286,POLYESTER WIPES 1473245 DURST,0.0,UN,PROD. TINTAS DIGITAL,24,SALDO MATERIAS PRIMAS,2025-03-17
58286,POLYESTER WIPES 1473245 DURST,0.0,UN,PROD. TINTAS DIGITAL,26,OBSOLETOS COMERCIAL,2025-03-17
58286,POLYESTER WIPES 1473245 DURST,0.0,UN,PROD. TINTAS DIGITAL,34,MP MAQUINA WEBER,2025-03-17
58286,POLYESTER WIPES 1473245 DURST,0.0,UN,PROD. TINTAS DIGITAL,35,BODEGA GESLOG INTEGRAL,2025-03-17
58286,POLYESTER WIPES 1473245 DURST,8.0,UN,PROD. TINTAS DIGITAL,36,CONTAINER,2025-03-17
58286,POLYESTER WIPES 1473245 DURST,0.0,UN,PROD. TINTAS DIGITAL,38,RRHH,2025-03-17
58286,POLYESTER WIPES 1473245 DURST,0.0,UN,PROD. TINTAS DIGITAL,40,ST CONCEPCION,2025-03-17
58286,POLYESTER WIPES 1473245 DURST,0.0,UN,PROD. TINTAS DIGITAL,44,SERV.TECNICO SINCLAIR,2025-03-17
58286,POLYESTER WIPES 1473245 DURST,0.0,UN,PROD. TINTAS DIGITAL,45,BODEGA PROVEEDOR,2025-03-17
58286,POLYESTER WIPES 1473245 DURST,0.0,UN,PROD. TINTAS DIGITAL,46,SINCLAIR STOCK,2025-03-17
58286,POLYESTER WIPES 1473245 DURST,0.0,UN,PROD. TINTAS DIGITAL,48,POSCOSECHA,2025-03-17
58286,POLYESTER WIPES 1473245 DURST,0.0,UN,PROD. TINTAS DIGITAL,49,BOG. LOGICA ARAUCO,2025-03-17
58286,POLYESTER WIPES 1473245 DURST,0.0,UN,PROD. TINTAS DIGITAL,50,SERV.TECNICO SAMSON,2025-03-17
58286,POLYESTER WIPES 1473245 DURST,0.0,UN,PROD. TINTAS DIGITAL,51,PERU STOCK ENVIO,2025-03-17
58286,POLYESTER WIPES 1473245 DURST,0.0,UN,PROD. TINTAS DIGITAL,52,ST IMPRESORAS Y EQUIPOS,2025-03-17
58286,POLYESTER WIPES 1473245 DURST,0.0,UN,PROD. TINTAS DIGITAL,53,BODEGA ESQUIM,2025-03-17
58286,POLYESTER WIPES 1473245 DURST,0.0,UN,PROD. TINTAS DIGITAL,54,GESLOG MALLOA,2025-03-17
58287,GREASE ISOFLEX TOPAS NCA 4290014 DURST,0.0,LITRO,PROD. TINTAS DIGITAL,01,BODEGA COSTEO,2025-07-31
58287,GREASE ISOFLEX TOPAS NCA 4290014 DURST,0.0,LITRO,PROD. TINTAS DIGITAL,02,MATERIAS PRIMAS E INSUMOS,2025-07-31
58287,GREASE ISOFLEX TOPAS NCA 4290014 DURST,0.0,LITRO,PROD. TINTAS DIGITAL,03,PRODUCTOS TERMINADOS,2025-07-31
58287,GREASE ISOFLEX TOPAS NCA 4290014 DURST,2.0,LITRO,PROD. TINTAS DIGITAL,04,PRODUCCION,2025-07-31
58287,GREASE ISOFLEX TOPAS NCA 4290014 DURST,0.0,LITRO,PROD. TINTAS DIGITAL,05,RECLAMO PROVEEDOR,2025-07-31
58287,GREASE ISOFLEX TOPAS NCA 4290014 DURST,0.0,LITRO,PROD. TINTAS DIGITAL,06,PRODUCTOS RECHAZADOS,2025-07-31
58287,GREASE ISOFLEX TOPAS NCA 4290014 DURST,0.0,LITRO,PROD. TINTAS DIGITAL,07,NOTAS DE CREDITO,2025-07-31
58287,GREASE ISOFLEX TOPAS NCA 4290014 DURST,0.0,LITRO,PROD. TINTAS DIGITAL,08,MPRIMA SOBRE STOCK,2025-07-31
58287,GREASE ISOFLEX TOPAS NCA 4290014 DURST,0.0,LITRO,PROD. TINTAS DIGITAL,10,DIFERENCIAS DE INV. P.T.,2025-07-31
58287,GREASE ISOFLEX TOPAS NCA 4290014 DURST,0.0,LITRO,PROD. TINTAS DIGITAL,13,TDP STOCK,2025-07-31
58287,GREASE ISOFLEX TOPAS NCA 4290014 DURST,0.0,LITRO,PROD. TINTAS DIGITAL,14,SERVICIO TECNICO,2025-07-31
58287,GREASE ISOFLEX TOPAS NCA 4290014 DURST,0.0,LITRO,PROD. TINTAS DIGITAL,15,TALLER SERV.TECNICO,2025-07-31
58287,GREASE ISOFLEX TOPAS NCA 4290014 DURST,0.0,LITRO,PROD. TINTAS DIGITAL,17,BODEGA CLIENTES,2025-07-31
58287,GREASE ISOFLEX TOPAS NCA 4290014 DURST,0.0,LITRO,PROD. TINTAS DIGITAL,20,POSCOSECHA MUESTRAS,2025-07-31
58287,GREASE ISOFLEX TOPAS NCA 4290014 DURST,0.0,LITRO,PROD. TINTAS DIGITAL,21,TINTAS,2025-07-31
58287,GREASE ISOFLEX TOPAS NCA 4290014 DURST,0.0,LITRO,PROD. TINTAS DIGITAL,22,SIEGWERK,2025-07-31
58287,GREASE ISOFLEX TOPAS NCA 4290014 DURST,0.0,LITRO,PROD. TINTAS DIGITAL,24,SALDO MATERIAS PRIMAS,2025-07-31
58287,GREASE ISOFLEX TOPAS NCA 4290014 DURST,0.0,LITRO,PROD. TINTAS DIGITAL,26,OBSOLETOS COMERCIAL,2025-07-31
58287,GREASE ISOFLEX TOPAS NCA 4290014 DURST,0.0,LITRO,PROD. TINTAS DIGITAL,34,MP MAQUINA WEBER,2025-07-31
58287,GREASE ISOFLEX TOPAS NCA 4290014 DURST,0.0,LITRO,PROD. TINTAS DIGITAL,35,BODEGA GESLOG INTEGRAL,2025-07-31
58287,GREASE ISOFLEX TOPAS NCA 4290014 DURST,0.0,LITRO,PROD. TINTAS DIGITAL,36,CONTAINER,2025-07-31
58287,GREASE ISOFLEX TOPAS NCA 4290014 DURST,0.0,LITRO,PROD. TINTAS DIGITAL,38,RRHH,2025-07-31
58287,GREASE ISOFLEX TOPAS NCA 4290014 DURST,0.0,LITRO,PROD. TINTAS DIGITAL,40,ST CONCEPCION,2025-07-31
58287,GREASE ISOFLEX TOPAS NCA 4290014 DURST,0.0,LITRO,PROD. TINTAS DIGITAL,44,SERV.TECNICO SINCLAIR,2025-07-31
58287,GREASE ISOFLEX TOPAS NCA 4290014 DURST,0.0,LITRO,PROD. TINTAS DIGITAL,45,BODEGA PROVEEDOR,2025-07-31
58287,GREASE ISOFLEX TOPAS NCA 4290014 DURST,0.0,LITRO,PROD. TINTAS DIGITAL,46,SINCLAIR STOCK,2025-07-31
58287,GREASE ISOFLEX TOPAS NCA 4290014 DURST,0.0,LITRO,PROD. TINTAS DIGITAL,48,POSCOSECHA,2025-07-31
58287,GREASE ISOFLEX TOPAS NCA 4290014 DURST,0.0,LITRO,PROD. TINTAS DIGITAL,49,BOG. LOGICA ARAUCO,2025-07-31
58287,GREASE ISOFLEX TOPAS NCA 4290014 DURST,0.0,LITRO,PROD. TINTAS DIGITAL,50,SERV.TECNICO SAMSON,2025-07-31
58287,GREASE ISOFLEX TOPAS NCA 4290014 DURST,0.0,LITRO,PROD. TINTAS DIGITAL,51,PERU STOCK ENVIO,2025-07-31
58287,GREASE ISOFLEX TOPAS NCA 4290014 DURST,0.0,LITRO,PROD. TINTAS DIGITAL,52,ST IMPRESORAS Y EQUIPOS,2025-07-31
58287,GREASE ISOFLEX TOPAS NCA 4290014 DURST,0.0,LITRO,PROD. TINTAS DIGITAL,53,BODEGA ESQUIM,2025-07-31
58287,GREASE ISOFLEX TOPAS NCA 4290014 DURST,0.0,LITRO,PROD. TINTAS DIGITAL,54,GESLOG MALLOA,2025-07-31
58288,TAU WEB CLEAN ROLLER TEKNEK 4250856 DURST,0.0,LITRO,PROD. TINTAS DIGITAL,01,BODEGA COSTEO,2025-07-31
58288,TAU WEB CLEAN ROLLER TEKNEK 4250856 DURST,0.0,LITRO,PROD. TINTAS DIGITAL,02,MATERIAS PRIMAS E INSUMOS,2025-07-31
58288,TAU WEB CLEAN ROLLER TEKNEK 4250856 DURST,0.0,LITRO,PROD. TINTAS DIGITAL,03,PRODUCTOS TERMINADOS,2025-07-31
58288,TAU WEB CLEAN ROLLER TEKNEK 4250856 DURST,2.0,LITRO,PROD. TINTAS DIGITAL,04,PRODUCCION,2025-07-31
58288,TAU WEB CLEAN ROLLER TEKNEK 4250856 DURST,0.0,LITRO,PROD. TINTAS DIGITAL,05,RECLAMO PROVEEDOR,2025-07-31
58288,TAU WEB CLEAN ROLLER TEKNEK 4250856 DURST,0.0,LITRO,PROD. TINTAS DIGITAL,06,PRODUCTOS RECHAZADOS,2025-07-31
58288,TAU WEB CLEAN ROLLER TEKNEK 4250856 DURST,0.0,LITRO,PROD. TINTAS DIGITAL,07,NOTAS DE CREDITO,2025-07-31
58288,TAU WEB CLEAN ROLLER TEKNEK 4250856 DURST,0.0,LITRO,PROD. TINTAS DIGITAL,08,MPRIMA SOBRE STOCK,2025-07-31
58288,TAU WEB CLEAN ROLLER TEKNEK 4250856 DURST,0.0,LITRO,PROD. TINTAS DIGITAL,10,DIFERENCIAS DE INV. P.T.,2025-07-31
58288,TAU WEB CLEAN ROLLER TEKNEK 4250856 DURST,0.0,LITRO,PROD. TINTAS DIGITAL,13,TDP STOCK,2025-07-31
58288,TAU WEB CLEAN ROLLER TEKNEK 4250856 DURST,0.0,LITRO,PROD. TINTAS DIGITAL,14,SERVICIO TECNICO,2025-07-31
58288,TAU WEB CLEAN ROLLER TEKNEK 4250856 DURST,0.0,LITRO,PROD. TINTAS DIGITAL,15,TALLER SERV.TECNICO,2025-07-31
58288,TAU WEB CLEAN ROLLER TEKNEK 4250856 DURST,0.0,LITRO,PROD. TINTAS DIGITAL,17,BODEGA CLIENTES,2025-07-31
58288,TAU WEB CLEAN ROLLER TEKNEK 4250856 DURST,0.0,LITRO,PROD. TINTAS DIGITAL,20,POSCOSECHA MUESTRAS,2025-07-31
58288,TAU WEB CLEAN ROLLER TEKNEK 4250856 DURST,0.0,LITRO,PROD. TINTAS DIGITAL,21,TINTAS,2025-07-31
58288,TAU WEB CLEAN ROLLER TEKNEK 4250856 DURST,0.0,LITRO,PROD. TINTAS DIGITAL,22,SIEGWERK,2025-07-31
58288,TAU WEB CLEAN ROLLER TEKNEK 4250856 DURST,0.0,LITRO,PROD. TINTAS DIGITAL,24,SALDO MATERIAS PRIMAS,2025-07-31
58288,TAU WEB CLEAN ROLLER TEKNEK 4250856 DURST,0.0,LITRO,PROD. TINTAS DIGITAL,26,OBSOLETOS COMERCIAL,2025-07-31
58288,TAU WEB CLEAN ROLLER TEKNEK 4250856 DURST,0.0,LITRO,PROD. TINTAS DIGITAL,34,MP MAQUINA WEBER,2025-07-31
58288,TAU WEB CLEAN ROLLER TEKNEK 4250856 DURST,0.0,LITRO,PROD. TINTAS DIGITAL,35,BODEGA GESLOG INTEGRAL,2025-07-31
58288,TAU WEB CLEAN ROLLER TEKNEK 4250856 DURST,0.0,LITRO,PROD. TINTAS DIGITAL,36,CONTAINER,2025-07-31
58288,TAU WEB CLEAN ROLLER TEKNEK 4250856 DURST,0.0,LITRO,PROD. TINTAS DIGITAL,38,RRHH,2025-07-31
58288,TAU WEB CLEAN ROLLER TEKNEK 4250856 DURST,0.0,LITRO,PROD. TINTAS DIGITAL,40,ST CONCEPCION,2025-07-31
58288,TAU WEB CLEAN ROLLER TEKNEK 4250856 DURST,0.0,LITRO,PROD. TINTAS DIGITAL,44,SERV.TECNICO SINCLAIR,2025-07-31
58288,TAU WEB CLEAN ROLLER TEKNEK 4250856 DURST,0.0,LITRO,PROD. TINTAS DIGITAL,45,BODEGA PROVEEDOR,2025-07-31
58288,TAU WEB CLEAN ROLLER TEKNEK 4250856 DURST,0.0,LITRO,PROD. TINTAS DIGITAL,46,SINCLAIR STOCK,2025-07-31
58288,TAU WEB CLEAN ROLLER TEKNEK 4250856 DURST,0.0,LITRO,PROD. TINTAS DIGITAL,48,POSCOSECHA,2025-07-31
58288,TAU WEB CLEAN ROLLER TEKNEK 4250856 DURST,0.0,LITRO,PROD. TINTAS DIGITAL,49,BOG. LOGICA ARAUCO,2025-07-31
58288,TAU WEB CLEAN ROLLER TEKNEK 4250856 DURST,0.0,LITRO,PROD. TINTAS DIGITAL,50,SERV.TECNICO SAMSON,2025-07-31
58288,TAU WEB CLEAN ROLLER TEKNEK 4250856 DURST,0.0,LITRO,PROD. TINTAS DIGITAL,51,PERU STOCK ENVIO,2025-07-31
58288,TAU WEB CLEAN ROLLER TEKNEK 4250856 DURST,0.0,LITRO,PROD. TINTAS DIGITAL,52,ST IMPRESORAS Y EQUIPOS,2025-07-31
58288,TAU WEB CLEAN ROLLER TEKNEK 4250856 DURST,0.0,LITRO,PROD. TINTAS DIGITAL,53,BODEGA ESQUIM,2025-07-31
58288,TAU WEB CLEAN ROLLER TEKNEK 4250856 DURST,0.0,LITRO,PROD. TINTAS DIGITAL,54,GESLOG MALLOA,2025-07-31
58289,TAU 330 RSC HEAD CLEANER 1690275 DURST,0.0,LITRO,PROD. TINTAS DIGITAL,01,BODEGA COSTEO,
58289,TAU 330 RSC HEAD CLEANER 1690275 DURST,0.0,LITRO,PROD. TINTAS DIGITAL,02,MATERIAS PRIMAS E INSUMOS,
58289,TAU 330 RSC HEAD CLEANER 1690275 DURST,0.0,LITRO,PROD. TINTAS DIGITAL,03,PRODUCTOS TERMINADOS,
58289,TAU 330 RSC HEAD CLEANER 1690275 DURST,0.0,LITRO,PROD. TINTAS DIGITAL,04,PRODUCCION,
58289,TAU 330 RSC HEAD CLEANER 1690275 DURST,0.0,LITRO,PROD. TINTAS DIGITAL,05,RECLAMO PROVEEDOR,
58289,TAU 330 RSC HEAD CLEANER 1690275 DURST,0.0,LITRO,PROD. TINTAS DIGITAL,06,PRODUCTOS RECHAZADOS,
58289,TAU 330 RSC HEAD CLEANER 1690275 DURST,0.0,LITRO,PROD. TINTAS DIGITAL,07,NOTAS DE CREDITO,
58289,TAU 330 RSC HEAD CLEANER 1690275 DURST,0.0,LITRO,PROD. TINTAS DIGITAL,08,MPRIMA SOBRE STOCK,
58289,TAU 330 RSC HEAD CLEANER 1690275 DURST,0.0,LITRO,PROD. TINTAS DIGITAL,10,DIFERENCIAS DE INV. P.T.,
58289,TAU 330 RSC HEAD CLEANER 1690275 DURST,0.0,LITRO,PROD. TINTAS DIGITAL,13,TDP STOCK,
58289,TAU 330 RSC HEAD CLEANER 1690275 DURST,0.0,LITRO,PROD. TINTAS DIGITAL,14,SERVICIO TECNICO,
58289,TAU 330 RSC HEAD CLEANER 1690275 DURST,0.0,LITRO,PROD. TINTAS DIGITAL,15,TALLER SERV.TECNICO,
58289,TAU 330 RSC HEAD CLEANER 1690275 DURST,0.0,LITRO,PROD. TINTAS DIGITAL,17,BODEGA CLIENTES,
58289,TAU 330 RSC HEAD CLEANER 1690275 DURST,0.0,LITRO,PROD. TINTAS DIGITAL,20,POSCOSECHA MUESTRAS,
58289,TAU 330 RSC HEAD CLEANER 1690275 DURST,0.0,LITRO,PROD. TINTAS DIGITAL,21,TINTAS,
58289,TAU 330 RSC HEAD CLEANER 1690275 DURST,0.0,LITRO,PROD. TINTAS DIGITAL,22,SIEGWERK,
58289,TAU 330 RSC HEAD CLEANER 1690275 DURST,0.0,LITRO,PROD. TINTAS DIGITAL,24,SALDO MATERIAS PRIMAS,
58289,TAU 330 RSC HEAD CLEANER 1690275 DURST,0.0,LITRO,PROD. TINTAS DIGITAL,26,OBSOLETOS COMERCIAL,
58289,TAU 330 RSC HEAD CLEANER 1690275 DURST,0.0,LITRO,PROD. TINTAS DIGITAL,34,MP MAQUINA WEBER,
58289,TAU 330 RSC HEAD CLEANER 1690275 DURST,0.0,LITRO,PROD. TINTAS DIGITAL,35,BODEGA GESLOG INTEGRAL,
58289,TAU 330 RSC HEAD CLEANER 1690275 DURST,0.0,LITRO,PROD. TINTAS DIGITAL,36,CONTAINER,
58289,TAU 330 RSC HEAD CLEANER 1690275 DURST,0.0,LITRO,PROD. TINTAS DIGITAL,38,RRHH,
58289,TAU 330 RSC HEAD CLEANER 1690275 DURST,0.0,LITRO,PROD. TINTAS DIGITAL,40,ST CONCEPCION,
58289,TAU 330 RSC HEAD CLEANER 1690275 DURST,0.0,LITRO,PROD. TINTAS DIGITAL,44,SERV.TECNICO SINCLAIR,
58289,TAU 330 RSC HEAD CLEANER 1690275 DURST,0.0,LITRO,PROD. TINTAS DIGITAL,45,BODEGA PROVEEDOR,
58289,TAU 330 RSC HEAD CLEANER 1690275 DURST,0.0,LITRO,PROD. TINTAS DIGITAL,46,SINCLAIR STOCK,
58289,TAU 330 RSC HEAD CLEANER 1690275 DURST,0.0,LITRO,PROD. TINTAS DIGITAL,48,POSCOSECHA,
58289,TAU 330 RSC HEAD CLEANER 1690275 DURST,0.0,LITRO,PROD. TINTAS DIGITAL,49,BOG. LOGICA ARAUCO,
58289,TAU 330 RSC HEAD CLEANER 1690275 DURST,0.0,LITRO,PROD. TINTAS DIGITAL,50,SERV.TECNICO SAMSON,
58289,TAU 330 RSC HEAD CLEANER 1690275 DURST,0.0,LITRO,PROD. TINTAS DIGITAL,51,PERU STOCK ENVIO,
58289,TAU 330 RSC HEAD CLEANER 1690275 DURST,0.0,LITRO,PROD. TINTAS DIGITAL,52,ST IMPRESORAS Y EQUIPOS,
58289,TAU 330 RSC HEAD CLEANER 1690275 DURST,0.0,LITRO,PROD. TINTAS DIGITAL,53,BODEGA ESQUIM,
58289,TAU 330 RSC HEAD CLEANER 1690275 DURST,0.0,LITRO,PROD. TINTAS DIGITAL,54,GESLOG MALLOA,
58290,BULB UV LAMP TAU 330 1873262 DURST,0.0,LITRO,PROD. TINTAS DIGITAL,01,BODEGA COSTEO,
58290,BULB UV LAMP TAU 330 1873262 DURST,0.0,LITRO,PROD. TINTAS DIGITAL,02,MATERIAS PRIMAS E INSUMOS,
58290,BULB UV LAMP TAU 330 1873262 DURST,0.0,LITRO,PROD. TINTAS DIGITAL,03,PRODUCTOS TERMINADOS,
58290,BULB UV LAMP TAU 330 1873262 DURST,0.0,LITRO,PROD. TINTAS DIGITAL,04,PRODUCCION,
58290,BULB UV LAMP TAU 330 1873262 DURST,0.0,LITRO,PROD. TINTAS DIGITAL,05,RECLAMO PROVEEDOR,
58290,BULB UV LAMP TAU 330 1873262 DURST,0.0,LITRO,PROD. TINTAS DIGITAL,06,PRODUCTOS RECHAZADOS,
58290,BULB UV LAMP TAU 330 1873262 DURST,0.0,LITRO,PROD. TINTAS DIGITAL,07,NOTAS DE CREDITO,
58290,BULB UV LAMP TAU 330 1873262 DURST,0.0,LITRO,PROD. TINTAS DIGITAL,08,MPRIMA SOBRE STOCK,
58290,BULB UV LAMP TAU 330 1873262 DURST,0.0,LITRO,PROD. TINTAS DIGITAL,10,DIFERENCIAS DE INV. P.T.,
58290,BULB UV LAMP TAU 330 1873262 DURST,0.0,LITRO,PROD. TINTAS DIGITAL,13,TDP STOCK,
58290,BULB UV LAMP TAU 330 1873262 DURST,0.0,LITRO,PROD. TINTAS DIGITAL,14,SERVICIO TECNICO,
58290,BULB UV LAMP TAU 330 1873262 DURST,0.0,LITRO,PROD. TINTAS DIGITAL,15,TALLER SERV.TECNICO,
58290,BULB UV LAMP TAU 330 1873262 DURST,0.0,LITRO,PROD. TINTAS DIGITAL,17,BODEGA CLIENTES,
58290,BULB UV LAMP TAU 330 1873262 DURST,0.0,LITRO,PROD. TINTAS DIGITAL,20,POSCOSECHA MUESTRAS,
58290,BULB UV LAMP TAU 330 1873262 DURST,0.0,LITRO,PROD. TINTAS DIGITAL,21,TINTAS,
58290,BULB UV LAMP TAU 330 1873262 DURST,0.0,LITRO,PROD. TINTAS DIGITAL,22,SIEGWERK,
58290,BULB UV LAMP TAU 330 1873262 DURST,0.0,LITRO,PROD. TINTAS DIGITAL,24,SALDO MATERIAS PRIMAS,
58290,BULB UV LAMP TAU 330 1873262 DURST,0.0,LITRO,PROD. TINTAS DIGITAL,26,OBSOLETOS COMERCIAL,
58290,BULB UV LAMP TAU 330 1873262 DURST,0.0,LITRO,PROD. TINTAS DIGITAL,34,MP MAQUINA WEBER,
58290,BULB UV LAMP TAU 330 1873262 DURST,0.0,LITRO,PROD. TINTAS DIGITAL,35,BODEGA GESLOG INTEGRAL,
58290,BULB UV LAMP TAU 330 1873262 DURST,0.0,LITRO,PROD. TINTAS DIGITAL,36,CONTAINER,
58290,BULB UV LAMP TAU 330 1873262 DURST,0.0,LITRO,PROD. TINTAS DIGITAL,38,RRHH,
58290,BULB UV LAMP TAU 330 1873262 DURST,0.0,LITRO,PROD. TINTAS DIGITAL,40,ST CONCEPCION,
58290,BULB UV LAMP TAU 330 1873262 DURST,0.0,LITRO,PROD. TINTAS DIGITAL,44,SERV.TECNICO SINCLAIR,
58290,BULB UV LAMP TAU 330 1873262 DURST,0.0,LITRO,PROD. TINTAS DIGITAL,45,BODEGA PROVEEDOR,
58290,BULB UV LAMP TAU 330 1873262 DURST,0.0,LITRO,PROD. TINTAS DIGITAL,46,SINCLAIR STOCK,
58290,BULB UV LAMP TAU 330 1873262 DURST,0.0,LITRO,PROD. TINTAS DIGITAL,48,POSCOSECHA,
58290,BULB UV LAMP TAU 330 1873262 DURST,0.0,LITRO,PROD. TINTAS DIGITAL,49,BOG. LOGICA ARAUCO,
58290,BULB UV LAMP TAU 330 1873262 DURST,0.0,LITRO,PROD. TINTAS DIGITAL,50,SERV.TECNICO SAMSON,
58290,BULB UV LAMP TAU 330 1873262 DURST,0.0,LITRO,PROD. TINTAS DIGITAL,51,PERU STOCK ENVIO,
58290,BULB UV LAMP TAU 330 1873262 DURST,0.0,LITRO,PROD. TINTAS DIGITAL,52,ST IMPRESORAS Y EQUIPOS,
58290,BULB UV LAMP TAU 330 1873262 DURST,0.0,LITRO,PROD. TINTAS DIGITAL,53,BODEGA ESQUIM,
58290,BULB UV LAMP TAU 330 1873262 DURST,0.0,LITRO,PROD. TINTAS DIGITAL,54,GESLOG MALLOA,
58291,LUBRICATING OIL KLUBER LAMORA 4101010 DURST,0.0,LITRO,PROD. TINTAS DIGITAL,01,BODEGA COSTEO,
58291,LUBRICATING OIL KLUBER LAMORA 4101010 DURST,0.0,LITRO,PROD. TINTAS DIGITAL,02,MATERIAS PRIMAS E INSUMOS,
58291,LUBRICATING OIL KLUBER LAMORA 4101010 DURST,0.0,LITRO,PROD. TINTAS DIGITAL,03,PRODUCTOS TERMINADOS,
58291,LUBRICATING OIL KLUBER LAMORA 4101010 DURST,0.0,LITRO,PROD. TINTAS DIGITAL,04,PRODUCCION,
58291,LUBRICATING OIL KLUBER LAMORA 4101010 DURST,0.0,LITRO,PROD. TINTAS DIGITAL,05,RECLAMO PROVEEDOR,
58291,LUBRICATING OIL KLUBER LAMORA 4101010 DURST,0.0,LITRO,PROD. TINTAS DIGITAL,06,PRODUCTOS RECHAZADOS,
58291,LUBRICATING OIL KLUBER LAMORA 4101010 DURST,0.0,LITRO,PROD. TINTAS DIGITAL,07,NOTAS DE CREDITO,
58291,LUBRICATING OIL KLUBER LAMORA 4101010 DURST,0.0,LITRO,PROD. TINTAS DIGITAL,08,MPRIMA SOBRE STOCK,
58291,LUBRICATING OIL KLUBER LAMORA 4101010 DURST,0.0,LITRO,PROD. TINTAS DIGITAL,10,DIFERENCIAS DE INV. P.T.,
58291,LUBRICATING OIL KLUBER LAMORA 4101010 DURST,0.0,LITRO,PROD. TINTAS DIGITAL,13,TDP STOCK,
58291,LUBRICATING OIL KLUBER LAMORA 4101010 DURST,0.0,LITRO,PROD. TINTAS DIGITAL,14,SERVICIO TECNICO,
58291,LUBRICATING OIL KLUBER LAMORA 4101010 DURST,0.0,LITRO,PROD. TINTAS DIGITAL,15,TALLER SERV.TECNICO,
58291,LUBRICATING OIL KLUBER LAMORA 4101010 DURST,0.0,LITRO,PROD. TINTAS DIGITAL,17,BODEGA CLIENTES,
58291,LUBRICATING OIL KLUBER LAMORA 4101010 DURST,0.0,LITRO,PROD. TINTAS DIGITAL,20,POSCOSECHA MUESTRAS,
58291,LUBRICATING OIL KLUBER LAMORA 4101010 DURST,0.0,LITRO,PROD. TINTAS DIGITAL,21,TINTAS,
58291,LUBRICATING OIL KLUBER LAMORA 4101010 DURST,0.0,LITRO,PROD. TINTAS DIGITAL,22,SIEGWERK,
58291,LUBRICATING OIL KLUBER LAMORA 4101010 DURST,0.0,LITRO,PROD. TINTAS DIGITAL,24,SALDO MATERIAS PRIMAS,
58291,LUBRICATING OIL KLUBER LAMORA 4101010 DURST,0.0,LITRO,PROD. TINTAS DIGITAL,26,OBSOLETOS COMERCIAL,
58291,LUBRICATING OIL KLUBER LAMORA 4101010 DURST,0.0,LITRO,PROD. TINTAS DIGITAL,34,MP MAQUINA WEBER,
58291,LUBRICATING OIL KLUBER LAMORA 4101010 DURST,0.0,LITRO,PROD. TINTAS DIGITAL,35,BODEGA GESLOG INTEGRAL,
58291,LUBRICATING OIL KLUBER LAMORA 4101010 DURST,0.0,LITRO,PROD. TINTAS DIGITAL,36,CONTAINER,
58291,LUBRICATING OIL KLUBER LAMORA 4101010 DURST,0.0,LITRO,PROD. TINTAS DIGITAL,38,RRHH,
58291,LUBRICATING OIL KLUBER LAMORA 4101010 DURST,0.0,LITRO,PROD. TINTAS DIGITAL,40,ST CONCEPCION,
58291,LUBRICATING OIL KLUBER LAMORA 4101010 DURST,0.0,LITRO,PROD. TINTAS DIGITAL,44,SERV.TECNICO SINCLAIR,
58291,LUBRICATING OIL KLUBER LAMORA 4101010 DURST,0.0,LITRO,PROD. TINTAS DIGITAL,45,BODEGA PROVEEDOR,
58291,LUBRICATING OIL KLUBER LAMORA 4101010 DURST,0.0,LITRO,PROD. TINTAS DIGITAL,46,SINCLAIR STOCK,
58291,LUBRICATING OIL KLUBER LAMORA 4101010 DURST,0.0,LITRO,PROD. TINTAS DIGITAL,48,POSCOSECHA,
58291,LUBRICATING OIL KLUBER LAMORA 4101010 DURST,0.0,LITRO,PROD. TINTAS DIGITAL,49,BOG. LOGICA ARAUCO,
58291,LUBRICATING OIL KLUBER LAMORA 4101010 DURST,0.0,LITRO,PROD. TINTAS DIGITAL,50,SERV.TECNICO SAMSON,
58291,LUBRICATING OIL KLUBER LAMORA 4101010 DURST,0.0,LITRO,PROD. TINTAS DIGITAL,51,PERU STOCK ENVIO,
58291,LUBRICATING OIL KLUBER LAMORA 4101010 DURST,0.0,LITRO,PROD. TINTAS DIGITAL,52,ST IMPRESORAS Y EQUIPOS,
58291,LUBRICATING OIL KLUBER LAMORA 4101010 DURST,0.0,LITRO,PROD. TINTAS DIGITAL,53,BODEGA ESQUIM,
58291,LUBRICATING OIL KLUBER LAMORA 4101010 DURST,0.0,LITRO,PROD. TINTAS DIGITAL,54,GESLOG MALLOA,
58337,EINSTELLBLOCK AD42872 DURST,0.0,LITRO,PROD. TINTAS DIGITAL,01,BODEGA COSTEO,
58337,EINSTELLBLOCK AD42872 DURST,0.0,LITRO,PROD. TINTAS DIGITAL,02,MATERIAS PRIMAS E INSUMOS,
58337,EINSTELLBLOCK AD42872 DURST,0.0,LITRO,PROD. TINTAS DIGITAL,03,PRODUCTOS TERMINADOS,
58337,EINSTELLBLOCK AD42872 DURST,0.0,LITRO,PROD. TINTAS DIGITAL,04,PRODUCCION,
58337,EINSTELLBLOCK AD42872 DURST,0.0,LITRO,PROD. TINTAS DIGITAL,05,RECLAMO PROVEEDOR,
58337,EINSTELLBLOCK AD42872 DURST,0.0,LITRO,PROD. TINTAS DIGITAL,06,PRODUCTOS RECHAZADOS,
58337,EINSTELLBLOCK AD42872 DURST,0.0,LITRO,PROD. TINTAS DIGITAL,07,NOTAS DE CREDITO,
58337,EINSTELLBLOCK AD42872 DURST,0.0,LITRO,PROD. TINTAS DIGITAL,08,MPRIMA SOBRE STOCK,
58337,EINSTELLBLOCK AD42872 DURST,0.0,LITRO,PROD. TINTAS DIGITAL,10,DIFERENCIAS DE INV. P.T.,
58337,EINSTELLBLOCK AD42872 DURST,0.0,LITRO,PROD. TINTAS DIGITAL,13,TDP STOCK,
58337,EINSTELLBLOCK AD42872 DURST,0.0,LITRO,PROD. TINTAS DIGITAL,14,SERVICIO TECNICO,
58337,EINSTELLBLOCK AD42872 DURST,0.0,LITRO,PROD. TINTAS DIGITAL,15,TALLER SERV.TECNICO,
58337,EINSTELLBLOCK AD42872 DURST,0.0,LITRO,PROD. TINTAS DIGITAL,17,BODEGA CLIENTES,
58337,EINSTELLBLOCK AD42872 DURST,0.0,LITRO,PROD. TINTAS DIGITAL,20,POSCOSECHA MUESTRAS,
58337,EINSTELLBLOCK AD42872 DURST,0.0,LITRO,PROD. TINTAS DIGITAL,21,TINTAS,
58337,EINSTELLBLOCK AD42872 DURST,0.0,LITRO,PROD. TINTAS DIGITAL,22,SIEGWERK,
58337,EINSTELLBLOCK AD42872 DURST,0.0,LITRO,PROD. TINTAS DIGITAL,24,SALDO MATERIAS PRIMAS,
58337,EINSTELLBLOCK AD42872 DURST,0.0,LITRO,PROD. TINTAS DIGITAL,26,OBSOLETOS COMERCIAL,
58337,EINSTELLBLOCK AD42872 DURST,0.0,LITRO,PROD. TINTAS DIGITAL,34,MP MAQUINA WEBER,
58337,EINSTELLBLOCK AD42872 DURST,0.0,LITRO,PROD. TINTAS DIGITAL,35,BODEGA GESLOG INTEGRAL,
58337,EINSTELLBLOCK AD42872 DURST,0.0,LITRO,PROD. TINTAS DIGITAL,36,CONTAINER,
58337,EINSTELLBLOCK AD42872 DURST,0.0,LITRO,PROD. TINTAS DIGITAL,38,RRHH,
58337,EINSTELLBLOCK AD42872 DURST,0.0,LITRO,PROD. TINTAS DIGITAL,40,ST CONCEPCION,
58337,EINSTELLBLOCK AD42872 DURST,0.0,LITRO,PROD. TINTAS DIGITAL,44,SERV.TECNICO SINCLAIR,
58337,EINSTELLBLOCK AD42872 DURST,0.0,LITRO,PROD. TINTAS DIGITAL,45,BODEGA PROVEEDOR,
58337,EINSTELLBLOCK AD42872 DURST,0.0,LITRO,PROD. TINTAS DIGITAL,46,SINCLAIR STOCK,
58337,EINSTELLBLOCK AD42872 DURST,0.0,LITRO,PROD. TINTAS DIGITAL,48,POSCOSECHA,
58337,EINSTELLBLOCK AD42872 DURST,0.0,LITRO,PROD. TINTAS DIGITAL,49,BOG. LOGICA ARAUCO,
58337,EINSTELLBLOCK AD42872 DURST,0.0,LITRO,PROD. TINTAS DIGITAL,50,SERV.TECNICO SAMSON,
58337,EINSTELLBLOCK AD42872 DURST,0.0,LITRO,PROD. TINTAS DIGITAL,51,PERU STOCK ENVIO,
58337,EINSTELLBLOCK AD42872 DURST,0.0,LITRO,PROD. TINTAS DIGITAL,52,ST IMPRESORAS Y EQUIPOS,
58337,EINSTELLBLOCK AD42872 DURST,0.0,LITRO,PROD. TINTAS DIGITAL,53,BODEGA ESQUIM,
58337,EINSTELLBLOCK AD42872 DURST,0.0,LITRO,PROD. TINTAS DIGITAL,54,GESLOG MALLOA,
58338,DIFFERENTIAL SCREW ENCODER ROLLER AD42979 DURST,0.0,LITRO,PROD. TINTAS DIGITAL,01,BODEGA COSTEO,
58338,DIFFERENTIAL SCREW ENCODER ROLLER AD42979 DURST,0.0,LITRO,PROD. TINTAS DIGITAL,02,MATERIAS PRIMAS E INSUMOS,
58338,DIFFERENTIAL SCREW ENCODER ROLLER AD42979 DURST,0.0,LITRO,PROD. TINTAS DIGITAL,03,PRODUCTOS TERMINADOS,
58338,DIFFERENTIAL SCREW ENCODER ROLLER AD42979 DURST,0.0,LITRO,PROD. TINTAS DIGITAL,04,PRODUCCION,
58338,DIFFERENTIAL SCREW ENCODER ROLLER AD42979 DURST,0.0,LITRO,PROD. TINTAS DIGITAL,05,RECLAMO PROVEEDOR,
58338,DIFFERENTIAL SCREW ENCODER ROLLER AD42979 DURST,0.0,LITRO,PROD. TINTAS DIGITAL,06,PRODUCTOS RECHAZADOS,
58338,DIFFERENTIAL SCREW ENCODER ROLLER AD42979 DURST,0.0,LITRO,PROD. TINTAS DIGITAL,07,NOTAS DE CREDITO,
58338,DIFFERENTIAL SCREW ENCODER ROLLER AD42979 DURST,0.0,LITRO,PROD. TINTAS DIGITAL,08,MPRIMA SOBRE STOCK,
58338,DIFFERENTIAL SCREW ENCODER ROLLER AD42979 DURST,0.0,LITRO,PROD. TINTAS DIGITAL,10,DIFERENCIAS DE INV. P.T.,
58338,DIFFERENTIAL SCREW ENCODER ROLLER AD42979 DURST,0.0,LITRO,PROD. TINTAS DIGITAL,13,TDP STOCK,
58338,DIFFERENTIAL SCREW ENCODER ROLLER AD42979 DURST,0.0,LITRO,PROD. TINTAS DIGITAL,14,SERVICIO TECNICO,
58338,DIFFERENTIAL SCREW ENCODER ROLLER AD42979 DURST,0.0,LITRO,PROD. TINTAS DIGITAL,15,TALLER SERV.TECNICO,
58338,DIFFERENTIAL SCREW ENCODER ROLLER AD42979 DURST,0.0,LITRO,PROD. TINTAS DIGITAL,17,BODEGA CLIENTES,
58338,DIFFERENTIAL SCREW ENCODER ROLLER AD42979 DURST,0.0,LITRO,PROD. TINTAS DIGITAL,20,POSCOSECHA MUESTRAS,
58338,DIFFERENTIAL SCREW ENCODER ROLLER AD42979 DURST,0.0,LITRO,PROD. TINTAS DIGITAL,21,TINTAS,
58338,DIFFERENTIAL SCREW ENCODER ROLLER AD42979 DURST,0.0,LITRO,PROD. TINTAS DIGITAL,22,SIEGWERK,
58338,DIFFERENTIAL SCREW ENCODER ROLLER AD42979 DURST,0.0,LITRO,PROD. TINTAS DIGITAL,24,SALDO MATERIAS PRIMAS,
58338,DIFFERENTIAL SCREW ENCODER ROLLER AD42979 DURST,0.0,LITRO,PROD. TINTAS DIGITAL,26,OBSOLETOS COMERCIAL,
58338,DIFFERENTIAL SCREW ENCODER ROLLER AD42979 DURST,0.0,LITRO,PROD. TINTAS DIGITAL,34,MP MAQUINA WEBER,
58338,DIFFERENTIAL SCREW ENCODER ROLLER AD42979 DURST,0.0,LITRO,PROD. TINTAS DIGITAL,35,BODEGA GESLOG INTEGRAL,
58338,DIFFERENTIAL SCREW ENCODER ROLLER AD42979 DURST,0.0,LITRO,PROD. TINTAS DIGITAL,36,CONTAINER,
58338,DIFFERENTIAL SCREW ENCODER ROLLER AD42979 DURST,0.0,LITRO,PROD. TINTAS DIGITAL,38,RRHH,
58338,DIFFERENTIAL SCREW ENCODER ROLLER AD42979 DURST,0.0,LITRO,PROD. TINTAS DIGITAL,40,ST CONCEPCION,
58338,DIFFERENTIAL SCREW ENCODER ROLLER AD42979 DURST,0.0,LITRO,PROD. TINTAS DIGITAL,44,SERV.TECNICO SINCLAIR,
58338,DIFFERENTIAL SCREW ENCODER ROLLER AD42979 DURST,0.0,LITRO,PROD. TINTAS DIGITAL,45,BODEGA PROVEEDOR,
58338,DIFFERENTIAL SCREW ENCODER ROLLER AD42979 DURST,0.0,LITRO,PROD. TINTAS DIGITAL,46,SINCLAIR STOCK,
58338,DIFFERENTIAL SCREW ENCODER ROLLER AD42979 DURST,0.0,LITRO,PROD. TINTAS DIGITAL,48,POSCOSECHA,
58338,DIFFERENTIAL SCREW ENCODER ROLLER AD42979 DURST,0.0,LITRO,PROD. TINTAS DIGITAL,49,BOG. LOGICA ARAUCO,
58338,DIFFERENTIAL SCREW ENCODER ROLLER AD42979 DURST,0.0,LITRO,PROD. TINTAS DIGITAL,50,SERV.TECNICO SAMSON,
58338,DIFFERENTIAL SCREW ENCODER ROLLER AD42979 DURST,0.0,LITRO,PROD. TINTAS DIGITAL,51,PERU STOCK ENVIO,
58338,DIFFERENTIAL SCREW ENCODER ROLLER AD42979 DURST,0.0,LITRO,PROD. TINTAS DIGITAL,52,ST IMPRESORAS Y EQUIPOS,
58338,DIFFERENTIAL SCREW ENCODER ROLLER AD42979 DURST,0.0,LITRO,PROD. TINTAS DIGITAL,53,BODEGA ESQUIM,
58338,DIFFERENTIAL SCREW ENCODER ROLLER AD42979 DURST,0.0,LITRO,PROD. TINTAS DIGITAL,54,GESLOG MALLOA,
58339,CLAMP PART AH42873 DURST,0.0,LITRO,PROD. TINTAS DIGITAL,01,BODEGA COSTEO,
58339,CLAMP PART AH42873 DURST,0.0,LITRO,PROD. TINTAS DIGITAL,02,MATERIAS PRIMAS E INSUMOS,
58339,CLAMP PART AH42873 DURST,0.0,LITRO,PROD. TINTAS DIGITAL,03,PRODUCTOS TERMINADOS,
58339,CLAMP PART AH42873 DURST,0.0,LITRO,PROD. TINTAS DIGITAL,04,PRODUCCION,
58339,CLAMP PART AH42873 DURST,0.0,LITRO,PROD. TINTAS DIGITAL,05,RECLAMO PROVEEDOR,
58339,CLAMP PART AH42873 DURST,0.0,LITRO,PROD. TINTAS DIGITAL,06,PRODUCTOS RECHAZADOS,
58339,CLAMP PART AH42873 DURST,0.0,LITRO,PROD. TINTAS DIGITAL,07,NOTAS DE CREDITO,
58339,CLAMP PART AH42873 DURST,0.0,LITRO,PROD. TINTAS DIGITAL,08,MPRIMA SOBRE STOCK,
58339,CLAMP PART AH42873 DURST,0.0,LITRO,PROD. TINTAS DIGITAL,10,DIFERENCIAS DE INV. P.T.,
58339,CLAMP PART AH42873 DURST,0.0,LITRO,PROD. TINTAS DIGITAL,13,TDP STOCK,
58339,CLAMP PART AH42873 DURST,0.0,LITRO,PROD. TINTAS DIGITAL,14,SERVICIO TECNICO,
58339,CLAMP PART AH42873 DURST,0.0,LITRO,PROD. TINTAS DIGITAL,15,TALLER SERV.TECNICO,
58339,CLAMP PART AH42873 DURST,0.0,LITRO,PROD. TINTAS DIGITAL,17,BODEGA CLIENTES,
58339,CLAMP PART AH42873 DURST,0.0,LITRO,PROD. TINTAS DIGITAL,20,POSCOSECHA MUESTRAS,
58339,CLAMP PART AH42873 DURST,0.0,LITRO,PROD. TINTAS DIGITAL,21,TINTAS,
58339,CLAMP PART AH42873 DURST,0.0,LITRO,PROD. TINTAS DIGITAL,22,SIEGWERK,
58339,CLAMP PART AH42873 DURST,0.0,LITRO,PROD. TINTAS DIGITAL,24,SALDO MATERIAS PRIMAS,
58339,CLAMP PART AH42873 DURST,0.0,LITRO,PROD. TINTAS DIGITAL,26,OBSOLETOS COMERCIAL,
58339,CLAMP PART AH42873 DURST,0.0,LITRO,PROD. TINTAS DIGITAL,34,MP MAQUINA WEBER,
58339,CLAMP PART AH42873 DURST,0.0,LITRO,PROD. TINTAS DIGITAL,35,BODEGA GESLOG INTEGRAL,
58339,CLAMP PART AH42873 DURST,0.0,LITRO,PROD. TINTAS DIGITAL,36,CONTAINER,
58339,CLAMP PART AH42873 DURST,0.0,LITRO,PROD. TINTAS DIGITAL,38,RRHH,
58339,CLAMP PART AH42873 DURST,0.0,LITRO,PROD. TINTAS DIGITAL,40,ST CONCEPCION,
58339,CLAMP PART AH42873 DURST,0.0,LITRO,PROD. TINTAS DIGITAL,44,SERV.TECNICO SINCLAIR,
58339,CLAMP PART AH42873 DURST,0.0,LITRO,PROD. TINTAS DIGITAL,45,BODEGA PROVEEDOR,
58339,CLAMP PART AH42873 DURST,0.0,LITRO,PROD. TINTAS DIGITAL,46,SINCLAIR STOCK,
58339,CLAMP PART AH42873 DURST,0.0,LITRO,PROD. TINTAS DIGITAL,48,POSCOSECHA,
58339,CLAMP PART AH42873 DURST,0.0,LITRO,PROD. TINTAS DIGITAL,49,BOG. LOGICA ARAUCO,
58339,CLAMP PART AH42873 DURST,0.0,LITRO,PROD. TINTAS DIGITAL,50,SERV.TECNICO SAMSON,
58339,CLAMP PART AH42873 DURST,0.0,LITRO,PROD. TINTAS DIGITAL,51,PERU STOCK ENVIO,
58339,CLAMP PART AH42873 DURST,0.0,LITRO,PROD. TINTAS DIGITAL,52,ST IMPRESORAS Y EQUIPOS,
58339,CLAMP PART AH42873 DURST,0.0,LITRO,PROD. TINTAS DIGITAL,53,BODEGA ESQUIM,
58339,CLAMP PART AH42873 DURST,0.0,LITRO,PROD. TINTAS DIGITAL,54,GESLOG MALLOA,
58340,BUSHING AH42874 DURST,0.0,LITRO,PROD. TINTAS DIGITAL,01,BODEGA COSTEO,
58340,BUSHING AH42874 DURST,0.0,LITRO,PROD. TINTAS DIGITAL,02,MATERIAS PRIMAS E INSUMOS,
58340,BUSHING AH42874 DURST,0.0,LITRO,PROD. TINTAS DIGITAL,03,PRODUCTOS TERMINADOS,
58340,BUSHING AH42874 DURST,0.0,LITRO,PROD. TINTAS DIGITAL,04,PRODUCCION,
58340,BUSHING AH42874 DURST,0.0,LITRO,PROD. TINTAS DIGITAL,05,RECLAMO PROVEEDOR,
58340,BUSHING AH42874 DURST,0.0,LITRO,PROD. TINTAS DIGITAL,06,PRODUCTOS RECHAZADOS,
58340,BUSHING AH42874 DURST,0.0,LITRO,PROD. TINTAS DIGITAL,07,NOTAS DE CREDITO,
58340,BUSHING AH42874 DURST,0.0,LITRO,PROD. TINTAS DIGITAL,08,MPRIMA SOBRE STOCK,
58340,BUSHING AH42874 DURST,0.0,LITRO,PROD. TINTAS DIGITAL,10,DIFERENCIAS DE INV. P.T.,
58340,BUSHING AH42874 DURST,0.0,LITRO,PROD. TINTAS DIGITAL,13,TDP STOCK,
58340,BUSHING AH42874 DURST,0.0,LITRO,PROD. TINTAS DIGITAL,14,SERVICIO TECNICO,
58340,BUSHING AH42874 DURST,0.0,LITRO,PROD. TINTAS DIGITAL,15,TALLER SERV.TECNICO,
58340,BUSHING AH42874 DURST,0.0,LITRO,PROD. TINTAS DIGITAL,17,BODEGA CLIENTES,
58340,BUSHING AH42874 DURST,0.0,LITRO,PROD. TINTAS DIGITAL,20,POSCOSECHA MUESTRAS,
58340,BUSHING AH42874 DURST,0.0,LITRO,PROD. TINTAS DIGITAL,21,TINTAS,
58340,BUSHING AH42874 DURST,0.0,LITRO,PROD. TINTAS DIGITAL,22,SIEGWERK,
58340,BUSHING AH42874 DURST,0.0,LITRO,PROD. TINTAS DIGITAL,24,SALDO MATERIAS PRIMAS,
58340,BUSHING AH42874 DURST,0.0,LITRO,PROD. TINTAS DIGITAL,26,OBSOLETOS COMERCIAL,
58340,BUSHING AH42874 DURST,0.0,LITRO,PROD. TINTAS DIGITAL,34,MP MAQUINA WEBER,
58340,BUSHING AH42874 DURST,0.0,LITRO,PROD. TINTAS DIGITAL,35,BODEGA GESLOG INTEGRAL,
58340,BUSHING AH42874 DURST,0.0,LITRO,PROD. TINTAS DIGITAL,36,CONTAINER,
58340,BUSHING AH42874 DURST,0.0,LITRO,PROD. TINTAS DIGITAL,38,RRHH,
58340,BUSHING AH42874 DURST,0.0,LITRO,PROD. TINTAS DIGITAL,40,ST CONCEPCION,
58340,BUSHING AH42874 DURST,0.0,LITRO,PROD. TINTAS DIGITAL,44,SERV.TECNICO SINCLAIR,
58340,BUSHING AH42874 DURST,0.0,LITRO,PROD. TINTAS DIGITAL,45,BODEGA PROVEEDOR,
58340,BUSHING AH42874 DURST,0.0,LITRO,PROD. TINTAS DIGITAL,46,SINCLAIR STOCK,
58340,BUSHING AH42874 DURST,0.0,LITRO,PROD. TINTAS DIGITAL,48,POSCOSECHA,
58340,BUSHING AH42874 DURST,0.0,LITRO,PROD. TINTAS DIGITAL,49,BOG. LOGICA ARAUCO,
58340,BUSHING AH42874 DURST,0.0,LITRO,PROD. TINTAS DIGITAL,50,SERV.TECNICO SAMSON,
58340,BUSHING AH42874 DURST,0.0,LITRO,PROD. TINTAS DIGITAL,51,PERU STOCK ENVIO,
58340,BUSHING AH42874 DURST,0.0,LITRO,PROD. TINTAS DIGITAL,52,ST IMPRESORAS Y EQUIPOS,
58340,BUSHING AH42874 DURST,0.0,LITRO,PROD. TINTAS DIGITAL,53,BODEGA ESQUIM,
58340,BUSHING AH42874 DURST,0.0,LITRO,PROD. TINTAS DIGITAL,54,GESLOG MALLOA,
58341,SCR.CYL M6*20 8.8 A2K ISO 4762 1126787 DURST,0.0,LITRO,PROD. TINTAS DIGITAL,01,BODEGA COSTEO,
58341,SCR.CYL M6*20 8.8 A2K ISO 4762 1126787 DURST,0.0,LITRO,PROD. TINTAS DIGITAL,02,MATERIAS PRIMAS E INSUMOS,
58341,SCR.CYL M6*20 8.8 A2K ISO 4762 1126787 DURST,0.0,LITRO,PROD. TINTAS DIGITAL,03,PRODUCTOS TERMINADOS,
58341,SCR.CYL M6*20 8.8 A2K ISO 4762 1126787 DURST,0.0,LITRO,PROD. TINTAS DIGITAL,04,PRODUCCION,
58341,SCR.CYL M6*20 8.8 A2K ISO 4762 1126787 DURST,0.0,LITRO,PROD. TINTAS DIGITAL,05,RECLAMO PROVEEDOR,
58341,SCR.CYL M6*20 8.8 A2K ISO 4762 1126787 DURST,0.0,LITRO,PROD. TINTAS DIGITAL,06,PRODUCTOS RECHAZADOS,
58341,SCR.CYL M6*20 8.8 A2K ISO 4762 1126787 DURST,0.0,LITRO,PROD. TINTAS DIGITAL,07,NOTAS DE CREDITO,
58341,SCR.CYL M6*20 8.8 A2K ISO 4762 1126787 DURST,0.0,LITRO,PROD. TINTAS DIGITAL,08,MPRIMA SOBRE STOCK,
58341,SCR.CYL M6*20 8.8 A2K ISO 4762 1126787 DURST,0.0,LITRO,PROD. TINTAS DIGITAL,10,DIFERENCIAS DE INV. P.T.,
58341,SCR.CYL M6*20 8.8 A2K ISO 4762 1126787 DURST,0.0,LITRO,PROD. TINTAS DIGITAL,13,TDP STOCK,
58341,SCR.CYL M6*20 8.8 A2K ISO 4762 1126787 DURST,0.0,LITRO,PROD. TINTAS DIGITAL,14,SERVICIO TECNICO,
58341,SCR.CYL M6*20 8.8 A2K ISO 4762 1126787 DURST,0.0,LITRO,PROD. TINTAS DIGITAL,15,TALLER SERV.TECNICO,
58341,SCR.CYL M6*20 8.8 A2K ISO 4762 1126787 DURST,0.0,LITRO,PROD. TINTAS DIGITAL,17,BODEGA CLIENTES,
58341,SCR.CYL M6*20 8.8 A2K ISO 4762 1126787 DURST,0.0,LITRO,PROD. TINTAS DIGITAL,20,POSCOSECHA MUESTRAS,
58341,SCR.CYL M6*20 8.8 A2K ISO 4762 1126787 DURST,0.0,LITRO,PROD. TINTAS DIGITAL,21,TINTAS,
58341,SCR.CYL M6*20 8.8 A2K ISO 4762 1126787 DURST,0.0,LITRO,PROD. TINTAS DIGITAL,22,SIEGWERK,
58341,SCR.CYL M6*20 8.8 A2K ISO 4762 1126787 DURST,0.0,LITRO,PROD. TINTAS DIGITAL,24,SALDO MATERIAS PRIMAS,
58341,SCR.CYL M6*20 8.8 A2K ISO 4762 1126787 DURST,0.0,LITRO,PROD. TINTAS DIGITAL,26,OBSOLETOS COMERCIAL,
58341,SCR.CYL M6*20 8.8 A2K ISO 4762 1126787 DURST,0.0,LITRO,PROD. TINTAS DIGITAL,34,MP MAQUINA WEBER,
58341,SCR.CYL M6*20 8.8 A2K ISO 4762 1126787 DURST,0.0,LITRO,PROD. TINTAS DIGITAL,35,BODEGA GESLOG INTEGRAL,
58341,SCR.CYL M6*20 8.8 A2K ISO 4762 1126787 DURST,0.0,LITRO,PROD. TINTAS DIGITAL,36,CONTAINER,
58341,SCR.CYL M6*20 8.8 A2K ISO 4762 1126787 DURST,0.0,LITRO,PROD. TINTAS DIGITAL,38,RRHH,
58341,SCR.CYL M6*20 8.8 A2K ISO 4762 1126787 DURST,0.0,LITRO,PROD. TINTAS DIGITAL,40,ST CONCEPCION,
58341,SCR.CYL M6*20 8.8 A2K ISO 4762 1126787 DURST,0.0,LITRO,PROD. TINTAS DIGITAL,44,SERV.TECNICO SINCLAIR,
58341,SCR.CYL M6*20 8.8 A2K ISO 4762 1126787 DURST,0.0,LITRO,PROD. TINTAS DIGITAL,45,BODEGA PROVEEDOR,
58341,SCR.CYL M6*20 8.8 A2K ISO 4762 1126787 DURST,0.0,LITRO,PROD. TINTAS DIGITAL,46,SINCLAIR STOCK,
58341,SCR.CYL M6*20 8.8 A2K ISO 4762 1126787 DURST,0.0,LITRO,PROD. TINTAS DIGITAL,48,POSCOSECHA,
58341,SCR.CYL M6*20 8.8 A2K ISO 4762 1126787 DURST,0.0,LITRO,PROD. TINTAS DIGITAL,49,BOG. LOGICA ARAUCO,
58341,SCR.CYL M6*20 8.8 A2K ISO 4762 1126787 DURST,0.0,LITRO,PROD. TINTAS DIGITAL,50,SERV.TECNICO SAMSON,
58341,SCR.CYL M6*20 8.8 A2K ISO 4762 1126787 DURST,0.0,LITRO,PROD. TINTAS DIGITAL,51,PERU STOCK ENVIO,
58341,SCR.CYL M6*20 8.8 A2K ISO 4762 1126787 DURST,0.0,LITRO,PROD. TINTAS DIGITAL,52,ST IMPRESORAS Y EQUIPOS,
58341,SCR.CYL M6*20 8.8 A2K ISO 4762 1126787 DURST,0.0,LITRO,PROD. TINTAS DIGITAL,53,BODEGA ESQUIM,
58341,SCR.CYL M6*20 8.8 A2K ISO 4762 1126787 DURST,0.0,LITRO,PROD. TINTAS DIGITAL,54,GESLOG MALLOA,
58342,SCR.CYL M6*16 8.8 A2K ISO 4762 1126782 DURST,0.0,LITRO,PROD. TINTAS DIGITAL,01,BODEGA COSTEO,
58342,SCR.CYL M6*16 8.8 A2K ISO 4762 1126782 DURST,0.0,LITRO,PROD. TINTAS DIGITAL,02,MATERIAS PRIMAS E INSUMOS,
58342,SCR.CYL M6*16 8.8 A2K ISO 4762 1126782 DURST,0.0,LITRO,PROD. TINTAS DIGITAL,03,PRODUCTOS TERMINADOS,
58342,SCR.CYL M6*16 8.8 A2K ISO 4762 1126782 DURST,0.0,LITRO,PROD. TINTAS DIGITAL,04,PRODUCCION,
58342,SCR.CYL M6*16 8.8 A2K ISO 4762 1126782 DURST,0.0,LITRO,PROD. TINTAS DIGITAL,05,RECLAMO PROVEEDOR,
58342,SCR.CYL M6*16 8.8 A2K ISO 4762 1126782 DURST,0.0,LITRO,PROD. TINTAS DIGITAL,06,PRODUCTOS RECHAZADOS,
58342,SCR.CYL M6*16 8.8 A2K ISO 4762 1126782 DURST,0.0,LITRO,PROD. TINTAS DIGITAL,07,NOTAS DE CREDITO,
58342,SCR.CYL M6*16 8.8 A2K ISO 4762 1126782 DURST,0.0,LITRO,PROD. TINTAS DIGITAL,08,MPRIMA SOBRE STOCK,
58342,SCR.CYL M6*16 8.8 A2K ISO 4762 1126782 DURST,0.0,LITRO,PROD. TINTAS DIGITAL,10,DIFERENCIAS DE INV. P.T.,
58342,SCR.CYL M6*16 8.8 A2K ISO 4762 1126782 DURST,0.0,LITRO,PROD. TINTAS DIGITAL,13,TDP STOCK,
58342,SCR.CYL M6*16 8.8 A2K ISO 4762 1126782 DURST,0.0,LITRO,PROD. TINTAS DIGITAL,14,SERVICIO TECNICO,
58342,SCR.CYL M6*16 8.8 A2K ISO 4762 1126782 DURST,0.0,LITRO,PROD. TINTAS DIGITAL,15,TALLER SERV.TECNICO,
58342,SCR.CYL M6*16 8.8 A2K ISO 4762 1126782 DURST,0.0,LITRO,PROD. TINTAS DIGITAL,17,BODEGA CLIENTES,
58342,SCR.CYL M6*16 8.8 A2K ISO 4762 1126782 DURST,0.0,LITRO,PROD. TINTAS DIGITAL,20,POSCOSECHA MUESTRAS,
58342,SCR.CYL M6*16 8.8 A2K ISO 4762 1126782 DURST,0.0,LITRO,PROD. TINTAS DIGITAL,21,TINTAS,
58342,SCR.CYL M6*16 8.8 A2K ISO 4762 1126782 DURST,0.0,LITRO,PROD. TINTAS DIGITAL,22,SIEGWERK,
58342,SCR.CYL M6*16 8.8 A2K ISO 4762 1126782 DURST,0.0,LITRO,PROD. TINTAS DIGITAL,24,SALDO MATERIAS PRIMAS,
58342,SCR.CYL M6*16 8.8 A2K ISO 4762 1126782 DURST,0.0,LITRO,PROD. TINTAS DIGITAL,26,OBSOLETOS COMERCIAL,
58342,SCR.CYL M6*16 8.8 A2K ISO 4762 1126782 DURST,0.0,LITRO,PROD. TINTAS DIGITAL,34,MP MAQUINA WEBER,
58342,SCR.CYL M6*16 8.8 A2K ISO 4762 1126782 DURST,0.0,LITRO,PROD. TINTAS DIGITAL,35,BODEGA GESLOG INTEGRAL,
58342,SCR.CYL M6*16 8.8 A2K ISO 4762 1126782 DURST,0.0,LITRO,PROD. TINTAS DIGITAL,36,CONTAINER,
58342,SCR.CYL M6*16 8.8 A2K ISO 4762 1126782 DURST,0.0,LITRO,PROD. TINTAS DIGITAL,38,RRHH,
58342,SCR.CYL M6*16 8.8 A2K ISO 4762 1126782 DURST,0.0,LITRO,PROD. TINTAS DIGITAL,40,ST CONCEPCION,
58342,SCR.CYL M6*16 8.8 A2K ISO 4762 1126782 DURST,0.0,LITRO,PROD. TINTAS DIGITAL,44,SERV.TECNICO SINCLAIR,
58342,SCR.CYL M6*16 8.8 A2K ISO 4762 1126782 DURST,0.0,LITRO,PROD. TINTAS DIGITAL,45,BODEGA PROVEEDOR,
58342,SCR.CYL M6*16 8.8 A2K ISO 4762 1126782 DURST,0.0,LITRO,PROD. TINTAS DIGITAL,46,SINCLAIR STOCK,
58342,SCR.CYL M6*16 8.8 A2K ISO 4762 1126782 DURST,0.0,LITRO,PROD. TINTAS DIGITAL,48,POSCOSECHA,
58342,SCR.CYL M6*16 8.8 A2K ISO 4762 1126782 DURST,0.0,LITRO,PROD. TINTAS DIGITAL,49,BOG. LOGICA ARAUCO,
58342,SCR.CYL M6*16 8.8 A2K ISO 4762 1126782 DURST,0.0,LITRO,PROD. TINTAS DIGITAL,50,SERV.TECNICO SAMSON,
58342,SCR.CYL M6*16 8.8 A2K ISO 4762 1126782 DURST,0.0,LITRO,PROD. TINTAS DIGITAL,51,PERU STOCK ENVIO,
58342,SCR.CYL M6*16 8.8 A2K ISO 4762 1126782 DURST,0.0,LITRO,PROD. TINTAS DIGITAL,52,ST IMPRESORAS Y EQUIPOS,
58342,SCR.CYL M6*16 8.8 A2K ISO 4762 1126782 DURST,0.0,LITRO,PROD. TINTAS DIGITAL,53,BODEGA ESQUIM,
58342,SCR.CYL M6*16 8.8 A2K ISO 4762 1126782 DURST,0.0,LITRO,PROD. TINTAS DIGITAL,54,GESLOG MALLOA,
58343,"WASHER 6,4 140HV A2K DIN125A 1220573 DURST",0.0,LITRO,PROD. TINTAS DIGITAL,01,BODEGA COSTEO,
58343,"WASHER 6,4 140HV A2K DIN125A 1220573 DURST",0.0,LITRO,PROD. TINTAS DIGITAL,02,MATERIAS PRIMAS E INSUMOS,
58343,"WASHER 6,4 140HV A2K DIN125A 1220573 DURST",0.0,LITRO,PROD. TINTAS DIGITAL,03,PRODUCTOS TERMINADOS,
58343,"WASHER 6,4 140HV A2K DIN125A 1220573 DURST",0.0,LITRO,PROD. TINTAS DIGITAL,04,PRODUCCION,
58343,"WASHER 6,4 140HV A2K DIN125A 1220573 DURST",0.0,LITRO,PROD. TINTAS DIGITAL,05,RECLAMO PROVEEDOR,
58343,"WASHER 6,4 140HV A2K DIN125A 1220573 DURST",0.0,LITRO,PROD. TINTAS DIGITAL,06,PRODUCTOS RECHAZADOS,
58343,"WASHER 6,4 140HV A2K DIN125A 1220573 DURST",0.0,LITRO,PROD. TINTAS DIGITAL,07,NOTAS DE CREDITO,
58343,"WASHER 6,4 140HV A2K DIN125A 1220573 DURST",0.0,LITRO,PROD. TINTAS DIGITAL,08,MPRIMA SOBRE STOCK,
58343,"WASHER 6,4 140HV A2K DIN125A 1220573 DURST",0.0,LITRO,PROD. TINTAS DIGITAL,10,DIFERENCIAS DE INV. P.T.,
58343,"WASHER 6,4 140HV A2K DIN125A 1220573 DURST",0.0,LITRO,PROD. TINTAS DIGITAL,13,TDP STOCK,
58343,"WASHER 6,4 140HV A2K DIN125A 1220573 DURST",0.0,LITRO,PROD. TINTAS DIGITAL,14,SERVICIO TECNICO,
58343,"WASHER 6,4 140HV A2K DIN125A 1220573 DURST",0.0,LITRO,PROD. TINTAS DIGITAL,15,TALLER SERV.TECNICO,
58343,"WASHER 6,4 140HV A2K DIN125A 1220573 DURST",0.0,LITRO,PROD. TINTAS DIGITAL,17,BODEGA CLIENTES,
58343,"WASHER 6,4 140HV A2K DIN125A 1220573 DURST",0.0,LITRO,PROD. TINTAS DIGITAL,20,POSCOSECHA MUESTRAS,
58343,"WASHER 6,4 140HV A2K DIN125A 1220573 DURST",0.0,LITRO,PROD. TINTAS DIGITAL,21,TINTAS,
58343,"WASHER 6,4 140HV A2K DIN125A 1220573 DURST",0.0,LITRO,PROD. TINTAS DIGITAL,22,SIEGWERK,
58343,"WASHER 6,4 140HV A2K DIN125A 1220573 DURST",0.0,LITRO,PROD. TINTAS DIGITAL,24,SALDO MATERIAS PRIMAS,
58343,"WASHER 6,4 140HV A2K DIN125A 1220573 DURST",0.0,LITRO,PROD. TINTAS DIGITAL,26,OBSOLETOS COMERCIAL,
58343,"WASHER 6,4 140HV A2K DIN125A 1220573 DURST",0.0,LITRO,PROD. TINTAS DIGITAL,34,MP MAQUINA WEBER,
58343,"WASHER 6,4 140HV A2K DIN125A 1220573 DURST",0.0,LITRO,PROD. TINTAS DIGITAL,35,BODEGA GESLOG INTEGRAL,
58343,"WASHER 6,4 140HV A2K DIN125A 1220573 DURST",0.0,LITRO,PROD. TINTAS DIGITAL,36,CONTAINER,
58343,"WASHER 6,4 140HV A2K DIN125A 1220573 DURST",0.0,LITRO,PROD. TINTAS DIGITAL,38,RRHH,
58343,"WASHER 6,4 140HV A2K DIN125A 1220573 DURST",0.0,LITRO,PROD. TINTAS DIGITAL,40,ST CONCEPCION,
58343,"WASHER 6,4 140HV A2K DIN125A 1220573 DURST",0.0,LITRO,PROD. TINTAS DIGITAL,44,SERV.TECNICO SINCLAIR,
58343,"WASHER 6,4 140HV A2K DIN125A 1220573 DURST",0.0,LITRO,PROD. TINTAS DIGITAL,45,BODEGA PROVEEDOR,
58343,"WASHER 6,4 140HV A2K DIN125A 1220573 DURST",0.0,LITRO,PROD. TINTAS DIGITAL,46,SINCLAIR STOCK,
58343,"WASHER 6,4 140HV A2K DIN125A 1220573 DURST",0.0,LITRO,PROD. TINTAS DIGITAL,48,POSCOSECHA,
58343,"WASHER 6,4 140HV A2K DIN125A 1220573 DURST",0.0,LITRO,PROD. TINTAS DIGITAL,49,BOG. LOGICA ARAUCO,
58343,"WASHER 6,4 140HV A2K DIN125A 1220573 DURST",0.0,LITRO,PROD. TINTAS DIGITAL,50,SERV.TECNICO SAMSON,
58343,"WASHER 6,4 140HV A2K DIN125A 1220573 DURST",0.0,LITRO,PROD. TINTAS DIGITAL,51,PERU STOCK ENVIO,
58343,"WASHER 6,4 140HV A2K DIN125A 1220573 DURST",0.0,LITRO,PROD. TINTAS DIGITAL,52,ST IMPRESORAS Y EQUIPOS,
58343,"WASHER 6,4 140HV A2K DIN125A 1220573 DURST",0.0,LITRO,PROD. TINTAS DIGITAL,53,BODEGA ESQUIM,
58343,"WASHER 6,4 140HV A2K DIN125A 1220573 DURST",0.0,LITRO,PROD. TINTAS DIGITAL,54,GESLOG MALLOA,
58344,TINTA UV BLANCO TRANSPARENTE UFR0-0061 FLINT,0.0,KILOS,PROD. TINTAS,01,BODEGA COSTEO,
58344,TINTA UV BLANCO TRANSPARENTE UFR0-0061 FLINT,0.0,KILOS,PROD. TINTAS,02,MATERIAS PRIMAS E INSUMOS,
58344,TINTA UV BLANCO TRANSPARENTE UFR0-0061 FLINT,0.0,KILOS,PROD. TINTAS,03,PRODUCTOS TERMINADOS,
58344,TINTA UV BLANCO TRANSPARENTE UFR0-0061 FLINT,0.0,KILOS,PROD. TINTAS,04,PRODUCCION,
58344,TINTA UV BLANCO TRANSPARENTE UFR0-0061 FLINT,0.0,KILOS,PROD. TINTAS,05,RECLAMO PROVEEDOR,
58344,TINTA UV BLANCO TRANSPARENTE UFR0-0061 FLINT,0.0,KILOS,PROD. TINTAS,06,PRODUCTOS RECHAZADOS,
58344,TINTA UV BLANCO TRANSPARENTE UFR0-0061 FLINT,0.0,KILOS,PROD. TINTAS,07,NOTAS DE CREDITO,
58344,TINTA UV BLANCO TRANSPARENTE UFR0-0061 FLINT,0.0,KILOS,PROD. TINTAS,08,MPRIMA SOBRE STOCK,
58344,TINTA UV BLANCO TRANSPARENTE UFR0-0061 FLINT,0.0,KILOS,PROD. TINTAS,10,DIFERENCIAS DE INV. P.T.,
58344,TINTA UV BLANCO TRANSPARENTE UFR0-0061 FLINT,0.0,KILOS,PROD. TINTAS,13,TDP STOCK,
58344,TINTA UV BLANCO TRANSPARENTE UFR0-0061 FLINT,0.0,KILOS,PROD. TINTAS,14,SERVICIO TECNICO,
58344,TINTA UV BLANCO TRANSPARENTE UFR0-0061 FLINT,0.0,KILOS,PROD. TINTAS,15,TALLER SERV.TECNICO,
58344,TINTA UV BLANCO TRANSPARENTE UFR0-0061 FLINT,0.0,KILOS,PROD. TINTAS,17,BODEGA CLIENTES,
58344,TINTA UV BLANCO TRANSPARENTE UFR0-0061 FLINT,0.0,KILOS,PROD. TINTAS,20,POSCOSECHA MUESTRAS,
58344,TINTA UV BLANCO TRANSPARENTE UFR0-0061 FLINT,0.0,KILOS,PROD. TINTAS,21,TINTAS,
58344,TINTA UV BLANCO TRANSPARENTE UFR0-0061 FLINT,0.0,KILOS,PROD. TINTAS,22,SIEGWERK,
58344,TINTA UV BLANCO TRANSPARENTE UFR0-0061 FLINT,0.0,KILOS,PROD. TINTAS,24,SALDO MATERIAS PRIMAS,
58344,TINTA UV BLANCO TRANSPARENTE UFR0-0061 FLINT,0.0,KILOS,PROD. TINTAS,26,OBSOLETOS COMERCIAL,
58344,TINTA UV BLANCO TRANSPARENTE UFR0-0061 FLINT,0.0,KILOS,PROD. TINTAS,34,MP MAQUINA WEBER,
58344,TINTA UV BLANCO TRANSPARENTE UFR0-0061 FLINT,0.0,KILOS,PROD. TINTAS,35,BODEGA GESLOG INTEGRAL,
58344,TINTA UV BLANCO TRANSPARENTE UFR0-0061 FLINT,0.0,KILOS,PROD. TINTAS,36,CONTAINER,
58344,TINTA UV BLANCO TRANSPARENTE UFR0-0061 FLINT,0.0,KILOS,PROD. TINTAS,38,RRHH,
58344,TINTA UV BLANCO TRANSPARENTE UFR0-0061 FLINT,0.0,KILOS,PROD. TINTAS,40,ST CONCEPCION,
58344,TINTA UV BLANCO TRANSPARENTE UFR0-0061 FLINT,0.0,KILOS,PROD. TINTAS,44,SERV.TECNICO SINCLAIR,
58344,TINTA UV BLANCO TRANSPARENTE UFR0-0061 FLINT,0.0,KILOS,PROD. TINTAS,45,BODEGA PROVEEDOR,
58344,TINTA UV BLANCO TRANSPARENTE UFR0-0061 FLINT,0.0,KILOS,PROD. TINTAS,46,SINCLAIR STOCK,
58344,TINTA UV BLANCO TRANSPARENTE UFR0-0061 FLINT,0.0,KILOS,PROD. TINTAS,48,POSCOSECHA,
58344,TINTA UV BLANCO TRANSPARENTE UFR0-0061 FLINT,0.0,KILOS,PROD. TINTAS,49,BOG. LOGICA ARAUCO,
58344,TINTA UV BLANCO TRANSPARENTE UFR0-0061 FLINT,0.0,KILOS,PROD. TINTAS,50,SERV.TECNICO SAMSON,
58344,TINTA UV BLANCO TRANSPARENTE UFR0-0061 FLINT,0.0,KILOS,PROD. TINTAS,51,PERU STOCK ENVIO,
58344,TINTA UV BLANCO TRANSPARENTE UFR0-0061 FLINT,0.0,KILOS,PROD. TINTAS,52,ST IMPRESORAS Y EQUIPOS,
58344,TINTA UV BLANCO TRANSPARENTE UFR0-0061 FLINT,0.0,KILOS,PROD. TINTAS,53,BODEGA ESQUIM,
58344,TINTA UV BLANCO TRANSPARENTE UFR0-0061 FLINT,0.0,KILOS,PROD. TINTAS,54,GESLOG MALLOA,
58361,TINTA UV VIOLET UFO4-0010 FLINT,0.0,UN,PROD. TINTAS,01,BODEGA COSTEO,
58361,TINTA UV VIOLET UFO4-0010 FLINT,0.0,UN,PROD. TINTAS,02,MATERIAS PRIMAS E INSUMOS,
58361,TINTA UV VIOLET UFO4-0010 FLINT,0.0,UN,PROD. TINTAS,03,PRODUCTOS TERMINADOS,
58361,TINTA UV VIOLET UFO4-0010 FLINT,0.0,UN,PROD. TINTAS,04,PRODUCCION,
58361,TINTA UV VIOLET UFO4-0010 FLINT,0.0,UN,PROD. TINTAS,05,RECLAMO PROVEEDOR,
58361,TINTA UV VIOLET UFO4-0010 FLINT,0.0,UN,PROD. TINTAS,06,PRODUCTOS RECHAZADOS,
58361,TINTA UV VIOLET UFO4-0010 FLINT,0.0,UN,PROD. TINTAS,07,NOTAS DE CREDITO,
58361,TINTA UV VIOLET UFO4-0010 FLINT,0.0,UN,PROD. TINTAS,08,MPRIMA SOBRE STOCK,
58361,TINTA UV VIOLET UFO4-0010 FLINT,0.0,UN,PROD. TINTAS,10,DIFERENCIAS DE INV. P.T.,
58361,TINTA UV VIOLET UFO4-0010 FLINT,0.0,UN,PROD. TINTAS,13,TDP STOCK,
58361,TINTA UV VIOLET UFO4-0010 FLINT,0.0,UN,PROD. TINTAS,14,SERVICIO TECNICO,
58361,TINTA UV VIOLET UFO4-0010 FLINT,0.0,UN,PROD. TINTAS,15,TALLER SERV.TECNICO,
58361,TINTA UV VIOLET UFO4-0010 FLINT,0.0,UN,PROD. TINTAS,17,BODEGA CLIENTES,
58361,TINTA UV VIOLET UFO4-0010 FLINT,0.0,UN,PROD. TINTAS,20,POSCOSECHA MUESTRAS,
58361,TINTA UV VIOLET UFO4-0010 FLINT,0.0,UN,PROD. TINTAS,21,TINTAS,
58361,TINTA UV VIOLET UFO4-0010 FLINT,0.0,UN,PROD. TINTAS,22,SIEGWERK,
58361,TINTA UV VIOLET UFO4-0010 FLINT,0.0,UN,PROD. TINTAS,24,SALDO MATERIAS PRIMAS,
58361,TINTA UV VIOLET UFO4-0010 FLINT,0.0,UN,PROD. TINTAS,26,OBSOLETOS COMERCIAL,
58361,TINTA UV VIOLET UFO4-0010 FLINT,0.0,UN,PROD. TINTAS,34,MP MAQUINA WEBER,
58361,TINTA UV VIOLET UFO4-0010 FLINT,0.0,UN,PROD. TINTAS,35,BODEGA GESLOG INTEGRAL,
58361,TINTA UV VIOLET UFO4-0010 FLINT,0.0,UN,PROD. TINTAS,36,CONTAINER,
58361,TINTA UV VIOLET UFO4-0010 FLINT,0.0,UN,PROD. TINTAS,38,RRHH,
58361,TINTA UV VIOLET UFO4-0010 FLINT,0.0,UN,PROD. TINTAS,40,ST CONCEPCION,
58361,TINTA UV VIOLET UFO4-0010 FLINT,0.0,UN,PROD. TINTAS,44,SERV.TECNICO SINCLAIR,
58361,TINTA UV VIOLET UFO4-0010 FLINT,0.0,UN,PROD. TINTAS,45,BODEGA PROVEEDOR,
58361,TINTA UV VIOLET UFO4-0010 FLINT,0.0,UN,PROD. TINTAS,46,SINCLAIR STOCK,
58361,TINTA UV VIOLET UFO4-0010 FLINT,0.0,UN,PROD. TINTAS,48,POSCOSECHA,
58361,TINTA UV VIOLET UFO4-0010 FLINT,0.0,UN,PROD. TINTAS,49,BOG. LOGICA ARAUCO,
58361,TINTA UV VIOLET UFO4-0010 FLINT,0.0,UN,PROD. TINTAS,50,SERV.TECNICO SAMSON,
58361,TINTA UV VIOLET UFO4-0010 FLINT,0.0,UN,PROD. TINTAS,51,PERU STOCK ENVIO,
58361,TINTA UV VIOLET UFO4-0010 FLINT,0.0,UN,PROD. TINTAS,52,ST IMPRESORAS Y EQUIPOS,
58361,TINTA UV VIOLET UFO4-0010 FLINT,0.0,UN,PROD. TINTAS,53,BODEGA ESQUIM,
58361,TINTA UV VIOLET UFO4-0010 FLINT,0.0,UN,PROD. TINTAS,54,GESLOG MALLOA,
58625,PAÑO LIMPIEZA ANTIESTATICO KIMTECH,0.0,LITRO,PROD. TINTAS DIGITAL,01,BODEGA COSTEO,
58625,PAÑO LIMPIEZA ANTIESTATICO KIMTECH,0.0,LITRO,PROD. TINTAS DIGITAL,02,MATERIAS PRIMAS E INSUMOS,
58625,PAÑO LIMPIEZA ANTIESTATICO KIMTECH,0.0,LITRO,PROD. TINTAS DIGITAL,03,PRODUCTOS TERMINADOS,
58625,PAÑO LIMPIEZA ANTIESTATICO KIMTECH,0.0,LITRO,PROD. TINTAS DIGITAL,04,PRODUCCION,
58625,PAÑO LIMPIEZA ANTIESTATICO KIMTECH,0.0,LITRO,PROD. TINTAS DIGITAL,05,RECLAMO PROVEEDOR,
58625,PAÑO LIMPIEZA ANTIESTATICO KIMTECH,0.0,LITRO,PROD. TINTAS DIGITAL,06,PRODUCTOS RECHAZADOS,
58625,PAÑO LIMPIEZA ANTIESTATICO KIMTECH,0.0,LITRO,PROD. TINTAS DIGITAL,07,NOTAS DE CREDITO,
58625,PAÑO LIMPIEZA ANTIESTATICO KIMTECH,0.0,LITRO,PROD. TINTAS DIGITAL,08,MPRIMA SOBRE STOCK,
58625,PAÑO LIMPIEZA ANTIESTATICO KIMTECH,0.0,LITRO,PROD. TINTAS DIGITAL,10,DIFERENCIAS DE INV. P.T.,
58625,PAÑO LIMPIEZA ANTIESTATICO KIMTECH,0.0,LITRO,PROD. TINTAS DIGITAL,13,TDP STOCK,
58625,PAÑO LIMPIEZA ANTIESTATICO KIMTECH,0.0,LITRO,PROD. TINTAS DIGITAL,14,SERVICIO TECNICO,
58625,PAÑO LIMPIEZA ANTIESTATICO KIMTECH,0.0,LITRO,PROD. TINTAS DIGITAL,15,TALLER SERV.TECNICO,
58625,PAÑO LIMPIEZA ANTIESTATICO KIMTECH,0.0,LITRO,PROD. TINTAS DIGITAL,17,BODEGA CLIENTES,
58625,PAÑO LIMPIEZA ANTIESTATICO KIMTECH,0.0,LITRO,PROD. TINTAS DIGITAL,20,POSCOSECHA MUESTRAS,
58625,PAÑO LIMPIEZA ANTIESTATICO KIMTECH,0.0,LITRO,PROD. TINTAS DIGITAL,21,TINTAS,
58625,PAÑO LIMPIEZA ANTIESTATICO KIMTECH,0.0,LITRO,PROD. TINTAS DIGITAL,22,SIEGWERK,
58625,PAÑO LIMPIEZA ANTIESTATICO KIMTECH,0.0,LITRO,PROD. TINTAS DIGITAL,24,SALDO MATERIAS PRIMAS,
58625,PAÑO LIMPIEZA ANTIESTATICO KIMTECH,0.0,LITRO,PROD. TINTAS DIGITAL,26,OBSOLETOS COMERCIAL,
58625,PAÑO LIMPIEZA ANTIESTATICO KIMTECH,0.0,LITRO,PROD. TINTAS DIGITAL,34,MP MAQUINA WEBER,
58625,PAÑO LIMPIEZA ANTIESTATICO KIMTECH,0.0,LITRO,PROD. TINTAS DIGITAL,35,BODEGA GESLOG INTEGRAL,
58625,PAÑO LIMPIEZA ANTIESTATICO KIMTECH,0.0,LITRO,PROD. TINTAS DIGITAL,36,CONTAINER,
58625,PAÑO LIMPIEZA ANTIESTATICO KIMTECH,0.0,LITRO,PROD. TINTAS DIGITAL,38,RRHH,
58625,PAÑO LIMPIEZA ANTIESTATICO KIMTECH,0.0,LITRO,PROD. TINTAS DIGITAL,40,ST CONCEPCION,
58625,PAÑO LIMPIEZA ANTIESTATICO KIMTECH,0.0,LITRO,PROD. TINTAS DIGITAL,44,SERV.TECNICO SINCLAIR,
58625,PAÑO LIMPIEZA ANTIESTATICO KIMTECH,0.0,LITRO,PROD. TINTAS DIGITAL,45,BODEGA PROVEEDOR,
58625,PAÑO LIMPIEZA ANTIESTATICO KIMTECH,0.0,LITRO,PROD. TINTAS DIGITAL,46,SINCLAIR STOCK,
58625,PAÑO LIMPIEZA ANTIESTATICO KIMTECH,0.0,LITRO,PROD. TINTAS DIGITAL,48,POSCOSECHA,
58625,PAÑO LIMPIEZA ANTIESTATICO KIMTECH,0.0,LITRO,PROD. TINTAS DIGITAL,49,BOG. LOGICA ARAUCO,
58625,PAÑO LIMPIEZA ANTIESTATICO KIMTECH,0.0,LITRO,PROD. TINTAS DIGITAL,50,SERV.TECNICO SAMSON,
58625,PAÑO LIMPIEZA ANTIESTATICO KIMTECH,0.0,LITRO,PROD. TINTAS DIGITAL,51,PERU STOCK ENVIO,
58625,PAÑO LIMPIEZA ANTIESTATICO KIMTECH,0.0,LITRO,PROD. TINTAS DIGITAL,52,ST IMPRESORAS Y EQUIPOS,
58625,PAÑO LIMPIEZA ANTIESTATICO KIMTECH,0.0,LITRO,PROD. TINTAS DIGITAL,53,BODEGA ESQUIM,
58625,PAÑO LIMPIEZA ANTIESTATICO KIMTECH,0.0,LITRO,PROD. TINTAS DIGITAL,54,GESLOG MALLOA,
58769,TINTA UV MAGENTA UFO3-0083 FLINT,5.0,KILOS,PROD. TINTAS,21,TINTAS,2026-06-09
58806,TINTA UV YELLOW PROCESS YF0005 ANTALIS,70.0,KILOS,PROD. TINTAS,36,CONTAINER,2026-04-10
58822,LIMPIADOR AQUAFLEX 2824 552002 (1 BD / 5kg),0.0,UNIDAD,PROD. TINTAS,01,BODEGA COSTEO,2024-07-31
58822,LIMPIADOR AQUAFLEX 2824 552002 (1 BD / 5kg),0.0,UNIDAD,PROD. TINTAS,02,MATERIAS PRIMAS E INSUMOS,2024-07-31
58822,LIMPIADOR AQUAFLEX 2824 552002 (1 BD / 5kg),0.0,UNIDAD,PROD. TINTAS,04,PRODUCCION,2024-07-31
58822,LIMPIADOR AQUAFLEX 2824 552002 (1 BD / 5kg),0.0,UNIDAD,PROD. TINTAS,08,MPRIMA SOBRE STOCK,2024-07-31
58822,LIMPIADOR AQUAFLEX 2824 552002 (1 BD / 5kg),0.0,UNIDAD,PROD. TINTAS,17,BODEGA CLIENTES,2024-07-31
58822,LIMPIADOR AQUAFLEX 2824 552002 (1 BD / 5kg),0.0,UNIDAD,PROD. TINTAS,20,POSCOSECHA MUESTRAS,2024-07-31
58822,LIMPIADOR AQUAFLEX 2824 552002 (1 BD / 5kg),0.0,UNIDAD,PROD. TINTAS,21,TINTAS,2024-07-31
58822,LIMPIADOR AQUAFLEX 2824 552002 (1 BD / 5kg),0.0,UNIDAD,PROD. TINTAS,26,OBSOLETOS COMERCIAL,2024-07-31
58822,LIMPIADOR AQUAFLEX 2824 552002 (1 BD / 5kg),0.0,UNIDAD,PROD. TINTAS,34,MP MAQUINA WEBER,2024-07-31
58822,LIMPIADOR AQUAFLEX 2824 552002 (1 BD / 5kg),0.0,UNIDAD,PROD. TINTAS,35,BODEGA GESLOG INTEGRAL,2024-07-31
58822,LIMPIADOR AQUAFLEX 2824 552002 (1 BD / 5kg),5.0,UNIDAD,PROD. TINTAS,36,CONTAINER,2024-07-31
58822,LIMPIADOR AQUAFLEX 2824 552002 (1 BD / 5kg),0.0,UNIDAD,PROD. TINTAS,38,RRHH,2024-07-31
58822,LIMPIADOR AQUAFLEX 2824 552002 (1 BD / 5kg),0.0,UNIDAD,PROD. TINTAS,40,ST CONCEPCION,2024-07-31
58822,LIMPIADOR AQUAFLEX 2824 552002 (1 BD / 5kg),0.0,UNIDAD,PROD. TINTAS,44,SERV.TECNICO SINCLAIR,2024-07-31
58822,LIMPIADOR AQUAFLEX 2824 552002 (1 BD / 5kg),0.0,UNIDAD,PROD. TINTAS,45,BODEGA PROVEEDOR,2024-07-31
58822,LIMPIADOR AQUAFLEX 2824 552002 (1 BD / 5kg),0.0,UNIDAD,PROD. TINTAS,46,SINCLAIR STOCK,2024-07-31
58822,LIMPIADOR AQUAFLEX 2824 552002 (1 BD / 5kg),0.0,UNIDAD,PROD. TINTAS,48,POSCOSECHA,2024-07-31
58822,LIMPIADOR AQUAFLEX 2824 552002 (1 BD / 5kg),0.0,UNIDAD,PROD. TINTAS,49,BOG. LOGICA ARAUCO,2024-07-31
58822,LIMPIADOR AQUAFLEX 2824 552002 (1 BD / 5kg),0.0,UNIDAD,PROD. TINTAS,50,SERV.TECNICO SAMSON,2024-07-31
58822,LIMPIADOR AQUAFLEX 2824 552002 (1 BD / 5kg),0.0,UNIDAD,PROD. TINTAS,51,PERU STOCK ENVIO,2024-07-31
58822,LIMPIADOR AQUAFLEX 2824 552002 (1 BD / 5kg),0.0,UNIDAD,PROD. TINTAS,52,ST IMPRESORAS Y EQUIPOS,2024-07-31
58822,LIMPIADOR AQUAFLEX 2824 552002 (1 BD / 5kg),0.0,UNIDAD,PROD. TINTAS,53,BODEGA ESQUIM,2024-07-31
58822,LIMPIADOR AQUAFLEX 2824 552002 (1 BD / 5kg),0.0,UNIDAD,PROD. TINTAS,54,GESLOG MALLOA,2024-07-31
58875,TINTA AGUA ROJO WARM RED HYDRO 177582 HUBER,22.0,KILOS,PROD. TINTAS,21,TINTAS,2026-02-28
59039,UVDRY FLEXO SILICONE RELEASE RESIN (CATIONIC) AD506 PARAGON,60.0,KILOS,PROD. TINTAS,21,TINTAS,2026-08-18
59040,UV CATIONIC INITIATOR AD232 PARAGON,5.4,KILOS,PROD. TINTAS,21,TINTAS,2026-06-10
59040,UV CATIONIC INITIATOR AD232 PARAGON,0.6,KILOS,PROD. TINTAS,36,CONTAINER,2026-06-10
59294,TINTA UV CYAN 1690241 DURST A,0.0,LITRO,PROD. TINTAS DIGITAL,01,BODEGA COSTEO,2026-04-13
59294,TINTA UV CYAN 1690241 DURST A,0.0,LITRO,PROD. TINTAS DIGITAL,02,MATERIAS PRIMAS E INSUMOS,2026-04-13
59294,TINTA UV CYAN 1690241 DURST A,0.0,LITRO,PROD. TINTAS DIGITAL,03,PRODUCTOS TERMINADOS,2026-04-13
59294,TINTA UV CYAN 1690241 DURST A,0.0,LITRO,PROD. TINTAS DIGITAL,04,PRODUCCION,2026-04-13
59294,TINTA UV CYAN 1690241 DURST A,0.0,LITRO,PROD. TINTAS DIGITAL,05,RECLAMO PROVEEDOR,2026-04-13
59294,TINTA UV CYAN 1690241 DURST A,0.0,LITRO,PROD. TINTAS DIGITAL,06,PRODUCTOS RECHAZADOS,2026-04-13
59294,TINTA UV CYAN 1690241 DURST A,0.0,LITRO,PROD. TINTAS DIGITAL,07,NOTAS DE CREDITO,2026-04-13
59294,TINTA UV CYAN 1690241 DURST A,0.0,LITRO,PROD. TINTAS DIGITAL,08,MPRIMA SOBRE STOCK,2026-04-13
59294,TINTA UV CYAN 1690241 DURST A,0.0,LITRO,PROD. TINTAS DIGITAL,10,DIFERENCIAS DE INV. P.T.,2026-04-13
59294,TINTA UV CYAN 1690241 DURST A,0.0,LITRO,PROD. TINTAS DIGITAL,13,TDP STOCK,2026-04-13
59294,TINTA UV CYAN 1690241 DURST A,0.0,LITRO,PROD. TINTAS DIGITAL,14,SERVICIO TECNICO,2026-04-13
59294,TINTA UV CYAN 1690241 DURST A,0.0,LITRO,PROD. TINTAS DIGITAL,15,TALLER SERV.TECNICO,2026-04-13
59294,TINTA UV CYAN 1690241 DURST A,0.0,LITRO,PROD. TINTAS DIGITAL,17,BODEGA CLIENTES,2026-04-13
59294,TINTA UV CYAN 1690241 DURST A,0.0,LITRO,PROD. TINTAS DIGITAL,20,POSCOSECHA MUESTRAS,2026-04-13
59294,TINTA UV CYAN 1690241 DURST A,0.0,LITRO,PROD. TINTAS DIGITAL,21,TINTAS,2026-04-13
59294,TINTA UV CYAN 1690241 DURST A,0.0,LITRO,PROD. TINTAS DIGITAL,22,SIEGWERK,2026-04-13
59294,TINTA UV CYAN 1690241 DURST A,0.0,LITRO,PROD. TINTAS DIGITAL,24,SALDO MATERIAS PRIMAS,2026-04-13
59294,TINTA UV CYAN 1690241 DURST A,0.0,LITRO,PROD. TINTAS DIGITAL,26,OBSOLETOS COMERCIAL,2026-04-13
59294,TINTA UV CYAN 1690241 DURST A,0.0,LITRO,PROD. TINTAS DIGITAL,34,MP MAQUINA WEBER,2026-04-13
59294,TINTA UV CYAN 1690241 DURST A,0.0,LITRO,PROD. TINTAS DIGITAL,35,BODEGA GESLOG INTEGRAL,2026-04-13
59294,TINTA UV CYAN 1690241 DURST A,10.0,LITRO,PROD. TINTAS DIGITAL,36,CONTAINER,2026-04-13
59294,TINTA UV CYAN 1690241 DURST A,0.0,LITRO,PROD. TINTAS DIGITAL,38,RRHH,2026-04-13
59294,TINTA UV CYAN 1690241 DURST A,0.0,LITRO,PROD. TINTAS DIGITAL,40,ST CONCEPCION,2026-04-13
59294,TINTA UV CYAN 1690241 DURST A,0.0,LITRO,PROD. TINTAS DIGITAL,44,SERV.TECNICO SINCLAIR,2026-04-13
59294,TINTA UV CYAN 1690241 DURST A,0.0,LITRO,PROD. TINTAS DIGITAL,45,BODEGA PROVEEDOR,2026-04-13
59294,TINTA UV CYAN 1690241 DURST A,0.0,LITRO,PROD. TINTAS DIGITAL,46,SINCLAIR STOCK,2026-04-13
59294,TINTA UV CYAN 1690241 DURST A,0.0,LITRO,PROD. TINTAS DIGITAL,48,POSCOSECHA,2026-04-13
59294,TINTA UV CYAN 1690241 DURST A,0.0,LITRO,PROD. TINTAS DIGITAL,49,BOG. LOGICA ARAUCO,2026-04-13
59294,TINTA UV CYAN 1690241 DURST A,0.0,LITRO,PROD. TINTAS DIGITAL,50,SERV.TECNICO SAMSON,2026-04-13
59294,TINTA UV CYAN 1690241 DURST A,0.0,LITRO,PROD. TINTAS DIGITAL,51,PERU STOCK ENVIO,2026-04-13
59294,TINTA UV CYAN 1690241 DURST A,0.0,LITRO,PROD. TINTAS DIGITAL,52,ST IMPRESORAS Y EQUIPOS,2026-04-13
59294,TINTA UV CYAN 1690241 DURST A,0.0,LITRO,PROD. TINTAS DIGITAL,53,BODEGA ESQUIM,2026-04-13
59294,TINTA UV CYAN 1690241 DURST A,0.0,LITRO,PROD. TINTAS DIGITAL,54,GESLOG MALLOA,2026-04-13
59295,TINTA UV MAGENTA 1690276 DURST A,0.0,LITRO,PROD. TINTAS DIGITAL,01,BODEGA COSTEO,2026-08-17
59295,TINTA UV MAGENTA 1690276 DURST A,0.0,LITRO,PROD. TINTAS DIGITAL,02,MATERIAS PRIMAS E INSUMOS,2026-08-17
59295,TINTA UV MAGENTA 1690276 DURST A,0.0,LITRO,PROD. TINTAS DIGITAL,03,PRODUCTOS TERMINADOS,2026-08-17
59295,TINTA UV MAGENTA 1690276 DURST A,12.55,LITRO,PROD. TINTAS DIGITAL,04,PRODUCCION,2026-08-17
59295,TINTA UV MAGENTA 1690276 DURST A,0.0,LITRO,PROD. TINTAS DIGITAL,05,RECLAMO PROVEEDOR,2026-08-17
59295,TINTA UV MAGENTA 1690276 DURST A,0.0,LITRO,PROD. TINTAS DIGITAL,06,PRODUCTOS RECHAZADOS,2026-08-17
59295,TINTA UV MAGENTA 1690276 DURST A,0.0,LITRO,PROD. TINTAS DIGITAL,07,NOTAS DE CREDITO,2026-08-17
59295,TINTA UV MAGENTA 1690276 DURST A,0.0,LITRO,PROD. TINTAS DIGITAL,08,MPRIMA SOBRE STOCK,2026-08-17
59295,TINTA UV MAGENTA 1690276 DURST A,0.0,LITRO,PROD. TINTAS DIGITAL,10,DIFERENCIAS DE INV. P.T.,2026-08-17
59295,TINTA UV MAGENTA 1690276 DURST A,0.0,LITRO,PROD. TINTAS DIGITAL,13,TDP STOCK,2026-08-17
59295,TINTA UV MAGENTA 1690276 DURST A,0.0,LITRO,PROD. TINTAS DIGITAL,14,SERVICIO TECNICO,2026-08-17
59295,TINTA UV MAGENTA 1690276 DURST A,0.0,LITRO,PROD. TINTAS DIGITAL,15,TALLER SERV.TECNICO,2026-08-17
59295,TINTA UV MAGENTA 1690276 DURST A,0.0,LITRO,PROD. TINTAS DIGITAL,17,BODEGA CLIENTES,2026-08-17
59295,TINTA UV MAGENTA 1690276 DURST A,0.0,LITRO,PROD. TINTAS DIGITAL,20,POSCOSECHA MUESTRAS,2026-08-17
59295,TINTA UV MAGENTA 1690276 DURST A,0.0,LITRO,PROD. TINTAS DIGITAL,21,TINTAS,2026-08-17
59295,TINTA UV MAGENTA 1690276 DURST A,0.0,LITRO,PROD. TINTAS DIGITAL,22,SIEGWERK,2026-08-17
59295,TINTA UV MAGENTA 1690276 DURST A,0.0,LITRO,PROD. TINTAS DIGITAL,24,SALDO MATERIAS PRIMAS,2026-08-17
59295,TINTA UV MAGENTA 1690276 DURST A,0.0,LITRO,PROD. TINTAS DIGITAL,26,OBSOLETOS COMERCIAL,2026-08-17
59295,TINTA UV MAGENTA 1690276 DURST A,0.0,LITRO,PROD. TINTAS DIGITAL,34,MP MAQUINA WEBER,2026-08-17
59295,TINTA UV MAGENTA 1690276 DURST A,0.0,LITRO,PROD. TINTAS DIGITAL,35,BODEGA GESLOG INTEGRAL,2026-08-17
59295,TINTA UV MAGENTA 1690276 DURST A,0.0,LITRO,PROD. TINTAS DIGITAL,36,CONTAINER,2026-08-17
59295,TINTA UV MAGENTA 1690276 DURST A,0.0,LITRO,PROD. TINTAS DIGITAL,38,RRHH,2026-08-17
59295,TINTA UV MAGENTA 1690276 DURST A,0.0,LITRO,PROD. TINTAS DIGITAL,40,ST CONCEPCION,2026-08-17
59295,TINTA UV MAGENTA 1690276 DURST A,0.0,LITRO,PROD. TINTAS DIGITAL,44,SERV.TECNICO SINCLAIR,2026-08-17
59295,TINTA UV MAGENTA 1690276 DURST A,0.0,LITRO,PROD. TINTAS DIGITAL,45,BODEGA PROVEEDOR,2026-08-17
59295,TINTA UV MAGENTA 1690276 DURST A,0.0,LITRO,PROD. TINTAS DIGITAL,46,SINCLAIR STOCK,2026-08-17
59295,TINTA UV MAGENTA 1690276 DURST A,0.0,LITRO,PROD. TINTAS DIGITAL,48,POSCOSECHA,2026-08-17
59295,TINTA UV MAGENTA 1690276 DURST A,0.0,LITRO,PROD. TINTAS DIGITAL,49,BOG. LOGICA ARAUCO,2026-08-17
59295,TINTA UV MAGENTA 1690276 DURST A,0.0,LITRO,PROD. TINTAS DIGITAL,50,SERV.TECNICO SAMSON,2026-08-17
59295,TINTA UV MAGENTA 1690276 DURST A,0.0,LITRO,PROD. TINTAS DIGITAL,51,PERU STOCK ENVIO,2026-08-17
59295,TINTA UV MAGENTA 1690276 DURST A,0.0,LITRO,PROD. TINTAS DIGITAL,52,ST IMPRESORAS Y EQUIPOS,2026-08-17
59295,TINTA UV MAGENTA 1690276 DURST A,0.0,LITRO,PROD. TINTAS DIGITAL,53,BODEGA ESQUIM,2026-08-17
59295,TINTA UV MAGENTA 1690276 DURST A,0.0,LITRO,PROD. TINTAS DIGITAL,54,GESLOG MALLOA,2026-08-17
59296,TINTA UV YELLOW 1690243 DURST A,0.0,LITRO,PROD. TINTAS DIGITAL,01,BODEGA COSTEO,2026-07-21
59296,TINTA UV YELLOW 1690243 DURST A,0.0,LITRO,PROD. TINTAS DIGITAL,02,MATERIAS PRIMAS E INSUMOS,2026-07-21
59296,TINTA UV YELLOW 1690243 DURST A,0.0,LITRO,PROD. TINTAS DIGITAL,03,PRODUCTOS TERMINADOS,2026-07-21
59296,TINTA UV YELLOW 1690243 DURST A,15.0,LITRO,PROD. TINTAS DIGITAL,04,PRODUCCION,2026-07-21
59296,TINTA UV YELLOW 1690243 DURST A,0.0,LITRO,PROD. TINTAS DIGITAL,05,RECLAMO PROVEEDOR,2026-07-21
59296,TINTA UV YELLOW 1690243 DURST A,0.0,LITRO,PROD. TINTAS DIGITAL,06,PRODUCTOS RECHAZADOS,2026-07-21
59296,TINTA UV YELLOW 1690243 DURST A,0.0,LITRO,PROD. TINTAS DIGITAL,07,NOTAS DE CREDITO,2026-07-21
59296,TINTA UV YELLOW 1690243 DURST A,0.0,LITRO,PROD. TINTAS DIGITAL,08,MPRIMA SOBRE STOCK,2026-07-21
59296,TINTA UV YELLOW 1690243 DURST A,0.0,LITRO,PROD. TINTAS DIGITAL,10,DIFERENCIAS DE INV. P.T.,2026-07-21
59296,TINTA UV YELLOW 1690243 DURST A,0.0,LITRO,PROD. TINTAS DIGITAL,13,TDP STOCK,2026-07-21
59296,TINTA UV YELLOW 1690243 DURST A,0.0,LITRO,PROD. TINTAS DIGITAL,14,SERVICIO TECNICO,2026-07-21
59296,TINTA UV YELLOW 1690243 DURST A,0.0,LITRO,PROD. TINTAS DIGITAL,15,TALLER SERV.TECNICO,2026-07-21
59296,TINTA UV YELLOW 1690243 DURST A,0.0,LITRO,PROD. TINTAS DIGITAL,17,BODEGA CLIENTES,2026-07-21
59296,TINTA UV YELLOW 1690243 DURST A,0.0,LITRO,PROD. TINTAS DIGITAL,20,POSCOSECHA MUESTRAS,2026-07-21
59296,TINTA UV YELLOW 1690243 DURST A,0.0,LITRO,PROD. TINTAS DIGITAL,21,TINTAS,2026-07-21
59296,TINTA UV YELLOW 1690243 DURST A,0.0,LITRO,PROD. TINTAS DIGITAL,22,SIEGWERK,2026-07-21
59296,TINTA UV YELLOW 1690243 DURST A,0.0,LITRO,PROD. TINTAS DIGITAL,24,SALDO MATERIAS PRIMAS,2026-07-21
59296,TINTA UV YELLOW 1690243 DURST A,0.0,LITRO,PROD. TINTAS DIGITAL,26,OBSOLETOS COMERCIAL,2026-07-21
59296,TINTA UV YELLOW 1690243 DURST A,0.0,LITRO,PROD. TINTAS DIGITAL,34,MP MAQUINA WEBER,2026-07-21
59296,TINTA UV YELLOW 1690243 DURST A,0.0,LITRO,PROD. TINTAS DIGITAL,35,BODEGA GESLOG INTEGRAL,2026-07-21
59296,TINTA UV YELLOW 1690243 DURST A,0.0,LITRO,PROD. TINTAS DIGITAL,36,CONTAINER,2026-07-21
59296,TINTA UV YELLOW 1690243 DURST A,0.0,LITRO,PROD. TINTAS DIGITAL,38,RRHH,2026-07-21
59296,TINTA UV YELLOW 1690243 DURST A,0.0,LITRO,PROD. TINTAS DIGITAL,40,ST CONCEPCION,2026-07-21
59296,TINTA UV YELLOW 1690243 DURST A,0.0,LITRO,PROD. TINTAS DIGITAL,44,SERV.TECNICO SINCLAIR,2026-07-21
59296,TINTA UV YELLOW 1690243 DURST A,0.0,LITRO,PROD. TINTAS DIGITAL,45,BODEGA PROVEEDOR,2026-07-21
59296,TINTA UV YELLOW 1690243 DURST A,0.0,LITRO,PROD. TINTAS DIGITAL,46,SINCLAIR STOCK,2026-07-21
59296,TINTA UV YELLOW 1690243 DURST A,0.0,LITRO,PROD. TINTAS DIGITAL,48,POSCOSECHA,2026-07-21
59296,TINTA UV YELLOW 1690243 DURST A,0.0,LITRO,PROD. TINTAS DIGITAL,49,BOG. LOGICA ARAUCO,2026-07-21
59296,TINTA UV YELLOW 1690243 DURST A,0.0,LITRO,PROD. TINTAS DIGITAL,50,SERV.TECNICO SAMSON,2026-07-21
59296,TINTA UV YELLOW 1690243 DURST A,0.0,LITRO,PROD. TINTAS DIGITAL,51,PERU STOCK ENVIO,2026-07-21
59296,TINTA UV YELLOW 1690243 DURST A,0.0,LITRO,PROD. TINTAS DIGITAL,52,ST IMPRESORAS Y EQUIPOS,2026-07-21
59296,TINTA UV YELLOW 1690243 DURST A,0.0,LITRO,PROD. TINTAS DIGITAL,53,BODEGA ESQUIM,2026-07-21
59296,TINTA UV YELLOW 1690243 DURST A,0.0,LITRO,PROD. TINTAS DIGITAL,54,GESLOG MALLOA,2026-07-21
59297,TINTA UV BLACK 1690320 DURST A,0.0,LITRO,PROD. TINTAS DIGITAL,01,BODEGA COSTEO,
59297,TINTA UV BLACK 1690320 DURST A,0.0,LITRO,PROD. TINTAS DIGITAL,02,MATERIAS PRIMAS E INSUMOS,
59297,TINTA UV BLACK 1690320 DURST A,0.0,LITRO,PROD. TINTAS DIGITAL,03,PRODUCTOS TERMINADOS,
59297,TINTA UV BLACK 1690320 DURST A,0.0,LITRO,PROD. TINTAS DIGITAL,04,PRODUCCION,
59297,TINTA UV BLACK 1690320 DURST A,0.0,LITRO,PROD. TINTAS DIGITAL,05,RECLAMO PROVEEDOR,
59297,TINTA UV BLACK 1690320 DURST A,0.0,LITRO,PROD. TINTAS DIGITAL,06,PRODUCTOS RECHAZADOS,
59297,TINTA UV BLACK 1690320 DURST A,0.0,LITRO,PROD. TINTAS DIGITAL,07,NOTAS DE CREDITO,
59297,TINTA UV BLACK 1690320 DURST A,0.0,LITRO,PROD. TINTAS DIGITAL,08,MPRIMA SOBRE STOCK,
59297,TINTA UV BLACK 1690320 DURST A,0.0,LITRO,PROD. TINTAS DIGITAL,10,DIFERENCIAS DE INV. P.T.,
59297,TINTA UV BLACK 1690320 DURST A,0.0,LITRO,PROD. TINTAS DIGITAL,13,TDP STOCK,
59297,TINTA UV BLACK 1690320 DURST A,0.0,LITRO,PROD. TINTAS DIGITAL,14,SERVICIO TECNICO,
59297,TINTA UV BLACK 1690320 DURST A,0.0,LITRO,PROD. TINTAS DIGITAL,15,TALLER SERV.TECNICO,
59297,TINTA UV BLACK 1690320 DURST A,0.0,LITRO,PROD. TINTAS DIGITAL,17,BODEGA CLIENTES,
59297,TINTA UV BLACK 1690320 DURST A,0.0,LITRO,PROD. TINTAS DIGITAL,20,POSCOSECHA MUESTRAS,
59297,TINTA UV BLACK 1690320 DURST A,0.0,LITRO,PROD. TINTAS DIGITAL,21,TINTAS,
59297,TINTA UV BLACK 1690320 DURST A,0.0,LITRO,PROD. TINTAS DIGITAL,22,SIEGWERK,
59297,TINTA UV BLACK 1690320 DURST A,0.0,LITRO,PROD. TINTAS DIGITAL,24,SALDO MATERIAS PRIMAS,
59297,TINTA UV BLACK 1690320 DURST A,0.0,LITRO,PROD. TINTAS DIGITAL,26,OBSOLETOS COMERCIAL,
59297,TINTA UV BLACK 1690320 DURST A,0.0,LITRO,PROD. TINTAS DIGITAL,34,MP MAQUINA WEBER,
59297,TINTA UV BLACK 1690320 DURST A,0.0,LITRO,PROD. TINTAS DIGITAL,35,BODEGA GESLOG INTEGRAL,
59297,TINTA UV BLACK 1690320 DURST A,0.0,LITRO,PROD. TINTAS DIGITAL,36,CONTAINER,
59297,TINTA UV BLACK 1690320 DURST A,0.0,LITRO,PROD. TINTAS DIGITAL,38,RRHH,
59297,TINTA UV BLACK 1690320 DURST A,0.0,LITRO,PROD. TINTAS DIGITAL,40,ST CONCEPCION,
59297,TINTA UV BLACK 1690320 DURST A,0.0,LITRO,PROD. TINTAS DIGITAL,44,SERV.TECNICO SINCLAIR,
59297,TINTA UV BLACK 1690320 DURST A,0.0,LITRO,PROD. TINTAS DIGITAL,45,BODEGA PROVEEDOR,
59297,TINTA UV BLACK 1690320 DURST A,0.0,LITRO,PROD. TINTAS DIGITAL,46,SINCLAIR STOCK,
59297,TINTA UV BLACK 1690320 DURST A,0.0,LITRO,PROD. TINTAS DIGITAL,48,POSCOSECHA,
59297,TINTA UV BLACK 1690320 DURST A,0.0,LITRO,PROD. TINTAS DIGITAL,49,BOG. LOGICA ARAUCO,
59297,TINTA UV BLACK 1690320 DURST A,0.0,LITRO,PROD. TINTAS DIGITAL,50,SERV.TECNICO SAMSON,
59297,TINTA UV BLACK 1690320 DURST A,0.0,LITRO,PROD. TINTAS DIGITAL,51,PERU STOCK ENVIO,
59297,TINTA UV BLACK 1690320 DURST A,0.0,LITRO,PROD. TINTAS DIGITAL,52,ST IMPRESORAS Y EQUIPOS,
59297,TINTA UV BLACK 1690320 DURST A,0.0,LITRO,PROD. TINTAS DIGITAL,53,BODEGA ESQUIM,
59297,TINTA UV BLACK 1690320 DURST A,0.0,LITRO,PROD. TINTAS DIGITAL,54,GESLOG MALLOA,
59301,ADHESIVO TERMOCONTRAIBLE K68 OB+ SEAMING SOLVENT,0.0,KG,PROD. TINTAS,01,BODEGA COSTEO,2026-09-07
59301,ADHESIVO TERMOCONTRAIBLE K68 OB+ SEAMING SOLVENT,0.0,KG,PROD. TINTAS,02,MATERIAS PRIMAS E INSUMOS,2026-09-07
59301,ADHESIVO TERMOCONTRAIBLE K68 OB+ SEAMING SOLVENT,18.0,KG,PROD. TINTAS,04,PRODUCCION,2026-09-07
59301,ADHESIVO TERMOCONTRAIBLE K68 OB+ SEAMING SOLVENT,0.0,KG,PROD. TINTAS,08,MPRIMA SOBRE STOCK,2026-09-07
59301,ADHESIVO TERMOCONTRAIBLE K68 OB+ SEAMING SOLVENT,0.0,KG,PROD. TINTAS,10,DIFERENCIAS DE INV. P.T.,2026-09-07
59301,ADHESIVO TERMOCONTRAIBLE K68 OB+ SEAMING SOLVENT,0.0,KG,PROD. TINTAS,17,BODEGA CLIENTES,2026-09-07
59301,ADHESIVO TERMOCONTRAIBLE K68 OB+ SEAMING SOLVENT,0.0,KG,PROD. TINTAS,20,POSCOSECHA MUESTRAS,2026-09-07
59301,ADHESIVO TERMOCONTRAIBLE K68 OB+ SEAMING SOLVENT,0.0,KG,PROD. TINTAS,21,TINTAS,2026-09-07
59301,ADHESIVO TERMOCONTRAIBLE K68 OB+ SEAMING SOLVENT,0.0,KG,PROD. TINTAS,35,BODEGA GESLOG INTEGRAL,2026-09-07
59301,ADHESIVO TERMOCONTRAIBLE K68 OB+ SEAMING SOLVENT,90.0,KG,PROD. TINTAS,36,CONTAINER,2026-09-07
59301,ADHESIVO TERMOCONTRAIBLE K68 OB+ SEAMING SOLVENT,0.0,KG,PROD. TINTAS,38,RRHH,2026-09-07
59301,ADHESIVO TERMOCONTRAIBLE K68 OB+ SEAMING SOLVENT,0.0,KG,PROD. TINTAS,50,SERV.TECNICO SAMSON,2026-09-07
59301,ADHESIVO TERMOCONTRAIBLE K68 OB+ SEAMING SOLVENT,0.0,KG,PROD. TINTAS,51,PERU STOCK ENVIO,2026-09-07
59301,ADHESIVO TERMOCONTRAIBLE K68 OB+ SEAMING SOLVENT,0.0,KG,PROD. TINTAS,52,ST IMPRESORAS Y EQUIPOS,2026-09-07
59301,ADHESIVO TERMOCONTRAIBLE K68 OB+ SEAMING SOLVENT,0.0,KG,PROD. TINTAS,53,BODEGA ESQUIM,2026-09-07
59301,ADHESIVO TERMOCONTRAIBLE K68 OB+ SEAMING SOLVENT,0.0,KG,PROD. TINTAS,54,GESLOG MALLOA,2026-09-07
59316,"FILTER SKDP 5uM 5/16"" L5"" PP SW (Circulation filter W) 13901901 DURST",0.0,LITRO,PROD. TINTAS DIGITAL,01,BODEGA COSTEO,2025-05-06
59316,"FILTER SKDP 5uM 5/16"" L5"" PP SW (Circulation filter W) 13901901 DURST",0.0,LITRO,PROD. TINTAS DIGITAL,02,MATERIAS PRIMAS E INSUMOS,2025-05-06
59316,"FILTER SKDP 5uM 5/16"" L5"" PP SW (Circulation filter W) 13901901 DURST",0.0,LITRO,PROD. TINTAS DIGITAL,03,PRODUCTOS TERMINADOS,2025-05-06
59316,"FILTER SKDP 5uM 5/16"" L5"" PP SW (Circulation filter W) 13901901 DURST",1.0,LITRO,PROD. TINTAS DIGITAL,04,PRODUCCION,2025-05-06
59316,"FILTER SKDP 5uM 5/16"" L5"" PP SW (Circulation filter W) 13901901 DURST",0.0,LITRO,PROD. TINTAS DIGITAL,05,RECLAMO PROVEEDOR,2025-05-06
59316,"FILTER SKDP 5uM 5/16"" L5"" PP SW (Circulation filter W) 13901901 DURST",0.0,LITRO,PROD. TINTAS DIGITAL,06,PRODUCTOS RECHAZADOS,2025-05-06
59316,"FILTER SKDP 5uM 5/16"" L5"" PP SW (Circulation filter W) 13901901 DURST",0.0,LITRO,PROD. TINTAS DIGITAL,07,NOTAS DE CREDITO,2025-05-06
59316,"FILTER SKDP 5uM 5/16"" L5"" PP SW (Circulation filter W) 13901901 DURST",0.0,LITRO,PROD. TINTAS DIGITAL,08,MPRIMA SOBRE STOCK,2025-05-06
59316,"FILTER SKDP 5uM 5/16"" L5"" PP SW (Circulation filter W) 13901901 DURST",0.0,LITRO,PROD. TINTAS DIGITAL,10,DIFERENCIAS DE INV. P.T.,2025-05-06
59316,"FILTER SKDP 5uM 5/16"" L5"" PP SW (Circulation filter W) 13901901 DURST",0.0,LITRO,PROD. TINTAS DIGITAL,13,TDP STOCK,2025-05-06
59316,"FILTER SKDP 5uM 5/16"" L5"" PP SW (Circulation filter W) 13901901 DURST",0.0,LITRO,PROD. TINTAS DIGITAL,14,SERVICIO TECNICO,2025-05-06
59316,"FILTER SKDP 5uM 5/16"" L5"" PP SW (Circulation filter W) 13901901 DURST",0.0,LITRO,PROD. TINTAS DIGITAL,15,TALLER SERV.TECNICO,2025-05-06
59316,"FILTER SKDP 5uM 5/16"" L5"" PP SW (Circulation filter W) 13901901 DURST",0.0,LITRO,PROD. TINTAS DIGITAL,17,BODEGA CLIENTES,2025-05-06
59316,"FILTER SKDP 5uM 5/16"" L5"" PP SW (Circulation filter W) 13901901 DURST",0.0,LITRO,PROD. TINTAS DIGITAL,20,POSCOSECHA MUESTRAS,2025-05-06
59316,"FILTER SKDP 5uM 5/16"" L5"" PP SW (Circulation filter W) 13901901 DURST",0.0,LITRO,PROD. TINTAS DIGITAL,21,TINTAS,2025-05-06
59316,"FILTER SKDP 5uM 5/16"" L5"" PP SW (Circulation filter W) 13901901 DURST",0.0,LITRO,PROD. TINTAS DIGITAL,22,SIEGWERK,2025-05-06
59316,"FILTER SKDP 5uM 5/16"" L5"" PP SW (Circulation filter W) 13901901 DURST",0.0,LITRO,PROD. TINTAS DIGITAL,24,SALDO MATERIAS PRIMAS,2025-05-06
59316,"FILTER SKDP 5uM 5/16"" L5"" PP SW (Circulation filter W) 13901901 DURST",0.0,LITRO,PROD. TINTAS DIGITAL,26,OBSOLETOS COMERCIAL,2025-05-06
59316,"FILTER SKDP 5uM 5/16"" L5"" PP SW (Circulation filter W) 13901901 DURST",0.0,LITRO,PROD. TINTAS DIGITAL,34,MP MAQUINA WEBER,2025-05-06
59316,"FILTER SKDP 5uM 5/16"" L5"" PP SW (Circulation filter W) 13901901 DURST",0.0,LITRO,PROD. TINTAS DIGITAL,35,BODEGA GESLOG INTEGRAL,2025-05-06
59316,"FILTER SKDP 5uM 5/16"" L5"" PP SW (Circulation filter W) 13901901 DURST",0.0,LITRO,PROD. TINTAS DIGITAL,36,CONTAINER,2025-05-06
59316,"FILTER SKDP 5uM 5/16"" L5"" PP SW (Circulation filter W) 13901901 DURST",0.0,LITRO,PROD. TINTAS DIGITAL,38,RRHH,2025-05-06
59316,"FILTER SKDP 5uM 5/16"" L5"" PP SW (Circulation filter W) 13901901 DURST",0.0,LITRO,PROD. TINTAS DIGITAL,40,ST CONCEPCION,2025-05-06
59316,"FILTER SKDP 5uM 5/16"" L5"" PP SW (Circulation filter W) 13901901 DURST",0.0,LITRO,PROD. TINTAS DIGITAL,44,SERV.TECNICO SINCLAIR,2025-05-06
59316,"FILTER SKDP 5uM 5/16"" L5"" PP SW (Circulation filter W) 13901901 DURST",0.0,LITRO,PROD. TINTAS DIGITAL,45,BODEGA PROVEEDOR,2025-05-06
59316,"FILTER SKDP 5uM 5/16"" L5"" PP SW (Circulation filter W) 13901901 DURST",0.0,LITRO,PROD. TINTAS DIGITAL,46,SINCLAIR STOCK,2025-05-06
59316,"FILTER SKDP 5uM 5/16"" L5"" PP SW (Circulation filter W) 13901901 DURST",0.0,LITRO,PROD. TINTAS DIGITAL,48,POSCOSECHA,2025-05-06
59316,"FILTER SKDP 5uM 5/16"" L5"" PP SW (Circulation filter W) 13901901 DURST",0.0,LITRO,PROD. TINTAS DIGITAL,49,BOG. LOGICA ARAUCO,2025-05-06
59316,"FILTER SKDP 5uM 5/16"" L5"" PP SW (Circulation filter W) 13901901 DURST",0.0,LITRO,PROD. TINTAS DIGITAL,50,SERV.TECNICO SAMSON,2025-05-06
59316,"FILTER SKDP 5uM 5/16"" L5"" PP SW (Circulation filter W) 13901901 DURST",0.0,LITRO,PROD. TINTAS DIGITAL,51,PERU STOCK ENVIO,2025-05-06
59316,"FILTER SKDP 5uM 5/16"" L5"" PP SW (Circulation filter W) 13901901 DURST",0.0,LITRO,PROD. TINTAS DIGITAL,52,ST IMPRESORAS Y EQUIPOS,2025-05-06
59316,"FILTER SKDP 5uM 5/16"" L5"" PP SW (Circulation filter W) 13901901 DURST",0.0,LITRO,PROD. TINTAS DIGITAL,53,BODEGA ESQUIM,2025-05-06
59316,"FILTER SKDP 5uM 5/16"" L5"" PP SW (Circulation filter W) 13901901 DURST",0.0,LITRO,PROD. TINTAS DIGITAL,54,GESLOG MALLOA,2025-05-06
59317,FILTER SKP 3µm 5/16'' L5'' PP SW (Circulation filter CMYK-ViOG) 1393447 DURST,0.0,LITRO,PROD. TINTAS DIGITAL,01,BODEGA COSTEO,2025-05-06
59317,FILTER SKP 3µm 5/16'' L5'' PP SW (Circulation filter CMYK-ViOG) 1393447 DURST,0.0,LITRO,PROD. TINTAS DIGITAL,02,MATERIAS PRIMAS E INSUMOS,2025-05-06
59317,FILTER SKP 3µm 5/16'' L5'' PP SW (Circulation filter CMYK-ViOG) 1393447 DURST,0.0,LITRO,PROD. TINTAS DIGITAL,03,PRODUCTOS TERMINADOS,2025-05-06
59317,FILTER SKP 3µm 5/16'' L5'' PP SW (Circulation filter CMYK-ViOG) 1393447 DURST,3.0,LITRO,PROD. TINTAS DIGITAL,04,PRODUCCION,2025-05-06
59317,FILTER SKP 3µm 5/16'' L5'' PP SW (Circulation filter CMYK-ViOG) 1393447 DURST,0.0,LITRO,PROD. TINTAS DIGITAL,05,RECLAMO PROVEEDOR,2025-05-06
59317,FILTER SKP 3µm 5/16'' L5'' PP SW (Circulation filter CMYK-ViOG) 1393447 DURST,0.0,LITRO,PROD. TINTAS DIGITAL,06,PRODUCTOS RECHAZADOS,2025-05-06
59317,FILTER SKP 3µm 5/16'' L5'' PP SW (Circulation filter CMYK-ViOG) 1393447 DURST,0.0,LITRO,PROD. TINTAS DIGITAL,07,NOTAS DE CREDITO,2025-05-06
59317,FILTER SKP 3µm 5/16'' L5'' PP SW (Circulation filter CMYK-ViOG) 1393447 DURST,0.0,LITRO,PROD. TINTAS DIGITAL,08,MPRIMA SOBRE STOCK,2025-05-06
59317,FILTER SKP 3µm 5/16'' L5'' PP SW (Circulation filter CMYK-ViOG) 1393447 DURST,0.0,LITRO,PROD. TINTAS DIGITAL,10,DIFERENCIAS DE INV. P.T.,2025-05-06
59317,FILTER SKP 3µm 5/16'' L5'' PP SW (Circulation filter CMYK-ViOG) 1393447 DURST,0.0,LITRO,PROD. TINTAS DIGITAL,13,TDP STOCK,2025-05-06
59317,FILTER SKP 3µm 5/16'' L5'' PP SW (Circulation filter CMYK-ViOG) 1393447 DURST,0.0,LITRO,PROD. TINTAS DIGITAL,14,SERVICIO TECNICO,2025-05-06
59317,FILTER SKP 3µm 5/16'' L5'' PP SW (Circulation filter CMYK-ViOG) 1393447 DURST,0.0,LITRO,PROD. TINTAS DIGITAL,15,TALLER SERV.TECNICO,2025-05-06
59317,FILTER SKP 3µm 5/16'' L5'' PP SW (Circulation filter CMYK-ViOG) 1393447 DURST,0.0,LITRO,PROD. TINTAS DIGITAL,17,BODEGA CLIENTES,2025-05-06
59317,FILTER SKP 3µm 5/16'' L5'' PP SW (Circulation filter CMYK-ViOG) 1393447 DURST,0.0,LITRO,PROD. TINTAS DIGITAL,20,POSCOSECHA MUESTRAS,2025-05-06
59317,FILTER SKP 3µm 5/16'' L5'' PP SW (Circulation filter CMYK-ViOG) 1393447 DURST,0.0,LITRO,PROD. TINTAS DIGITAL,21,TINTAS,2025-05-06
59317,FILTER SKP 3µm 5/16'' L5'' PP SW (Circulation filter CMYK-ViOG) 1393447 DURST,0.0,LITRO,PROD. TINTAS DIGITAL,22,SIEGWERK,2025-05-06
59317,FILTER SKP 3µm 5/16'' L5'' PP SW (Circulation filter CMYK-ViOG) 1393447 DURST,0.0,LITRO,PROD. TINTAS DIGITAL,24,SALDO MATERIAS PRIMAS,2025-05-06
59317,FILTER SKP 3µm 5/16'' L5'' PP SW (Circulation filter CMYK-ViOG) 1393447 DURST,0.0,LITRO,PROD. TINTAS DIGITAL,26,OBSOLETOS COMERCIAL,2025-05-06
59317,FILTER SKP 3µm 5/16'' L5'' PP SW (Circulation filter CMYK-ViOG) 1393447 DURST,0.0,LITRO,PROD. TINTAS DIGITAL,34,MP MAQUINA WEBER,2025-05-06
59317,FILTER SKP 3µm 5/16'' L5'' PP SW (Circulation filter CMYK-ViOG) 1393447 DURST,0.0,LITRO,PROD. TINTAS DIGITAL,35,BODEGA GESLOG INTEGRAL,2025-05-06
59317,FILTER SKP 3µm 5/16'' L5'' PP SW (Circulation filter CMYK-ViOG) 1393447 DURST,0.0,LITRO,PROD. TINTAS DIGITAL,36,CONTAINER,2025-05-06
59317,FILTER SKP 3µm 5/16'' L5'' PP SW (Circulation filter CMYK-ViOG) 1393447 DURST,0.0,LITRO,PROD. TINTAS DIGITAL,38,RRHH,2025-05-06
59317,FILTER SKP 3µm 5/16'' L5'' PP SW (Circulation filter CMYK-ViOG) 1393447 DURST,0.0,LITRO,PROD. TINTAS DIGITAL,40,ST CONCEPCION,2025-05-06
59317,FILTER SKP 3µm 5/16'' L5'' PP SW (Circulation filter CMYK-ViOG) 1393447 DURST,0.0,LITRO,PROD. TINTAS DIGITAL,44,SERV.TECNICO SINCLAIR,2025-05-06
59317,FILTER SKP 3µm 5/16'' L5'' PP SW (Circulation filter CMYK-ViOG) 1393447 DURST,0.0,LITRO,PROD. TINTAS DIGITAL,45,BODEGA PROVEEDOR,2025-05-06
59317,FILTER SKP 3µm 5/16'' L5'' PP SW (Circulation filter CMYK-ViOG) 1393447 DURST,0.0,LITRO,PROD. TINTAS DIGITAL,46,SINCLAIR STOCK,2025-05-06
59317,FILTER SKP 3µm 5/16'' L5'' PP SW (Circulation filter CMYK-ViOG) 1393447 DURST,0.0,LITRO,PROD. TINTAS DIGITAL,48,POSCOSECHA,2025-05-06
59317,FILTER SKP 3µm 5/16'' L5'' PP SW (Circulation filter CMYK-ViOG) 1393447 DURST,0.0,LITRO,PROD. TINTAS DIGITAL,49,BOG. LOGICA ARAUCO,2025-05-06
59317,FILTER SKP 3µm 5/16'' L5'' PP SW (Circulation filter CMYK-ViOG) 1393447 DURST,0.0,LITRO,PROD. TINTAS DIGITAL,50,SERV.TECNICO SAMSON,2025-05-06
59317,FILTER SKP 3µm 5/16'' L5'' PP SW (Circulation filter CMYK-ViOG) 1393447 DURST,0.0,LITRO,PROD. TINTAS DIGITAL,51,PERU STOCK ENVIO,2025-05-06
59317,FILTER SKP 3µm 5/16'' L5'' PP SW (Circulation filter CMYK-ViOG) 1393447 DURST,0.0,LITRO,PROD. TINTAS DIGITAL,52,ST IMPRESORAS Y EQUIPOS,2025-05-06
59317,FILTER SKP 3µm 5/16'' L5'' PP SW (Circulation filter CMYK-ViOG) 1393447 DURST,0.0,LITRO,PROD. TINTAS DIGITAL,53,BODEGA ESQUIM,2025-05-06
59317,FILTER SKP 3µm 5/16'' L5'' PP SW (Circulation filter CMYK-ViOG) 1393447 DURST,0.0,LITRO,PROD. TINTAS DIGITAL,54,GESLOG MALLOA,2025-05-06
59318,FILTER MKL 5µM 1/4'' PP SW (Main tank filter CMYK-W-ViOG+CS) 13428821 DURST,0.0,LITRO,PROD. TINTAS DIGITAL,01,BODEGA COSTEO,
59318,FILTER MKL 5µM 1/4'' PP SW (Main tank filter CMYK-W-ViOG+CS) 13428821 DURST,0.0,LITRO,PROD. TINTAS DIGITAL,02,MATERIAS PRIMAS E INSUMOS,
59318,FILTER MKL 5µM 1/4'' PP SW (Main tank filter CMYK-W-ViOG+CS) 13428821 DURST,0.0,LITRO,PROD. TINTAS DIGITAL,03,PRODUCTOS TERMINADOS,
59318,FILTER MKL 5µM 1/4'' PP SW (Main tank filter CMYK-W-ViOG+CS) 13428821 DURST,0.0,LITRO,PROD. TINTAS DIGITAL,04,PRODUCCION,
59318,FILTER MKL 5µM 1/4'' PP SW (Main tank filter CMYK-W-ViOG+CS) 13428821 DURST,0.0,LITRO,PROD. TINTAS DIGITAL,05,RECLAMO PROVEEDOR,
59318,FILTER MKL 5µM 1/4'' PP SW (Main tank filter CMYK-W-ViOG+CS) 13428821 DURST,0.0,LITRO,PROD. TINTAS DIGITAL,06,PRODUCTOS RECHAZADOS,
59318,FILTER MKL 5µM 1/4'' PP SW (Main tank filter CMYK-W-ViOG+CS) 13428821 DURST,0.0,LITRO,PROD. TINTAS DIGITAL,07,NOTAS DE CREDITO,
59318,FILTER MKL 5µM 1/4'' PP SW (Main tank filter CMYK-W-ViOG+CS) 13428821 DURST,0.0,LITRO,PROD. TINTAS DIGITAL,08,MPRIMA SOBRE STOCK,
59318,FILTER MKL 5µM 1/4'' PP SW (Main tank filter CMYK-W-ViOG+CS) 13428821 DURST,0.0,LITRO,PROD. TINTAS DIGITAL,10,DIFERENCIAS DE INV. P.T.,
59318,FILTER MKL 5µM 1/4'' PP SW (Main tank filter CMYK-W-ViOG+CS) 13428821 DURST,0.0,LITRO,PROD. TINTAS DIGITAL,13,TDP STOCK,
59318,FILTER MKL 5µM 1/4'' PP SW (Main tank filter CMYK-W-ViOG+CS) 13428821 DURST,0.0,LITRO,PROD. TINTAS DIGITAL,14,SERVICIO TECNICO,
59318,FILTER MKL 5µM 1/4'' PP SW (Main tank filter CMYK-W-ViOG+CS) 13428821 DURST,0.0,LITRO,PROD. TINTAS DIGITAL,15,TALLER SERV.TECNICO,
59318,FILTER MKL 5µM 1/4'' PP SW (Main tank filter CMYK-W-ViOG+CS) 13428821 DURST,0.0,LITRO,PROD. TINTAS DIGITAL,17,BODEGA CLIENTES,
59318,FILTER MKL 5µM 1/4'' PP SW (Main tank filter CMYK-W-ViOG+CS) 13428821 DURST,0.0,LITRO,PROD. TINTAS DIGITAL,20,POSCOSECHA MUESTRAS,
59318,FILTER MKL 5µM 1/4'' PP SW (Main tank filter CMYK-W-ViOG+CS) 13428821 DURST,0.0,LITRO,PROD. TINTAS DIGITAL,21,TINTAS,
59318,FILTER MKL 5µM 1/4'' PP SW (Main tank filter CMYK-W-ViOG+CS) 13428821 DURST,0.0,LITRO,PROD. TINTAS DIGITAL,22,SIEGWERK,
59318,FILTER MKL 5µM 1/4'' PP SW (Main tank filter CMYK-W-ViOG+CS) 13428821 DURST,0.0,LITRO,PROD. TINTAS DIGITAL,24,SALDO MATERIAS PRIMAS,
59318,FILTER MKL 5µM 1/4'' PP SW (Main tank filter CMYK-W-ViOG+CS) 13428821 DURST,0.0,LITRO,PROD. TINTAS DIGITAL,26,OBSOLETOS COMERCIAL,
59318,FILTER MKL 5µM 1/4'' PP SW (Main tank filter CMYK-W-ViOG+CS) 13428821 DURST,0.0,LITRO,PROD. TINTAS DIGITAL,34,MP MAQUINA WEBER,
59318,FILTER MKL 5µM 1/4'' PP SW (Main tank filter CMYK-W-ViOG+CS) 13428821 DURST,0.0,LITRO,PROD. TINTAS DIGITAL,35,BODEGA GESLOG INTEGRAL,
59318,FILTER MKL 5µM 1/4'' PP SW (Main tank filter CMYK-W-ViOG+CS) 13428821 DURST,0.0,LITRO,PROD. TINTAS DIGITAL,36,CONTAINER,
59318,FILTER MKL 5µM 1/4'' PP SW (Main tank filter CMYK-W-ViOG+CS) 13428821 DURST,0.0,LITRO,PROD. TINTAS DIGITAL,38,RRHH,
59318,FILTER MKL 5µM 1/4'' PP SW (Main tank filter CMYK-W-ViOG+CS) 13428821 DURST,0.0,LITRO,PROD. TINTAS DIGITAL,40,ST CONCEPCION,
59318,FILTER MKL 5µM 1/4'' PP SW (Main tank filter CMYK-W-ViOG+CS) 13428821 DURST,0.0,LITRO,PROD. TINTAS DIGITAL,44,SERV.TECNICO SINCLAIR,
59318,FILTER MKL 5µM 1/4'' PP SW (Main tank filter CMYK-W-ViOG+CS) 13428821 DURST,0.0,LITRO,PROD. TINTAS DIGITAL,45,BODEGA PROVEEDOR,
59318,FILTER MKL 5µM 1/4'' PP SW (Main tank filter CMYK-W-ViOG+CS) 13428821 DURST,0.0,LITRO,PROD. TINTAS DIGITAL,46,SINCLAIR STOCK,
59318,FILTER MKL 5µM 1/4'' PP SW (Main tank filter CMYK-W-ViOG+CS) 13428821 DURST,0.0,LITRO,PROD. TINTAS DIGITAL,48,POSCOSECHA,
59318,FILTER MKL 5µM 1/4'' PP SW (Main tank filter CMYK-W-ViOG+CS) 13428821 DURST,0.0,LITRO,PROD. TINTAS DIGITAL,49,BOG. LOGICA ARAUCO,
59318,FILTER MKL 5µM 1/4'' PP SW (Main tank filter CMYK-W-ViOG+CS) 13428821 DURST,0.0,LITRO,PROD. TINTAS DIGITAL,50,SERV.TECNICO SAMSON,
59318,FILTER MKL 5µM 1/4'' PP SW (Main tank filter CMYK-W-ViOG+CS) 13428821 DURST,0.0,LITRO,PROD. TINTAS DIGITAL,51,PERU STOCK ENVIO,
59318,FILTER MKL 5µM 1/4'' PP SW (Main tank filter CMYK-W-ViOG+CS) 13428821 DURST,0.0,LITRO,PROD. TINTAS DIGITAL,52,ST IMPRESORAS Y EQUIPOS,
59318,FILTER MKL 5µM 1/4'' PP SW (Main tank filter CMYK-W-ViOG+CS) 13428821 DURST,0.0,LITRO,PROD. TINTAS DIGITAL,53,BODEGA ESQUIM,
59318,FILTER MKL 5µM 1/4'' PP SW (Main tank filter CMYK-W-ViOG+CS) 13428821 DURST,0.0,LITRO,PROD. TINTAS DIGITAL,54,GESLOG MALLOA,
59352,LUBRICATING OIL KLUBER LAMORA D220 50ML 4201010 DURST,0.0,LITRO,PROD. TINTAS DIGITAL,01,BODEGA COSTEO,
59352,LUBRICATING OIL KLUBER LAMORA D220 50ML 4201010 DURST,0.0,LITRO,PROD. TINTAS DIGITAL,02,MATERIAS PRIMAS E INSUMOS,
59352,LUBRICATING OIL KLUBER LAMORA D220 50ML 4201010 DURST,0.0,LITRO,PROD. TINTAS DIGITAL,03,PRODUCTOS TERMINADOS,
59352,LUBRICATING OIL KLUBER LAMORA D220 50ML 4201010 DURST,0.0,LITRO,PROD. TINTAS DIGITAL,04,PRODUCCION,
59352,LUBRICATING OIL KLUBER LAMORA D220 50ML 4201010 DURST,0.0,LITRO,PROD. TINTAS DIGITAL,05,RECLAMO PROVEEDOR,
59352,LUBRICATING OIL KLUBER LAMORA D220 50ML 4201010 DURST,0.0,LITRO,PROD. TINTAS DIGITAL,06,PRODUCTOS RECHAZADOS,
59352,LUBRICATING OIL KLUBER LAMORA D220 50ML 4201010 DURST,0.0,LITRO,PROD. TINTAS DIGITAL,07,NOTAS DE CREDITO,
59352,LUBRICATING OIL KLUBER LAMORA D220 50ML 4201010 DURST,0.0,LITRO,PROD. TINTAS DIGITAL,08,MPRIMA SOBRE STOCK,
59352,LUBRICATING OIL KLUBER LAMORA D220 50ML 4201010 DURST,0.0,LITRO,PROD. TINTAS DIGITAL,10,DIFERENCIAS DE INV. P.T.,
59352,LUBRICATING OIL KLUBER LAMORA D220 50ML 4201010 DURST,0.0,LITRO,PROD. TINTAS DIGITAL,13,TDP STOCK,
59352,LUBRICATING OIL KLUBER LAMORA D220 50ML 4201010 DURST,0.0,LITRO,PROD. TINTAS DIGITAL,14,SERVICIO TECNICO,
59352,LUBRICATING OIL KLUBER LAMORA D220 50ML 4201010 DURST,0.0,LITRO,PROD. TINTAS DIGITAL,15,TALLER SERV.TECNICO,
59352,LUBRICATING OIL KLUBER LAMORA D220 50ML 4201010 DURST,0.0,LITRO,PROD. TINTAS DIGITAL,17,BODEGA CLIENTES,
59352,LUBRICATING OIL KLUBER LAMORA D220 50ML 4201010 DURST,0.0,LITRO,PROD. TINTAS DIGITAL,20,POSCOSECHA MUESTRAS,
59352,LUBRICATING OIL KLUBER LAMORA D220 50ML 4201010 DURST,0.0,LITRO,PROD. TINTAS DIGITAL,21,TINTAS,
59352,LUBRICATING OIL KLUBER LAMORA D220 50ML 4201010 DURST,0.0,LITRO,PROD. TINTAS DIGITAL,22,SIEGWERK,
59352,LUBRICATING OIL KLUBER LAMORA D220 50ML 4201010 DURST,0.0,LITRO,PROD. TINTAS DIGITAL,24,SALDO MATERIAS PRIMAS,
59352,LUBRICATING OIL KLUBER LAMORA D220 50ML 4201010 DURST,0.0,LITRO,PROD. TINTAS DIGITAL,26,OBSOLETOS COMERCIAL,
59352,LUBRICATING OIL KLUBER LAMORA D220 50ML 4201010 DURST,0.0,LITRO,PROD. TINTAS DIGITAL,34,MP MAQUINA WEBER,
59352,LUBRICATING OIL KLUBER LAMORA D220 50ML 4201010 DURST,0.0,LITRO,PROD. TINTAS DIGITAL,35,BODEGA GESLOG INTEGRAL,
59352,LUBRICATING OIL KLUBER LAMORA D220 50ML 4201010 DURST,0.0,LITRO,PROD. TINTAS DIGITAL,36,CONTAINER,
59352,LUBRICATING OIL KLUBER LAMORA D220 50ML 4201010 DURST,0.0,LITRO,PROD. TINTAS DIGITAL,38,RRHH,
59352,LUBRICATING OIL KLUBER LAMORA D220 50ML 4201010 DURST,0.0,LITRO,PROD. TINTAS DIGITAL,40,ST CONCEPCION,
59352,LUBRICATING OIL KLUBER LAMORA D220 50ML 4201010 DURST,0.0,LITRO,PROD. TINTAS DIGITAL,44,SERV.TECNICO SINCLAIR,
59352,LUBRICATING OIL KLUBER LAMORA D220 50ML 4201010 DURST,0.0,LITRO,PROD. TINTAS DIGITAL,45,BODEGA PROVEEDOR,
59352,LUBRICATING OIL KLUBER LAMORA D220 50ML 4201010 DURST,0.0,LITRO,PROD. TINTAS DIGITAL,46,SINCLAIR STOCK,
59352,LUBRICATING OIL KLUBER LAMORA D220 50ML 4201010 DURST,0.0,LITRO,PROD. TINTAS DIGITAL,48,POSCOSECHA,
59352,LUBRICATING OIL KLUBER LAMORA D220 50ML 4201010 DURST,0.0,LITRO,PROD. TINTAS DIGITAL,49,BOG. LOGICA ARAUCO,
59352,LUBRICATING OIL KLUBER LAMORA D220 50ML 4201010 DURST,0.0,LITRO,PROD. TINTAS DIGITAL,50,SERV.TECNICO SAMSON,
59352,LUBRICATING OIL KLUBER LAMORA D220 50ML 4201010 DURST,0.0,LITRO,PROD. TINTAS DIGITAL,51,PERU STOCK ENVIO,
59352,LUBRICATING OIL KLUBER LAMORA D220 50ML 4201010 DURST,0.0,LITRO,PROD. TINTAS DIGITAL,52,ST IMPRESORAS Y EQUIPOS,
59352,LUBRICATING OIL KLUBER LAMORA D220 50ML 4201010 DURST,0.0,LITRO,PROD. TINTAS DIGITAL,53,BODEGA ESQUIM,
59352,LUBRICATING OIL KLUBER LAMORA D220 50ML 4201010 DURST,0.0,LITRO,PROD. TINTAS DIGITAL,54,GESLOG MALLOA,
59353,LUBRICATING OIL KLUBER LAMORA D220 50ML 4201010 DURST,0.0,LITRO,PROD. TINTAS DIGITAL,01,BODEGA COSTEO,
59353,LUBRICATING OIL KLUBER LAMORA D220 50ML 4201010 DURST,0.0,LITRO,PROD. TINTAS DIGITAL,02,MATERIAS PRIMAS E INSUMOS,
59353,LUBRICATING OIL KLUBER LAMORA D220 50ML 4201010 DURST,0.0,LITRO,PROD. TINTAS DIGITAL,03,PRODUCTOS TERMINADOS,
59353,LUBRICATING OIL KLUBER LAMORA D220 50ML 4201010 DURST,0.0,LITRO,PROD. TINTAS DIGITAL,04,PRODUCCION,
59353,LUBRICATING OIL KLUBER LAMORA D220 50ML 4201010 DURST,0.0,LITRO,PROD. TINTAS DIGITAL,05,RECLAMO PROVEEDOR,
59353,LUBRICATING OIL KLUBER LAMORA D220 50ML 4201010 DURST,0.0,LITRO,PROD. TINTAS DIGITAL,06,PRODUCTOS RECHAZADOS,
59353,LUBRICATING OIL KLUBER LAMORA D220 50ML 4201010 DURST,0.0,LITRO,PROD. TINTAS DIGITAL,07,NOTAS DE CREDITO,
59353,LUBRICATING OIL KLUBER LAMORA D220 50ML 4201010 DURST,0.0,LITRO,PROD. TINTAS DIGITAL,08,MPRIMA SOBRE STOCK,
59353,LUBRICATING OIL KLUBER LAMORA D220 50ML 4201010 DURST,0.0,LITRO,PROD. TINTAS DIGITAL,10,DIFERENCIAS DE INV. P.T.,
59353,LUBRICATING OIL KLUBER LAMORA D220 50ML 4201010 DURST,0.0,LITRO,PROD. TINTAS DIGITAL,13,TDP STOCK,
59353,LUBRICATING OIL KLUBER LAMORA D220 50ML 4201010 DURST,0.0,LITRO,PROD. TINTAS DIGITAL,14,SERVICIO TECNICO,
59353,LUBRICATING OIL KLUBER LAMORA D220 50ML 4201010 DURST,0.0,LITRO,PROD. TINTAS DIGITAL,15,TALLER SERV.TECNICO,
59353,LUBRICATING OIL KLUBER LAMORA D220 50ML 4201010 DURST,0.0,LITRO,PROD. TINTAS DIGITAL,17,BODEGA CLIENTES,
59353,LUBRICATING OIL KLUBER LAMORA D220 50ML 4201010 DURST,0.0,LITRO,PROD. TINTAS DIGITAL,20,POSCOSECHA MUESTRAS,
59353,LUBRICATING OIL KLUBER LAMORA D220 50ML 4201010 DURST,0.0,LITRO,PROD. TINTAS DIGITAL,21,TINTAS,
59353,LUBRICATING OIL KLUBER LAMORA D220 50ML 4201010 DURST,0.0,LITRO,PROD. TINTAS DIGITAL,22,SIEGWERK,
59353,LUBRICATING OIL KLUBER LAMORA D220 50ML 4201010 DURST,0.0,LITRO,PROD. TINTAS DIGITAL,24,SALDO MATERIAS PRIMAS,
59353,LUBRICATING OIL KLUBER LAMORA D220 50ML 4201010 DURST,0.0,LITRO,PROD. TINTAS DIGITAL,26,OBSOLETOS COMERCIAL,
59353,LUBRICATING OIL KLUBER LAMORA D220 50ML 4201010 DURST,0.0,LITRO,PROD. TINTAS DIGITAL,34,MP MAQUINA WEBER,
59353,LUBRICATING OIL KLUBER LAMORA D220 50ML 4201010 DURST,0.0,LITRO,PROD. TINTAS DIGITAL,35,BODEGA GESLOG INTEGRAL,
59353,LUBRICATING OIL KLUBER LAMORA D220 50ML 4201010 DURST,0.0,LITRO,PROD. TINTAS DIGITAL,36,CONTAINER,
59353,LUBRICATING OIL KLUBER LAMORA D220 50ML 4201010 DURST,0.0,LITRO,PROD. TINTAS DIGITAL,38,RRHH,
59353,LUBRICATING OIL KLUBER LAMORA D220 50ML 4201010 DURST,0.0,LITRO,PROD. TINTAS DIGITAL,40,ST CONCEPCION,
59353,LUBRICATING OIL KLUBER LAMORA D220 50ML 4201010 DURST,0.0,LITRO,PROD. TINTAS DIGITAL,44,SERV.TECNICO SINCLAIR,
59353,LUBRICATING OIL KLUBER LAMORA D220 50ML 4201010 DURST,0.0,LITRO,PROD. TINTAS DIGITAL,45,BODEGA PROVEEDOR,
59353,LUBRICATING OIL KLUBER LAMORA D220 50ML 4201010 DURST,0.0,LITRO,PROD. TINTAS DIGITAL,46,SINCLAIR STOCK,
59353,LUBRICATING OIL KLUBER LAMORA D220 50ML 4201010 DURST,0.0,LITRO,PROD. TINTAS DIGITAL,48,POSCOSECHA,
59353,LUBRICATING OIL KLUBER LAMORA D220 50ML 4201010 DURST,0.0,LITRO,PROD. TINTAS DIGITAL,49,BOG. LOGICA ARAUCO,
59353,LUBRICATING OIL KLUBER LAMORA D220 50ML 4201010 DURST,0.0,LITRO,PROD. TINTAS DIGITAL,50,SERV.TECNICO SAMSON,
59353,LUBRICATING OIL KLUBER LAMORA D220 50ML 4201010 DURST,0.0,LITRO,PROD. TINTAS DIGITAL,51,PERU STOCK ENVIO,
59353,LUBRICATING OIL KLUBER LAMORA D220 50ML 4201010 DURST,0.0,LITRO,PROD. TINTAS DIGITAL,52,ST IMPRESORAS Y EQUIPOS,
59353,LUBRICATING OIL KLUBER LAMORA D220 50ML 4201010 DURST,0.0,LITRO,PROD. TINTAS DIGITAL,53,BODEGA ESQUIM,
59353,LUBRICATING OIL KLUBER LAMORA D220 50ML 4201010 DURST,0.0,LITRO,PROD. TINTAS DIGITAL,54,GESLOG MALLOA,
59354,ANTIFROGEN N 30% - HEAT TRANSFER FLUID 4507016 DURST,0.0,LITRO,PROD. TINTAS DIGITAL,01,BODEGA COSTEO,
59354,ANTIFROGEN N 30% - HEAT TRANSFER FLUID 4507016 DURST,0.0,LITRO,PROD. TINTAS DIGITAL,02,MATERIAS PRIMAS E INSUMOS,
59354,ANTIFROGEN N 30% - HEAT TRANSFER FLUID 4507016 DURST,0.0,LITRO,PROD. TINTAS DIGITAL,03,PRODUCTOS TERMINADOS,
59354,ANTIFROGEN N 30% - HEAT TRANSFER FLUID 4507016 DURST,0.0,LITRO,PROD. TINTAS DIGITAL,04,PRODUCCION,
59354,ANTIFROGEN N 30% - HEAT TRANSFER FLUID 4507016 DURST,0.0,LITRO,PROD. TINTAS DIGITAL,05,RECLAMO PROVEEDOR,
59354,ANTIFROGEN N 30% - HEAT TRANSFER FLUID 4507016 DURST,0.0,LITRO,PROD. TINTAS DIGITAL,06,PRODUCTOS RECHAZADOS,
59354,ANTIFROGEN N 30% - HEAT TRANSFER FLUID 4507016 DURST,0.0,LITRO,PROD. TINTAS DIGITAL,07,NOTAS DE CREDITO,
59354,ANTIFROGEN N 30% - HEAT TRANSFER FLUID 4507016 DURST,0.0,LITRO,PROD. TINTAS DIGITAL,08,MPRIMA SOBRE STOCK,
59354,ANTIFROGEN N 30% - HEAT TRANSFER FLUID 4507016 DURST,0.0,LITRO,PROD. TINTAS DIGITAL,10,DIFERENCIAS DE INV. P.T.,
59354,ANTIFROGEN N 30% - HEAT TRANSFER FLUID 4507016 DURST,0.0,LITRO,PROD. TINTAS DIGITAL,13,TDP STOCK,
59354,ANTIFROGEN N 30% - HEAT TRANSFER FLUID 4507016 DURST,0.0,LITRO,PROD. TINTAS DIGITAL,14,SERVICIO TECNICO,
59354,ANTIFROGEN N 30% - HEAT TRANSFER FLUID 4507016 DURST,0.0,LITRO,PROD. TINTAS DIGITAL,15,TALLER SERV.TECNICO,
59354,ANTIFROGEN N 30% - HEAT TRANSFER FLUID 4507016 DURST,0.0,LITRO,PROD. TINTAS DIGITAL,17,BODEGA CLIENTES,
59354,ANTIFROGEN N 30% - HEAT TRANSFER FLUID 4507016 DURST,0.0,LITRO,PROD. TINTAS DIGITAL,20,POSCOSECHA MUESTRAS,
59354,ANTIFROGEN N 30% - HEAT TRANSFER FLUID 4507016 DURST,0.0,LITRO,PROD. TINTAS DIGITAL,21,TINTAS,
59354,ANTIFROGEN N 30% - HEAT TRANSFER FLUID 4507016 DURST,0.0,LITRO,PROD. TINTAS DIGITAL,22,SIEGWERK,
59354,ANTIFROGEN N 30% - HEAT TRANSFER FLUID 4507016 DURST,0.0,LITRO,PROD. TINTAS DIGITAL,24,SALDO MATERIAS PRIMAS,
59354,ANTIFROGEN N 30% - HEAT TRANSFER FLUID 4507016 DURST,0.0,LITRO,PROD. TINTAS DIGITAL,26,OBSOLETOS COMERCIAL,
59354,ANTIFROGEN N 30% - HEAT TRANSFER FLUID 4507016 DURST,0.0,LITRO,PROD. TINTAS DIGITAL,34,MP MAQUINA WEBER,
59354,ANTIFROGEN N 30% - HEAT TRANSFER FLUID 4507016 DURST,0.0,LITRO,PROD. TINTAS DIGITAL,35,BODEGA GESLOG INTEGRAL,
59354,ANTIFROGEN N 30% - HEAT TRANSFER FLUID 4507016 DURST,0.0,LITRO,PROD. TINTAS DIGITAL,36,CONTAINER,
59354,ANTIFROGEN N 30% - HEAT TRANSFER FLUID 4507016 DURST,0.0,LITRO,PROD. TINTAS DIGITAL,38,RRHH,
59354,ANTIFROGEN N 30% - HEAT TRANSFER FLUID 4507016 DURST,0.0,LITRO,PROD. TINTAS DIGITAL,40,ST CONCEPCION,
59354,ANTIFROGEN N 30% - HEAT TRANSFER FLUID 4507016 DURST,0.0,LITRO,PROD. TINTAS DIGITAL,44,SERV.TECNICO SINCLAIR,
59354,ANTIFROGEN N 30% - HEAT TRANSFER FLUID 4507016 DURST,0.0,LITRO,PROD. TINTAS DIGITAL,45,BODEGA PROVEEDOR,
59354,ANTIFROGEN N 30% - HEAT TRANSFER FLUID 4507016 DURST,0.0,LITRO,PROD. TINTAS DIGITAL,46,SINCLAIR STOCK,
59354,ANTIFROGEN N 30% - HEAT TRANSFER FLUID 4507016 DURST,0.0,LITRO,PROD. TINTAS DIGITAL,48,POSCOSECHA,
59354,ANTIFROGEN N 30% - HEAT TRANSFER FLUID 4507016 DURST,0.0,LITRO,PROD. TINTAS DIGITAL,49,BOG. LOGICA ARAUCO,
59354,ANTIFROGEN N 30% - HEAT TRANSFER FLUID 4507016 DURST,0.0,LITRO,PROD. TINTAS DIGITAL,50,SERV.TECNICO SAMSON,
59354,ANTIFROGEN N 30% - HEAT TRANSFER FLUID 4507016 DURST,0.0,LITRO,PROD. TINTAS DIGITAL,51,PERU STOCK ENVIO,
59354,ANTIFROGEN N 30% - HEAT TRANSFER FLUID 4507016 DURST,0.0,LITRO,PROD. TINTAS DIGITAL,52,ST IMPRESORAS Y EQUIPOS,
59354,ANTIFROGEN N 30% - HEAT TRANSFER FLUID 4507016 DURST,0.0,LITRO,PROD. TINTAS DIGITAL,53,BODEGA ESQUIM,
59354,ANTIFROGEN N 30% - HEAT TRANSFER FLUID 4507016 DURST,0.0,LITRO,PROD. TINTAS DIGITAL,54,GESLOG MALLOA,
59405,TINTA UV ORANGE 021 UFO2-0033 FLINT,5.0,KILOS,PROD. TINTAS,21,TINTAS,2025-09-29
59411,LIMPIADOR PULSOLV GEL SND1001 ANT,0.0,UNIDAD,PROD. TINTAS,01,BODEGA COSTEO,
59411,LIMPIADOR PULSOLV GEL SND1001 ANT,0.0,UNIDAD,PROD. TINTAS,02,MATERIAS PRIMAS E INSUMOS,
59411,LIMPIADOR PULSOLV GEL SND1001 ANT,0.0,UNIDAD,PROD. TINTAS,04,PRODUCCION,
59411,LIMPIADOR PULSOLV GEL SND1001 ANT,0.0,UNIDAD,PROD. TINTAS,08,MPRIMA SOBRE STOCK,
59411,LIMPIADOR PULSOLV GEL SND1001 ANT,0.0,UNIDAD,PROD. TINTAS,17,BODEGA CLIENTES,
59411,LIMPIADOR PULSOLV GEL SND1001 ANT,0.0,UNIDAD,PROD. TINTAS,20,POSCOSECHA MUESTRAS,
59411,LIMPIADOR PULSOLV GEL SND1001 ANT,0.0,UNIDAD,PROD. TINTAS,21,TINTAS,
59411,LIMPIADOR PULSOLV GEL SND1001 ANT,0.0,UNIDAD,PROD. TINTAS,26,OBSOLETOS COMERCIAL,
59411,LIMPIADOR PULSOLV GEL SND1001 ANT,0.0,UNIDAD,PROD. TINTAS,34,MP MAQUINA WEBER,
59411,LIMPIADOR PULSOLV GEL SND1001 ANT,0.0,UNIDAD,PROD. TINTAS,35,BODEGA GESLOG INTEGRAL,
59411,LIMPIADOR PULSOLV GEL SND1001 ANT,0.0,UNIDAD,PROD. TINTAS,36,CONTAINER,
59411,LIMPIADOR PULSOLV GEL SND1001 ANT,0.0,UNIDAD,PROD. TINTAS,38,RRHH,
59411,LIMPIADOR PULSOLV GEL SND1001 ANT,0.0,UNIDAD,PROD. TINTAS,40,ST CONCEPCION,
59411,LIMPIADOR PULSOLV GEL SND1001 ANT,0.0,UNIDAD,PROD. TINTAS,44,SERV.TECNICO SINCLAIR,
59411,LIMPIADOR PULSOLV GEL SND1001 ANT,0.0,UNIDAD,PROD. TINTAS,45,BODEGA PROVEEDOR,
59411,LIMPIADOR PULSOLV GEL SND1001 ANT,0.0,UNIDAD,PROD. TINTAS,46,SINCLAIR STOCK,
59411,LIMPIADOR PULSOLV GEL SND1001 ANT,0.0,UNIDAD,PROD. TINTAS,48,POSCOSECHA,
59411,LIMPIADOR PULSOLV GEL SND1001 ANT,0.0,UNIDAD,PROD. TINTAS,49,BOG. LOGICA ARAUCO,
59411,LIMPIADOR PULSOLV GEL SND1001 ANT,0.0,UNIDAD,PROD. TINTAS,50,SERV.TECNICO SAMSON,
59411,LIMPIADOR PULSOLV GEL SND1001 ANT,0.0,UNIDAD,PROD. TINTAS,51,PERU STOCK ENVIO,
59411,LIMPIADOR PULSOLV GEL SND1001 ANT,0.0,UNIDAD,PROD. TINTAS,52,ST IMPRESORAS Y EQUIPOS,
59411,LIMPIADOR PULSOLV GEL SND1001 ANT,0.0,UNIDAD,PROD. TINTAS,53,BODEGA ESQUIM,
59411,LIMPIADOR PULSOLV GEL SND1001 ANT,0.0,UNIDAD,PROD. TINTAS,54,GESLOG MALLOA,
59480,TINTA UV LV 873 GOLD FLINT,10.0,KILOS,PROD. TINTAS,21,TINTAS,2026-02-28
59584,TINTA UV RUBINE UFO3-0002 FLINT,0.0,UN,PROD. TINTAS,01,BODEGA COSTEO,2026-07-03
59584,TINTA UV RUBINE UFO3-0002 FLINT,0.0,UN,PROD. TINTAS,02,MATERIAS PRIMAS E INSUMOS,2026-07-03
59584,TINTA UV RUBINE UFO3-0002 FLINT,0.0,UN,PROD. TINTAS,03,PRODUCTOS TERMINADOS,2026-07-03
59584,TINTA UV RUBINE UFO3-0002 FLINT,0.0,UN,PROD. TINTAS,04,PRODUCCION,2026-07-03
59584,TINTA UV RUBINE UFO3-0002 FLINT,0.0,UN,PROD. TINTAS,05,RECLAMO PROVEEDOR,2026-07-03
59584,TINTA UV RUBINE UFO3-0002 FLINT,0.0,UN,PROD. TINTAS,06,PRODUCTOS RECHAZADOS,2026-07-03
59584,TINTA UV RUBINE UFO3-0002 FLINT,0.0,UN,PROD. TINTAS,07,NOTAS DE CREDITO,2026-07-03
59584,TINTA UV RUBINE UFO3-0002 FLINT,0.0,UN,PROD. TINTAS,08,MPRIMA SOBRE STOCK,2026-07-03
59584,TINTA UV RUBINE UFO3-0002 FLINT,0.0,UN,PROD. TINTAS,10,DIFERENCIAS DE INV. P.T.,2026-07-03
59584,TINTA UV RUBINE UFO3-0002 FLINT,0.0,UN,PROD. TINTAS,13,TDP STOCK,2026-07-03
59584,TINTA UV RUBINE UFO3-0002 FLINT,0.0,UN,PROD. TINTAS,14,SERVICIO TECNICO,2026-07-03
59584,TINTA UV RUBINE UFO3-0002 FLINT,0.0,UN,PROD. TINTAS,15,TALLER SERV.TECNICO,2026-07-03
59584,TINTA UV RUBINE UFO3-0002 FLINT,0.0,UN,PROD. TINTAS,17,BODEGA CLIENTES,2026-07-03
59584,TINTA UV RUBINE UFO3-0002 FLINT,0.0,UN,PROD. TINTAS,20,POSCOSECHA MUESTRAS,2026-07-03
59584,TINTA UV RUBINE UFO3-0002 FLINT,25.0,UN,PROD. TINTAS,21,TINTAS,2026-07-03
59584,TINTA UV RUBINE UFO3-0002 FLINT,0.0,UN,PROD. TINTAS,22,SIEGWERK,2026-07-03
59584,TINTA UV RUBINE UFO3-0002 FLINT,0.0,UN,PROD. TINTAS,24,SALDO MATERIAS PRIMAS,2026-07-03
59584,TINTA UV RUBINE UFO3-0002 FLINT,0.0,UN,PROD. TINTAS,26,OBSOLETOS COMERCIAL,2026-07-03
59584,TINTA UV RUBINE UFO3-0002 FLINT,0.0,UN,PROD. TINTAS,34,MP MAQUINA WEBER,2026-07-03
59584,TINTA UV RUBINE UFO3-0002 FLINT,0.0,UN,PROD. TINTAS,35,BODEGA GESLOG INTEGRAL,2026-07-03
59584,TINTA UV RUBINE UFO3-0002 FLINT,0.0,UN,PROD. TINTAS,36,CONTAINER,2026-07-03
59584,TINTA UV RUBINE UFO3-0002 FLINT,0.0,UN,PROD. TINTAS,38,RRHH,2026-07-03
59584,TINTA UV RUBINE UFO3-0002 FLINT,0.0,UN,PROD. TINTAS,40,ST CONCEPCION,2026-07-03
59584,TINTA UV RUBINE UFO3-0002 FLINT,0.0,UN,PROD. TINTAS,44,SERV.TECNICO SINCLAIR,2026-07-03
59584,TINTA UV RUBINE UFO3-0002 FLINT,0.0,UN,PROD. TINTAS,45,BODEGA PROVEEDOR,2026-07-03
59584,TINTA UV RUBINE UFO3-0002 FLINT,0.0,UN,PROD. TINTAS,46,SINCLAIR STOCK,2026-07-03
59584,TINTA UV RUBINE UFO3-0002 FLINT,0.0,UN,PROD. TINTAS,48,POSCOSECHA,2026-07-03
59584,TINTA UV RUBINE UFO3-0002 FLINT,0.0,UN,PROD. TINTAS,49,BOG. LOGICA ARAUCO,2026-07-03
59584,TINTA UV RUBINE UFO3-0002 FLINT,0.0,UN,PROD. TINTAS,50,SERV.TECNICO SAMSON,2026-07-03
59584,TINTA UV RUBINE UFO3-0002 FLINT,0.0,UN,PROD. TINTAS,51,PERU STOCK ENVIO,2026-07-03
59584,TINTA UV RUBINE UFO3-0002 FLINT,0.0,UN,PROD. TINTAS,52,ST IMPRESORAS Y EQUIPOS,2026-07-03
59584,TINTA UV RUBINE UFO3-0002 FLINT,0.0,UN,PROD. TINTAS,53,BODEGA ESQUIM,2026-07-03
59584,TINTA UV RUBINE UFO3-0002 FLINT,0.0,UN,PROD. TINTAS,54,GESLOG MALLOA,2026-07-03
59620,LIMPIADOR WASH UP 02JI000022 SIEGWERK,0.0,UNIDAD,PROD. TINTAS,01,BODEGA COSTEO,2026-09-07
59620,LIMPIADOR WASH UP 02JI000022 SIEGWERK,0.0,UNIDAD,PROD. TINTAS,02,MATERIAS PRIMAS E INSUMOS,2026-09-07
59620,LIMPIADOR WASH UP 02JI000022 SIEGWERK,0.0,UNIDAD,PROD. TINTAS,04,PRODUCCION,2026-09-07
59620,LIMPIADOR WASH UP 02JI000022 SIEGWERK,0.0,UNIDAD,PROD. TINTAS,08,MPRIMA SOBRE STOCK,2026-09-07
59620,LIMPIADOR WASH UP 02JI000022 SIEGWERK,0.0,UNIDAD,PROD. TINTAS,17,BODEGA CLIENTES,2026-09-07
59620,LIMPIADOR WASH UP 02JI000022 SIEGWERK,0.0,UNIDAD,PROD. TINTAS,20,POSCOSECHA MUESTRAS,2026-09-07
59620,LIMPIADOR WASH UP 02JI000022 SIEGWERK,40.0,UNIDAD,PROD. TINTAS,21,TINTAS,2026-09-07
59620,LIMPIADOR WASH UP 02JI000022 SIEGWERK,0.0,UNIDAD,PROD. TINTAS,26,OBSOLETOS COMERCIAL,2026-09-07
59620,LIMPIADOR WASH UP 02JI000022 SIEGWERK,0.0,UNIDAD,PROD. TINTAS,34,MP MAQUINA WEBER,2026-09-07
59620,LIMPIADOR WASH UP 02JI000022 SIEGWERK,0.0,UNIDAD,PROD. TINTAS,35,BODEGA GESLOG INTEGRAL,2026-09-07
59620,LIMPIADOR WASH UP 02JI000022 SIEGWERK,0.0,UNIDAD,PROD. TINTAS,36,CONTAINER,2026-09-07
59620,LIMPIADOR WASH UP 02JI000022 SIEGWERK,0.0,UNIDAD,PROD. TINTAS,38,RRHH,2026-09-07
59620,LIMPIADOR WASH UP 02JI000022 SIEGWERK,0.0,UNIDAD,PROD. TINTAS,40,ST CONCEPCION,2026-09-07
59620,LIMPIADOR WASH UP 02JI000022 SIEGWERK,0.0,UNIDAD,PROD. TINTAS,44,SERV.TECNICO SINCLAIR,2026-09-07
59620,LIMPIADOR WASH UP 02JI000022 SIEGWERK,0.0,UNIDAD,PROD. TINTAS,45,BODEGA PROVEEDOR,2026-09-07
59620,LIMPIADOR WASH UP 02JI000022 SIEGWERK,0.0,UNIDAD,PROD. TINTAS,46,SINCLAIR STOCK,2026-09-07
59620,LIMPIADOR WASH UP 02JI000022 SIEGWERK,0.0,UNIDAD,PROD. TINTAS,48,POSCOSECHA,2026-09-07
59620,LIMPIADOR WASH UP 02JI000022 SIEGWERK,0.0,UNIDAD,PROD. TINTAS,49,BOG. LOGICA ARAUCO,2026-09-07
59620,LIMPIADOR WASH UP 02JI000022 SIEGWERK,0.0,UNIDAD,PROD. TINTAS,50,SERV.TECNICO SAMSON,2026-09-07
59620,LIMPIADOR WASH UP 02JI000022 SIEGWERK,0.0,UNIDAD,PROD. TINTAS,51,PERU STOCK ENVIO,2026-09-07
59620,LIMPIADOR WASH UP 02JI000022 SIEGWERK,0.0,UNIDAD,PROD. TINTAS,52,ST IMPRESORAS Y EQUIPOS,2026-09-07
59620,LIMPIADOR WASH UP 02JI000022 SIEGWERK,0.0,UNIDAD,PROD. TINTAS,53,BODEGA ESQUIM,2026-09-07
59620,LIMPIADOR WASH UP 02JI000022 SIEGWERK,0.0,UNIDAD,PROD. TINTAS,54,GESLOG MALLOA,2026-09-07
59717,TINTA UV 80-900907-9 BLACK NUTRIFLEX E03 SIEGW,10.0,UN,PROD. TINTAS,21,TINTAS,2025-03-07
59724,TINTA UV WHITE 1690244 DURST A,0.0,LITRO,PROD. TINTAS DIGITAL,01,BODEGA COSTEO,2026-09-02
59724,TINTA UV WHITE 1690244 DURST A,0.0,LITRO,PROD. TINTAS DIGITAL,02,MATERIAS PRIMAS E INSUMOS,2026-09-02
59724,TINTA UV WHITE 1690244 DURST A,0.0,LITRO,PROD. TINTAS DIGITAL,03,PRODUCTOS TERMINADOS,2026-09-02
59724,TINTA UV WHITE 1690244 DURST A,24.675,LITRO,PROD. TINTAS DIGITAL,04,PRODUCCION,2026-09-02
59724,TINTA UV WHITE 1690244 DURST A,0.0,LITRO,PROD. TINTAS DIGITAL,05,RECLAMO PROVEEDOR,2026-09-02
59724,TINTA UV WHITE 1690244 DURST A,0.0,LITRO,PROD. TINTAS DIGITAL,06,PRODUCTOS RECHAZADOS,2026-09-02
59724,TINTA UV WHITE 1690244 DURST A,0.0,LITRO,PROD. TINTAS DIGITAL,07,NOTAS DE CREDITO,2026-09-02
59724,TINTA UV WHITE 1690244 DURST A,0.0,LITRO,PROD. TINTAS DIGITAL,08,MPRIMA SOBRE STOCK,2026-09-02
59724,TINTA UV WHITE 1690244 DURST A,0.0,LITRO,PROD. TINTAS DIGITAL,10,DIFERENCIAS DE INV. P.T.,2026-09-02
59724,TINTA UV WHITE 1690244 DURST A,0.0,LITRO,PROD. TINTAS DIGITAL,13,TDP STOCK,2026-09-02
59724,TINTA UV WHITE 1690244 DURST A,0.0,LITRO,PROD. TINTAS DIGITAL,14,SERVICIO TECNICO,2026-09-02
59724,TINTA UV WHITE 1690244 DURST A,0.0,LITRO,PROD. TINTAS DIGITAL,15,TALLER SERV.TECNICO,2026-09-02
59724,TINTA UV WHITE 1690244 DURST A,0.0,LITRO,PROD. TINTAS DIGITAL,17,BODEGA CLIENTES,2026-09-02
59724,TINTA UV WHITE 1690244 DURST A,0.0,LITRO,PROD. TINTAS DIGITAL,20,POSCOSECHA MUESTRAS,2026-09-02
59724,TINTA UV WHITE 1690244 DURST A,0.0,LITRO,PROD. TINTAS DIGITAL,21,TINTAS,2026-09-02
59724,TINTA UV WHITE 1690244 DURST A,0.0,LITRO,PROD. TINTAS DIGITAL,22,SIEGWERK,2026-09-02
59724,TINTA UV WHITE 1690244 DURST A,0.0,LITRO,PROD. TINTAS DIGITAL,24,SALDO MATERIAS PRIMAS,2026-09-02
59724,TINTA UV WHITE 1690244 DURST A,0.0,LITRO,PROD. TINTAS DIGITAL,26,OBSOLETOS COMERCIAL,2026-09-02
59724,TINTA UV WHITE 1690244 DURST A,0.0,LITRO,PROD. TINTAS DIGITAL,34,MP MAQUINA WEBER,2026-09-02
59724,TINTA UV WHITE 1690244 DURST A,0.0,LITRO,PROD. TINTAS DIGITAL,35,BODEGA GESLOG INTEGRAL,2026-09-02
59724,TINTA UV WHITE 1690244 DURST A,10.0,LITRO,PROD. TINTAS DIGITAL,36,CONTAINER,2026-09-02
59724,TINTA UV WHITE 1690244 DURST A,0.0,LITRO,PROD. TINTAS DIGITAL,38,RRHH,2026-09-02
59724,TINTA UV WHITE 1690244 DURST A,0.0,LITRO,PROD. TINTAS DIGITAL,40,ST CONCEPCION,2026-09-02
59724,TINTA UV WHITE 1690244 DURST A,0.0,LITRO,PROD. TINTAS DIGITAL,44,SERV.TECNICO SINCLAIR,2026-09-02
59724,TINTA UV WHITE 1690244 DURST A,0.0,LITRO,PROD. TINTAS DIGITAL,45,BODEGA PROVEEDOR,2026-09-02
59724,TINTA UV WHITE 1690244 DURST A,0.0,LITRO,PROD. TINTAS DIGITAL,46,SINCLAIR STOCK,2026-09-02
59724,TINTA UV WHITE 1690244 DURST A,0.0,LITRO,PROD. TINTAS DIGITAL,48,POSCOSECHA,2026-09-02
59724,TINTA UV WHITE 1690244 DURST A,0.0,LITRO,PROD. TINTAS DIGITAL,49,BOG. LOGICA ARAUCO,2026-09-02
59724,TINTA UV WHITE 1690244 DURST A,0.0,LITRO,PROD. TINTAS DIGITAL,50,SERV.TECNICO SAMSON,2026-09-02
59724,TINTA UV WHITE 1690244 DURST A,0.0,LITRO,PROD. TINTAS DIGITAL,51,PERU STOCK ENVIO,2026-09-02
59724,TINTA UV WHITE 1690244 DURST A,0.0,LITRO,PROD. TINTAS DIGITAL,52,ST IMPRESORAS Y EQUIPOS,2026-09-02
59724,TINTA UV WHITE 1690244 DURST A,0.0,LITRO,PROD. TINTAS DIGITAL,53,BODEGA ESQUIM,2026-09-02
59724,TINTA UV WHITE 1690244 DURST A,0.0,LITRO,PROD. TINTAS DIGITAL,54,GESLOG MALLOA,2026-09-02
59725,TINTA UV ORANGE 1690246 DURST A,0.0,LITRO,PROD. TINTAS DIGITAL,01,BODEGA COSTEO,2026-08-17
59725,TINTA UV ORANGE 1690246 DURST A,0.0,LITRO,PROD. TINTAS DIGITAL,02,MATERIAS PRIMAS E INSUMOS,2026-08-17
59725,TINTA UV ORANGE 1690246 DURST A,0.0,LITRO,PROD. TINTAS DIGITAL,03,PRODUCTOS TERMINADOS,2026-08-17
59725,TINTA UV ORANGE 1690246 DURST A,9.0,LITRO,PROD. TINTAS DIGITAL,04,PRODUCCION,2026-08-17
59725,TINTA UV ORANGE 1690246 DURST A,0.0,LITRO,PROD. TINTAS DIGITAL,05,RECLAMO PROVEEDOR,2026-08-17
59725,TINTA UV ORANGE 1690246 DURST A,0.0,LITRO,PROD. TINTAS DIGITAL,06,PRODUCTOS RECHAZADOS,2026-08-17
59725,TINTA UV ORANGE 1690246 DURST A,0.0,LITRO,PROD. TINTAS DIGITAL,07,NOTAS DE CREDITO,2026-08-17
59725,TINTA UV ORANGE 1690246 DURST A,0.0,LITRO,PROD. TINTAS DIGITAL,08,MPRIMA SOBRE STOCK,2026-08-17
59725,TINTA UV ORANGE 1690246 DURST A,0.0,LITRO,PROD. TINTAS DIGITAL,10,DIFERENCIAS DE INV. P.T.,2026-08-17
59725,TINTA UV ORANGE 1690246 DURST A,0.0,LITRO,PROD. TINTAS DIGITAL,13,TDP STOCK,2026-08-17
59725,TINTA UV ORANGE 1690246 DURST A,0.0,LITRO,PROD. TINTAS DIGITAL,14,SERVICIO TECNICO,2026-08-17
59725,TINTA UV ORANGE 1690246 DURST A,0.0,LITRO,PROD. TINTAS DIGITAL,15,TALLER SERV.TECNICO,2026-08-17
59725,TINTA UV ORANGE 1690246 DURST A,0.0,LITRO,PROD. TINTAS DIGITAL,17,BODEGA CLIENTES,2026-08-17
59725,TINTA UV ORANGE 1690246 DURST A,0.0,LITRO,PROD. TINTAS DIGITAL,20,POSCOSECHA MUESTRAS,2026-08-17
59725,TINTA UV ORANGE 1690246 DURST A,0.0,LITRO,PROD. TINTAS DIGITAL,21,TINTAS,2026-08-17
59725,TINTA UV ORANGE 1690246 DURST A,0.0,LITRO,PROD. TINTAS DIGITAL,22,SIEGWERK,2026-08-17
59725,TINTA UV ORANGE 1690246 DURST A,0.0,LITRO,PROD. TINTAS DIGITAL,24,SALDO MATERIAS PRIMAS,2026-08-17
59725,TINTA UV ORANGE 1690246 DURST A,0.0,LITRO,PROD. TINTAS DIGITAL,26,OBSOLETOS COMERCIAL,2026-08-17
59725,TINTA UV ORANGE 1690246 DURST A,0.0,LITRO,PROD. TINTAS DIGITAL,34,MP MAQUINA WEBER,2026-08-17
59725,TINTA UV ORANGE 1690246 DURST A,0.0,LITRO,PROD. TINTAS DIGITAL,35,BODEGA GESLOG INTEGRAL,2026-08-17
59725,TINTA UV ORANGE 1690246 DURST A,5.0,LITRO,PROD. TINTAS DIGITAL,36,CONTAINER,2026-08-17
59725,TINTA UV ORANGE 1690246 DURST A,0.0,LITRO,PROD. TINTAS DIGITAL,38,RRHH,2026-08-17
59725,TINTA UV ORANGE 1690246 DURST A,0.0,LITRO,PROD. TINTAS DIGITAL,40,ST CONCEPCION,2026-08-17
59725,TINTA UV ORANGE 1690246 DURST A,0.0,LITRO,PROD. TINTAS DIGITAL,44,SERV.TECNICO SINCLAIR,2026-08-17
59725,TINTA UV ORANGE 1690246 DURST A,0.0,LITRO,PROD. TINTAS DIGITAL,45,BODEGA PROVEEDOR,2026-08-17
59725,TINTA UV ORANGE 1690246 DURST A,0.0,LITRO,PROD. TINTAS DIGITAL,46,SINCLAIR STOCK,2026-08-17
59725,TINTA UV ORANGE 1690246 DURST A,0.0,LITRO,PROD. TINTAS DIGITAL,48,POSCOSECHA,2026-08-17
59725,TINTA UV ORANGE 1690246 DURST A,0.0,LITRO,PROD. TINTAS DIGITAL,49,BOG. LOGICA ARAUCO,2026-08-17
59725,TINTA UV ORANGE 1690246 DURST A,0.0,LITRO,PROD. TINTAS DIGITAL,50,SERV.TECNICO SAMSON,2026-08-17
59725,TINTA UV ORANGE 1690246 DURST A,0.0,LITRO,PROD. TINTAS DIGITAL,51,PERU STOCK ENVIO,2026-08-17
59725,TINTA UV ORANGE 1690246 DURST A,0.0,LITRO,PROD. TINTAS DIGITAL,52,ST IMPRESORAS Y EQUIPOS,2026-08-17
59725,TINTA UV ORANGE 1690246 DURST A,0.0,LITRO,PROD. TINTAS DIGITAL,53,BODEGA ESQUIM,2026-08-17
59725,TINTA UV ORANGE 1690246 DURST A,0.0,LITRO,PROD. TINTAS DIGITAL,54,GESLOG MALLOA,2026-08-17
59841,TINTA UV PRIMER PREMIUM Q YVT0-0001 FLINT,0.0,KILOS,PROD. TINTAS,01,BODEGA COSTEO,
59841,TINTA UV PRIMER PREMIUM Q YVT0-0001 FLINT,0.0,KILOS,PROD. TINTAS,02,MATERIAS PRIMAS E INSUMOS,
59841,TINTA UV PRIMER PREMIUM Q YVT0-0001 FLINT,0.0,KILOS,PROD. TINTAS,03,PRODUCTOS TERMINADOS,
59841,TINTA UV PRIMER PREMIUM Q YVT0-0001 FLINT,0.0,KILOS,PROD. TINTAS,04,PRODUCCION,
59841,TINTA UV PRIMER PREMIUM Q YVT0-0001 FLINT,0.0,KILOS,PROD. TINTAS,05,RECLAMO PROVEEDOR,
59841,TINTA UV PRIMER PREMIUM Q YVT0-0001 FLINT,0.0,KILOS,PROD. TINTAS,06,PRODUCTOS RECHAZADOS,
59841,TINTA UV PRIMER PREMIUM Q YVT0-0001 FLINT,0.0,KILOS,PROD. TINTAS,07,NOTAS DE CREDITO,
59841,TINTA UV PRIMER PREMIUM Q YVT0-0001 FLINT,0.0,KILOS,PROD. TINTAS,08,MPRIMA SOBRE STOCK,
59841,TINTA UV PRIMER PREMIUM Q YVT0-0001 FLINT,0.0,KILOS,PROD. TINTAS,10,DIFERENCIAS DE INV. P.T.,
59841,TINTA UV PRIMER PREMIUM Q YVT0-0001 FLINT,0.0,KILOS,PROD. TINTAS,13,TDP STOCK,
59841,TINTA UV PRIMER PREMIUM Q YVT0-0001 FLINT,0.0,KILOS,PROD. TINTAS,14,SERVICIO TECNICO,
59841,TINTA UV PRIMER PREMIUM Q YVT0-0001 FLINT,0.0,KILOS,PROD. TINTAS,15,TALLER SERV.TECNICO,
59841,TINTA UV PRIMER PREMIUM Q YVT0-0001 FLINT,0.0,KILOS,PROD. TINTAS,17,BODEGA CLIENTES,
59841,TINTA UV PRIMER PREMIUM Q YVT0-0001 FLINT,0.0,KILOS,PROD. TINTAS,20,POSCOSECHA MUESTRAS,
59841,TINTA UV PRIMER PREMIUM Q YVT0-0001 FLINT,0.0,KILOS,PROD. TINTAS,21,TINTAS,
59841,TINTA UV PRIMER PREMIUM Q YVT0-0001 FLINT,0.0,KILOS,PROD. TINTAS,22,SIEGWERK,
59841,TINTA UV PRIMER PREMIUM Q YVT0-0001 FLINT,0.0,KILOS,PROD. TINTAS,24,SALDO MATERIAS PRIMAS,
59841,TINTA UV PRIMER PREMIUM Q YVT0-0001 FLINT,0.0,KILOS,PROD. TINTAS,26,OBSOLETOS COMERCIAL,
59841,TINTA UV PRIMER PREMIUM Q YVT0-0001 FLINT,0.0,KILOS,PROD. TINTAS,34,MP MAQUINA WEBER,
59841,TINTA UV PRIMER PREMIUM Q YVT0-0001 FLINT,0.0,KILOS,PROD. TINTAS,35,BODEGA GESLOG INTEGRAL,
59841,TINTA UV PRIMER PREMIUM Q YVT0-0001 FLINT,0.0,KILOS,PROD. TINTAS,36,CONTAINER,
59841,TINTA UV PRIMER PREMIUM Q YVT0-0001 FLINT,0.0,KILOS,PROD. TINTAS,38,RRHH,
59841,TINTA UV PRIMER PREMIUM Q YVT0-0001 FLINT,0.0,KILOS,PROD. TINTAS,40,ST CONCEPCION,
59841,TINTA UV PRIMER PREMIUM Q YVT0-0001 FLINT,0.0,KILOS,PROD. TINTAS,44,SERV.TECNICO SINCLAIR,
59841,TINTA UV PRIMER PREMIUM Q YVT0-0001 FLINT,0.0,KILOS,PROD. TINTAS,45,BODEGA PROVEEDOR,
59841,TINTA UV PRIMER PREMIUM Q YVT0-0001 FLINT,0.0,KILOS,PROD. TINTAS,46,SINCLAIR STOCK,
59841,TINTA UV PRIMER PREMIUM Q YVT0-0001 FLINT,0.0,KILOS,PROD. TINTAS,48,POSCOSECHA,
59841,TINTA UV PRIMER PREMIUM Q YVT0-0001 FLINT,0.0,KILOS,PROD. TINTAS,49,BOG. LOGICA ARAUCO,
59841,TINTA UV PRIMER PREMIUM Q YVT0-0001 FLINT,0.0,KILOS,PROD. TINTAS,50,SERV.TECNICO SAMSON,
59841,TINTA UV PRIMER PREMIUM Q YVT0-0001 FLINT,0.0,KILOS,PROD. TINTAS,51,PERU STOCK ENVIO,
59841,TINTA UV PRIMER PREMIUM Q YVT0-0001 FLINT,0.0,KILOS,PROD. TINTAS,52,ST IMPRESORAS Y EQUIPOS,
59841,TINTA UV PRIMER PREMIUM Q YVT0-0001 FLINT,0.0,KILOS,PROD. TINTAS,53,BODEGA ESQUIM,
59841,TINTA UV PRIMER PREMIUM Q YVT0-0001 FLINT,0.0,KILOS,PROD. TINTAS,54,GESLOG MALLOA,
59842,TINTA UV GREEN 1690245 DURST A,0.0,LITRO,PROD. TINTAS DIGITAL,01,BODEGA COSTEO,2026-01-19
59842,TINTA UV GREEN 1690245 DURST A,0.0,LITRO,PROD. TINTAS DIGITAL,02,MATERIAS PRIMAS E INSUMOS,2026-01-19
59842,TINTA UV GREEN 1690245 DURST A,0.0,LITRO,PROD. TINTAS DIGITAL,03,PRODUCTOS TERMINADOS,2026-01-19
59842,TINTA UV GREEN 1690245 DURST A,2.55,LITRO,PROD. TINTAS DIGITAL,04,PRODUCCION,2026-01-19
59842,TINTA UV GREEN 1690245 DURST A,0.0,LITRO,PROD. TINTAS DIGITAL,05,RECLAMO PROVEEDOR,2026-01-19
59842,TINTA UV GREEN 1690245 DURST A,0.0,LITRO,PROD. TINTAS DIGITAL,06,PRODUCTOS RECHAZADOS,2026-01-19
59842,TINTA UV GREEN 1690245 DURST A,0.0,LITRO,PROD. TINTAS DIGITAL,07,NOTAS DE CREDITO,2026-01-19
59842,TINTA UV GREEN 1690245 DURST A,0.0,LITRO,PROD. TINTAS DIGITAL,08,MPRIMA SOBRE STOCK,2026-01-19
59842,TINTA UV GREEN 1690245 DURST A,0.0,LITRO,PROD. TINTAS DIGITAL,10,DIFERENCIAS DE INV. P.T.,2026-01-19
59842,TINTA UV GREEN 1690245 DURST A,0.0,LITRO,PROD. TINTAS DIGITAL,13,TDP STOCK,2026-01-19
59842,TINTA UV GREEN 1690245 DURST A,0.0,LITRO,PROD. TINTAS DIGITAL,14,SERVICIO TECNICO,2026-01-19
59842,TINTA UV GREEN 1690245 DURST A,0.0,LITRO,PROD. TINTAS DIGITAL,15,TALLER SERV.TECNICO,2026-01-19
59842,TINTA UV GREEN 1690245 DURST A,0.0,LITRO,PROD. TINTAS DIGITAL,17,BODEGA CLIENTES,2026-01-19
59842,TINTA UV GREEN 1690245 DURST A,0.0,LITRO,PROD. TINTAS DIGITAL,20,POSCOSECHA MUESTRAS,2026-01-19
59842,TINTA UV GREEN 1690245 DURST A,0.0,LITRO,PROD. TINTAS DIGITAL,21,TINTAS,2026-01-19
59842,TINTA UV GREEN 1690245 DURST A,0.0,LITRO,PROD. TINTAS DIGITAL,22,SIEGWERK,2026-01-19
59842,TINTA UV GREEN 1690245 DURST A,0.0,LITRO,PROD. TINTAS DIGITAL,24,SALDO MATERIAS PRIMAS,2026-01-19
59842,TINTA UV GREEN 1690245 DURST A,0.0,LITRO,PROD. TINTAS DIGITAL,26,OBSOLETOS COMERCIAL,2026-01-19
59842,TINTA UV GREEN 1690245 DURST A,0.0,LITRO,PROD. TINTAS DIGITAL,34,MP MAQUINA WEBER,2026-01-19
59842,TINTA UV GREEN 1690245 DURST A,0.0,LITRO,PROD. TINTAS DIGITAL,35,BODEGA GESLOG INTEGRAL,2026-01-19
59842,TINTA UV GREEN 1690245 DURST A,0.0,LITRO,PROD. TINTAS DIGITAL,36,CONTAINER,2026-01-19
59842,TINTA UV GREEN 1690245 DURST A,0.0,LITRO,PROD. TINTAS DIGITAL,38,RRHH,2026-01-19
59842,TINTA UV GREEN 1690245 DURST A,0.0,LITRO,PROD. TINTAS DIGITAL,40,ST CONCEPCION,2026-01-19
59842,TINTA UV GREEN 1690245 DURST A,0.0,LITRO,PROD. TINTAS DIGITAL,44,SERV.TECNICO SINCLAIR,2026-01-19
59842,TINTA UV GREEN 1690245 DURST A,0.0,LITRO,PROD. TINTAS DIGITAL,45,BODEGA PROVEEDOR,2026-01-19
59842,TINTA UV GREEN 1690245 DURST A,0.0,LITRO,PROD. TINTAS DIGITAL,46,SINCLAIR STOCK,2026-01-19
59842,TINTA UV GREEN 1690245 DURST A,0.0,LITRO,PROD. TINTAS DIGITAL,48,POSCOSECHA,2026-01-19
59842,TINTA UV GREEN 1690245 DURST A,0.0,LITRO,PROD. TINTAS DIGITAL,49,BOG. LOGICA ARAUCO,2026-01-19
59842,TINTA UV GREEN 1690245 DURST A,0.0,LITRO,PROD. TINTAS DIGITAL,50,SERV.TECNICO SAMSON,2026-01-19
59842,TINTA UV GREEN 1690245 DURST A,0.0,LITRO,PROD. TINTAS DIGITAL,51,PERU STOCK ENVIO,2026-01-19
59842,TINTA UV GREEN 1690245 DURST A,0.0,LITRO,PROD. TINTAS DIGITAL,52,ST IMPRESORAS Y EQUIPOS,2026-01-19
59842,TINTA UV GREEN 1690245 DURST A,0.0,LITRO,PROD. TINTAS DIGITAL,53,BODEGA ESQUIM,2026-01-19
59842,TINTA UV GREEN 1690245 DURST A,0.0,LITRO,PROD. TINTAS DIGITAL,54,GESLOG MALLOA,2026-01-19
59939,TINTA UV VIOLET 1690269 DURST A,7.55,LITRO,PROD. TINTAS DIGITAL,04,PRODUCCION,2026-01-19
60080,TINTA UV INVISIBLE UVF 2861 GO,8.0,UN,PROD. TINTAS,21,TINTAS,2026-08-25
60159,TINTA UV PARAGON PURPLE PROCESS CF0003,40.0,KILOS,PROD. TINTAS,36,CONTAINER,2026-05-12
60161,TINTA UV PARAGON RUBINE RED 1 PROCESS RF000,125.0,KILOS,PROD. TINTAS,36,CONTAINER,2026-05-12
60270,TINTA UV BLANCO TRANSPARENTE ANTALIS 550918-TF001 KG,0.0,KILOS,PROD. TINTAS,01,BODEGA COSTEO,
60270,TINTA UV BLANCO TRANSPARENTE ANTALIS 550918-TF001 KG,0.0,KILOS,PROD. TINTAS,02,MATERIAS PRIMAS E INSUMOS,
60270,TINTA UV BLANCO TRANSPARENTE ANTALIS 550918-TF001 KG,0.0,KILOS,PROD. TINTAS,03,PRODUCTOS TERMINADOS,
60270,TINTA UV BLANCO TRANSPARENTE ANTALIS 550918-TF001 KG,0.0,KILOS,PROD. TINTAS,04,PRODUCCION,
60270,TINTA UV BLANCO TRANSPARENTE ANTALIS 550918-TF001 KG,0.0,KILOS,PROD. TINTAS,05,RECLAMO PROVEEDOR,
60270,TINTA UV BLANCO TRANSPARENTE ANTALIS 550918-TF001 KG,0.0,KILOS,PROD. TINTAS,06,PRODUCTOS RECHAZADOS,
60270,TINTA UV BLANCO TRANSPARENTE ANTALIS 550918-TF001 KG,0.0,KILOS,PROD. TINTAS,07,NOTAS DE CREDITO,
60270,TINTA UV BLANCO TRANSPARENTE ANTALIS 550918-TF001 KG,0.0,KILOS,PROD. TINTAS,08,MPRIMA SOBRE STOCK,
60270,TINTA UV BLANCO TRANSPARENTE ANTALIS 550918-TF001 KG,0.0,KILOS,PROD. TINTAS,10,DIFERENCIAS DE INV. P.T.,
60270,TINTA UV BLANCO TRANSPARENTE ANTALIS 550918-TF001 KG,0.0,KILOS,PROD. TINTAS,13,TDP STOCK,
60270,TINTA UV BLANCO TRANSPARENTE ANTALIS 550918-TF001 KG,0.0,KILOS,PROD. TINTAS,14,SERVICIO TECNICO,
60270,TINTA UV BLANCO TRANSPARENTE ANTALIS 550918-TF001 KG,0.0,KILOS,PROD. TINTAS,15,TALLER SERV.TECNICO,
60270,TINTA UV BLANCO TRANSPARENTE ANTALIS 550918-TF001 KG,0.0,KILOS,PROD. TINTAS,17,BODEGA CLIENTES,
60270,TINTA UV BLANCO TRANSPARENTE ANTALIS 550918-TF001 KG,0.0,KILOS,PROD. TINTAS,20,POSCOSECHA MUESTRAS,
60270,TINTA UV BLANCO TRANSPARENTE ANTALIS 550918-TF001 KG,0.0,KILOS,PROD. TINTAS,21,TINTAS,
60270,TINTA UV BLANCO TRANSPARENTE ANTALIS 550918-TF001 KG,0.0,KILOS,PROD. TINTAS,22,SIEGWERK,
60270,TINTA UV BLANCO TRANSPARENTE ANTALIS 550918-TF001 KG,0.0,KILOS,PROD. TINTAS,24,SALDO MATERIAS PRIMAS,
60270,TINTA UV BLANCO TRANSPARENTE ANTALIS 550918-TF001 KG,0.0,KILOS,PROD. TINTAS,26,OBSOLETOS COMERCIAL,
60270,TINTA UV BLANCO TRANSPARENTE ANTALIS 550918-TF001 KG,0.0,KILOS,PROD. TINTAS,34,MP MAQUINA WEBER,
60270,TINTA UV BLANCO TRANSPARENTE ANTALIS 550918-TF001 KG,0.0,KILOS,PROD. TINTAS,35,BODEGA GESLOG INTEGRAL,
60270,TINTA UV BLANCO TRANSPARENTE ANTALIS 550918-TF001 KG,0.0,KILOS,PROD. TINTAS,36,CONTAINER,
60270,TINTA UV BLANCO TRANSPARENTE ANTALIS 550918-TF001 KG,0.0,KILOS,PROD. TINTAS,38,RRHH,
60270,TINTA UV BLANCO TRANSPARENTE ANTALIS 550918-TF001 KG,0.0,KILOS,PROD. TINTAS,40,ST CONCEPCION,
60270,TINTA UV BLANCO TRANSPARENTE ANTALIS 550918-TF001 KG,0.0,KILOS,PROD. TINTAS,44,SERV.TECNICO SINCLAIR,
60270,TINTA UV BLANCO TRANSPARENTE ANTALIS 550918-TF001 KG,0.0,KILOS,PROD. TINTAS,45,BODEGA PROVEEDOR,
60270,TINTA UV BLANCO TRANSPARENTE ANTALIS 550918-TF001 KG,0.0,KILOS,PROD. TINTAS,46,SINCLAIR STOCK,
60270,TINTA UV BLANCO TRANSPARENTE ANTALIS 550918-TF001 KG,0.0,KILOS,PROD. TINTAS,48,POSCOSECHA,
60270,TINTA UV BLANCO TRANSPARENTE ANTALIS 550918-TF001 KG,0.0,KILOS,PROD. TINTAS,49,BOG. LOGICA ARAUCO,
60270,TINTA UV BLANCO TRANSPARENTE ANTALIS 550918-TF001 KG,0.0,KILOS,PROD. TINTAS,50,SERV.TECNICO SAMSON,
60270,TINTA UV BLANCO TRANSPARENTE ANTALIS 550918-TF001 KG,0.0,KILOS,PROD. TINTAS,51,PERU STOCK ENVIO,
60270,TINTA UV BLANCO TRANSPARENTE ANTALIS 550918-TF001 KG,0.0,KILOS,PROD. TINTAS,52,ST IMPRESORAS Y EQUIPOS,
60270,TINTA UV BLANCO TRANSPARENTE ANTALIS 550918-TF001 KG,0.0,KILOS,PROD. TINTAS,53,BODEGA ESQUIM,
60270,TINTA UV BLANCO TRANSPARENTE ANTALIS 550918-TF001 KG,0.0,KILOS,PROD. TINTAS,54,GESLOG MALLOA,
60476,BARNIZ UV EL317 Mate Andinos,75.0,UN,PROD. TINTAS,21,TINTAS,2026-08-17
60538,TINTA HEAD CLEANER 1690274 DURST A,0.0,LITRO,PROD. TINTAS DIGITAL,01,BODEGA COSTEO,
60538,TINTA HEAD CLEANER 1690274 DURST A,0.0,LITRO,PROD. TINTAS DIGITAL,02,MATERIAS PRIMAS E INSUMOS,
60538,TINTA HEAD CLEANER 1690274 DURST A,0.0,LITRO,PROD. TINTAS DIGITAL,03,PRODUCTOS TERMINADOS,
60538,TINTA HEAD CLEANER 1690274 DURST A,0.0,LITRO,PROD. TINTAS DIGITAL,04,PRODUCCION,
60538,TINTA HEAD CLEANER 1690274 DURST A,0.0,LITRO,PROD. TINTAS DIGITAL,05,RECLAMO PROVEEDOR,
60538,TINTA HEAD CLEANER 1690274 DURST A,0.0,LITRO,PROD. TINTAS DIGITAL,06,PRODUCTOS RECHAZADOS,
60538,TINTA HEAD CLEANER 1690274 DURST A,0.0,LITRO,PROD. TINTAS DIGITAL,07,NOTAS DE CREDITO,
60538,TINTA HEAD CLEANER 1690274 DURST A,0.0,LITRO,PROD. TINTAS DIGITAL,08,MPRIMA SOBRE STOCK,
60538,TINTA HEAD CLEANER 1690274 DURST A,0.0,LITRO,PROD. TINTAS DIGITAL,10,DIFERENCIAS DE INV. P.T.,
60538,TINTA HEAD CLEANER 1690274 DURST A,0.0,LITRO,PROD. TINTAS DIGITAL,13,TDP STOCK,
60538,TINTA HEAD CLEANER 1690274 DURST A,0.0,LITRO,PROD. TINTAS DIGITAL,14,SERVICIO TECNICO,
60538,TINTA HEAD CLEANER 1690274 DURST A,0.0,LITRO,PROD. TINTAS DIGITAL,15,TALLER SERV.TECNICO,
60538,TINTA HEAD CLEANER 1690274 DURST A,0.0,LITRO,PROD. TINTAS DIGITAL,17,BODEGA CLIENTES,
60538,TINTA HEAD CLEANER 1690274 DURST A,0.0,LITRO,PROD. TINTAS DIGITAL,20,POSCOSECHA MUESTRAS,
60538,TINTA HEAD CLEANER 1690274 DURST A,0.0,LITRO,PROD. TINTAS DIGITAL,21,TINTAS,
60538,TINTA HEAD CLEANER 1690274 DURST A,0.0,LITRO,PROD. TINTAS DIGITAL,22,SIEGWERK,
60538,TINTA HEAD CLEANER 1690274 DURST A,0.0,LITRO,PROD. TINTAS DIGITAL,24,SALDO MATERIAS PRIMAS,
60538,TINTA HEAD CLEANER 1690274 DURST A,0.0,LITRO,PROD. TINTAS DIGITAL,26,OBSOLETOS COMERCIAL,
60538,TINTA HEAD CLEANER 1690274 DURST A,0.0,LITRO,PROD. TINTAS DIGITAL,34,MP MAQUINA WEBER,
60538,TINTA HEAD CLEANER 1690274 DURST A,0.0,LITRO,PROD. TINTAS DIGITAL,35,BODEGA GESLOG INTEGRAL,
60538,TINTA HEAD CLEANER 1690274 DURST A,0.0,LITRO,PROD. TINTAS DIGITAL,36,CONTAINER,
60538,TINTA HEAD CLEANER 1690274 DURST A,0.0,LITRO,PROD. TINTAS DIGITAL,38,RRHH,
60538,TINTA HEAD CLEANER 1690274 DURST A,0.0,LITRO,PROD. TINTAS DIGITAL,40,ST CONCEPCION,
60538,TINTA HEAD CLEANER 1690274 DURST A,0.0,LITRO,PROD. TINTAS DIGITAL,44,SERV.TECNICO SINCLAIR,
60538,TINTA HEAD CLEANER 1690274 DURST A,0.0,LITRO,PROD. TINTAS DIGITAL,45,BODEGA PROVEEDOR,
60538,TINTA HEAD CLEANER 1690274 DURST A,0.0,LITRO,PROD. TINTAS DIGITAL,46,SINCLAIR STOCK,
60538,TINTA HEAD CLEANER 1690274 DURST A,0.0,LITRO,PROD. TINTAS DIGITAL,48,POSCOSECHA,
60538,TINTA HEAD CLEANER 1690274 DURST A,0.0,LITRO,PROD. TINTAS DIGITAL,49,BOG. LOGICA ARAUCO,
60538,TINTA HEAD CLEANER 1690274 DURST A,0.0,LITRO,PROD. TINTAS DIGITAL,50,SERV.TECNICO SAMSON,
60538,TINTA HEAD CLEANER 1690274 DURST A,0.0,LITRO,PROD. TINTAS DIGITAL,51,PERU STOCK ENVIO,
60538,TINTA HEAD CLEANER 1690274 DURST A,0.0,LITRO,PROD. TINTAS DIGITAL,52,ST IMPRESORAS Y EQUIPOS,
60538,TINTA HEAD CLEANER 1690274 DURST A,0.0,LITRO,PROD. TINTAS DIGITAL,53,BODEGA ESQUIM,
60538,TINTA HEAD CLEANER 1690274 DURST A,0.0,LITRO,PROD. TINTAS DIGITAL,54,GESLOG MALLOA,
60539,TINTA HEAD CLEANER 1690275 DURST A,0.0,LITRO,PROD. TINTAS DIGITAL,01,BODEGA COSTEO,
60539,TINTA HEAD CLEANER 1690275 DURST A,0.0,LITRO,PROD. TINTAS DIGITAL,02,MATERIAS PRIMAS E INSUMOS,
60539,TINTA HEAD CLEANER 1690275 DURST A,0.0,LITRO,PROD. TINTAS DIGITAL,03,PRODUCTOS TERMINADOS,
60539,TINTA HEAD CLEANER 1690275 DURST A,0.0,LITRO,PROD. TINTAS DIGITAL,04,PRODUCCION,
60539,TINTA HEAD CLEANER 1690275 DURST A,0.0,LITRO,PROD. TINTAS DIGITAL,05,RECLAMO PROVEEDOR,
60539,TINTA HEAD CLEANER 1690275 DURST A,0.0,LITRO,PROD. TINTAS DIGITAL,06,PRODUCTOS RECHAZADOS,
60539,TINTA HEAD CLEANER 1690275 DURST A,0.0,LITRO,PROD. TINTAS DIGITAL,07,NOTAS DE CREDITO,
60539,TINTA HEAD CLEANER 1690275 DURST A,0.0,LITRO,PROD. TINTAS DIGITAL,08,MPRIMA SOBRE STOCK,
60539,TINTA HEAD CLEANER 1690275 DURST A,0.0,LITRO,PROD. TINTAS DIGITAL,10,DIFERENCIAS DE INV. P.T.,
60539,TINTA HEAD CLEANER 1690275 DURST A,0.0,LITRO,PROD. TINTAS DIGITAL,13,TDP STOCK,
60539,TINTA HEAD CLEANER 1690275 DURST A,0.0,LITRO,PROD. TINTAS DIGITAL,14,SERVICIO TECNICO,
60539,TINTA HEAD CLEANER 1690275 DURST A,0.0,LITRO,PROD. TINTAS DIGITAL,15,TALLER SERV.TECNICO,
60539,TINTA HEAD CLEANER 1690275 DURST A,0.0,LITRO,PROD. TINTAS DIGITAL,17,BODEGA CLIENTES,
60539,TINTA HEAD CLEANER 1690275 DURST A,0.0,LITRO,PROD. TINTAS DIGITAL,20,POSCOSECHA MUESTRAS,
60539,TINTA HEAD CLEANER 1690275 DURST A,0.0,LITRO,PROD. TINTAS DIGITAL,21,TINTAS,
60539,TINTA HEAD CLEANER 1690275 DURST A,0.0,LITRO,PROD. TINTAS DIGITAL,22,SIEGWERK,
60539,TINTA HEAD CLEANER 1690275 DURST A,0.0,LITRO,PROD. TINTAS DIGITAL,24,SALDO MATERIAS PRIMAS,
60539,TINTA HEAD CLEANER 1690275 DURST A,0.0,LITRO,PROD. TINTAS DIGITAL,26,OBSOLETOS COMERCIAL,
60539,TINTA HEAD CLEANER 1690275 DURST A,0.0,LITRO,PROD. TINTAS DIGITAL,34,MP MAQUINA WEBER,
60539,TINTA HEAD CLEANER 1690275 DURST A,0.0,LITRO,PROD. TINTAS DIGITAL,35,BODEGA GESLOG INTEGRAL,
60539,TINTA HEAD CLEANER 1690275 DURST A,0.0,LITRO,PROD. TINTAS DIGITAL,36,CONTAINER,
60539,TINTA HEAD CLEANER 1690275 DURST A,0.0,LITRO,PROD. TINTAS DIGITAL,38,RRHH,
60539,TINTA HEAD CLEANER 1690275 DURST A,0.0,LITRO,PROD. TINTAS DIGITAL,40,ST CONCEPCION,
60539,TINTA HEAD CLEANER 1690275 DURST A,0.0,LITRO,PROD. TINTAS DIGITAL,44,SERV.TECNICO SINCLAIR,
60539,TINTA HEAD CLEANER 1690275 DURST A,0.0,LITRO,PROD. TINTAS DIGITAL,45,BODEGA PROVEEDOR,
60539,TINTA HEAD CLEANER 1690275 DURST A,0.0,LITRO,PROD. TINTAS DIGITAL,46,SINCLAIR STOCK,
60539,TINTA HEAD CLEANER 1690275 DURST A,0.0,LITRO,PROD. TINTAS DIGITAL,48,POSCOSECHA,
60539,TINTA HEAD CLEANER 1690275 DURST A,0.0,LITRO,PROD. TINTAS DIGITAL,49,BOG. LOGICA ARAUCO,
60539,TINTA HEAD CLEANER 1690275 DURST A,0.0,LITRO,PROD. TINTAS DIGITAL,50,SERV.TECNICO SAMSON,
60539,TINTA HEAD CLEANER 1690275 DURST A,0.0,LITRO,PROD. TINTAS DIGITAL,51,PERU STOCK ENVIO,
60539,TINTA HEAD CLEANER 1690275 DURST A,0.0,LITRO,PROD. TINTAS DIGITAL,52,ST IMPRESORAS Y EQUIPOS,
60539,TINTA HEAD CLEANER 1690275 DURST A,0.0,LITRO,PROD. TINTAS DIGITAL,53,BODEGA ESQUIM,
60539,TINTA HEAD CLEANER 1690275 DURST A,0.0,LITRO,PROD. TINTAS DIGITAL,54,GESLOG MALLOA,
60609,TINTA UV VIOLET Y5B4-0012 FLINT,0.0,UN,PROD. TINTAS,01,BODEGA COSTEO,
60609,TINTA UV VIOLET Y5B4-0012 FLINT,0.0,UN,PROD. TINTAS,02,MATERIAS PRIMAS E INSUMOS,
60609,TINTA UV VIOLET Y5B4-0012 FLINT,0.0,UN,PROD. TINTAS,03,PRODUCTOS TERMINADOS,
60609,TINTA UV VIOLET Y5B4-0012 FLINT,0.0,UN,PROD. TINTAS,04,PRODUCCION,
60609,TINTA UV VIOLET Y5B4-0012 FLINT,0.0,UN,PROD. TINTAS,05,RECLAMO PROVEEDOR,
60609,TINTA UV VIOLET Y5B4-0012 FLINT,0.0,UN,PROD. TINTAS,06,PRODUCTOS RECHAZADOS,
60609,TINTA UV VIOLET Y5B4-0012 FLINT,0.0,UN,PROD. TINTAS,07,NOTAS DE CREDITO,
60609,TINTA UV VIOLET Y5B4-0012 FLINT,0.0,UN,PROD. TINTAS,08,MPRIMA SOBRE STOCK,
60609,TINTA UV VIOLET Y5B4-0012 FLINT,0.0,UN,PROD. TINTAS,10,DIFERENCIAS DE INV. P.T.,
60609,TINTA UV VIOLET Y5B4-0012 FLINT,0.0,UN,PROD. TINTAS,13,TDP STOCK,
60609,TINTA UV VIOLET Y5B4-0012 FLINT,0.0,UN,PROD. TINTAS,14,SERVICIO TECNICO,
60609,TINTA UV VIOLET Y5B4-0012 FLINT,0.0,UN,PROD. TINTAS,15,TALLER SERV.TECNICO,
60609,TINTA UV VIOLET Y5B4-0012 FLINT,0.0,UN,PROD. TINTAS,17,BODEGA CLIENTES,
60609,TINTA UV VIOLET Y5B4-0012 FLINT,0.0,UN,PROD. TINTAS,20,POSCOSECHA MUESTRAS,
60609,TINTA UV VIOLET Y5B4-0012 FLINT,0.0,UN,PROD. TINTAS,21,TINTAS,
60609,TINTA UV VIOLET Y5B4-0012 FLINT,0.0,UN,PROD. TINTAS,22,SIEGWERK,
60609,TINTA UV VIOLET Y5B4-0012 FLINT,0.0,UN,PROD. TINTAS,24,SALDO MATERIAS PRIMAS,
60609,TINTA UV VIOLET Y5B4-0012 FLINT,0.0,UN,PROD. TINTAS,26,OBSOLETOS COMERCIAL,
60609,TINTA UV VIOLET Y5B4-0012 FLINT,0.0,UN,PROD. TINTAS,34,MP MAQUINA WEBER,
60609,TINTA UV VIOLET Y5B4-0012 FLINT,0.0,UN,PROD. TINTAS,35,BODEGA GESLOG INTEGRAL,
60609,TINTA UV VIOLET Y5B4-0012 FLINT,0.0,UN,PROD. TINTAS,36,CONTAINER,
60609,TINTA UV VIOLET Y5B4-0012 FLINT,0.0,UN,PROD. TINTAS,38,RRHH,
60609,TINTA UV VIOLET Y5B4-0012 FLINT,0.0,UN,PROD. TINTAS,40,ST CONCEPCION,
60609,TINTA UV VIOLET Y5B4-0012 FLINT,0.0,UN,PROD. TINTAS,44,SERV.TECNICO SINCLAIR,
60609,TINTA UV VIOLET Y5B4-0012 FLINT,0.0,UN,PROD. TINTAS,45,BODEGA PROVEEDOR,
60609,TINTA UV VIOLET Y5B4-0012 FLINT,0.0,UN,PROD. TINTAS,46,SINCLAIR STOCK,
60609,TINTA UV VIOLET Y5B4-0012 FLINT,0.0,UN,PROD. TINTAS,48,POSCOSECHA,
60609,TINTA UV VIOLET Y5B4-0012 FLINT,0.0,UN,PROD. TINTAS,49,BOG. LOGICA ARAUCO,
60609,TINTA UV VIOLET Y5B4-0012 FLINT,0.0,UN,PROD. TINTAS,50,SERV.TECNICO SAMSON,
60609,TINTA UV VIOLET Y5B4-0012 FLINT,0.0,UN,PROD. TINTAS,51,PERU STOCK ENVIO,
60609,TINTA UV VIOLET Y5B4-0012 FLINT,0.0,UN,PROD. TINTAS,52,ST IMPRESORAS Y EQUIPOS,
60609,TINTA UV VIOLET Y5B4-0012 FLINT,0.0,UN,PROD. TINTAS,53,BODEGA ESQUIM,
60609,TINTA UV VIOLET Y5B4-0012 FLINT,0.0,UN,PROD. TINTAS,54,GESLOG MALLOA,
60717,C13T44B120 - SJIC35P-K INK CATRIDGE (BLACK),0.0,,INDUST. TINTA EPSON,01,BODEGA COSTEO,2026-01-12
60717,C13T44B120 - SJIC35P-K INK CATRIDGE (BLACK),0.0,,INDUST. TINTA EPSON,02,MATERIAS PRIMAS E INSUMOS,2026-01-12
60717,C13T44B120 - SJIC35P-K INK CATRIDGE (BLACK),0.0,,INDUST. TINTA EPSON,03,PRODUCTOS TERMINADOS,2026-01-12
60717,C13T44B120 - SJIC35P-K INK CATRIDGE (BLACK),1.0,,INDUST. TINTA EPSON,04,PRODUCCION,2026-01-12
60717,C13T44B120 - SJIC35P-K INK CATRIDGE (BLACK),0.0,,INDUST. TINTA EPSON,05,RECLAMO PROVEEDOR,2026-01-12
60717,C13T44B120 - SJIC35P-K INK CATRIDGE (BLACK),0.0,,INDUST. TINTA EPSON,06,PRODUCTOS RECHAZADOS,2026-01-12
60717,C13T44B120 - SJIC35P-K INK CATRIDGE (BLACK),0.0,,INDUST. TINTA EPSON,07,NOTAS DE CREDITO,2026-01-12
60717,C13T44B120 - SJIC35P-K INK CATRIDGE (BLACK),0.0,,INDUST. TINTA EPSON,08,MPRIMA SOBRE STOCK,2026-01-12
60717,C13T44B120 - SJIC35P-K INK CATRIDGE (BLACK),0.0,,INDUST. TINTA EPSON,10,DIFERENCIAS DE INV. P.T.,2026-01-12
60717,C13T44B120 - SJIC35P-K INK CATRIDGE (BLACK),0.0,,INDUST. TINTA EPSON,13,TDP STOCK,2026-01-12
60717,C13T44B120 - SJIC35P-K INK CATRIDGE (BLACK),0.0,,INDUST. TINTA EPSON,14,SERVICIO TECNICO,2026-01-12
60717,C13T44B120 - SJIC35P-K INK CATRIDGE (BLACK),0.0,,INDUST. TINTA EPSON,15,TALLER SERV.TECNICO,2026-01-12
60717,C13T44B120 - SJIC35P-K INK CATRIDGE (BLACK),0.0,,INDUST. TINTA EPSON,17,BODEGA CLIENTES,2026-01-12
60717,C13T44B120 - SJIC35P-K INK CATRIDGE (BLACK),0.0,,INDUST. TINTA EPSON,20,POSCOSECHA MUESTRAS,2026-01-12
60717,C13T44B120 - SJIC35P-K INK CATRIDGE (BLACK),0.0,,INDUST. TINTA EPSON,21,TINTAS,2026-01-12
60717,C13T44B120 - SJIC35P-K INK CATRIDGE (BLACK),0.0,,INDUST. TINTA EPSON,22,SIEGWERK,2026-01-12
60717,C13T44B120 - SJIC35P-K INK CATRIDGE (BLACK),0.0,,INDUST. TINTA EPSON,24,SALDO MATERIAS PRIMAS,2026-01-12
60717,C13T44B120 - SJIC35P-K INK CATRIDGE (BLACK),0.0,,INDUST. TINTA EPSON,26,OBSOLETOS COMERCIAL,2026-01-12
60717,C13T44B120 - SJIC35P-K INK CATRIDGE (BLACK),0.0,,INDUST. TINTA EPSON,34,MP MAQUINA WEBER,2026-01-12
60717,C13T44B120 - SJIC35P-K INK CATRIDGE (BLACK),0.0,,INDUST. TINTA EPSON,35,BODEGA GESLOG INTEGRAL,2026-01-12
60717,C13T44B120 - SJIC35P-K INK CATRIDGE (BLACK),0.0,,INDUST. TINTA EPSON,36,CONTAINER,2026-01-12
60717,C13T44B120 - SJIC35P-K INK CATRIDGE (BLACK),0.0,,INDUST. TINTA EPSON,38,RRHH,2026-01-12
60717,C13T44B120 - SJIC35P-K INK CATRIDGE (BLACK),0.0,,INDUST. TINTA EPSON,40,ST CONCEPCION,2026-01-12
60717,C13T44B120 - SJIC35P-K INK CATRIDGE (BLACK),0.0,,INDUST. TINTA EPSON,44,SERV.TECNICO SINCLAIR,2026-01-12
60717,C13T44B120 - SJIC35P-K INK CATRIDGE (BLACK),0.0,,INDUST. TINTA EPSON,45,BODEGA PROVEEDOR,2026-01-12
60717,C13T44B120 - SJIC35P-K INK CATRIDGE (BLACK),0.0,,INDUST. TINTA EPSON,46,SINCLAIR STOCK,2026-01-12
60717,C13T44B120 - SJIC35P-K INK CATRIDGE (BLACK),0.0,,INDUST. TINTA EPSON,48,POSCOSECHA,2026-01-12
60717,C13T44B120 - SJIC35P-K INK CATRIDGE (BLACK),0.0,,INDUST. TINTA EPSON,49,BOG. LOGICA ARAUCO,2026-01-12
60717,C13T44B120 - SJIC35P-K INK CATRIDGE (BLACK),0.0,,INDUST. TINTA EPSON,50,SERV.TECNICO SAMSON,2026-01-12
60717,C13T44B120 - SJIC35P-K INK CATRIDGE (BLACK),0.0,,INDUST. TINTA EPSON,51,PERU STOCK ENVIO,2026-01-12
60717,C13T44B120 - SJIC35P-K INK CATRIDGE (BLACK),0.0,,INDUST. TINTA EPSON,52,ST IMPRESORAS Y EQUIPOS,2026-01-12
60717,C13T44B120 - SJIC35P-K INK CATRIDGE (BLACK),0.0,,INDUST. TINTA EPSON,53,BODEGA ESQUIM,2026-01-12
60717,C13T44B120 - SJIC35P-K INK CATRIDGE (BLACK),0.0,,INDUST. TINTA EPSON,54,GESLOG MALLOA,2026-01-12
60907,TINTA DUAL CYAN 80-141906-0.2730 SIEG,55.5,KILOS,PROD. TINTAS,21,TINTAS,2026-09-03
60908,TINTA DUAL YELLOW 80-301432-3.2730 SIEG,200.0,KILOS,PROD. TINTAS,21,TINTAS,2026-09-07
60909,TINTA DUAL DEEP BLACK 80-901096-0.2730 SIEG,105.0,KILOS,PROD. TINTAS,21,TINTAS,2026-09-07
60910,TINTA DUAL MAGENTA 80-802950-8.2730 SIEG,80.0,KILOS,PROD. TINTAS,21,TINTAS,2026-09-07
60936,TINTA UV PARAGON LUNA METAL FREE PROCESS CYAN CF1985,15.0,KILOS,PROD. TINTAS,21,TINTAS,2026-07-23
61149,TINTA DUAL PURPLE E01 81-100780-6.2730 SIEG,5.0,KILOS,PROD. TINTAS,21,TINTAS,2026-06-30
61150,TINTA DUAL REFLEX BLUE C E01 81-141914-2.2730 SIEG,65.0,KILOS,PROD. TINTAS,21,TINTAS,2026-08-11
61151,TINTA DUAL GREEN C E01 81-501498-0.2730 SIEG,50.0,KILOS,PROD. TINTAS,21,TINTAS,2026-09-07
61152,TINTA DUAL ORANGE C E01 81-700775-0.2730 SIEG,5.0,KILOS,PROD. TINTAS,21,TINTAS,2026-09-07
61154,TINTA DUAL WARM RED 81-802960-5.2730 SIEG,35.0,KILOS,PROD. TINTAS,21,TINTAS,2026-09-07
61155,TINTA DUAL RHODAMINE RED C E01 81-802961-3.2730 SIEG,15.0,KILOS,PROD. TINTAS,21,TINTAS,2026-07-06
61170,BARNIZ EXTENDER SOBREIMP EL158 (Andinos),20.0,KG,PROD. TINTAS,21,TINTAS,2026-06-16
61274,ADHESIVO PARA FOLIA (18VS8074),20.0,KG,PROD. TINTAS,21,TINTAS,2026-09-16
61287,TINTA UV FLEXO LUNA TINTING MEDIUM PARAGON TF001,30.0,KILOS,PROD. TINTAS,36,CONTAINER,2026-07-23
61389,TINTA DUAL BLANCO TRANSPARENTE NUTRIFLEX DC 81-023832-9.3512 SIEG,118.52,KILOS,PROD. TINTAS,21,TINTAS,2026-09-16
61404,TINTA DUAL VIOLET 81-100779-8.2730 SIEG,40.0,KILOS,PROD. TINTAS,21,TINTAS,2026-09-07
76,SOLVENTE ACETATO DE ETILO,110.0,LITROS,PROD. TINTAS,21,TINTAS,2026-08-24
77,ALCOHOL ISOPROPILICO,0.0,LITROS,PROD. TINTAS,01,BODEGA COSTEO,
77,ALCOHOL ISOPROPILICO,0.0,LITROS,PROD. TINTAS,02,MATERIAS PRIMAS E INSUMOS,
77,ALCOHOL ISOPROPILICO,0.0,LITROS,PROD. TINTAS,03,PRODUCTOS TERMINADOS,
77,ALCOHOL ISOPROPILICO,0.0,LITROS,PROD. TINTAS,04,PRODUCCION,
77,ALCOHOL ISOPROPILICO,0.0,LITROS,PROD. TINTAS,05,RECLAMO PROVEEDOR,
77,ALCOHOL ISOPROPILICO,0.0,LITROS,PROD. TINTAS,06,PRODUCTOS RECHAZADOS,
77,ALCOHOL ISOPROPILICO,0.0,LITROS,PROD. TINTAS,07,NOTAS DE CREDITO,
77,ALCOHOL ISOPROPILICO,0.0,LITROS,PROD. TINTAS,08,MPRIMA SOBRE STOCK,
77,ALCOHOL ISOPROPILICO,0.0,LITROS,PROD. TINTAS,09,BOG.LOGICA APL,
77,ALCOHOL ISOPROPILICO,0.0,LITROS,PROD. TINTAS,10,DIFERENCIAS DE INV. P.T.,
77,ALCOHOL ISOPROPILICO,0.0,LITROS,PROD. TINTAS,11,BOG.LOGICA CyT VESPUCIO,
77,ALCOHOL ISOPROPILICO,0.0,LITROS,PROD. TINTAS,12,BOG.LOGICA CyT ESPEJO,
77,ALCOHOL ISOPROPILICO,0.0,LITROS,PROD. TINTAS,13,TDP STOCK,
77,ALCOHOL ISOPROPILICO,0.0,LITROS,PROD. TINTAS,14,SERVICIO TECNICO,
77,ALCOHOL ISOPROPILICO,0.0,LITROS,PROD. TINTAS,15,TALLER SERV.TECNICO,
77,ALCOHOL ISOPROPILICO,0.0,LITROS,PROD. TINTAS,16,BOG.LOGICA COCA-COLA,
77,ALCOHOL ISOPROPILICO,0.0,LITROS,PROD. TINTAS,17,BODEGA CLIENTES,
77,ALCOHOL ISOPROPILICO,0.0,LITROS,PROD. TINTAS,18,MAURICIO MEDINA,
77,ALCOHOL ISOPROPILICO,0.0,LITROS,PROD. TINTAS,19,MAURICIO DAVIS,
77,ALCOHOL ISOPROPILICO,0.0,LITROS,PROD. TINTAS,20,POSCOSECHA MUESTRAS,
77,ALCOHOL ISOPROPILICO,0.0,LITROS,PROD. TINTAS,21,TINTAS,
77,ALCOHOL ISOPROPILICO,0.0,LITROS,PROD. TINTAS,22,SIEGWERK,
77,ALCOHOL ISOPROPILICO,0.0,LITROS,PROD. TINTAS,24,SALDO MATERIAS PRIMAS,
77,ALCOHOL ISOPROPILICO,0.0,LITROS,PROD. TINTAS,26,OBSOLETOS COMERCIAL,
77,ALCOHOL ISOPROPILICO,0.0,LITROS,PROD. TINTAS,34,MP MAQUINA WEBER,
77,ALCOHOL ISOPROPILICO,0.0,LITROS,PROD. TINTAS,35,BODEGA GESLOG INTEGRAL,
77,ALCOHOL ISOPROPILICO,0.0,LITROS,PROD. TINTAS,36,CONTAINER,
77,ALCOHOL ISOPROPILICO,0.0,LITROS,PROD. TINTAS,38,RRHH,
77,ALCOHOL ISOPROPILICO,0.0,LITROS,PROD. TINTAS,40,ST CONCEPCION,
77,ALCOHOL ISOPROPILICO,0.0,LITROS,PROD. TINTAS,42,BODEGA DURAMET,
77,ALCOHOL ISOPROPILICO,0.0,LITROS,PROD. TINTAS,44,SERV.TECNICO SINCLAIR,
77,ALCOHOL ISOPROPILICO,0.0,LITROS,PROD. TINTAS,45,BODEGA PROVEEDOR,
77,ALCOHOL ISOPROPILICO,0.0,LITROS,PROD. TINTAS,46,SINCLAIR STOCK,
77,ALCOHOL ISOPROPILICO,0.0,LITROS,PROD. TINTAS,48,POSCOSECHA,
77,ALCOHOL ISOPROPILICO,0.0,LITROS,PROD. TINTAS,49,BOG. LOGICA ARAUCO,
77,ALCOHOL ISOPROPILICO,0.0,LITROS,PROD. TINTAS,50,SERV.TECNICO SAMSON,
77,ALCOHOL ISOPROPILICO,0.0,LITROS,PROD. TINTAS,51,PERU STOCK ENVIO,
77,ALCOHOL ISOPROPILICO,0.0,LITROS,PROD. TINTAS,52,ST IMPRESORAS Y EQUIPOS,
77,ALCOHOL ISOPROPILICO,0.0,LITROS,PROD. TINTAS,53,BODEGA ESQUIM,
77,ALCOHOL ISOPROPILICO,0.0,LITROS,PROD. TINTAS,54,GESLOG MALLOA,
78,SOLVENTE DOWANOL,222.0,LITROS,PROD. TINTAS,21,TINTAS,2026-07-28
