Codigo,Componente,Nombre_Componente
106,39799,LAMINADO 157MM PP PERLADO SAMSON
106,CPS0019,CONSUMO DE LAMINADO
107,277,LAMINADO 157MM BOPP BCO BTE 60M/AF1000/GL52M
107,CPS0019,CONSUMO DE LAMINADO
112,39799,LAMINADO 157MM PP PERLADO SAMSON
112,CPS0019,CONSUMO DE LAMINADO
115,277,LAMINADO 157MM BOPP BCO BTE 60M/AF1000/GL52M
115,CPS0019,CONSUMO DE LAMINADO
116,277,LAMINADO 157MM BOPP BCO BTE 60M/AF1000/GL52M
116,CPS0019,CONSUMO DE LAMINADO
14528,710,LAMINADO 167 WINEGLASS (AUTOMATICO) PT220 ECO
14528,CPS0019,CONSUMO DE LAMINADO
14634,710,LAMINADO 167 WINEGLASS (AUTOMATICO) PT220 ECO
14634,CPS0019,CONSUMO DE LAMINADO
167,39799,LAMINADO 157MM PP PERLADO SAMSON
167,CPS0019,CONSUMO DE LAMINADO
175557,302,LAMINADO 160MM PAPEL BLANCO S.BRILLO 80G/AF1000/LN52M
175557,CPS0019,CONSUMO DE LAMINADO
175566,39799,LAMINADO 157MM PP PERLADO SAMSON
175566,CPS0019,CONSUMO DE LAMINADO
175578,CPS0019,CONSUMO DE LAMINADO
175578,56775,LAMINADO 160MM PAPEL SEMIBRILLO L80-P6H-G62S ARC
175598,CPS0019,CONSUMO DE LAMINADO
175598,46036,LAMINADO 110MM PAPEL SEMIBRILLO L80-PH-G62S (EXACTO) ARP
175599,39799,LAMINADO 157MM PP PERLADO SAMSON
175599,CPS0019,CONSUMO DE LAMINADO
175600,40500,LAMINADO 160MM BOPP  BLACO. 60 UTC RI 707/BL 8065 EXACTO
175600,CPS0019,CONSUMO DE LAMINADO
175603,709,LAMINADO 110MM PAPEL SEMIBRILLO 6770 80G AP 904 RI
175603,CPS0019,CONSUMO DE LAMINADO
175605,39799,LAMINADO 157MM PP PERLADO SAMSON
175605,CPS0019,CONSUMO DE LAMINADO
175606,39799,LAMINADO 157MM PP PERLADO SAMSON
175606,CPS0019,CONSUMO DE LAMINADO
175611,44626,LAMINADO 110MM PPDL54P4 OPTIMA MATE AF1000 G60 ARC
175611,CPS0019,CONSUMO DE LAMINADO
175617,277,LAMINADO 157MM BOPP BCO BTE 60M/AF1000/GL52M
175617,CPS0019,CONSUMO DE LAMINADO
175624,277,LAMINADO 157MM BOPP BCO BTE 60M/AF1000/GL52M
175624,CPS0019,CONSUMO DE LAMINADO
182,46344,LAMINADO 160MM PPBB60-P1-G62S (Samson)
182,CPS0019,CONSUMO DE LAMINADO
18391,709,LAMINADO 110MM PAPEL SEMIBRILLO 6770 80G AP 904 RI
18391,CPS0019,CONSUMO DE LAMINADO
186,46344,LAMINADO 160MM PPBB60-P1-G62S (Samson)
186,CPS0019,CONSUMO DE LAMINADO
18607,CPS0019,CONSUMO DE LAMINADO
18607,709,LAMINADO 110MM PAPEL SEMIBRILLO 6770 80G AP 904 RI
18706,39799,LAMINADO 157MM PP PERLADO SAMSON
18706,CPS0019,CONSUMO DE LAMINADO
18707,39799,LAMINADO 157MM PP PERLADO SAMSON
18707,CPS0019,CONSUMO DE LAMINADO
19472,CPS0019,CONSUMO DE LAMINADO
19472,57559,LAMINADO 330MM PAPEL SEMIBRILLO L80-PH-G60 ARP
19483,709,LAMINADO 110MM PAPEL SEMIBRILLO 6770 80G AP 904 RI
19483,CPS0019,CONSUMO DE LAMINADO
197,CPS0019,CONSUMO DE LAMINADO
197,56775,LAMINADO 160MM PAPEL SEMIBRILLO L80-P6H-G62S ARC
20112,39799,LAMINADO 157MM PP PERLADO SAMSON
20112,CPS0019,CONSUMO DE LAMINADO
20189,709,LAMINADO 110MM PAPEL SEMIBRILLO 6770 80G AP 904 RI
20189,CPS0019,CONSUMO DE LAMINADO
20218,43264,LAMINADO 160MM PAPEL SEMIBRILLO 80/P ARC
20218,CPS0019,CONSUMO DE LAMINADO
204,39799,LAMINADO 157MM PP PERLADO SAMSON
204,CPS0019,CONSUMO DE LAMINADO
206,39799,LAMINADO 157MM PP PERLADO SAMSON
206,CPS0019,CONSUMO DE LAMINADO
207,39799,LAMINADO 157MM PP PERLADO SAMSON
207,CPS0019,CONSUMO DE LAMINADO
209,43437,LAMINADO 157MM PP BCO BTE 64M/P1 SAMSON
209,CPS0019,CONSUMO DE LAMINADO
244,39799,LAMINADO 157MM PP PERLADO SAMSON
244,CPS0019,CONSUMO DE LAMINADO
257,39799,LAMINADO 157MM PP PERLADO SAMSON
257,CPS0019,CONSUMO DE LAMINADO
263,39799,LAMINADO 157MM PP PERLADO SAMSON
263,CPS0019,CONSUMO DE LAMINADO
308,39799,LAMINADO 157MM PP PERLADO SAMSON
308,CPS0019,CONSUMO DE LAMINADO
313,39799,LAMINADO 157MM PP PERLADO SAMSON
313,CPS0019,CONSUMO DE LAMINADO
316235,44533,LAMINADO 320MM PPDL54P4 OPTIMA MATE AF1000 G60 ARC
316235,CPS0019,CONSUMO DE LAMINADO
316237,44533,LAMINADO 320MM PPDL54P4 OPTIMA MATE AF1000 G60 ARC
316237,CPS0019,CONSUMO DE LAMINADO
316238,44533,LAMINADO 320MM PPDL54P4 OPTIMA MATE AF1000 G60 ARC
316238,CPS0019,CONSUMO DE LAMINADO
316239,44533,LAMINADO 320MM PPDL54P4 OPTIMA MATE AF1000 G60 ARC
316239,CPS0019,CONSUMO DE LAMINADO
316240,44533,LAMINADO 320MM PPDL54P4 OPTIMA MATE AF1000 G60 ARC
316240,CPS0019,CONSUMO DE LAMINADO
316241,CPS0019,CONSUMO DE LAMINADO
316241,44533,LAMINADO 320MM PPDL54P4 OPTIMA MATE AF1000 G60 ARC
316242,44533,LAMINADO 320MM PPDL54P4 OPTIMA MATE AF1000 G60 ARC
316242,CPS0019,CONSUMO DE LAMINADO
316243,44533,LAMINADO 320MM PPDL54P4 OPTIMA MATE AF1000 G60 ARC
316243,CPS0019,CONSUMO DE LAMINADO
316244,CPS0019,CONSUMO DE LAMINADO
316244,44533,LAMINADO 320MM PPDL54P4 OPTIMA MATE AF1000 G60 ARC
316245,CPS0019,CONSUMO DE LAMINADO
316245,44533,LAMINADO 320MM PPDL54P4 OPTIMA MATE AF1000 G60 ARC
316246,44533,LAMINADO 320MM PPDL54P4 OPTIMA MATE AF1000 G60 ARC
316246,CPS0019,CONSUMO DE LAMINADO
316247,CPS0019,CONSUMO DE LAMINADO
316247,44533,LAMINADO 320MM PPDL54P4 OPTIMA MATE AF1000 G60 ARC
316248,44533,LAMINADO 320MM PPDL54P4 OPTIMA MATE AF1000 G60 ARC
316248,CPS0019,CONSUMO DE LAMINADO
316249,CPS0019,CONSUMO DE LAMINADO
316249,44533,LAMINADO 320MM PPDL54P4 OPTIMA MATE AF1000 G60 ARC
316250,44533,LAMINADO 320MM PPDL54P4 OPTIMA MATE AF1000 G60 ARC
316250,CPS0019,CONSUMO DE LAMINADO
31626,18387,LAMINADO 111MM PAPEL BLANCO S.BRILLO AF1000
31626,CPS0019,CONSUMO DE LAMINADO
31672,CPS0019,CONSUMO DE LAMINADO
31672,45997,LAMINADO 160MM PAPEL SEMIBRILLO L80-PH-G62S (EXACTO) ARP
31751,CPS0019,CONSUMO DE LAMINADO
31751,45856,LAMINADO 330MM PAPEL SEMIBRILLO 6770 80 GR AP 904 RI
31890,39799,LAMINADO 157MM PP PERLADO SAMSON
31890,CPS0019,CONSUMO DE LAMINADO
31945,710,LAMINADO 167 WINEGLASS (AUTOMATICO) PT220 ECO
31945,CPS0019,CONSUMO DE LAMINADO
31946,710,LAMINADO 167 WINEGLASS (AUTOMATICO) PT220 ECO
31946,CPS0019,CONSUMO DE LAMINADO
32129,39799,LAMINADO 157MM PP PERLADO SAMSON
32129,CPS0019,CONSUMO DE LAMINADO
326,711,LAMINADO 160MM PAPEL SEMIBRILLO 6770 80G AP 904 RI
326,CPS0019,CONSUMO DE LAMINADO
327,39799,LAMINADO 157MM PP PERLADO SAMSON
327,CPS0019,CONSUMO DE LAMINADO
331,39799,LAMINADO 157MM PP PERLADO SAMSON
331,CPS0019,CONSUMO DE LAMINADO
33500,39799,LAMINADO 157MM PP PERLADO SAMSON
33500,CPS0019,CONSUMO DE LAMINADO
33536,CPS0019,CONSUMO DE LAMINADO
33536,732,LAMINADO 111MM BOPP BCO OPACO 60M/AF1000/GL52M
33581,CPS0019,CONSUMO DE LAMINADO
33581,44533,LAMINADO 320MM PPDL54P4 OPTIMA MATE AF1000 G60 ARC
33751,CPS0019,CONSUMO DE LAMINADO
33751,56778,LAMINADO 330MM PAPEL SEMIBRILLO L80-P6H-G62S ARC
33752,46036,LAMINADO 110MM PAPEL SEMIBRILLO L80-PH-G62S (EXACTO) ARP
33752,CPS0019,CONSUMO DE LAMINADO
33765,39799,LAMINADO 157MM PP PERLADO SAMSON
33765,CPS0019,CONSUMO DE LAMINADO
33982,CPS0019,CONSUMO DE LAMINADO
33982,43299,LAMINADO 110MM PAPEL TRANSFER TT64/PH
33983,703,LAMINADO 111MM PAPEL TRANSTERM PREM 80G/ADC240/LN52M
33983,CPS0019,CONSUMO DE LAMINADO
34060,39799,LAMINADO 157MM PP PERLADO SAMSON
34060,CPS0019,CONSUMO DE LAMINADO
34079,CPS0019,CONSUMO DE LAMINADO
34079,710,LAMINADO 167 WINEGLASS (AUTOMATICO) PT220 ECO
34080,710,LAMINADO 167 WINEGLASS (AUTOMATICO) PT220 ECO
34080,CPS0019,CONSUMO DE LAMINADO
34226,CPS0019,CONSUMO DE LAMINADO
34226,43349,LAMINADO 110MM PAPEL BLANCO S.BRILLO 80/P4
34230,43349,LAMINADO 110MM PAPEL BLANCO S.BRILLO 80/P4
34230,CPS0019,CONSUMO DE LAMINADO
34231,CPS0019,CONSUMO DE LAMINADO
34231,44927,LAMINADO 330MM PAPEL SEMIBRILLO L80-PH-G62S ( EXACTO) ARP
34268,CPS0019,CONSUMO DE LAMINADO
34268,54353,LAMINADO 330MM PPDL54P4 OPTIMA MATE AF1000 G60 ARC
346,39799,LAMINADO 157MM PP PERLADO SAMSON
346,CPS0019,CONSUMO DE LAMINADO
34703,705,LAMINADO 100MM PAPELTRANSTERM PREM 80G/ADC240/GL52
34703,CPS0019,CONSUMO DE LAMINADO
34787,101,LAMINADO 143MM PP ADHE. FRANJAS
34787,CPS0019,CONSUMO DE LAMINADO
34834,705,LAMINADO 100MM PAPELTRANSTERM PREM 80G/ADC240/GL52
34834,CPS0019,CONSUMO DE LAMINADO
34911,43299,LAMINADO 110MM PAPEL TRANSFER TT64/PH
34911,CPS0019,CONSUMO DE LAMINADO
34961,421,LAMINADO 143MM PAPEL BLANCO S.BRILLO ADC710 REMOV.
34961,CPS0019,CONSUMO DE LAMINADO
35099,43437,LAMINADO 157MM PP BCO BTE 64M/P1 SAMSON
35099,CPS0019,CONSUMO DE LAMINADO
35130,CPS0019,CONSUMO DE LAMINADO
35130,709,LAMINADO 110MM PAPEL SEMIBRILLO 6770 80G AP 904 RI
35194,709,LAMINADO 110MM PAPEL SEMIBRILLO 6770 80G AP 904 RI
35194,CPS0019,CONSUMO DE LAMINADO
35195,39799,LAMINADO 157MM PP PERLADO SAMSON
35195,CPS0019,CONSUMO DE LAMINADO
35208,709,LAMINADO 110MM PAPEL SEMIBRILLO 6770 80G AP 904 RI
35208,CPS0019,CONSUMO DE LAMINADO
35260,43299,LAMINADO 110MM PAPEL TRANSFER TT64/PH
35260,CPS0019,CONSUMO DE LAMINADO
35543,CPS0019,CONSUMO DE LAMINADO
35543,705,LAMINADO 100MM PAPELTRANSTERM PREM 80G/ADC240/GL52
35697,302,LAMINADO 160MM PAPEL BLANCO S.BRILLO 80G/AF1000/LN52M
35697,CPS0019,CONSUMO DE LAMINADO
35738,39799,LAMINADO 157MM PP PERLADO SAMSON
35738,CPS0019,CONSUMO DE LAMINADO
36234,CPS0019,CONSUMO DE LAMINADO
36234,59025,LAMINADO 330MM PP BCO MATE PPDL54-FH G60 ARP
364,39799,LAMINADO 157MM PP PERLADO SAMSON
364,CPS0019,CONSUMO DE LAMINADO
366,39799,LAMINADO 157MM PP PERLADO SAMSON
366,CPS0019,CONSUMO DE LAMINADO
36722,43264,LAMINADO 160MM PAPEL SEMIBRILLO 80/P ARC
36722,CPS0019,CONSUMO DE LAMINADO
36740,42282,LAMINADO 110MM PAPEL TRANSFER  AT20 F13600
36740,CPS0019,CONSUMO DE LAMINADO
36824,CPS0019,CONSUMO DE LAMINADO
36824,58115,LAMINADO 330MM PAPEL TRANSFER PH G58 TT62 ARC
36837,CPS0019,CONSUMO DE LAMINADO
36837,51656,LAMINADO 110MM PPDL54P4 OPTIMA MATE 2 G60 MIC
36869,CPS0019,CONSUMO DE LAMINADO
36869,709,LAMINADO 110MM PAPEL SEMIBRILLO 6770 80G AP 904 RI
36871,711,LAMINADO 160MM PAPEL SEMIBRILLO 6770 80G AP 904 RI
36871,CPS0019,CONSUMO DE LAMINADO
36897,277,LAMINADO 157MM BOPP BCO BTE 60M/AF1000/GL52M
36897,CPS0019,CONSUMO DE LAMINADO
36898,277,LAMINADO 157MM BOPP BCO BTE 60M/AF1000/GL52M
36898,CPS0019,CONSUMO DE LAMINADO
36899,39799,LAMINADO 157MM PP PERLADO SAMSON
36899,CPS0019,CONSUMO DE LAMINADO
36900,277,LAMINADO 157MM BOPP BCO BTE 60M/AF1000/GL52M
36900,CPS0019,CONSUMO DE LAMINADO
36902,277,LAMINADO 157MM BOPP BCO BTE 60M/AF1000/GL52M
36902,CPS0019,CONSUMO DE LAMINADO
36903,277,LAMINADO 157MM BOPP BCO BTE 60M/AF1000/GL52M
36903,CPS0019,CONSUMO DE LAMINADO
36904,CPS0019,CONSUMO DE LAMINADO
36904,54024,LAMINADO 330MM PAPEL TRANSFER PREMIUM EXTRA / RP51 / WHITE KRAFT 65 UPM
36937,39799,LAMINADO 157MM PP PERLADO SAMSON
36937,CPS0019,CONSUMO DE LAMINADO
37015,277,LAMINADO 157MM BOPP BCO BTE 60M/AF1000/GL52M
37015,CPS0019,CONSUMO DE LAMINADO
37016,39799,LAMINADO 157MM PP PERLADO SAMSON
37016,CPS0019,CONSUMO DE LAMINADO
37023,45051,LAMINADO 330MM PAPEL TRANSFER TT64/PH
37023,CPS0019,CONSUMO DE LAMINADO
37024,39799,LAMINADO 157MM PP PERLADO SAMSON
37024,CPS0019,CONSUMO DE LAMINADO
37032,277,LAMINADO 157MM BOPP BCO BTE 60M/AF1000/GL52M
37032,CPS0019,CONSUMO DE LAMINADO
374,39799,LAMINADO 157MM PP PERLADO SAMSON
374,CPS0019,CONSUMO DE LAMINADO
377,39799,LAMINADO 157MM PP PERLADO SAMSON
377,CPS0019,CONSUMO DE LAMINADO
383,39799,LAMINADO 157MM PP PERLADO SAMSON
383,CPS0019,CONSUMO DE LAMINADO
38569,709,LAMINADO 110MM PAPEL SEMIBRILLO 6770 80G AP 904 RI
38569,CPS0019,CONSUMO DE LAMINADO
38572,709,LAMINADO 110MM PAPEL SEMIBRILLO 6770 80G AP 904 RI
38572,CPS0019,CONSUMO DE LAMINADO
38587,709,LAMINADO 110MM PAPEL SEMIBRILLO 6770 80G AP 904 RI
38587,CPS0019,CONSUMO DE LAMINADO
38588,709,LAMINADO 110MM PAPEL SEMIBRILLO 6770 80G AP 904 RI
38588,CPS0019,CONSUMO DE LAMINADO
38598,86,LAMINADO SINCLAIR 17681 157MM TYPE 31
38598,CPS0019,CONSUMO DE LAMINADO
38602,CPS0019,CONSUMO DE LAMINADO
38602,46036,LAMINADO 110MM PAPEL SEMIBRILLO L80-PH-G62S (EXACTO) ARP
38603,39799,LAMINADO 157MM PP PERLADO SAMSON
38603,CPS0019,CONSUMO DE LAMINADO
38607,39799,LAMINADO 157MM PP PERLADO SAMSON
38607,CPS0019,CONSUMO DE LAMINADO
38612,277,LAMINADO 157MM BOPP BCO BTE 60M/AF1000/GL52M
38612,CPS0019,CONSUMO DE LAMINADO
38613,277,LAMINADO 157MM BOPP BCO BTE 60M/AF1000/GL52M
38613,CPS0019,CONSUMO DE LAMINADO
38625,709,LAMINADO 110MM PAPEL SEMIBRILLO 6770 80G AP 904 RI
38625,CPS0019,CONSUMO DE LAMINADO
38631,18387,LAMINADO 111MM PAPEL BLANCO S.BRILLO AF1000
38631,CPS0019,CONSUMO DE LAMINADO
38641,302,LAMINADO 160MM PAPEL BLANCO S.BRILLO 80G/AF1000/LN52M
38641,CPS0019,CONSUMO DE LAMINADO
38643,39799,LAMINADO 157MM PP PERLADO SAMSON
38643,CPS0019,CONSUMO DE LAMINADO
38644,39799,LAMINADO 157MM PP PERLADO SAMSON
38644,CPS0019,CONSUMO DE LAMINADO
38647,43437,LAMINADO 157MM PP BCO BTE 64M/P1 SAMSON
38647,CPS0019,CONSUMO DE LAMINADO
38649,43437,LAMINADO 157MM PP BCO BTE 64M/P1 SAMSON
38649,CPS0019,CONSUMO DE LAMINADO
38670,44626,LAMINADO 110MM PPDL54P4 OPTIMA MATE AF1000 G60 ARC
38670,CPS0019,CONSUMO DE LAMINADO
38742,39799,LAMINADO 157MM PP PERLADO SAMSON
38742,CPS0019,CONSUMO DE LAMINADO
38756,39799,LAMINADO 157MM PP PERLADO SAMSON
38756,CPS0019,CONSUMO DE LAMINADO
38762,CPS0019,CONSUMO DE LAMINADO
38762,57559,LAMINADO 330MM PAPEL SEMIBRILLO L80-PH-G60 ARP
38782,18387,LAMINADO 111MM PAPEL BLANCO S.BRILLO AF1000
38782,CPS0019,CONSUMO DE LAMINADO
38797,CPS0019,CONSUMO DE LAMINADO
38797,46344,LAMINADO 160MM PPBB60-P1-G62S (Samson)
38798,CPS0019,CONSUMO DE LAMINADO
38798,46344,LAMINADO 160MM PPBB60-P1-G62S (Samson)
38808,CPS0019,CONSUMO DE LAMINADO
38808,711,LAMINADO 160MM PAPEL SEMIBRILLO 6770 80G AP 904 RI
38860,39799,LAMINADO 157MM PP PERLADO SAMSON
38860,CPS0019,CONSUMO DE LAMINADO
38861,39799,LAMINADO 157MM PP PERLADO SAMSON
38861,CPS0019,CONSUMO DE LAMINADO
38870,38978,LAMINADO 333MM PP TRANSPARENTE 50TC S0208 BG62B
38870,CPS0019,CONSUMO DE LAMINADO
38873,38978,LAMINADO 333MM PP TRANSPARENTE 50TC S0208 BG62B
38873,CPS0019,CONSUMO DE LAMINADO
38878,38774,LAMINADO 265MM PP TRANSP. 50TC S0208 BG62B
38878,CPS0019,CONSUMO DE LAMINADO
38886,39799,LAMINADO 157MM PP PERLADO SAMSON
38886,CPS0019,CONSUMO DE LAMINADO
38887,39799,LAMINADO 157MM PP PERLADO SAMSON
38887,CPS0019,CONSUMO DE LAMINADO
389,39799,LAMINADO 157MM PP PERLADO SAMSON
389,CPS0019,CONSUMO DE LAMINADO
38919,CPS0019,CONSUMO DE LAMINADO
38919,53291,LAMINADO 320MM BLACKCOVER II  80 GR AE500 GL62 INNO 2
38939,18387,LAMINADO 111MM PAPEL BLANCO S.BRILLO AF1000
38939,CPS0019,CONSUMO DE LAMINADO
38949,39799,LAMINADO 157MM PP PERLADO SAMSON
38949,CPS0019,CONSUMO DE LAMINADO
38950,39799,LAMINADO 157MM PP PERLADO SAMSON
38950,CPS0019,CONSUMO DE LAMINADO
38982,42282,LAMINADO 110MM PAPEL TRANSFER  AT20 F13600
38982,CPS0019,CONSUMO DE LAMINADO
38983,CPS0019,CONSUMO DE LAMINADO
38983,56575,LAMINADO 110MM PAPEL TRANSFER TOP PREMIUM F01212B AVERY
38984,CPS0019,CONSUMO DE LAMINADO
38984,56575,LAMINADO 110MM PAPEL TRANSFER TOP PREMIUM F01212B AVERY
39,39799,LAMINADO 157MM PP PERLADO SAMSON
39,CPS0019,CONSUMO DE LAMINADO
39003,CPS0019,CONSUMO DE LAMINADO
39003,51656,LAMINADO 110MM PPDL54P4 OPTIMA MATE 2 G60 MIC
39004,39799,LAMINADO 157MM PP PERLADO SAMSON
39004,CPS0019,CONSUMO DE LAMINADO
39019,39799,LAMINADO 157MM PP PERLADO SAMSON
39019,CPS0019,CONSUMO DE LAMINADO
39020,39799,LAMINADO 157MM PP PERLADO SAMSON
39020,CPS0019,CONSUMO DE LAMINADO
39021,39799,LAMINADO 157MM PP PERLADO SAMSON
39021,CPS0019,CONSUMO DE LAMINADO
39026,CPS0019,CONSUMO DE LAMINADO
39026,711,LAMINADO 160MM PAPEL SEMIBRILLO 6770 80G AP 904 RI
39027,38608,LAMINADO 110MM HG FASCOVER AT20 7636
39027,CPS0019,CONSUMO DE LAMINADO
39065,709,LAMINADO 110MM PAPEL SEMIBRILLO 6770 80G AP 904 RI
39065,CPS0019,CONSUMO DE LAMINADO
39067,43263,LAMINADO 110MM PAPEL SEMIBRILLO 80/P ARC
39067,CPS0019,CONSUMO DE LAMINADO
39070,39799,LAMINADO 157MM PP PERLADO SAMSON
39070,CPS0019,CONSUMO DE LAMINADO
39076,18387,LAMINADO 111MM PAPEL BLANCO S.BRILLO AF1000
39076,CPS0019,CONSUMO DE LAMINADO
39077,CPS0019,CONSUMO DE LAMINADO
39077,52753,LAMINADO 110MM PAPEL SEMIBRILLO 80G-RP48AT-68G UPM
39117,CPS0019,CONSUMO DE LAMINADO
39117,53291,LAMINADO 320MM BLACKCOVER II  80 GR AE500 GL62 INNO 2
39150,CPS0019,CONSUMO DE LAMINADO
39150,56778,LAMINADO 330MM PAPEL SEMIBRILLO L80-P6H-G62S ARC
39153,39151,LAMINADO 111MM PAPEL OPACO (GMC-COLACRIL)
39153,CPS0019,CONSUMO DE LAMINADO
39154,39151,LAMINADO 111MM PAPEL OPACO (GMC-COLACRIL)
39154,CPS0019,CONSUMO DE LAMINADO
39155,703,LAMINADO 111MM PAPEL TRANSTERM PREM 80G/ADC240/LN52M
39155,CPS0019,CONSUMO DE LAMINADO
39192,302,LAMINADO 160MM PAPEL BLANCO S.BRILLO 80G/AF1000/LN52M
39192,CPS0019,CONSUMO DE LAMINADO
39216,39799,LAMINADO 157MM PP PERLADO SAMSON
39216,CPS0019,CONSUMO DE LAMINADO
39224,39219,LAMINADO 265MM PAPEL BCO S.BRILLO 80G/ADC240/GL52M
39224,CPS0019,CONSUMO DE LAMINADO
39256,39799,LAMINADO 157MM PP PERLADO SAMSON
39256,CPS0019,CONSUMO DE LAMINADO
39257,39799,LAMINADO 157MM PP PERLADO SAMSON
39257,CPS0019,CONSUMO DE LAMINADO
39258,39799,LAMINADO 157MM PP PERLADO SAMSON
39258,CPS0019,CONSUMO DE LAMINADO
39264,39799,LAMINADO 157MM PP PERLADO SAMSON
39264,CPS0019,CONSUMO DE LAMINADO
39265,39799,LAMINADO 157MM PP PERLADO SAMSON
39265,CPS0019,CONSUMO DE LAMINADO
39266,39799,LAMINADO 157MM PP PERLADO SAMSON
39266,CPS0019,CONSUMO DE LAMINADO
39312,39307,LAMINADO 275MM PAPEL BCO S.BRILLO 80G/ADC240/GL52M
39312,CPS0019,CONSUMO DE LAMINADO
39313,39307,LAMINADO 275MM PAPEL BCO S.BRILLO 80G/ADC240/GL52M
39313,CPS0019,CONSUMO DE LAMINADO
39315,39307,LAMINADO 275MM PAPEL BCO S.BRILLO 80G/ADC240/GL52M
39315,CPS0019,CONSUMO DE LAMINADO
39316,39307,LAMINADO 275MM PAPEL BCO S.BRILLO 80G/ADC240/GL52M
39316,CPS0019,CONSUMO DE LAMINADO
39317,39306,LAMINADO 250MM PAPEL BCO S.BRILLO 80G/ADC240/GL52M
39317,CPS0019,CONSUMO DE LAMINADO
39318,39307,LAMINADO 275MM PAPEL BCO S.BRILLO 80G/ADC240/GL52M
39318,CPS0019,CONSUMO DE LAMINADO
39319,39307,LAMINADO 275MM PAPEL BCO S.BRILLO 80G/ADC240/GL52M
39319,CPS0019,CONSUMO DE LAMINADO
39320,39306,LAMINADO 250MM PAPEL BCO S.BRILLO 80G/ADC240/GL52M
39320,CPS0019,CONSUMO DE LAMINADO
39363,39219,LAMINADO 265MM PAPEL BCO S.BRILLO 80G/ADC240/GL52M
39363,CPS0019,CONSUMO DE LAMINADO
39372,277,LAMINADO 157MM BOPP BCO BTE 60M/AF1000/GL52M
39372,CPS0019,CONSUMO DE LAMINADO
39374,CPS0019,CONSUMO DE LAMINADO
39374,52753,LAMINADO 110MM PAPEL SEMIBRILLO 80G-RP48AT-68G UPM
39395,CPS0019,CONSUMO DE LAMINADO
39395,45856,LAMINADO 330MM PAPEL SEMIBRILLO 6770 80 GR AP 904 RI
39432,CPS0019,CONSUMO DE LAMINADO
39432,711,LAMINADO 160MM PAPEL SEMIBRILLO 6770 80G AP 904 RI
39444,719,LAMINADO 100MM PAPEL BLANCO SEMIBRILLO RI
39444,CPS0019,CONSUMO DE LAMINADO
39445,302,LAMINADO 160MM PAPEL BLANCO S.BRILLO 80G/AF1000/LN52M
39445,CPS0019,CONSUMO DE LAMINADO
39455,709,LAMINADO 110MM PAPEL SEMIBRILLO 6770 80G AP 904 RI
39455,CPS0019,CONSUMO DE LAMINADO
39456,CPS0019,CONSUMO DE LAMINADO
39456,709,LAMINADO 110MM PAPEL SEMIBRILLO 6770 80G AP 904 RI
39457,709,LAMINADO 110MM PAPEL SEMIBRILLO 6770 80G AP 904 RI
39457,CPS0019,CONSUMO DE LAMINADO
39461,57553,LAMINADO 110MM PAPEL SEMIBRILLO L80-PH-G60 ARP
39461,CPS0019,CONSUMO DE LAMINADO
39470,709,LAMINADO 110MM PAPEL SEMIBRILLO 6770 80G AP 904 RI
39470,CPS0019,CONSUMO DE LAMINADO
39471,39799,LAMINADO 157MM PP PERLADO SAMSON
39471,CPS0019,CONSUMO DE LAMINADO
39472,39799,LAMINADO 157MM PP PERLADO SAMSON
39472,CPS0019,CONSUMO DE LAMINADO
39474,39469,LAMINADO 220MM PAPEL 06197 TRIPLEX VELLUM 60W/60W AP904
39474,CPS0019,CONSUMO DE LAMINADO
39475,39370,LAMINADO 135MM PAPEL BLANCO S.BRILLO 80 AP904 GL60
39475,CPS0019,CONSUMO DE LAMINADO
39476,39370,LAMINADO 135MM PAPEL BLANCO S.BRILLO 80 AP904 GL60
39476,CPS0019,CONSUMO DE LAMINADO
39488,39799,LAMINADO 157MM PP PERLADO SAMSON
39488,CPS0019,CONSUMO DE LAMINADO
39489,43437,LAMINADO 157MM PP BCO BTE 64M/P1 SAMSON
39489,CPS0019,CONSUMO DE LAMINADO
39490,43437,LAMINADO 157MM PP BCO BTE 64M/P1 SAMSON
39490,CPS0019,CONSUMO DE LAMINADO
39493,39799,LAMINADO 157MM PP PERLADO SAMSON
39493,CPS0019,CONSUMO DE LAMINADO
39494,39799,LAMINADO 157MM PP PERLADO SAMSON
39494,CPS0019,CONSUMO DE LAMINADO
39495,43437,LAMINADO 157MM PP BCO BTE 64M/P1 SAMSON
39495,CPS0019,CONSUMO DE LAMINADO
39496,43437,LAMINADO 157MM PP BCO BTE 64M/P1 SAMSON
39496,CPS0019,CONSUMO DE LAMINADO
39504,39219,LAMINADO 265MM PAPEL BCO S.BRILLO 80G/ADC240/GL52M
39504,CPS0019,CONSUMO DE LAMINADO
39505,39170,LAMINADO 200MM PAPEL BCO S.BRILLO 80G/ADC240/GL52M
39505,CPS0019,CONSUMO DE LAMINADO
39506,39799,LAMINADO 157MM PP PERLADO SAMSON
39506,CPS0019,CONSUMO DE LAMINADO
39507,39799,LAMINADO 157MM PP PERLADO SAMSON
39507,CPS0019,CONSUMO DE LAMINADO
39510,709,LAMINADO 110MM PAPEL SEMIBRILLO 6770 80G AP 904 RI
39510,CPS0019,CONSUMO DE LAMINADO
39549,711,LAMINADO 160MM PAPEL SEMIBRILLO 6770 80G AP 904 RI
39549,CPS0019,CONSUMO DE LAMINADO
39551,39799,LAMINADO 157MM PP PERLADO SAMSON
39551,CPS0019,CONSUMO DE LAMINADO
39552,39799,LAMINADO 157MM PP PERLADO SAMSON
39552,CPS0019,CONSUMO DE LAMINADO
39557,39306,LAMINADO 250MM PAPEL BCO S.BRILLO 80G/ADC240/GL52M
39557,CPS0019,CONSUMO DE LAMINADO
39560,39306,LAMINADO 250MM PAPEL BCO S.BRILLO 80G/ADC240/GL52M
39560,CPS0019,CONSUMO DE LAMINADO
39563,39306,LAMINADO 250MM PAPEL BCO S.BRILLO 80G/ADC240/GL52M
39563,CPS0019,CONSUMO DE LAMINADO
39566,39306,LAMINADO 250MM PAPEL BCO S.BRILLO 80G/ADC240/GL52M
39566,CPS0019,CONSUMO DE LAMINADO
39567,39307,LAMINADO 275MM PAPEL BCO S.BRILLO 80G/ADC240/GL52M
39567,CPS0019,CONSUMO DE LAMINADO
39568,39307,LAMINADO 275MM PAPEL BCO S.BRILLO 80G/ADC240/GL52M
39568,CPS0019,CONSUMO DE LAMINADO
39569,39306,LAMINADO 250MM PAPEL BCO S.BRILLO 80G/ADC240/GL52M
39569,CPS0019,CONSUMO DE LAMINADO
39575,39306,LAMINADO 250MM PAPEL BCO S.BRILLO 80G/ADC240/GL52M
39575,CPS0019,CONSUMO DE LAMINADO
39578,39306,LAMINADO 250MM PAPEL BCO S.BRILLO 80G/ADC240/GL52M
39578,CPS0019,CONSUMO DE LAMINADO
39583,709,LAMINADO 110MM PAPEL SEMIBRILLO 6770 80G AP 904 RI
39583,CPS0019,CONSUMO DE LAMINADO
39587,39306,LAMINADO 250MM PAPEL BCO S.BRILLO 80G/ADC240/GL52M
39587,CPS0019,CONSUMO DE LAMINADO
39588,39307,LAMINADO 275MM PAPEL BCO S.BRILLO 80G/ADC240/GL52M
39588,CPS0019,CONSUMO DE LAMINADO
39589,39307,LAMINADO 275MM PAPEL BCO S.BRILLO 80G/ADC240/GL52M
39589,CPS0019,CONSUMO DE LAMINADO
39590,39306,LAMINADO 250MM PAPEL BCO S.BRILLO 80G/ADC240/GL52M
39590,CPS0019,CONSUMO DE LAMINADO
39591,39307,LAMINADO 275MM PAPEL BCO S.BRILLO 80G/ADC240/GL52M
39591,CPS0019,CONSUMO DE LAMINADO
39592,39307,LAMINADO 275MM PAPEL BCO S.BRILLO 80G/ADC240/GL52M
39592,CPS0019,CONSUMO DE LAMINADO
39593,39306,LAMINADO 250MM PAPEL BCO S.BRILLO 80G/ADC240/GL52M
39593,CPS0019,CONSUMO DE LAMINADO
39617,39799,LAMINADO 157MM PP PERLADO SAMSON
39617,CPS0019,CONSUMO DE LAMINADO
39618,277,LAMINADO 157MM BOPP BCO BTE 60M/AF1000/GL52M
39618,CPS0019,CONSUMO DE LAMINADO
39622,39370,LAMINADO 135MM PAPEL BLANCO S.BRILLO 80 AP904 GL60
39622,CPS0019,CONSUMO DE LAMINADO
39625,39370,LAMINADO 135MM PAPEL BLANCO S.BRILLO 80 AP904 GL60
39625,CPS0019,CONSUMO DE LAMINADO
39630,39370,LAMINADO 135MM PAPEL BLANCO S.BRILLO 80 AP904 GL60
39630,CPS0019,CONSUMO DE LAMINADO
39631,39370,LAMINADO 135MM PAPEL BLANCO S.BRILLO 80 AP904 GL60
39631,CPS0019,CONSUMO DE LAMINADO
39642,39650,LAMINADO 260MM PAPEL SEMIBRILLO
39642,CPS0019,CONSUMO DE LAMINADO
39644,39799,LAMINADO 157MM PP PERLADO SAMSON
39644,CPS0019,CONSUMO DE LAMINADO
39656,39799,LAMINADO 157MM PP PERLADO SAMSON
39656,CPS0019,CONSUMO DE LAMINADO
39657,39799,LAMINADO 157MM PP PERLADO SAMSON
39657,CPS0019,CONSUMO DE LAMINADO
39661,302,LAMINADO 160MM PAPEL BLANCO S.BRILLO 80G/AF1000/LN52M
39661,CPS0019,CONSUMO DE LAMINADO
39663,39306,LAMINADO 250MM PAPEL BCO S.BRILLO 80G/ADC240/GL52M
39663,CPS0019,CONSUMO DE LAMINADO
39665,39799,LAMINADO 157MM PP PERLADO SAMSON
39665,CPS0019,CONSUMO DE LAMINADO
39666,719,LAMINADO 100MM PAPEL BLANCO SEMIBRILLO RI
39666,CPS0019,CONSUMO DE LAMINADO
39668,CPS0019,CONSUMO DE LAMINADO
39668,45051,LAMINADO 330MM PAPEL TRANSFER TT64/PH
39678,CPS0019,CONSUMO DE LAMINADO
39678,711,LAMINADO 160MM PAPEL SEMIBRILLO 6770 80G AP 904 RI
39679,711,LAMINADO 160MM PAPEL SEMIBRILLO 6770 80G AP 904 RI
39679,CPS0019,CONSUMO DE LAMINADO
39680,711,LAMINADO 160MM PAPEL SEMIBRILLO 6770 80G AP 904 RI
39680,CPS0019,CONSUMO DE LAMINADO
39683,711,LAMINADO 160MM PAPEL SEMIBRILLO 6770 80G AP 904 RI
39683,CPS0019,CONSUMO DE LAMINADO
39684,711,LAMINADO 160MM PAPEL SEMIBRILLO 6770 80G AP 904 RI
39684,CPS0019,CONSUMO DE LAMINADO
39707,39651,LAMINADO 200MM PAPEL SEMIBRILLO cod. 6770 RI
39707,CPS0019,CONSUMO DE LAMINADO
39708,39682,LAMINADO 200MM BOPP PERLADO( 07358 ) RI 757/PR SK 60 AP901
39708,CPS0019,CONSUMO DE LAMINADO
39710,39682,LAMINADO 200MM BOPP PERLADO( 07358 ) RI 757/PR SK 60 AP901
39710,CPS0019,CONSUMO DE LAMINADO
39713,39799,LAMINADO 157MM PP PERLADO SAMSON
39713,CPS0019,CONSUMO DE LAMINADO
39718,36789,LAMINADO 153MM TERMICO PROTEGIDO ADC 1000
39718,CPS0019,CONSUMO DE LAMINADO
39719,39799,LAMINADO 157MM PP PERLADO SAMSON
39719,CPS0019,CONSUMO DE LAMINADO
39720,39799,LAMINADO 157MM PP PERLADO SAMSON
39720,CPS0019,CONSUMO DE LAMINADO
39721,39799,LAMINADO 157MM PP PERLADO SAMSON
39721,CPS0019,CONSUMO DE LAMINADO
39724,39799,LAMINADO 157MM PP PERLADO SAMSON
39724,CPS0019,CONSUMO DE LAMINADO
39726,39799,LAMINADO 157MM PP PERLADO SAMSON
39726,CPS0019,CONSUMO DE LAMINADO
39739,303,LAMINADO 160MM PAPEL BLANCO S.BRILLO ADC230/GL52M
39739,CPS0019,CONSUMO DE LAMINADO
39741,39219,LAMINADO 265MM PAPEL BCO S.BRILLO 80G/ADC240/GL52M
39741,CPS0019,CONSUMO DE LAMINADO
39744,39799,LAMINADO 157MM PP PERLADO SAMSON
39744,CPS0019,CONSUMO DE LAMINADO
39747,CPS0019,CONSUMO DE LAMINADO
39747,461,LAMINADO 157MM BOPP TRANSPARENTE
39748,18387,LAMINADO 111MM PAPEL BLANCO S.BRILLO AF1000
39748,CPS0019,CONSUMO DE LAMINADO
39751,44626,LAMINADO 110MM PPDL54P4 OPTIMA MATE AF1000 G60 ARC
39751,CPS0019,CONSUMO DE LAMINADO
39765,711,LAMINADO 160MM PAPEL SEMIBRILLO 6770 80G AP 904 RI
39765,CPS0019,CONSUMO DE LAMINADO
39766,43264,LAMINADO 160MM PAPEL SEMIBRILLO 80/P ARC
39766,CPS0019,CONSUMO DE LAMINADO
39771,39799,LAMINADO 157MM PP PERLADO SAMSON
39771,CPS0019,CONSUMO DE LAMINADO
39772,39799,LAMINADO 157MM PP PERLADO SAMSON
39772,CPS0019,CONSUMO DE LAMINADO
39773,39651,LAMINADO 200MM PAPEL SEMIBRILLO cod. 6770 RI
39773,CPS0019,CONSUMO DE LAMINADO
39774,39651,LAMINADO 200MM PAPEL SEMIBRILLO cod. 6770 RI
39774,CPS0019,CONSUMO DE LAMINADO
39777,39682,LAMINADO 200MM BOPP PERLADO( 07358 ) RI 757/PR SK 60 AP901
39777,CPS0019,CONSUMO DE LAMINADO
39778,39220,LAMINADO 205MM PAPEL BCO S.BRILLO 80G/ADC240/GL52M
39778,CPS0019,CONSUMO DE LAMINADO
39779,39682,LAMINADO 200MM BOPP PERLADO( 07358 ) RI 757/PR SK 60 AP901
39779,CPS0019,CONSUMO DE LAMINADO
39797,709,LAMINADO 110MM PAPEL SEMIBRILLO 6770 80G AP 904 RI
39797,CPS0019,CONSUMO DE LAMINADO
39798,709,LAMINADO 110MM PAPEL SEMIBRILLO 6770 80G AP 904 RI
39798,CPS0019,CONSUMO DE LAMINADO
39830,39170,LAMINADO 200MM PAPEL BCO S.BRILLO 80G/ADC240/GL52M
39830,CPS0019,CONSUMO DE LAMINADO
39831,39170,LAMINADO 200MM PAPEL BCO S.BRILLO 80G/ADC240/GL52M
39831,CPS0019,CONSUMO DE LAMINADO
39836,39170,LAMINADO 200MM PAPEL BCO S.BRILLO 80G/ADC240/GL52M
39836,CPS0019,CONSUMO DE LAMINADO
39845,39799,LAMINADO 157MM PP PERLADO SAMSON
39845,CPS0019,CONSUMO DE LAMINADO
39846,39799,LAMINADO 157MM PP PERLADO SAMSON
39846,CPS0019,CONSUMO DE LAMINADO
39847,39805,LAMINADO 230MM PAPEL SEMIBRILLO  80 GR 6770 AP904 RI
39847,CPS0019,CONSUMO DE LAMINADO
39855,39307,LAMINADO 275MM PAPEL BCO S.BRILLO 80G/ADC240/GL52M
39855,CPS0019,CONSUMO DE LAMINADO
39856,39307,LAMINADO 275MM PAPEL BCO S.BRILLO 80G/ADC240/GL52M
39856,CPS0019,CONSUMO DE LAMINADO
39871,39882,LAMINADO 111MM SEGURIDAD VOID
39871,CPS0019,CONSUMO DE LAMINADO
39900,39799,LAMINADO 157MM PP PERLADO SAMSON
39900,CPS0019,CONSUMO DE LAMINADO
39904,39651,LAMINADO 200MM PAPEL SEMIBRILLO cod. 6770 RI
39904,CPS0019,CONSUMO DE LAMINADO
39905,39307,LAMINADO 275MM PAPEL BCO S.BRILLO 80G/ADC240/GL52M
39905,CPS0019,CONSUMO DE LAMINADO
39908,39799,LAMINADO 157MM PP PERLADO SAMSON
39908,CPS0019,CONSUMO DE LAMINADO
39909,39651,LAMINADO 200MM PAPEL SEMIBRILLO cod. 6770 RI
39909,CPS0019,CONSUMO DE LAMINADO
39925,39682,LAMINADO 200MM BOPP PERLADO( 07358 ) RI 757/PR SK 60 AP901
39925,CPS0019,CONSUMO DE LAMINADO
39933,39307,LAMINADO 275MM PAPEL BCO S.BRILLO 80G/ADC240/GL52M
39933,CPS0019,CONSUMO DE LAMINADO
39934,CPS0019,CONSUMO DE LAMINADO
39934,45856,LAMINADO 330MM PAPEL SEMIBRILLO 6770 80 GR AP 904 RI
39935,CPS0019,CONSUMO DE LAMINADO
39935,709,LAMINADO 110MM PAPEL SEMIBRILLO 6770 80G AP 904 RI
39936,302,LAMINADO 160MM PAPEL BLANCO S.BRILLO 80G/AF1000/LN52M
39936,CPS0019,CONSUMO DE LAMINADO
39942,38774,LAMINADO 265MM PP TRANSP. 50TC S0208 BG62B
39942,CPS0019,CONSUMO DE LAMINADO
39943,38774,LAMINADO 265MM PP TRANSP. 50TC S0208 BG62B
39943,CPS0019,CONSUMO DE LAMINADO
39944,38774,LAMINADO 265MM PP TRANSP. 50TC S0208 BG62B
39944,CPS0019,CONSUMO DE LAMINADO
39945,38774,LAMINADO 265MM PP TRANSP. 50TC S0208 BG62B
39945,CPS0019,CONSUMO DE LAMINADO
39946,277,LAMINADO 157MM BOPP BCO BTE 60M/AF1000/GL52M
39946,CPS0019,CONSUMO DE LAMINADO
39948,277,LAMINADO 157MM BOPP BCO BTE 60M/AF1000/GL52M
39948,CPS0019,CONSUMO DE LAMINADO
39949,277,LAMINADO 157MM BOPP BCO BTE 60M/AF1000/GL52M
39949,CPS0019,CONSUMO DE LAMINADO
39950,38774,LAMINADO 265MM PP TRANSP. 50TC S0208 BG62B
39950,CPS0019,CONSUMO DE LAMINADO
39951,277,LAMINADO 157MM BOPP BCO BTE 60M/AF1000/GL52M
39951,CPS0019,CONSUMO DE LAMINADO
39952,277,LAMINADO 157MM BOPP BCO BTE 60M/AF1000/GL52M
39952,CPS0019,CONSUMO DE LAMINADO
39953,277,LAMINADO 157MM BOPP BCO BTE 60M/AF1000/GL52M
39953,CPS0019,CONSUMO DE LAMINADO
39954,39885,LAMINADO 265MM BOPP BLANCO CORONA 60M/ADC 210/GL 52M
39954,CPS0019,CONSUMO DE LAMINADO
39955,38774,LAMINADO 265MM PP TRANSP. 50TC S0208 BG62B
39955,CPS0019,CONSUMO DE LAMINADO
39956,38774,LAMINADO 265MM PP TRANSP. 50TC S0208 BG62B
39956,CPS0019,CONSUMO DE LAMINADO
39957,38774,LAMINADO 265MM PP TRANSP. 50TC S0208 BG62B
39957,CPS0019,CONSUMO DE LAMINADO
39958,38774,LAMINADO 265MM PP TRANSP. 50TC S0208 BG62B
39958,CPS0019,CONSUMO DE LAMINADO
39959,38774,LAMINADO 265MM PP TRANSP. 50TC S0208 BG62B
39959,CPS0019,CONSUMO DE LAMINADO
39960,277,LAMINADO 157MM BOPP BCO BTE 60M/AF1000/GL52M
39960,CPS0019,CONSUMO DE LAMINADO
39961,277,LAMINADO 157MM BOPP BCO BTE 60M/AF1000/GL52M
39961,CPS0019,CONSUMO DE LAMINADO
39962,277,LAMINADO 157MM BOPP BCO BTE 60M/AF1000/GL52M
39962,CPS0019,CONSUMO DE LAMINADO
39963,277,LAMINADO 157MM BOPP BCO BTE 60M/AF1000/GL52M
39963,CPS0019,CONSUMO DE LAMINADO
39964,277,LAMINADO 157MM BOPP BCO BTE 60M/AF1000/GL52M
39964,CPS0019,CONSUMO DE LAMINADO
39966,277,LAMINADO 157MM BOPP BCO BTE 60M/AF1000/GL52M
39966,CPS0019,CONSUMO DE LAMINADO
39967,277,LAMINADO 157MM BOPP BCO BTE 60M/AF1000/GL52M
39967,CPS0019,CONSUMO DE LAMINADO
39968,277,LAMINADO 157MM BOPP BCO BTE 60M/AF1000/GL52M
39968,CPS0019,CONSUMO DE LAMINADO
39969,18387,LAMINADO 111MM PAPEL BLANCO S.BRILLO AF1000
39969,CPS0019,CONSUMO DE LAMINADO
39971,45856,LAMINADO 330MM PAPEL SEMIBRILLO 6770 80 GR AP 904 RI
39971,CPS0019,CONSUMO DE LAMINADO
39978,39651,LAMINADO 200MM PAPEL SEMIBRILLO cod. 6770 RI
39978,CPS0019,CONSUMO DE LAMINADO
39987,39799,LAMINADO 157MM PP PERLADO SAMSON
39987,CPS0019,CONSUMO DE LAMINADO
39988,39799,LAMINADO 157MM PP PERLADO SAMSON
39988,CPS0019,CONSUMO DE LAMINADO
39989,CPS0019,CONSUMO DE LAMINADO
39989,711,LAMINADO 160MM PAPEL SEMIBRILLO 6770 80G AP 904 RI
39992,711,LAMINADO 160MM PAPEL SEMIBRILLO 6770 80G AP 904 RI
39992,CPS0019,CONSUMO DE LAMINADO
39993,39799,LAMINADO 157MM PP PERLADO SAMSON
39993,CPS0019,CONSUMO DE LAMINADO
39994,39306,LAMINADO 250MM PAPEL BCO S.BRILLO 80G/ADC240/GL52M
39994,CPS0019,CONSUMO DE LAMINADO
40005,39170,LAMINADO 200MM PAPEL BCO S.BRILLO 80G/ADC240/GL52M
40005,CPS0019,CONSUMO DE LAMINADO
40028,39170,LAMINADO 200MM PAPEL BCO S.BRILLO 80G/ADC240/GL52M
40028,CPS0019,CONSUMO DE LAMINADO
40030,39799,LAMINADO 157MM PP PERLADO SAMSON
40030,CPS0019,CONSUMO DE LAMINADO
40036,39799,LAMINADO 157MM PP PERLADO SAMSON
40036,CPS0019,CONSUMO DE LAMINADO
40044,39651,LAMINADO 200MM PAPEL SEMIBRILLO cod. 6770 RI
40044,CPS0019,CONSUMO DE LAMINADO
40047,CPS0019,CONSUMO DE LAMINADO
40047,57844,LAMINADO 330MM PAPEL SEMIBRILLO L80 -P - G60 AR
40060,40145,LAMINADO 180MM SEMIBRILLO FRIO
40060,CPS0019,CONSUMO DE LAMINADO
40070,39799,LAMINADO 157MM PP PERLADO SAMSON
40070,CPS0019,CONSUMO DE LAMINADO
40071,39799,LAMINADO 157MM PP PERLADO SAMSON
40071,CPS0019,CONSUMO DE LAMINADO
40078,36705,LAMINADO 110MM FOAMTAC II AD
40078,CPS0019,CONSUMO DE LAMINADO
40080,711,LAMINADO 160MM PAPEL SEMIBRILLO 6770 80G AP 904 RI
40080,CPS0019,CONSUMO DE LAMINADO
40081,CPS0019,CONSUMO DE LAMINADO
40081,711,LAMINADO 160MM PAPEL SEMIBRILLO 6770 80G AP 904 RI
40082,39799,LAMINADO 157MM PP PERLADO SAMSON
40082,CPS0019,CONSUMO DE LAMINADO
40083,277,LAMINADO 157MM BOPP BCO BTE 60M/AF1000/GL52M
40083,CPS0019,CONSUMO DE LAMINADO
40084,39370,LAMINADO 135MM PAPEL BLANCO S.BRILLO 80 AP904 GL60
40084,CPS0019,CONSUMO DE LAMINADO
40085,40033,LAMINADO 166MM POLIETILENO BLANCO
40085,40039,LAMINADO CINTA P/LAMINAR  PP TRANSP. 160MM OLPP24-B-1500
40085,CPS0019,CONSUMO DE LAMINADO
40086,40032,LAMINADO 166MM BOPP BLANCO
40086,40039,LAMINADO CINTA P/LAMINAR  PP TRANSP. 160MM OLPP24-B-1500
40086,CPS0019,CONSUMO DE LAMINADO
40104,39799,LAMINADO 157MM PP PERLADO SAMSON
40104,CPS0019,CONSUMO DE LAMINADO
40107,CPS0019,CONSUMO DE LAMINADO
40107,58944,LAMINADO 100MM PAPEL TRANSFER PH G58 TT62 ARC
40108,48442,LAMINADO 100MM PAPEL TRANSFER TT64/PH
40108,CPS0019,CONSUMO DE LAMINADO
40109,CPS0019,CONSUMO DE LAMINADO
40109,56577,LAMINADO 330MM PAPEL TRANSFER TOP PREMIUM F01212B AVERY
40131,39799,LAMINADO 157MM PP PERLADO SAMSON
40131,CPS0019,CONSUMO DE LAMINADO
40132,39799,LAMINADO 157MM PP PERLADO SAMSON
40132,CPS0019,CONSUMO DE LAMINADO
40133,39799,LAMINADO 157MM PP PERLADO SAMSON
40133,CPS0019,CONSUMO DE LAMINADO
40134,39799,LAMINADO 157MM PP PERLADO SAMSON
40134,CPS0019,CONSUMO DE LAMINADO
40136,39799,LAMINADO 157MM PP PERLADO SAMSON
40136,CPS0019,CONSUMO DE LAMINADO
40137,39799,LAMINADO 157MM PP PERLADO SAMSON
40137,CPS0019,CONSUMO DE LAMINADO
40158,732,LAMINADO 111MM BOPP BCO OPACO 60M/AF1000/GL52M
40158,CPS0019,CONSUMO DE LAMINADO
40159,724,LAMINADO 125MM PAPEL TERMICO
40159,CPS0019,CONSUMO DE LAMINADO
40193,40208,LAMINADO 160MM POLIETILENO BLANCO
40193,CPS0019,CONSUMO DE LAMINADO
40194,40208,LAMINADO 160MM POLIETILENO BLANCO
40194,CPS0019,CONSUMO DE LAMINADO
40210,33782,LAMINADO 111MM PP BLANCO MATE 60TC/C2075 F8212B
40210,CPS0019,CONSUMO DE LAMINADO
40275,18387,LAMINADO 111MM PAPEL BLANCO S.BRILLO AF1000
40275,CPS0019,CONSUMO DE LAMINADO
40314,38978,LAMINADO 333MM PP TRANSPARENTE 50TC S0208 BG62B
40314,CPS0019,CONSUMO DE LAMINADO
40318,39799,LAMINADO 157MM PP PERLADO SAMSON
40318,CPS0019,CONSUMO DE LAMINADO
40363,40383,LAMINADO 300MM BOPP BLANCO (RITRAMA 07864)
40363,CPS0019,CONSUMO DE LAMINADO
40364,40383,LAMINADO 300MM BOPP BLANCO (RITRAMA 07864)
40364,CPS0019,CONSUMO DE LAMINADO
40365,40383,LAMINADO 300MM BOPP BLANCO (RITRAMA 07864)
40365,CPS0019,CONSUMO DE LAMINADO
40366,40383,LAMINADO 300MM BOPP BLANCO (RITRAMA 07864)
40366,CPS0019,CONSUMO DE LAMINADO
40367,40383,LAMINADO 300MM BOPP BLANCO (RITRAMA 07864)
40367,CPS0019,CONSUMO DE LAMINADO
40379,39799,LAMINADO 157MM PP PERLADO SAMSON
40379,CPS0019,CONSUMO DE LAMINADO
40385,39799,LAMINADO 157MM PP PERLADO SAMSON
40385,CPS0019,CONSUMO DE LAMINADO
40386,CPS0019,CONSUMO DE LAMINADO
40386,709,LAMINADO 110MM PAPEL SEMIBRILLO 6770 80G AP 904 RI
40387,39799,LAMINADO 157MM PP PERLADO SAMSON
40387,CPS0019,CONSUMO DE LAMINADO
40415,44626,LAMINADO 110MM PPDL54P4 OPTIMA MATE AF1000 G60 ARC
40415,CPS0019,CONSUMO DE LAMINADO
40419,40039,LAMINADO CINTA P/LAMINAR  PP TRANSP. 160MM OLPP24-B-1500
40419,40208,LAMINADO 160MM POLIETILENO BLANCO
40419,CPS0019,CONSUMO DE LAMINADO
40431,39799,LAMINADO 157MM PP PERLADO SAMSON
40431,CPS0019,CONSUMO DE LAMINADO
40432,39799,LAMINADO 157MM PP PERLADO SAMSON
40432,CPS0019,CONSUMO DE LAMINADO
40433,39799,LAMINADO 157MM PP PERLADO SAMSON
40433,CPS0019,CONSUMO DE LAMINADO
40480,732,LAMINADO 111MM BOPP BCO OPACO 60M/AF1000/GL52M
40480,CPS0019,CONSUMO DE LAMINADO
40482,CPS0019,CONSUMO DE LAMINADO
40482,86,LAMINADO SINCLAIR 17681 157MM TYPE 31
40484,40383,LAMINADO 300MM BOPP BLANCO (RITRAMA 07864)
40484,CPS0019,CONSUMO DE LAMINADO
40485,40383,LAMINADO 300MM BOPP BLANCO (RITRAMA 07864)
40485,CPS0019,CONSUMO DE LAMINADO
40486,40383,LAMINADO 300MM BOPP BLANCO (RITRAMA 07864)
40486,CPS0019,CONSUMO DE LAMINADO
40487,40383,LAMINADO 300MM BOPP BLANCO (RITRAMA 07864)
40487,CPS0019,CONSUMO DE LAMINADO
40488,40383,LAMINADO 300MM BOPP BLANCO (RITRAMA 07864)
40488,CPS0019,CONSUMO DE LAMINADO
40499,40508,LAMINADO 330MM BOPP  BLACO. 60 UTC RI 707/BL 8065 EXACTO
40499,CPS0019,CONSUMO DE LAMINADO
40501,18387,LAMINADO 111MM PAPEL BLANCO S.BRILLO AF1000
40501,CPS0019,CONSUMO DE LAMINADO
40505,39799,LAMINADO 157MM PP PERLADO SAMSON
40505,CPS0019,CONSUMO DE LAMINADO
40506,39799,LAMINADO 157MM PP PERLADO SAMSON
40506,CPS0019,CONSUMO DE LAMINADO
40507,39799,LAMINADO 157MM PP PERLADO SAMSON
40507,CPS0019,CONSUMO DE LAMINADO
40509,40500,LAMINADO 160MM BOPP  BLACO. 60 UTC RI 707/BL 8065 EXACTO
40509,CPS0019,CONSUMO DE LAMINADO
40510,40500,LAMINADO 160MM BOPP  BLACO. 60 UTC RI 707/BL 8065 EXACTO
40510,CPS0019,CONSUMO DE LAMINADO
40511,CPS0019,CONSUMO DE LAMINADO
40511,711,LAMINADO 160MM PAPEL SEMIBRILLO 6770 80G AP 904 RI
40512,711,LAMINADO 160MM PAPEL SEMIBRILLO 6770 80G AP 904 RI
40512,CPS0019,CONSUMO DE LAMINADO
40517,CPS0019,CONSUMO DE LAMINADO
40517,711,LAMINADO 160MM PAPEL SEMIBRILLO 6770 80G AP 904 RI
40518,38608,LAMINADO 110MM HG FASCOVER AT20 7636
40518,CPS0019,CONSUMO DE LAMINADO
40522,711,LAMINADO 160MM PAPEL SEMIBRILLO 6770 80G AP 904 RI
40522,CPS0019,CONSUMO DE LAMINADO
40531,40528,LAMINADO 160MM BOPP  BLANCO PERLADO BRILLANTE 60 M/AP901/GL 62M
40531,CPS0019,CONSUMO DE LAMINADO
40532,40528,LAMINADO 160MM BOPP  BLANCO PERLADO BRILLANTE 60 M/AP901/GL 62M
40532,CPS0019,CONSUMO DE LAMINADO
40535,40519,LAMINADO 330MM PP BLANCO 40M (COD.RIT. 08731)
40535,40520,LAMINADO CINTA P/LAMINAR  PP TRANSP. 315MM
40535,CPS0019,CONSUMO DE LAMINADO
40592,CPS0019,CONSUMO DE LAMINADO
40592,51656,LAMINADO 110MM PPDL54P4 OPTIMA MATE 2 G60 MIC
40596,713,LAMINADO 111MM PAPEL BLANCO S.BRILLO FRIO 80G/ADC1000/GL52M
40596,CPS0019,CONSUMO DE LAMINADO
40601,40599,LAMINADO 220MM PP BLANCO (COD.RTRM 06874)
40601,CPS0019,CONSUMO DE LAMINADO
40602,40599,LAMINADO 220MM PP BLANCO (COD.RTRM 06874)
40602,CPS0019,CONSUMO DE LAMINADO
40619,CPS0019,CONSUMO DE LAMINADO
40619,732,LAMINADO 111MM BOPP BCO OPACO 60M/AF1000/GL52M
40636,39219,LAMINADO 265MM PAPEL BCO S.BRILLO 80G/ADC240/GL52M
40636,CPS0019,CONSUMO DE LAMINADO
40640,38978,LAMINADO 333MM PP TRANSPARENTE 50TC S0208 BG62B
40640,CPS0019,CONSUMO DE LAMINADO
40643,709,LAMINADO 110MM PAPEL SEMIBRILLO 6770 80G AP 904 RI
40643,CPS0019,CONSUMO DE LAMINADO
40644,18387,LAMINADO 111MM PAPEL BLANCO S.BRILLO AF1000
40644,CPS0019,CONSUMO DE LAMINADO
40688,36122,LAMINADO 160MM PAPEL TERMICO PREMIUM TC
40688,CPS0019,CONSUMO DE LAMINADO
40696,710,LAMINADO 167 WINEGLASS (AUTOMATICO) PT220 ECO
40696,CPS0019,CONSUMO DE LAMINADO
40714,724,LAMINADO 125MM PAPEL TERMICO
40714,CPS0019,CONSUMO DE LAMINADO
40719,40463,LAMINADO 200MM PAPEL ALTO BRILLO
40719,CPS0019,CONSUMO DE LAMINADO
40730,711,LAMINADO 160MM PAPEL SEMIBRILLO 6770 80G AP 904 RI
40730,CPS0019,CONSUMO DE LAMINADO
40763,709,LAMINADO 110MM PAPEL SEMIBRILLO 6770 80G AP 904 RI
40763,CPS0019,CONSUMO DE LAMINADO
40765,709,LAMINADO 110MM PAPEL SEMIBRILLO 6770 80G AP 904 RI
40765,CPS0019,CONSUMO DE LAMINADO
40766,CPS0019,CONSUMO DE LAMINADO
40766,709,LAMINADO 110MM PAPEL SEMIBRILLO 6770 80G AP 904 RI
40767,CPS0019,CONSUMO DE LAMINADO
40767,57553,LAMINADO 110MM PAPEL SEMIBRILLO L80-PH-G60 ARP
40825,40519,LAMINADO 330MM PP BLANCO 40M (COD.RIT. 08731)
40825,40520,LAMINADO CINTA P/LAMINAR  PP TRANSP. 315MM
40825,CPS0019,CONSUMO DE LAMINADO
40837,711,LAMINADO 160MM PAPEL SEMIBRILLO 6770 80G AP 904 RI
40837,CPS0019,CONSUMO DE LAMINADO
40838,CPS0019,CONSUMO DE LAMINADO
40838,711,LAMINADO 160MM PAPEL SEMIBRILLO 6770 80G AP 904 RI
40840,39219,LAMINADO 265MM PAPEL BCO S.BRILLO 80G/ADC240/GL52M
40840,CPS0019,CONSUMO DE LAMINADO
40842,39805,LAMINADO 230MM PAPEL SEMIBRILLO  80 GR 6770 AP904 RI
40842,CPS0019,CONSUMO DE LAMINADO
40844,39885,LAMINADO 265MM BOPP BLANCO CORONA 60M/ADC 210/GL 52M
40844,CPS0019,CONSUMO DE LAMINADO
40853,711,LAMINADO 160MM PAPEL SEMIBRILLO 6770 80G AP 904 RI
40853,CPS0019,CONSUMO DE LAMINADO
40874,42282,LAMINADO 110MM PAPEL TRANSFER  AT20 F13600
40874,CPS0019,CONSUMO DE LAMINADO
40877,39651,LAMINADO 200MM PAPEL SEMIBRILLO cod. 6770 RI
40877,CPS0019,CONSUMO DE LAMINADO
40878,39651,LAMINADO 200MM PAPEL SEMIBRILLO cod. 6770 RI
40878,CPS0019,CONSUMO DE LAMINADO
40879,39651,LAMINADO 200MM PAPEL SEMIBRILLO cod. 6770 RI
40879,CPS0019,CONSUMO DE LAMINADO
40882,39799,LAMINADO 157MM PP PERLADO SAMSON
40882,CPS0019,CONSUMO DE LAMINADO
40894,709,LAMINADO 110MM PAPEL SEMIBRILLO 6770 80G AP 904 RI
40894,CPS0019,CONSUMO DE LAMINADO
40895,CPS0019,CONSUMO DE LAMINADO
40895,709,LAMINADO 110MM PAPEL SEMIBRILLO 6770 80G AP 904 RI
40939,39651,LAMINADO 200MM PAPEL SEMIBRILLO cod. 6770 RI
40939,CPS0019,CONSUMO DE LAMINADO
40943,39651,LAMINADO 200MM PAPEL SEMIBRILLO cod. 6770 RI
40943,CPS0019,CONSUMO DE LAMINADO
40949,39799,LAMINADO 157MM PP PERLADO SAMSON
40949,CPS0019,CONSUMO DE LAMINADO
40950,39799,LAMINADO 157MM PP PERLADO SAMSON
40950,CPS0019,CONSUMO DE LAMINADO
40953,39651,LAMINADO 200MM PAPEL SEMIBRILLO cod. 6770 RI
40953,CPS0019,CONSUMO DE LAMINADO
40956,40959,LAMINADO 250 MM BOPP BLANCO 60M/ ADC1000/60GR
40956,CPS0019,CONSUMO DE LAMINADO
40957,40960,LAMINADO 160MM PP BLANCO ADC 1000
40957,CPS0019,CONSUMO DE LAMINADO
40962,39651,LAMINADO 200MM PAPEL SEMIBRILLO cod. 6770 RI
40962,CPS0019,CONSUMO DE LAMINADO
40963,39651,LAMINADO 200MM PAPEL SEMIBRILLO cod. 6770 RI
40963,CPS0019,CONSUMO DE LAMINADO
40964,43437,LAMINADO 157MM PP BCO BTE 64M/P1 SAMSON
40964,CPS0019,CONSUMO DE LAMINADO
40969,39799,LAMINADO 157MM PP PERLADO SAMSON
40969,CPS0019,CONSUMO DE LAMINADO
40970,39799,LAMINADO 157MM PP PERLADO SAMSON
40970,CPS0019,CONSUMO DE LAMINADO
40972,39799,LAMINADO 157MM PP PERLADO SAMSON
40972,CPS0019,CONSUMO DE LAMINADO
40977,41346,LAMINADO 111MM PP TRANSP. 4-RL2D-03838 RI707/50 TC8 RI
40977,CPS0019,CONSUMO DE LAMINADO
40980,39651,LAMINADO 200MM PAPEL SEMIBRILLO cod. 6770 RI
40980,CPS0019,CONSUMO DE LAMINADO
40981,CPS0019,CONSUMO DE LAMINADO
40981,709,LAMINADO 110MM PAPEL SEMIBRILLO 6770 80G AP 904 RI
40988,302,LAMINADO 160MM PAPEL BLANCO S.BRILLO 80G/AF1000/LN52M
40988,CPS0019,CONSUMO DE LAMINADO
40990,CPS0019,CONSUMO DE LAMINADO
40990,709,LAMINADO 110MM PAPEL SEMIBRILLO 6770 80G AP 904 RI
40998,39651,LAMINADO 200MM PAPEL SEMIBRILLO cod. 6770 RI
40998,CPS0019,CONSUMO DE LAMINADO
40999,39651,LAMINADO 200MM PAPEL SEMIBRILLO cod. 6770 RI
40999,CPS0019,CONSUMO DE LAMINADO
410,302,LAMINADO 160MM PAPEL BLANCO S.BRILLO 80G/AF1000/LN52M
410,CPS0019,CONSUMO DE LAMINADO
41009,39651,LAMINADO 200MM PAPEL SEMIBRILLO cod. 6770 RI
41009,CPS0019,CONSUMO DE LAMINADO
41010,39651,LAMINADO 200MM PAPEL SEMIBRILLO cod. 6770 RI
41010,CPS0019,CONSUMO DE LAMINADO
41045,41063,LAMINADO 250MM BLANCO SEMIBRILLO BG62 HOT MELT C2075
41045,CPS0019,CONSUMO DE LAMINADO
41049,18387,LAMINADO 111MM PAPEL BLANCO S.BRILLO AF1000
41049,CPS0019,CONSUMO DE LAMINADO
41050,18387,LAMINADO 111MM PAPEL BLANCO S.BRILLO AF1000
41050,CPS0019,CONSUMO DE LAMINADO
41069,46148,LAMINADO 330MM PPBB60-P1-G62S
41069,CPS0019,CONSUMO DE LAMINADO
41071,CPS0019,CONSUMO DE LAMINADO
41071,46148,LAMINADO 330MM PPBB60-P1-G62S
41072,732,LAMINADO 111MM BOPP BCO OPACO 60M/AF1000/GL52M
41072,CPS0019,CONSUMO DE LAMINADO
41073,732,LAMINADO 111MM BOPP BCO OPACO 60M/AF1000/GL52M
41073,CPS0019,CONSUMO DE LAMINADO
41074,43573,LAMINADO 200MM PPBB60-P1-G62S
41074,CPS0019,CONSUMO DE LAMINADO
41075,43573,LAMINADO 200MM PPBB60-P1-G62S
41075,CPS0019,CONSUMO DE LAMINADO
41077,41062,LAMINADO 330MM PP BLANCO   BG62 HOT MELT C2075
41077,CPS0019,CONSUMO DE LAMINADO
41079,41062,LAMINADO 330MM PP BLANCO   BG62 HOT MELT C2075
41079,CPS0019,CONSUMO DE LAMINADO
41080,41062,LAMINADO 330MM PP BLANCO   BG62 HOT MELT C2075
41080,CPS0019,CONSUMO DE LAMINADO
41081,41062,LAMINADO 330MM PP BLANCO   BG62 HOT MELT C2075
41081,CPS0019,CONSUMO DE LAMINADO
41084,41062,LAMINADO 330MM PP BLANCO   BG62 HOT MELT C2075
41084,CPS0019,CONSUMO DE LAMINADO
41085,709,LAMINADO 110MM PAPEL SEMIBRILLO 6770 80G AP 904 RI
41085,CPS0019,CONSUMO DE LAMINADO
41087,709,LAMINADO 110MM PAPEL SEMIBRILLO 6770 80G AP 904 RI
41087,CPS0019,CONSUMO DE LAMINADO
41095,732,LAMINADO 111MM BOPP BCO OPACO 60M/AF1000/GL52M
41095,CPS0019,CONSUMO DE LAMINADO
41096,86,LAMINADO SINCLAIR 17681 157MM TYPE 31
41096,CPS0019,CONSUMO DE LAMINADO
41097,86,LAMINADO SINCLAIR 17681 157MM TYPE 31
41097,CPS0019,CONSUMO DE LAMINADO
41099,44828,LAMINADO 250MM PPBB60-P1-G62S
41099,CPS0019,CONSUMO DE LAMINADO
411,302,LAMINADO 160MM PAPEL BLANCO S.BRILLO 80G/AF1000/LN52M
411,CPS0019,CONSUMO DE LAMINADO
41100,CPS0019,CONSUMO DE LAMINADO
41100,44828,LAMINADO 250MM PPBB60-P1-G62S
41101,41141,LAMINADO 250MM BOPP BLANCO TC AF 1000
41101,CPS0019,CONSUMO DE LAMINADO
41103,41141,LAMINADO 250MM BOPP BLANCO TC AF 1000
41103,CPS0019,CONSUMO DE LAMINADO
41105,44828,LAMINADO 250MM PPBB60-P1-G62S
41105,CPS0019,CONSUMO DE LAMINADO
41107,44828,LAMINADO 250MM PPBB60-P1-G62S
41107,CPS0019,CONSUMO DE LAMINADO
41108,CPS0019,CONSUMO DE LAMINADO
41108,44828,LAMINADO 250MM PPBB60-P1-G62S
41109,41141,LAMINADO 250MM BOPP BLANCO TC AF 1000
41109,CPS0019,CONSUMO DE LAMINADO
41110,CPS0019,CONSUMO DE LAMINADO
41110,44828,LAMINADO 250MM PPBB60-P1-G62S
41111,CPS0019,CONSUMO DE LAMINADO
41111,44828,LAMINADO 250MM PPBB60-P1-G62S
41113,41141,LAMINADO 250MM BOPP BLANCO TC AF 1000
41113,CPS0019,CONSUMO DE LAMINADO
41114,41141,LAMINADO 250MM BOPP BLANCO TC AF 1000
41114,CPS0019,CONSUMO DE LAMINADO
41124,38688,LAMINADO 100MM PAPEL SINTETICO 250 micras MIC
41124,CPS0019,CONSUMO DE LAMINADO
41125,41141,LAMINADO 250MM BOPP BLANCO TC AF 1000
41125,CPS0019,CONSUMO DE LAMINADO
41126,44828,LAMINADO 250MM PPBB60-P1-G62S
41126,CPS0019,CONSUMO DE LAMINADO
41132,711,LAMINADO 160MM PAPEL SEMIBRILLO 6770 80G AP 904 RI
41132,CPS0019,CONSUMO DE LAMINADO
41149,39651,LAMINADO 200MM PAPEL SEMIBRILLO cod. 6770 RI
41149,CPS0019,CONSUMO DE LAMINADO
41164,38688,LAMINADO 100MM PAPEL SINTETICO 250 micras MIC
41164,CPS0019,CONSUMO DE LAMINADO
41165,38688,LAMINADO 100MM PAPEL SINTETICO 250 micras MIC
41165,CPS0019,CONSUMO DE LAMINADO
41166,38688,LAMINADO 100MM PAPEL SINTETICO 250 micras MIC
41166,CPS0019,CONSUMO DE LAMINADO
41167,38688,LAMINADO 100MM PAPEL SINTETICO 250 micras MIC
41167,CPS0019,CONSUMO DE LAMINADO
41168,38688,LAMINADO 100MM PAPEL SINTETICO 250 micras MIC
41168,CPS0019,CONSUMO DE LAMINADO
41169,38688,LAMINADO 100MM PAPEL SINTETICO 250 micras MIC
41169,CPS0019,CONSUMO DE LAMINADO
41170,41141,LAMINADO 250MM BOPP BLANCO TC AF 1000
41170,CPS0019,CONSUMO DE LAMINADO
41172,39651,LAMINADO 200MM PAPEL SEMIBRILLO cod. 6770 RI
41172,CPS0019,CONSUMO DE LAMINADO
41173,39651,LAMINADO 200MM PAPEL SEMIBRILLO cod. 6770 RI
41173,CPS0019,CONSUMO DE LAMINADO
41174,39651,LAMINADO 200MM PAPEL SEMIBRILLO cod. 6770 RI
41174,CPS0019,CONSUMO DE LAMINADO
41181,58210,LAMINADO 330MM PAPEL TRANSFER RP51 - WHITE GLASS C5-FSC-TT227N - UPM
41181,CPS0019,CONSUMO DE LAMINADO
41188,43428,LAMINADO 320MM PAPEL TRANSFER TT64/PH
41188,CPS0019,CONSUMO DE LAMINADO
41189,710,LAMINADO 167 WINEGLASS (AUTOMATICO) PT220 ECO
41189,CPS0019,CONSUMO DE LAMINADO
41194,39799,LAMINADO 157MM PP PERLADO SAMSON
41194,CPS0019,CONSUMO DE LAMINADO
41198,711,LAMINADO 160MM PAPEL SEMIBRILLO 6770 80G AP 904 RI
41198,CPS0019,CONSUMO DE LAMINADO
41199,711,LAMINADO 160MM PAPEL SEMIBRILLO 6770 80G AP 904 RI
41199,CPS0019,CONSUMO DE LAMINADO
412,40500,LAMINADO 160MM BOPP  BLACO. 60 UTC RI 707/BL 8065 EXACTO
412,CPS0019,CONSUMO DE LAMINADO
41201,CPS0019,CONSUMO DE LAMINADO
41201,711,LAMINADO 160MM PAPEL SEMIBRILLO 6770 80G AP 904 RI
41205,709,LAMINADO 110MM PAPEL SEMIBRILLO 6770 80G AP 904 RI
41205,CPS0019,CONSUMO DE LAMINADO
41221,CPS0019,CONSUMO DE LAMINADO
41221,732,LAMINADO 111MM BOPP BCO OPACO 60M/AF1000/GL52M
41245,39170,LAMINADO 200MM PAPEL BCO S.BRILLO 80G/ADC240/GL52M
41245,CPS0019,CONSUMO DE LAMINADO
41246,CPS0019,CONSUMO DE LAMINADO
41246,709,LAMINADO 110MM PAPEL SEMIBRILLO 6770 80G AP 904 RI
41248,724,LAMINADO 125MM PAPEL TERMICO
41248,CPS0019,CONSUMO DE LAMINADO
41249,724,LAMINADO 125MM PAPEL TERMICO
41249,CPS0019,CONSUMO DE LAMINADO
41272,39799,LAMINADO 157MM PP PERLADO SAMSON
41272,CPS0019,CONSUMO DE LAMINADO
41284,46036,LAMINADO 110MM PAPEL SEMIBRILLO L80-PH-G62S (EXACTO) ARP
41284,CPS0019,CONSUMO DE LAMINADO
41289,CPS0019,CONSUMO DE LAMINADO
41289,51656,LAMINADO 110MM PPDL54P4 OPTIMA MATE 2 G60 MIC
41290,CPS0019,CONSUMO DE LAMINADO
41290,46148,LAMINADO 330MM PPBB60-P1-G62S
41293,CPS0019,CONSUMO DE LAMINADO
41293,46148,LAMINADO 330MM PPBB60-P1-G62S
41294,711,LAMINADO 160MM PAPEL SEMIBRILLO 6770 80G AP 904 RI
41294,CPS0019,CONSUMO DE LAMINADO
41295,CPS0019,CONSUMO DE LAMINADO
41295,711,LAMINADO 160MM PAPEL SEMIBRILLO 6770 80G AP 904 RI
41307,39651,LAMINADO 200MM PAPEL SEMIBRILLO cod. 6770 RI
41307,CPS0019,CONSUMO DE LAMINADO
41308,39651,LAMINADO 200MM PAPEL SEMIBRILLO cod. 6770 RI
41308,CPS0019,CONSUMO DE LAMINADO
41309,39651,LAMINADO 200MM PAPEL SEMIBRILLO cod. 6770 RI
41309,CPS0019,CONSUMO DE LAMINADO
41312,39170,LAMINADO 200MM PAPEL BCO S.BRILLO 80G/ADC240/GL52M
41312,CPS0019,CONSUMO DE LAMINADO
41313,39651,LAMINADO 200MM PAPEL SEMIBRILLO cod. 6770 RI
41313,CPS0019,CONSUMO DE LAMINADO
41314,43177,"""LAMINADO 200MM PAPEL SEMIBRILLO 80/P3H """"CLAMSHELLS"""""""
41314,CPS0019,CONSUMO DE LAMINADO
41315,39651,LAMINADO 200MM PAPEL SEMIBRILLO cod. 6770 RI
41315,CPS0019,CONSUMO DE LAMINADO
41334,CPS0019,CONSUMO DE LAMINADO
41334,710,LAMINADO 167 WINEGLASS (AUTOMATICO) PT220 ECO
41338,39682,LAMINADO 200MM BOPP PERLADO( 07358 ) RI 757/PR SK 60 AP901
41338,CPS0019,CONSUMO DE LAMINADO
41339,39651,LAMINADO 200MM PAPEL SEMIBRILLO cod. 6770 RI
41339,CPS0019,CONSUMO DE LAMINADO
41340,39651,LAMINADO 200MM PAPEL SEMIBRILLO cod. 6770 RI
41340,CPS0019,CONSUMO DE LAMINADO
41348,CPS0019,CONSUMO DE LAMINADO
41348,711,LAMINADO 160MM PAPEL SEMIBRILLO 6770 80G AP 904 RI
41354,39799,LAMINADO 157MM PP PERLADO SAMSON
41354,CPS0019,CONSUMO DE LAMINADO
41379,39651,LAMINADO 200MM PAPEL SEMIBRILLO cod. 6770 RI
41379,CPS0019,CONSUMO DE LAMINADO
41381,41062,LAMINADO 330MM PP BLANCO   BG62 HOT MELT C2075
41381,CPS0019,CONSUMO DE LAMINADO
41391,CPS0019,CONSUMO DE LAMINADO
41402,CPS0019,CONSUMO DE LAMINADO
41402,46022,LAMINADO 125MM PAPEL TERMICO T70-PH-G62 ARC
41434,39651,LAMINADO 200MM PAPEL SEMIBRILLO cod. 6770 RI
41434,CPS0019,CONSUMO DE LAMINADO
41435,CPS0019,CONSUMO DE LAMINADO
41435,57559,LAMINADO 330MM PAPEL SEMIBRILLO L80-PH-G60 ARP
41437,709,LAMINADO 110MM PAPEL SEMIBRILLO 6770 80G AP 904 RI
41437,CPS0019,CONSUMO DE LAMINADO
41441,CPS0019,CONSUMO DE LAMINADO
41441,709,LAMINADO 110MM PAPEL SEMIBRILLO 6770 80G AP 904 RI
41443,41448,LAMINADO 160MM PP OPACO 60M/ADC1000/GL52M
41443,CPS0019,CONSUMO DE LAMINADO
41446,CPS0019,CONSUMO DE LAMINADO
41446,46344,LAMINADO 160MM PPBB60-P1-G62S (Samson)
41451,39799,LAMINADO 157MM PP PERLADO SAMSON
41451,CPS0019,CONSUMO DE LAMINADO
41459,39799,LAMINADO 157MM PP PERLADO SAMSON
41459,CPS0019,CONSUMO DE LAMINADO
41470,41453,LAMINADO 200MM PAPEL BLANCO TRIPLEX VELLUM 60W/60W/AP904
41470,CPS0019,CONSUMO DE LAMINADO
41476,43428,LAMINADO 320MM PAPEL TRANSFER TT64/PH
41476,CPS0019,CONSUMO DE LAMINADO
41477,CPS0019,CONSUMO DE LAMINADO
41477,54024,LAMINADO 330MM PAPEL TRANSFER PREMIUM EXTRA / RP51 / WHITE KRAFT 65 UPM
41478,58210,LAMINADO 330MM PAPEL TRANSFER RP51 - WHITE GLASS C5-FSC-TT227N - UPM
41478,CPS0019,CONSUMO DE LAMINADO
41479,58115,LAMINADO 330MM PAPEL TRANSFER PH G58 TT62 ARC
41479,CPS0019,CONSUMO DE LAMINADO
41480,39306,LAMINADO 250MM PAPEL BCO S.BRILLO 80G/ADC240/GL52M
41480,CPS0019,CONSUMO DE LAMINADO
41490,39799,LAMINADO 157MM PP PERLADO SAMSON
41490,CPS0019,CONSUMO DE LAMINADO
41491,39799,LAMINADO 157MM PP PERLADO SAMSON
41491,CPS0019,CONSUMO DE LAMINADO
41496,39651,LAMINADO 200MM PAPEL SEMIBRILLO cod. 6770 RI
41496,CPS0019,CONSUMO DE LAMINADO
41535,39799,LAMINADO 157MM PP PERLADO SAMSON
41535,CPS0019,CONSUMO DE LAMINADO
41536,39799,LAMINADO 157MM PP PERLADO SAMSON
41536,CPS0019,CONSUMO DE LAMINADO
41537,39799,LAMINADO 157MM PP PERLADO SAMSON
41537,CPS0019,CONSUMO DE LAMINADO
41539,39799,LAMINADO 157MM PP PERLADO SAMSON
41539,CPS0019,CONSUMO DE LAMINADO
41560,CPS0019,CONSUMO DE LAMINADO
41560,53881,LAMINADO 110 MM PPDL54P1 OPTIMA MATE G60 ARC
41570,39799,LAMINADO 157MM PP PERLADO SAMSON
41570,CPS0019,CONSUMO DE LAMINADO
41571,39799,LAMINADO 157MM PP PERLADO SAMSON
41571,CPS0019,CONSUMO DE LAMINADO
41572,CPS0019,CONSUMO DE LAMINADO
41572,705,LAMINADO 100MM PAPELTRANSTERM PREM 80G/ADC240/GL52
41573,CPS0019,CONSUMO DE LAMINADO
41573,705,LAMINADO 100MM PAPELTRANSTERM PREM 80G/ADC240/GL52
41574,39799,LAMINADO 157MM PP PERLADO SAMSON
41574,CPS0019,CONSUMO DE LAMINADO
41590,38688,LAMINADO 100MM PAPEL SINTETICO 250 micras MIC
41590,CPS0019,CONSUMO DE LAMINADO
41591,36705,LAMINADO 110MM FOAMTAC II AD
41591,CPS0019,CONSUMO DE LAMINADO
41592,41141,LAMINADO 250MM BOPP BLANCO TC AF 1000
41592,CPS0019,CONSUMO DE LAMINADO
41593,38688,LAMINADO 100MM PAPEL SINTETICO 250 micras MIC
41593,CPS0019,CONSUMO DE LAMINADO
41594,38688,LAMINADO 100MM PAPEL SINTETICO 250 micras MIC
41594,CPS0019,CONSUMO DE LAMINADO
41597,38688,LAMINADO 100MM PAPEL SINTETICO 250 micras MIC
41597,CPS0019,CONSUMO DE LAMINADO
41598,39799,LAMINADO 157MM PP PERLADO SAMSON
41598,CPS0019,CONSUMO DE LAMINADO
41599,39799,LAMINADO 157MM PP PERLADO SAMSON
41599,CPS0019,CONSUMO DE LAMINADO
41603,40528,LAMINADO 160MM BOPP  BLANCO PERLADO BRILLANTE 60 M/AP901/GL 62M
41603,CPS0019,CONSUMO DE LAMINADO
41606,39799,LAMINADO 157MM PP PERLADO SAMSON
41606,CPS0019,CONSUMO DE LAMINADO
41614,41141,LAMINADO 250MM BOPP BLANCO TC AF 1000
41614,CPS0019,CONSUMO DE LAMINADO
41622,CPS0019,CONSUMO DE LAMINADO
41622,710,LAMINADO 167 WINEGLASS (AUTOMATICO) PT220 ECO
41636,39799,LAMINADO 157MM PP PERLADO SAMSON
41636,CPS0019,CONSUMO DE LAMINADO
41645,48724,LAMINADO 250MM BOPP  BLACO. 60 UTC RI 707/BL 8065
41645,CPS0019,CONSUMO DE LAMINADO
41647,CPS0019,CONSUMO DE LAMINADO
41647,710,LAMINADO 167 WINEGLASS (AUTOMATICO) PT220 ECO
41662,39799,LAMINADO 157MM PP PERLADO SAMSON
41662,CPS0019,CONSUMO DE LAMINADO
41663,43437,LAMINADO 157MM PP BCO BTE 64M/P1 SAMSON
41663,CPS0019,CONSUMO DE LAMINADO
41679,709,LAMINADO 110MM PAPEL SEMIBRILLO 6770 80G AP 904 RI
41679,CPS0019,CONSUMO DE LAMINADO
41683,CPS0019,CONSUMO DE LAMINADO
41683,54022,LAMINADO 110MM PAPEL TRANSFER PREMIUM EXTRA / RP51 / WHITE KRAFT 65 UPM
41714,39306,LAMINADO 250MM PAPEL BCO S.BRILLO 80G/ADC240/GL52M
41714,CPS0019,CONSUMO DE LAMINADO
41717,41138,LAMINADO 111MM PAPEL TRANSFER PREMIUM HM 5240
41717,CPS0019,CONSUMO DE LAMINADO
41718,41138,LAMINADO 111MM PAPEL TRANSFER PREMIUM HM 5240
41718,CPS0019,CONSUMO DE LAMINADO
41719,41138,LAMINADO 111MM PAPEL TRANSFER PREMIUM HM 5240
41719,CPS0019,CONSUMO DE LAMINADO
41720,41138,LAMINADO 111MM PAPEL TRANSFER PREMIUM HM 5240
41720,CPS0019,CONSUMO DE LAMINADO
41722,42282,LAMINADO 110MM PAPEL TRANSFER  AT20 F13600
41722,CPS0019,CONSUMO DE LAMINADO
41785,42282,LAMINADO 110MM PAPEL TRANSFER  AT20 F13600
41785,CPS0019,CONSUMO DE LAMINADO
41792,39799,LAMINADO 157MM PP PERLADO SAMSON
41792,CPS0019,CONSUMO DE LAMINADO
41796,41346,LAMINADO 111MM PP TRANSP. 4-RL2D-03838 RI707/50 TC8 RI
41796,CPS0019,CONSUMO DE LAMINADO
41803,43349,LAMINADO 110MM PAPEL BLANCO S.BRILLO 80/P4
41803,CPS0019,CONSUMO DE LAMINADO
41804,43349,LAMINADO 110MM PAPEL BLANCO S.BRILLO 80/P4
41804,CPS0019,CONSUMO DE LAMINADO
41805,CPS0019,CONSUMO DE LAMINADO
41805,43349,LAMINADO 110MM PAPEL BLANCO S.BRILLO 80/P4
41806,18387,LAMINADO 111MM PAPEL BLANCO S.BRILLO AF1000
41806,CPS0019,CONSUMO DE LAMINADO
41807,43349,LAMINADO 110MM PAPEL BLANCO S.BRILLO 80/P4
41807,CPS0019,CONSUMO DE LAMINADO
41808,43349,LAMINADO 110MM PAPEL BLANCO S.BRILLO 80/P4
41808,CPS0019,CONSUMO DE LAMINADO
41809,18387,LAMINADO 111MM PAPEL BLANCO S.BRILLO AF1000
41809,CPS0019,CONSUMO DE LAMINADO
41810,18387,LAMINADO 111MM PAPEL BLANCO S.BRILLO AF1000
41810,CPS0019,CONSUMO DE LAMINADO
41811,43349,LAMINADO 110MM PAPEL BLANCO S.BRILLO 80/P4
41811,CPS0019,CONSUMO DE LAMINADO
41819,18387,LAMINADO 111MM PAPEL BLANCO S.BRILLO AF1000
41819,CPS0019,CONSUMO DE LAMINADO
41824,704,LAMINADO 160MM TRANSFER ADC 240 PREMIUM COLACRIL
41824,CPS0019,CONSUMO DE LAMINADO
41842,41138,LAMINADO 111MM PAPEL TRANSFER PREMIUM HM 5240
41842,CPS0019,CONSUMO DE LAMINADO
41881,39799,LAMINADO 157MM PP PERLADO SAMSON
41881,CPS0019,CONSUMO DE LAMINADO
41885,39799,LAMINADO 157MM PP PERLADO SAMSON
41885,CPS0019,CONSUMO DE LAMINADO
41886,39799,LAMINADO 157MM PP PERLADO SAMSON
41886,CPS0019,CONSUMO DE LAMINADO
41887,732,LAMINADO 111MM BOPP BCO OPACO 60M/AF1000/GL52M
41887,CPS0019,CONSUMO DE LAMINADO
41890,CPS0019,CONSUMO DE LAMINADO
41890,50755,LAMINADO 110MM PPDL54P4 OPTIMA MATE 2 G60 ( F9CG3 ) SINOPAPEL
41892,CPS0019,CONSUMO DE LAMINADO
41892,50755,LAMINADO 110MM PPDL54P4 OPTIMA MATE 2 G60 ( F9CG3 ) SINOPAPEL
41893,44626,LAMINADO 110MM PPDL54P4 OPTIMA MATE AF1000 G60 ARC
41893,CPS0019,CONSUMO DE LAMINADO
41927,41346,LAMINADO 111MM PP TRANSP. 4-RL2D-03838 RI707/50 TC8 RI
41927,CPS0019,CONSUMO DE LAMINADO
41946,CPS0019,CONSUMO DE LAMINADO
41946,45856,LAMINADO 330MM PAPEL SEMIBRILLO 6770 80 GR AP 904 RI
41952,CPS0019,CONSUMO DE LAMINADO
41952,709,LAMINADO 110MM PAPEL SEMIBRILLO 6770 80G AP 904 RI
41955,38608,LAMINADO 110MM HG FASCOVER AT20 7636
41955,CPS0019,CONSUMO DE LAMINADO
41956,38608,LAMINADO 110MM HG FASCOVER AT20 7636
41956,CPS0019,CONSUMO DE LAMINADO
41957,38608,LAMINADO 110MM HG FASCOVER AT20 7636
41957,CPS0019,CONSUMO DE LAMINADO
41960,40519,LAMINADO 330MM PP BLANCO 40M (COD.RIT. 08731)
41960,40520,LAMINADO CINTA P/LAMINAR  PP TRANSP. 315MM
41960,CPS0019,CONSUMO DE LAMINADO
41973,732,LAMINADO 111MM BOPP BCO OPACO 60M/AF1000/GL52M
41973,CPS0019,CONSUMO DE LAMINADO
41988,42148,LAMINADO 102MM PAPEL COUCHE (ETIQ.CARTULINA).200 GRS.(M2)
41988,CPS0019,CONSUMO DE LAMINADO
42020,CPS0019,CONSUMO DE LAMINADO
42020,710,LAMINADO 167 WINEGLASS (AUTOMATICO) PT220 ECO
42041,39673,LAMINADO 265MM PAPEL TRANSFER
42041,CPS0019,CONSUMO DE LAMINADO
42052,42148,LAMINADO 102MM PAPEL COUCHE (ETIQ.CARTULINA).200 GRS.(M2)
42052,CPS0019,CONSUMO DE LAMINADO
42072,CPS0019,CONSUMO DE LAMINADO
42072,59900,LAMINADO 250 WINEGLASS (MANUAL) 10939 RI
42080,CPS0019,CONSUMO DE LAMINADO
42080,732,LAMINADO 111MM BOPP BCO OPACO 60M/AF1000/GL52M
42081,CPS0019,CONSUMO DE LAMINADO
42081,711,LAMINADO 160MM PAPEL SEMIBRILLO 6770 80G AP 904 RI
42092,CPS0019,CONSUMO DE LAMINADO
42092,54314,LAMINADO 167 WINEGLASS (MANUAL) 10939 RI
42099,CPS0019,CONSUMO DE LAMINADO
42099,53103,LAMINADO 111MM PP TRANSP. RP37 SY105C UPM RAFLATAC
42146,CPS0019,CONSUMO DE LAMINADO
42146,711,LAMINADO 160MM PAPEL SEMIBRILLO 6770 80G AP 904 RI
42176,41346,LAMINADO 111MM PP TRANSP. 4-RL2D-03838 RI707/50 TC8 RI
42176,CPS0019,CONSUMO DE LAMINADO
42186,421,LAMINADO 143MM PAPEL BLANCO S.BRILLO ADC710 REMOV.
42186,CPS0019,CONSUMO DE LAMINADO
42187,421,LAMINADO 143MM PAPEL BLANCO S.BRILLO ADC710 REMOV.
42187,CPS0019,CONSUMO DE LAMINADO
42191,709,LAMINADO 110MM PAPEL SEMIBRILLO 6770 80G AP 904 RI
42191,CPS0019,CONSUMO DE LAMINADO
42208,39651,LAMINADO 200MM PAPEL SEMIBRILLO cod. 6770 RI
42208,CPS0019,CONSUMO DE LAMINADO
42244,705,LAMINADO 100MM PAPELTRANSTERM PREM 80G/ADC240/GL52
42244,CPS0019,CONSUMO DE LAMINADO
42256,CPS0019,CONSUMO DE LAMINADO
42256,46385,LAMINADO 160 MM PAPEL TERMICO PROTEGIDO T77 PH G62 ARC
42264,38890,LAMINADO 111MM PAPEL BLANCO OPACO
42264,CPS0019,CONSUMO DE LAMINADO
42265,38890,LAMINADO 111MM PAPEL BLANCO OPACO
42265,CPS0019,CONSUMO DE LAMINADO
42266,38890,LAMINADO 111MM PAPEL BLANCO OPACO
42266,CPS0019,CONSUMO DE LAMINADO
42267,38890,LAMINADO 111MM PAPEL BLANCO OPACO
42267,CPS0019,CONSUMO DE LAMINADO
42268,38890,LAMINADO 111MM PAPEL BLANCO OPACO
42268,CPS0019,CONSUMO DE LAMINADO
42276,46002,LAMINADO 110MM TERMICO PROTEGIDO 7836 THERMAL TC 80GR
42276,CPS0019,CONSUMO DE LAMINADO
42289,CPS0019,CONSUMO DE LAMINADO
42289,709,LAMINADO 110MM PAPEL SEMIBRILLO 6770 80G AP 904 RI
42290,709,LAMINADO 110MM PAPEL SEMIBRILLO 6770 80G AP 904 RI
42290,CPS0019,CONSUMO DE LAMINADO
42291,41346,LAMINADO 111MM PP TRANSP. 4-RL2D-03838 RI707/50 TC8 RI
42291,CPS0019,CONSUMO DE LAMINADO
42308,CPS0019,CONSUMO DE LAMINADO
42308,709,LAMINADO 110MM PAPEL SEMIBRILLO 6770 80G AP 904 RI
42311,CPS0019,CONSUMO DE LAMINADO
42311,709,LAMINADO 110MM PAPEL SEMIBRILLO 6770 80G AP 904 RI
42325,709,LAMINADO 110MM PAPEL SEMIBRILLO 6770 80G AP 904 RI
42325,CPS0019,CONSUMO DE LAMINADO
42327,41139,LAMINADO 250MM BOPP BLANCO TC HM 5240
42327,CPS0019,CONSUMO DE LAMINADO
42328,41139,LAMINADO 250MM BOPP BLANCO TC HM 5240
42328,CPS0019,CONSUMO DE LAMINADO
42329,40528,LAMINADO 160MM BOPP  BLANCO PERLADO BRILLANTE 60 M/AP901/GL 62M
42329,CPS0019,CONSUMO DE LAMINADO
42330,42282,LAMINADO 110MM PAPEL TRANSFER  AT20 F13600
42330,CPS0019,CONSUMO DE LAMINADO
42331,41346,LAMINADO 111MM PP TRANSP. 4-RL2D-03838 RI707/50 TC8 RI
42331,CPS0019,CONSUMO DE LAMINADO
42333,CPS0019,CONSUMO DE LAMINADO
42333,709,LAMINADO 110MM PAPEL SEMIBRILLO 6770 80G AP 904 RI
42334,709,LAMINADO 110MM PAPEL SEMIBRILLO 6770 80G AP 904 RI
42334,CPS0019,CONSUMO DE LAMINADO
42338,39799,LAMINADO 157MM PP PERLADO SAMSON
42338,CPS0019,CONSUMO DE LAMINADO
42350,40410,LAMINADO 111MM BOPP MATE (RITRAMA 02654 RI 767/70)
42350,CPS0019,CONSUMO DE LAMINADO
42352,CPS0019,CONSUMO DE LAMINADO
42352,49339,LAMINADO 158 WINEGLASS (AUTOMATICO) PT220 ECO
42353,CPS0019,CONSUMO DE LAMINADO
42353,49339,LAMINADO 158 WINEGLASS (AUTOMATICO) PT220 ECO
42358,711,LAMINADO 160MM PAPEL SEMIBRILLO 6770 80G AP 904 RI
42358,CPS0019,CONSUMO DE LAMINADO
42368,709,LAMINADO 110MM PAPEL SEMIBRILLO 6770 80G AP 904 RI
42368,CPS0019,CONSUMO DE LAMINADO
42383,43477,LAMINADO 110MM PP TRANSPARENTE 50/P1-G62S ARC
42383,CPS0019,CONSUMO DE LAMINADO
42385,18387,LAMINADO 111MM PAPEL BLANCO S.BRILLO AF1000
42385,CPS0019,CONSUMO DE LAMINADO
42399,101,LAMINADO 143MM PP ADHE. FRANJAS
42399,CPS0019,CONSUMO DE LAMINADO
42419,709,LAMINADO 110MM PAPEL SEMIBRILLO 6770 80G AP 904 RI
42419,CPS0019,CONSUMO DE LAMINADO
42442,60230,LAMINADO 320MM PAPEL TRANSFER TT62/P6H ARC
42442,CPS0019,CONSUMO DE LAMINADO
42443,CPS0019,CONSUMO DE LAMINADO
42443,54024,LAMINADO 330MM PAPEL TRANSFER PREMIUM EXTRA / RP51 / WHITE KRAFT 65 UPM
42444,CPS0019,CONSUMO DE LAMINADO
42444,60230,LAMINADO 320MM PAPEL TRANSFER TT62/P6H ARC
42445,42282,LAMINADO 110MM PAPEL TRANSFER  AT20 F13600
42445,CPS0019,CONSUMO DE LAMINADO
42456,CPS0019,CONSUMO DE LAMINADO
42456,56577,LAMINADO 330MM PAPEL TRANSFER TOP PREMIUM F01212B AVERY
42458,709,LAMINADO 110MM PAPEL SEMIBRILLO 6770 80G AP 904 RI
42458,CPS0019,CONSUMO DE LAMINADO
42460,709,LAMINADO 110MM PAPEL SEMIBRILLO 6770 80G AP 904 RI
42460,CPS0019,CONSUMO DE LAMINADO
42475,39651,LAMINADO 200MM PAPEL SEMIBRILLO cod. 6770 RI
42475,CPS0019,CONSUMO DE LAMINADO
42501,18387,LAMINADO 111MM PAPEL BLANCO S.BRILLO AF1000
42501,CPS0019,CONSUMO DE LAMINADO
42520,CPS0019,CONSUMO DE LAMINADO
42520,709,LAMINADO 110MM PAPEL SEMIBRILLO 6770 80G AP 904 RI
42521,46148,LAMINADO 330MM PPBB60-P1-G62S
42521,CPS0019,CONSUMO DE LAMINADO
42526,709,LAMINADO 110MM PAPEL SEMIBRILLO 6770 80G AP 904 RI
42526,CPS0019,CONSUMO DE LAMINADO
42535,41346,LAMINADO 111MM PP TRANSP. 4-RL2D-03838 RI707/50 TC8 RI
42535,CPS0019,CONSUMO DE LAMINADO
42536,41346,LAMINADO 111MM PP TRANSP. 4-RL2D-03838 RI707/50 TC8 RI
42536,CPS0019,CONSUMO DE LAMINADO
42537,41346,LAMINADO 111MM PP TRANSP. 4-RL2D-03838 RI707/50 TC8 RI
42537,CPS0019,CONSUMO DE LAMINADO
42549,39651,LAMINADO 200MM PAPEL SEMIBRILLO cod. 6770 RI
42549,CPS0019,CONSUMO DE LAMINADO
42551,43348,LAMINADO 111MM PAPEL TERMICO T70/P ARC
42551,CPS0019,CONSUMO DE LAMINADO
42552,710,LAMINADO 167 WINEGLASS (AUTOMATICO) PT220 ECO
42552,CPS0019,CONSUMO DE LAMINADO
42554,42241,LAMINADO 160MM PAPEL BCO. S.BRILLO (COD. 7546 )(REMOVIBLE)
42554,CPS0019,CONSUMO DE LAMINADO
42560,CPS0019,CONSUMO DE LAMINADO
42560,709,LAMINADO 110MM PAPEL SEMIBRILLO 6770 80G AP 904 RI
42563,42282,LAMINADO 110MM PAPEL TRANSFER  AT20 F13600
42563,CPS0019,CONSUMO DE LAMINADO
42592,CPS0019,CONSUMO DE LAMINADO
42592,709,LAMINADO 110MM PAPEL SEMIBRILLO 6770 80G AP 904 RI
42593,41346,LAMINADO 111MM PP TRANSP. 4-RL2D-03838 RI707/50 TC8 RI
42593,CPS0019,CONSUMO DE LAMINADO
42596,40463,LAMINADO 200MM PAPEL ALTO BRILLO
42596,CPS0019,CONSUMO DE LAMINADO
42602,43264,LAMINADO 160MM PAPEL SEMIBRILLO 80/P ARC
42602,CPS0019,CONSUMO DE LAMINADO
42608,CPS0019,CONSUMO DE LAMINADO
42608,709,LAMINADO 110MM PAPEL SEMIBRILLO 6770 80G AP 904 RI
42609,CPS0019,CONSUMO DE LAMINADO
42609,709,LAMINADO 110MM PAPEL SEMIBRILLO 6770 80G AP 904 RI
42610,709,LAMINADO 110MM PAPEL SEMIBRILLO 6770 80G AP 904 RI
42610,CPS0019,CONSUMO DE LAMINADO
42611,709,LAMINADO 110MM PAPEL SEMIBRILLO 6770 80G AP 904 RI
42611,CPS0019,CONSUMO DE LAMINADO
42622,40410,LAMINADO 111MM BOPP MATE (RITRAMA 02654 RI 767/70)
42622,CPS0019,CONSUMO DE LAMINADO
42624,CPS0019,CONSUMO DE LAMINADO
42624,60230,LAMINADO 320MM PAPEL TRANSFER TT62/P6H ARC
42625,277,LAMINADO 157MM BOPP BCO BTE 60M/AF1000/GL52M
42625,CPS0019,CONSUMO DE LAMINADO
42626,43573,LAMINADO 200MM PPBB60-P1-G62S
42626,CPS0019,CONSUMO DE LAMINADO
42627,15439,LAMINADO 111MM PAPEL TERMICO
42627,CPS0019,CONSUMO DE LAMINADO
42636,CPS0019,CONSUMO DE LAMINADO
42636,58929,LAMINADO 333MM PAPEL TERMICO T70-PH-ECO-G60 ARP
42637,709,LAMINADO 110MM PAPEL SEMIBRILLO 6770 80G AP 904 RI
42637,CPS0019,CONSUMO DE LAMINADO
42638,43285,LAMINADO 100MM PAPEL SEMIBRILLO 80/P ARC
42638,CPS0019,CONSUMO DE LAMINADO
42647,39651,LAMINADO 200MM PAPEL SEMIBRILLO cod. 6770 RI
42647,CPS0019,CONSUMO DE LAMINADO
42665,CPS0019,CONSUMO DE LAMINADO
42665,47978,LAMINADO 180MM PAPEL SINTETICO 80micras
42666,40410,LAMINADO 111MM BOPP MATE (RITRAMA 02654 RI 767/70)
42666,CPS0019,CONSUMO DE LAMINADO
42667,18387,LAMINADO 111MM PAPEL BLANCO S.BRILLO AF1000
42667,CPS0019,CONSUMO DE LAMINADO
42669,41346,LAMINADO 111MM PP TRANSP. 4-RL2D-03838 RI707/50 TC8 RI
42669,CPS0019,CONSUMO DE LAMINADO
42676,709,LAMINADO 110MM PAPEL SEMIBRILLO 6770 80G AP 904 RI
42676,CPS0019,CONSUMO DE LAMINADO
42677,101,LAMINADO 143MM PP ADHE. FRANJAS
42677,CPS0019,CONSUMO DE LAMINADO
42680,41979,LAMINADO 111MM PAPEL BLANCO S.BRILLO AP 999 REEMPLAZA AF100
42680,CPS0019,CONSUMO DE LAMINADO
42690,41138,LAMINADO 111MM PAPEL TRANSFER PREMIUM HM 5240
42690,CPS0019,CONSUMO DE LAMINADO
42691,41138,LAMINADO 111MM PAPEL TRANSFER PREMIUM HM 5240
42691,CPS0019,CONSUMO DE LAMINADO
42694,42272,LAMINADO 160MM PAPEL TRANSFER  AT20
42694,CPS0019,CONSUMO DE LAMINADO
42696,42282,LAMINADO 110MM PAPEL TRANSFER  AT20 F13600
42696,CPS0019,CONSUMO DE LAMINADO
42728,709,LAMINADO 110MM PAPEL SEMIBRILLO 6770 80G AP 904 RI
42728,CPS0019,CONSUMO DE LAMINADO
42729,42064,LAMINADO 88MM SEGURIDAD VOID AZUL (UNIMARK)
42729,CPS0019,CONSUMO DE LAMINADO
42743,CPS0019,CONSUMO DE LAMINADO
42743,45548,LAMINADO 157MM PPDL54P4 OPTIMA MATE AF1000 G60 ARC
42745,719,LAMINADO 100MM PAPEL BLANCO SEMIBRILLO RI
42745,CPS0019,CONSUMO DE LAMINADO
42746,CPS0019,CONSUMO DE LAMINADO
42746,46344,LAMINADO 160MM PPBB60-P1-G62S (Samson)
42764,CPS0019,CONSUMO DE LAMINADO
42764,732,LAMINADO 111MM BOPP BCO OPACO 60M/AF1000/GL52M
42766,709,LAMINADO 110MM PAPEL SEMIBRILLO 6770 80G AP 904 RI
42766,CPS0019,CONSUMO DE LAMINADO
42779,CPS0019,CONSUMO DE LAMINADO
42779,46036,LAMINADO 110MM PAPEL SEMIBRILLO L80-PH-G62S (EXACTO) ARP
42780,709,LAMINADO 110MM PAPEL SEMIBRILLO 6770 80G AP 904 RI
42780,CPS0019,CONSUMO DE LAMINADO
42781,709,LAMINADO 110MM PAPEL SEMIBRILLO 6770 80G AP 904 RI
42781,CPS0019,CONSUMO DE LAMINADO
42785,709,LAMINADO 110MM PAPEL SEMIBRILLO 6770 80G AP 904 RI
42785,CPS0019,CONSUMO DE LAMINADO
42788,42697,LAMINADO 300MM BOPP BLANCO 60M HM 5240/60GR(hotmelt)
42788,CPS0019,CONSUMO DE LAMINADO
42790,42282,LAMINADO 110MM PAPEL TRANSFER  AT20 F13600
42790,CPS0019,CONSUMO DE LAMINADO
42791,41346,LAMINADO 111MM PP TRANSP. 4-RL2D-03838 RI707/50 TC8 RI
42791,CPS0019,CONSUMO DE LAMINADO
42792,41346,LAMINADO 111MM PP TRANSP. 4-RL2D-03838 RI707/50 TC8 RI
42792,CPS0019,CONSUMO DE LAMINADO
42794,41346,LAMINADO 111MM PP TRANSP. 4-RL2D-03838 RI707/50 TC8 RI
42794,CPS0019,CONSUMO DE LAMINADO
42797,42282,LAMINADO 110MM PAPEL TRANSFER  AT20 F13600
42797,CPS0019,CONSUMO DE LAMINADO
42801,54314,LAMINADO 167 WINEGLASS (MANUAL) 10939 RI
42801,CPS0019,CONSUMO DE LAMINADO
42824,43263,LAMINADO 110MM PAPEL SEMIBRILLO 80/P ARC
42824,CPS0019,CONSUMO DE LAMINADO
42830,43285,LAMINADO 100MM PAPEL SEMIBRILLO 80/P ARC
42830,CPS0019,CONSUMO DE LAMINADO
42831,43285,LAMINADO 100MM PAPEL SEMIBRILLO 80/P ARC
42831,CPS0019,CONSUMO DE LAMINADO
42831,709,LAMINADO 110MM PAPEL SEMIBRILLO 6770 80G AP 904 RI
42832,58929,LAMINADO 333MM PAPEL TERMICO T70-PH-ECO-G60 ARP
42832,CPS0019,CONSUMO DE LAMINADO
42834,101,LAMINADO 143MM PP ADHE. FRANJAS
42834,CPS0019,CONSUMO DE LAMINADO
42875,57559,LAMINADO 330MM PAPEL SEMIBRILLO L80-PH-G60 ARP
42875,CPS0019,CONSUMO DE LAMINADO
42884,709,LAMINADO 110MM PAPEL SEMIBRILLO 6770 80G AP 904 RI
42884,CPS0019,CONSUMO DE LAMINADO
42891,CPS0019,CONSUMO DE LAMINADO
42891,709,LAMINADO 110MM PAPEL SEMIBRILLO 6770 80G AP 904 RI
42911,42240,LAMINADO 111MM PAPEL BLANCO SB REMOVIBLE 7546 80G/AR805/SK60 RI
42911,CPS0019,CONSUMO DE LAMINADO
42914,711,LAMINADO 160MM PAPEL SEMIBRILLO 6770 80G AP 904 RI
42914,CPS0019,CONSUMO DE LAMINADO
42915,711,LAMINADO 160MM PAPEL SEMIBRILLO 6770 80G AP 904 RI
42915,CPS0019,CONSUMO DE LAMINADO
42916,42523,LAMINADO 160MM PAPEL BLANCO S.BRILLO AP 999 REEMPLAZA AF100
42916,CPS0019,CONSUMO DE LAMINADO
42917,42523,LAMINADO 160MM PAPEL BLANCO S.BRILLO AP 999 REEMPLAZA AF100
42917,CPS0019,CONSUMO DE LAMINADO
42918,711,LAMINADO 160MM PAPEL SEMIBRILLO 6770 80G AP 904 RI
42918,CPS0019,CONSUMO DE LAMINADO
42923,CPS0019,CONSUMO DE LAMINADO
42923,59529,LAMINADO 160MM PAPEL SEMIBRILLO L80 -P - G60 ARP
42927,42814,LAMINADO 200MM BOPP  BLACO. 60 UTC RI 707/BL 8065
42927,CPS0019,CONSUMO DE LAMINADO
42982,42808,LAMINADO 255MM TIRE MATTE PET FILM UA 7000
42982,CPS0019,CONSUMO DE LAMINADO
42985,CPS0019,CONSUMO DE LAMINADO
42985,57755,LAMINADO 160MM PP BCO BTE PPBB60-P ARP (SAMSON/ARP)
42987,42697,LAMINADO 300MM BOPP BLANCO 60M HM 5240/60GR(hotmelt)
42987,CPS0019,CONSUMO DE LAMINADO
42989,41346,LAMINADO 111MM PP TRANSP. 4-RL2D-03838 RI707/50 TC8 RI
42989,CPS0019,CONSUMO DE LAMINADO
42990,41346,LAMINADO 111MM PP TRANSP. 4-RL2D-03838 RI707/50 TC8 RI
42990,CPS0019,CONSUMO DE LAMINADO
42992,41346,LAMINADO 111MM PP TRANSP. 4-RL2D-03838 RI707/50 TC8 RI
42992,CPS0019,CONSUMO DE LAMINADO
42993,41346,LAMINADO 111MM PP TRANSP. 4-RL2D-03838 RI707/50 TC8 RI
42993,CPS0019,CONSUMO DE LAMINADO
42994,41346,LAMINADO 111MM PP TRANSP. 4-RL2D-03838 RI707/50 TC8 RI
42994,CPS0019,CONSUMO DE LAMINADO
42996,41346,LAMINADO 111MM PP TRANSP. 4-RL2D-03838 RI707/50 TC8 RI
42996,CPS0019,CONSUMO DE LAMINADO
42997,41346,LAMINADO 111MM PP TRANSP. 4-RL2D-03838 RI707/50 TC8 RI
42997,CPS0019,CONSUMO DE LAMINADO
43000,41346,LAMINADO 111MM PP TRANSP. 4-RL2D-03838 RI707/50 TC8 RI
43000,CPS0019,CONSUMO DE LAMINADO
43004,41346,LAMINADO 111MM PP TRANSP. 4-RL2D-03838 RI707/50 TC8 RI
43004,CPS0019,CONSUMO DE LAMINADO
43023,709,LAMINADO 110MM PAPEL SEMIBRILLO 6770 80G AP 904 RI
43023,CPS0019,CONSUMO DE LAMINADO
43026,40500,LAMINADO 160MM BOPP  BLACO. 60 UTC RI 707/BL 8065 EXACTO
43026,CPS0019,CONSUMO DE LAMINADO
43027,40500,LAMINADO 160MM BOPP  BLACO. 60 UTC RI 707/BL 8065 EXACTO
43027,CPS0019,CONSUMO DE LAMINADO
43029,CPS0019,CONSUMO DE LAMINADO
43029,709,LAMINADO 110MM PAPEL SEMIBRILLO 6770 80G AP 904 RI
43030,CPS0019,CONSUMO DE LAMINADO
43030,709,LAMINADO 110MM PAPEL SEMIBRILLO 6770 80G AP 904 RI
43033,43386,LAMINADO 130MM PAPEL TERMICO T70/P ARC
43033,CPS0019,CONSUMO DE LAMINADO
43034,43386,LAMINADO 130MM PAPEL TERMICO T70/P ARC
43034,CPS0019,CONSUMO DE LAMINADO
43045,CPS0019,CONSUMO DE LAMINADO
43045,711,LAMINADO 160MM PAPEL SEMIBRILLO 6770 80G AP 904 RI
43050,CPS0019,CONSUMO DE LAMINADO
43050,709,LAMINADO 110MM PAPEL SEMIBRILLO 6770 80G AP 904 RI
43054,710,LAMINADO 167 WINEGLASS (AUTOMATICO) PT220 ECO
43054,CPS0019,CONSUMO DE LAMINADO
43059,CPS0019,CONSUMO DE LAMINADO
43059,709,LAMINADO 110MM PAPEL SEMIBRILLO 6770 80G AP 904 RI
43063,709,LAMINADO 110MM PAPEL SEMIBRILLO 6770 80G AP 904 RI
43063,CPS0019,CONSUMO DE LAMINADO
43064,709,LAMINADO 110MM PAPEL SEMIBRILLO 6770 80G AP 904 RI
43064,CPS0019,CONSUMO DE LAMINADO
43065,40500,LAMINADO 160MM BOPP  BLACO. 60 UTC RI 707/BL 8065 EXACTO
43065,CPS0019,CONSUMO DE LAMINADO
43066,40500,LAMINADO 160MM BOPP  BLACO. 60 UTC RI 707/BL 8065 EXACTO
43066,CPS0019,CONSUMO DE LAMINADO
43097,43285,LAMINADO 100MM PAPEL SEMIBRILLO 80/P ARC
43097,CPS0019,CONSUMO DE LAMINADO
43099,CPS0019,CONSUMO DE LAMINADO
43099,709,LAMINADO 110MM PAPEL SEMIBRILLO 6770 80G AP 904 RI
43108,CPS0019,CONSUMO DE LAMINADO
43108,709,LAMINADO 110MM PAPEL SEMIBRILLO 6770 80G AP 904 RI
43111,CPS0019,CONSUMO DE LAMINADO
43111,711,LAMINADO 160MM PAPEL SEMIBRILLO 6770 80G AP 904 RI
43117,CPS0019,CONSUMO DE LAMINADO
43117,709,LAMINADO 110MM PAPEL SEMIBRILLO 6770 80G AP 904 RI
43118,709,LAMINADO 110MM PAPEL SEMIBRILLO 6770 80G AP 904 RI
43118,CPS0019,CONSUMO DE LAMINADO
43133,CPS0019,CONSUMO DE LAMINADO
43133,732,LAMINADO 111MM BOPP BCO OPACO 60M/AF1000/GL52M
43141,41346,LAMINADO 111MM PP TRANSP. 4-RL2D-03838 RI707/50 TC8 RI
43141,CPS0019,CONSUMO DE LAMINADO
43143,42523,LAMINADO 160MM PAPEL BLANCO S.BRILLO AP 999 REEMPLAZA AF100
43143,CPS0019,CONSUMO DE LAMINADO
43145,42523,LAMINADO 160MM PAPEL BLANCO S.BRILLO AP 999 REEMPLAZA AF100
43145,CPS0019,CONSUMO DE LAMINADO
43146,42523,LAMINADO 160MM PAPEL BLANCO S.BRILLO AP 999 REEMPLAZA AF100
43146,CPS0019,CONSUMO DE LAMINADO
43147,42523,LAMINADO 160MM PAPEL BLANCO S.BRILLO AP 999 REEMPLAZA AF100
43147,CPS0019,CONSUMO DE LAMINADO
43151,CPS0019,CONSUMO DE LAMINADO
43151,45206,LAMINADO 160MM PAPEL TERMICO T70/P ARC
43168,40500,LAMINADO 160MM BOPP  BLACO. 60 UTC RI 707/BL 8065 EXACTO
43168,CPS0019,CONSUMO DE LAMINADO
43184,277,LAMINADO 157MM BOPP BCO BTE 60M/AF1000/GL52M
43184,CPS0019,CONSUMO DE LAMINADO
43191,38688,LAMINADO 100MM PAPEL SINTETICO 250 micras MIC
43191,CPS0019,CONSUMO DE LAMINADO
43211,39882,LAMINADO 111MM SEGURIDAD VOID
43211,CPS0019,CONSUMO DE LAMINADO
43225,42148,LAMINADO 102MM PAPEL COUCHE (ETIQ.CARTULINA).200 GRS.(M2)
43225,CPS0019,CONSUMO DE LAMINADO
43233,41999,LAMINADO 100MM PAPEL TRANSFER PREMIUM HM 5240
43233,CPS0019,CONSUMO DE LAMINADO
43234,711,LAMINADO 160MM PAPEL SEMIBRILLO 6770 80G AP 904 RI
43234,CPS0019,CONSUMO DE LAMINADO
43235,39651,LAMINADO 200MM PAPEL SEMIBRILLO cod. 6770 RI
43235,CPS0019,CONSUMO DE LAMINADO
43244,732,LAMINADO 111MM BOPP BCO OPACO 60M/AF1000/GL52M
43244,CPS0019,CONSUMO DE LAMINADO
43246,43351,LAMINADO 110MM BOPP MATE 60/P4
43246,CPS0019,CONSUMO DE LAMINADO
43248,CPS0019,CONSUMO DE LAMINADO
43248,46036,LAMINADO 110MM PAPEL SEMIBRILLO L80-PH-G62S (EXACTO) ARP
43265,42808,LAMINADO 255MM TIRE MATTE PET FILM UA 7000
43265,CPS0019,CONSUMO DE LAMINADO
43271,CPS0019,CONSUMO DE LAMINADO
43271,732,LAMINADO 111MM BOPP BCO OPACO 60M/AF1000/GL52M
43273,CPS0019,CONSUMO DE LAMINADO
43273,732,LAMINADO 111MM BOPP BCO OPACO 60M/AF1000/GL52M
43298,42240,LAMINADO 111MM PAPEL BLANCO SB REMOVIBLE 7546 80G/AR805/SK60 RI
43298,CPS0019,CONSUMO DE LAMINADO
43303,CPS0019,CONSUMO DE LAMINADO
43303,711,LAMINADO 160MM PAPEL SEMIBRILLO 6770 80G AP 904 RI
43329,43177,"""LAMINADO 200MM PAPEL SEMIBRILLO 80/P3H """"CLAMSHELLS"""""""
43329,CPS0019,CONSUMO DE LAMINADO
43330,43177,"""LAMINADO 200MM PAPEL SEMIBRILLO 80/P3H """"CLAMSHELLS"""""""
43330,CPS0019,CONSUMO DE LAMINADO
43333,43177,"""LAMINADO 200MM PAPEL SEMIBRILLO 80/P3H """"CLAMSHELLS"""""""
43333,CPS0019,CONSUMO DE LAMINADO
43335,41141,LAMINADO 250MM BOPP BLANCO TC AF 1000
43335,CPS0019,CONSUMO DE LAMINADO
43344,42240,LAMINADO 111MM PAPEL BLANCO SB REMOVIBLE 7546 80G/AR805/SK60 RI
43344,CPS0019,CONSUMO DE LAMINADO
43359,43264,LAMINADO 160MM PAPEL SEMIBRILLO 80/P ARC
43359,CPS0019,CONSUMO DE LAMINADO
43364,CPS0019,CONSUMO DE LAMINADO
43364,45856,LAMINADO 330MM PAPEL SEMIBRILLO 6770 80 GR AP 904 RI
43367,277,LAMINADO 157MM BOPP BCO BTE 60M/AF1000/GL52M
43367,CPS0019,CONSUMO DE LAMINADO
43373,43284,LAMINADO 110 MM PAPEL SEMIBRILLO  80g HP3000
43373,CPS0019,CONSUMO DE LAMINADO
43376,43626,LAMINADO 180MM PAPEL SEMIBRILLO L80-PH-G62S (CORTE EXACTO) ARP
43376,CPS0019,CONSUMO DE LAMINADO
43380,43177,"""LAMINADO 200MM PAPEL SEMIBRILLO 80/P3H """"CLAMSHELLS"""""""
43380,CPS0019,CONSUMO DE LAMINADO
43392,CPS0019,CONSUMO DE LAMINADO
43392,709,LAMINADO 110MM PAPEL SEMIBRILLO 6770 80G AP 904 RI
43399,38688,LAMINADO 100MM PAPEL SINTETICO 250 micras MIC
43399,CPS0019,CONSUMO DE LAMINADO
43405,277,LAMINADO 157MM BOPP BCO BTE 60M/AF1000/GL52M
43405,CPS0019,CONSUMO DE LAMINADO
43409,43417,LAMINADO 160MM PE TRANSP. 50TC S0208 BG62B
43409,CPS0019,CONSUMO DE LAMINADO
43409,43885,LAMINADO CINTA P/LAMINAR  PP TRANSP. 169MM
43414,43263,LAMINADO 110MM PAPEL SEMIBRILLO 80/P ARC
43414,CPS0019,CONSUMO DE LAMINADO
43418,277,LAMINADO 157MM BOPP BCO BTE 60M/AF1000/GL52M
43418,CPS0019,CONSUMO DE LAMINADO
43420,43263,LAMINADO 110MM PAPEL SEMIBRILLO 80/P ARC
43420,CPS0019,CONSUMO DE LAMINADO
43421,43310,LAMINADO 250 MM PAPEL SEMIBRILLO 80/P ARC
43421,CPS0019,CONSUMO DE LAMINADO
43429,711,LAMINADO 160MM PAPEL SEMIBRILLO 6770 80G AP 904 RI
43429,CPS0019,CONSUMO DE LAMINADO
43441,CPS0019,CONSUMO DE LAMINADO
43441,711,LAMINADO 160MM PAPEL SEMIBRILLO 6770 80G AP 904 RI
43443,CPS0019,CONSUMO DE LAMINADO
43443,45997,LAMINADO 160MM PAPEL SEMIBRILLO L80-PH-G62S (EXACTO) ARP
43444,42727,LAMINADO 160MM PP TRANSP. 50TC S0208 BG62B
43444,CPS0019,CONSUMO DE LAMINADO
43445,44626,LAMINADO 110MM PPDL54P4 OPTIMA MATE AF1000 G60 ARC
43445,CPS0019,CONSUMO DE LAMINADO
43463,41346,LAMINADO 111MM PP TRANSP. 4-RL2D-03838 RI707/50 TC8 RI
43463,CPS0019,CONSUMO DE LAMINADO
43464,43705,LAMINADO 168MM PP TRANSP.  PPT50P-P1-G62S ARC
43464,CPS0019,CONSUMO DE LAMINADO
43473,CPS0019,CONSUMO DE LAMINADO
43473,709,LAMINADO 110MM PAPEL SEMIBRILLO 6770 80G AP 904 RI
43503,40208,LAMINADO 160MM POLIETILENO BLANCO
43503,CPS0019,CONSUMO DE LAMINADO
43505,39799,LAMINADO 157MM PP PERLADO SAMSON
43505,CPS0019,CONSUMO DE LAMINADO
43512,42523,LAMINADO 160MM PAPEL BLANCO S.BRILLO AP 999 REEMPLAZA AF100
43512,CPS0019,CONSUMO DE LAMINADO
43515,43386,LAMINADO 130MM PAPEL TERMICO T70/P ARC
43515,CPS0019,CONSUMO DE LAMINADO
43520,38688,LAMINADO 100MM PAPEL SINTETICO 250 micras MIC
43520,CPS0019,CONSUMO DE LAMINADO
43561,CPS0019,CONSUMO DE LAMINADO
43561,45856,LAMINADO 330MM PAPEL SEMIBRILLO 6770 80 GR AP 904 RI
43562,43263,LAMINADO 110MM PAPEL SEMIBRILLO 80/P ARC
43562,CPS0019,CONSUMO DE LAMINADO
43577,39799,LAMINADO 157MM PP PERLADO SAMSON
43577,CPS0019,CONSUMO DE LAMINADO
43581,CPS0019,CONSUMO DE LAMINADO
43581,43437,LAMINADO 157MM PP BCO BTE 64M/P1 SAMSON
43591,43351,LAMINADO 110MM BOPP MATE 60/P4
43591,CPS0019,CONSUMO DE LAMINADO
43616,40500,LAMINADO 160MM BOPP  BLACO. 60 UTC RI 707/BL 8065 EXACTO
43616,43264,LAMINADO 160MM PAPEL SEMIBRILLO 80/P ARC
43616,CPS0019,CONSUMO DE LAMINADO
43647,43263,LAMINADO 110MM PAPEL SEMIBRILLO 80/P ARC
43647,CPS0019,CONSUMO DE LAMINADO
43664,41060,LAMINADO 200MM BOPP BLANCO 60 TC BG62 HOT MELT C2075
43664,CPS0019,CONSUMO DE LAMINADO
43668,40410,LAMINADO 111MM BOPP MATE (RITRAMA 02654 RI 767/70)
43668,CPS0019,CONSUMO DE LAMINADO
43669,43263,LAMINADO 110MM PAPEL SEMIBRILLO 80/P ARC
43669,CPS0019,CONSUMO DE LAMINADO
43690,40410,LAMINADO 111MM BOPP MATE (RITRAMA 02654 RI 767/70)
43690,CPS0019,CONSUMO DE LAMINADO
43710,43263,LAMINADO 110MM PAPEL SEMIBRILLO 80/P ARC
43710,CPS0019,CONSUMO DE LAMINADO
43714,CPS0019,CONSUMO DE LAMINADO
43714,43477,LAMINADO 110MM PP TRANSPARENTE 50/P1-G62S ARC
43715,41346,LAMINADO 111MM PP TRANSP. 4-RL2D-03838 RI707/50 TC8 RI
43715,CPS0019,CONSUMO DE LAMINADO
43717,43477,LAMINADO 110MM PP TRANSPARENTE 50/P1-G62S ARC
43717,CPS0019,CONSUMO DE LAMINADO
43718,43477,LAMINADO 110MM PP TRANSPARENTE 50/P1-G62S ARC
43718,CPS0019,CONSUMO DE LAMINADO
43721,43263,LAMINADO 110MM PAPEL SEMIBRILLO 80/P ARC
43721,CPS0019,CONSUMO DE LAMINADO
43722,43263,LAMINADO 110MM PAPEL SEMIBRILLO 80/P ARC
43722,CPS0019,CONSUMO DE LAMINADO
43731,43285,LAMINADO 100MM PAPEL SEMIBRILLO 80/P ARC
43731,CPS0019,CONSUMO DE LAMINADO
43732,43285,LAMINADO 100MM PAPEL SEMIBRILLO 80/P ARC
43732,CPS0019,CONSUMO DE LAMINADO
43733,43285,LAMINADO 100MM PAPEL SEMIBRILLO 80/P ARC
43733,CPS0019,CONSUMO DE LAMINADO
43734,43285,LAMINADO 100MM PAPEL SEMIBRILLO 80/P ARC
43734,CPS0019,CONSUMO DE LAMINADO
43735,43285,LAMINADO 100MM PAPEL SEMIBRILLO 80/P ARC
43735,CPS0019,CONSUMO DE LAMINADO
43736,43285,LAMINADO 100MM PAPEL SEMIBRILLO 80/P ARC
43736,CPS0019,CONSUMO DE LAMINADO
43737,43285,LAMINADO 100MM PAPEL SEMIBRILLO 80/P ARC
43737,CPS0019,CONSUMO DE LAMINADO
43738,43285,LAMINADO 100MM PAPEL SEMIBRILLO 80/P ARC
43738,CPS0019,CONSUMO DE LAMINADO
43747,43321,LAMINADO 300MM PAPEL SEMIBRILLO 80/P ARC
43747,CPS0019,CONSUMO DE LAMINADO
43748,43321,LAMINADO 300MM PAPEL SEMIBRILLO 80/P ARC
43748,CPS0019,CONSUMO DE LAMINADO
43751,43321,LAMINADO 300MM PAPEL SEMIBRILLO 80/P ARC
43751,CPS0019,CONSUMO DE LAMINADO
43752,43310,LAMINADO 250 MM PAPEL SEMIBRILLO 80/P ARC
43752,CPS0019,CONSUMO DE LAMINADO
43753,43310,LAMINADO 250 MM PAPEL SEMIBRILLO 80/P ARC
43753,CPS0019,CONSUMO DE LAMINADO
43754,43310,LAMINADO 250 MM PAPEL SEMIBRILLO 80/P ARC
43754,CPS0019,CONSUMO DE LAMINADO
43761,43348,LAMINADO 111MM PAPEL TERMICO T70/P ARC
43761,CPS0019,CONSUMO DE LAMINADO
43770,39882,LAMINADO 111MM SEGURIDAD VOID
43770,CPS0019,CONSUMO DE LAMINADO
43771,41346,LAMINADO 111MM PP TRANSP. 4-RL2D-03838 RI707/50 TC8 RI
43771,CPS0019,CONSUMO DE LAMINADO
43799,43196,LAMINADO 160MM PAPEL SEMIBRILLO 80/P4 ARC
43799,CPS0019,CONSUMO DE LAMINADO
438,302,LAMINADO 160MM PAPEL BLANCO S.BRILLO 80G/AF1000/LN52M
438,CPS0019,CONSUMO DE LAMINADO
43802,43196,LAMINADO 160MM PAPEL SEMIBRILLO 80/P4 ARC
43802,CPS0019,CONSUMO DE LAMINADO
43803,CPS0019,CONSUMO DE LAMINADO
43803,51228,"LAMINADO 116,5MM PAPEL TRANSFER AT2550/40 CK"
43804,42272,LAMINADO 160MM PAPEL TRANSFER  AT20
43804,CPS0019,CONSUMO DE LAMINADO
43824,709,LAMINADO 110MM PAPEL SEMIBRILLO 6770 80G AP 904 RI
43824,CPS0019,CONSUMO DE LAMINADO
43833,42562,LAMINADO 250MM BOPP BLANCO 60M/ADC 5240/60GR
43833,CPS0019,CONSUMO DE LAMINADO
43835,43310,LAMINADO 250 MM PAPEL SEMIBRILLO 80/P ARC
43835,CPS0019,CONSUMO DE LAMINADO
43854,43263,LAMINADO 110MM PAPEL SEMIBRILLO 80/P ARC
43854,CPS0019,CONSUMO DE LAMINADO
43855,46036,LAMINADO 110MM PAPEL SEMIBRILLO L80-PH-G62S (EXACTO) ARP
43855,CPS0019,CONSUMO DE LAMINADO
43856,46036,LAMINADO 110MM PAPEL SEMIBRILLO L80-PH-G62S (EXACTO) ARP
43856,CPS0019,CONSUMO DE LAMINADO
43865,43263,LAMINADO 110MM PAPEL SEMIBRILLO 80/P ARC
43865,CPS0019,CONSUMO DE LAMINADO
43866,43309,LAMINADO 330MM PAPEL SEMIBRILLO 80/P ARC
43866,CPS0019,CONSUMO DE LAMINADO
43867,CPS0019,CONSUMO DE LAMINADO
43867,43309,LAMINADO 330MM PAPEL SEMIBRILLO 80/P ARC
43868,43309,LAMINADO 330MM PAPEL SEMIBRILLO 80/P ARC
43868,CPS0019,CONSUMO DE LAMINADO
43869,43309,LAMINADO 330MM PAPEL SEMIBRILLO 80/P ARC
43869,CPS0019,CONSUMO DE LAMINADO
43870,43309,LAMINADO 330MM PAPEL SEMIBRILLO 80/P ARC
43870,CPS0019,CONSUMO DE LAMINADO
43871,43309,LAMINADO 330MM PAPEL SEMIBRILLO 80/P ARC
43871,CPS0019,CONSUMO DE LAMINADO
43872,43309,LAMINADO 330MM PAPEL SEMIBRILLO 80/P ARC
43872,CPS0019,CONSUMO DE LAMINADO
43873,43309,LAMINADO 330MM PAPEL SEMIBRILLO 80/P ARC
43873,CPS0019,CONSUMO DE LAMINADO
43876,732,LAMINADO 111MM BOPP BCO OPACO 60M/AF1000/GL52M
43876,CPS0019,CONSUMO DE LAMINADO
43878,42628,LAMINADO 200MM HG FASCOVER  AT20
43878,CPS0019,CONSUMO DE LAMINADO
43879,42628,LAMINADO 200MM HG FASCOVER  AT20
43879,CPS0019,CONSUMO DE LAMINADO
43880,42628,LAMINADO 200MM HG FASCOVER  AT20
43880,CPS0019,CONSUMO DE LAMINADO
43884,38688,LAMINADO 100MM PAPEL SINTETICO 250 micras MIC
43884,CPS0019,CONSUMO DE LAMINADO
439,302,LAMINADO 160MM PAPEL BLANCO S.BRILLO 80G/AF1000/LN52M
439,CPS0019,CONSUMO DE LAMINADO
43909,40500,LAMINADO 160MM BOPP  BLACO. 60 UTC RI 707/BL 8065 EXACTO
43909,42858,LAMINADO 160MM PP BLANCO 40M (08731 )
43909,CPS0019,CONSUMO DE LAMINADO
43913,40463,LAMINADO 200MM PAPEL ALTO BRILLO
43913,CPS0019,CONSUMO DE LAMINADO
43941,CPS0019,CONSUMO DE LAMINADO
43941,43973,LAMINADO 110MM PAPEL SINTETICO 200 micras MIC
43942,43973,LAMINADO 110MM PAPEL SINTETICO 200 micras MIC
43942,CPS0019,CONSUMO DE LAMINADO
43981,CPS0019,CONSUMO DE LAMINADO
43981,710,LAMINADO 167 WINEGLASS (AUTOMATICO) PT220 ECO
43991,CPS0019,CONSUMO DE LAMINADO
43991,709,LAMINADO 110MM PAPEL SEMIBRILLO 6770 80G AP 904 RI
43999,CPS0019,CONSUMO DE LAMINADO
43999,56612,LAMINADO 280MM PAPEL SEMIBRILLO L80-P6H ARC
44002,709,LAMINADO 110MM PAPEL SEMIBRILLO 6770 80G AP 904 RI
44002,CPS0019,CONSUMO DE LAMINADO
44021,43263,LAMINADO 110MM PAPEL SEMIBRILLO 80/P ARC
44021,CPS0019,CONSUMO DE LAMINADO
44022,43263,LAMINADO 110MM PAPEL SEMIBRILLO 80/P ARC
44022,CPS0019,CONSUMO DE LAMINADO
44023,43263,LAMINADO 110MM PAPEL SEMIBRILLO 80/P ARC
44023,CPS0019,CONSUMO DE LAMINADO
44024,43263,LAMINADO 110MM PAPEL SEMIBRILLO 80/P ARC
44024,CPS0019,CONSUMO DE LAMINADO
44025,43263,LAMINADO 110MM PAPEL SEMIBRILLO 80/P ARC
44025,CPS0019,CONSUMO DE LAMINADO
44026,43264,LAMINADO 160MM PAPEL SEMIBRILLO 80/P ARC
44026,CPS0019,CONSUMO DE LAMINADO
44027,43285,LAMINADO 100MM PAPEL SEMIBRILLO 80/P ARC
44027,CPS0019,CONSUMO DE LAMINADO
44065,CPS0019,CONSUMO DE LAMINADO
44065,57553,LAMINADO 110MM PAPEL SEMIBRILLO L80-PH-G60 ARP
44071,43263,LAMINADO 110MM PAPEL SEMIBRILLO 80/P ARC
44071,CPS0019,CONSUMO DE LAMINADO
44072,43263,LAMINADO 110MM PAPEL SEMIBRILLO 80/P ARC
44072,CPS0019,CONSUMO DE LAMINADO
44073,43263,LAMINADO 110MM PAPEL SEMIBRILLO 80/P ARC
44073,CPS0019,CONSUMO DE LAMINADO
44080,42272,LAMINADO 160MM PAPEL TRANSFER  AT20
44080,CPS0019,CONSUMO DE LAMINADO
44109,CPS0019,CONSUMO DE LAMINADO
44109,49339,LAMINADO 158 WINEGLASS (AUTOMATICO) PT220 ECO
44113,709,LAMINADO 110MM PAPEL SEMIBRILLO 6770 80G AP 904 RI
44113,CPS0019,CONSUMO DE LAMINADO
44115,CPS0019,CONSUMO DE LAMINADO
44115,57844,LAMINADO 330MM PAPEL SEMIBRILLO L80 -P - G60 AR
44121,43477,LAMINADO 110MM PP TRANSPARENTE 50/P1-G62S ARC
44121,CPS0019,CONSUMO DE LAMINADO
44122,43263,LAMINADO 110MM PAPEL SEMIBRILLO 80/P ARC
44122,CPS0019,CONSUMO DE LAMINADO
44141,CPS0019,CONSUMO DE LAMINADO
44141,43348,LAMINADO 111MM PAPEL TERMICO T70/P ARC
44150,57872,LAMINADO 300MM PAPEL SEMIBRILLO L80 -P - G60 ARP
44150,CPS0019,CONSUMO DE LAMINADO
44151,43826,LAMINADO 200 MM BOPP BLANCO 60M/ ADC1000/60GR
44151,CPS0019,CONSUMO DE LAMINADO
44154,43264,LAMINADO 160MM PAPEL SEMIBRILLO 80/P ARC
44154,CPS0019,CONSUMO DE LAMINADO
44160,40500,LAMINADO 160MM BOPP  BLACO. 60 UTC RI 707/BL 8065 EXACTO
44160,CPS0019,CONSUMO DE LAMINADO
44161,40500,LAMINADO 160MM BOPP  BLACO. 60 UTC RI 707/BL 8065 EXACTO
44161,43452,LAMINADO 160MM PP BCO BTE P4 38M G58 ARC
44161,CPS0019,CONSUMO DE LAMINADO
44162,40500,LAMINADO 160MM BOPP  BLACO. 60 UTC RI 707/BL 8065 EXACTO
44162,CPS0019,CONSUMO DE LAMINADO
44163,40500,LAMINADO 160MM BOPP  BLACO. 60 UTC RI 707/BL 8065 EXACTO
44163,43452,LAMINADO 160MM PP BCO BTE P4 38M G58 ARC
44163,CPS0019,CONSUMO DE LAMINADO
44177,CPS0019,CONSUMO DE LAMINADO
44177,43349,LAMINADO 110MM PAPEL BLANCO S.BRILLO 80/P4
44178,43349,LAMINADO 110MM PAPEL BLANCO S.BRILLO 80/P4
44178,CPS0019,CONSUMO DE LAMINADO
44180,CPS0019,CONSUMO DE LAMINADO
44180,46452,LAMINADO 300MM PAPEL SEMIBRILLO 6770 80 GR AP 904 RI
44182,CPS0019,CONSUMO DE LAMINADO
44182,57552,LAMINADO 160MM PAPEL SEMIBRILLO L80-PH-G60 ARP
44196,40925,LAMINADO 200MM BOPP BLANCO CORONA 60M/ADC 210/LN 52M
44196,CPS0019,CONSUMO DE LAMINADO
44209,43350,"""LAMINADO 160MM PAPEL SEMIBRILLO 80/P3H CLAMSHELLS ARC"
44209,CPS0019,CONSUMO DE LAMINADO
44211,CPS0019,CONSUMO DE LAMINADO
44211,43263,LAMINADO 110MM PAPEL SEMIBRILLO 80/P ARC
44212,43263,LAMINADO 110MM PAPEL SEMIBRILLO 80/P ARC
44212,CPS0019,CONSUMO DE LAMINADO
44213,43263,LAMINADO 110MM PAPEL SEMIBRILLO 80/P ARC
44213,CPS0019,CONSUMO DE LAMINADO
44214,43263,LAMINADO 110MM PAPEL SEMIBRILLO 80/P ARC
44214,CPS0019,CONSUMO DE LAMINADO
44215,43263,LAMINADO 110MM PAPEL SEMIBRILLO 80/P ARC
44215,CPS0019,CONSUMO DE LAMINADO
44216,43263,LAMINADO 110MM PAPEL SEMIBRILLO 80/P ARC
44216,CPS0019,CONSUMO DE LAMINADO
44217,43263,LAMINADO 110MM PAPEL SEMIBRILLO 80/P ARC
44217,CPS0019,CONSUMO DE LAMINADO
44218,43263,LAMINADO 110MM PAPEL SEMIBRILLO 80/P ARC
44218,CPS0019,CONSUMO DE LAMINADO
44220,CPS0019,CONSUMO DE LAMINADO
44220,45876,LAMINADO 111MM PAPEL TERMICO T70-PH-G62 ARC
44231,43573,LAMINADO 200MM PPBB60-P1-G62S
44231,CPS0019,CONSUMO DE LAMINADO
44235,CPS0019,CONSUMO DE LAMINADO
44235,44236,LAMINADO 250MM TERMICO PROTEGIDO 7836 THERMAL TC /80 GR GL/60 RI
44241,43285,LAMINADO 100MM PAPEL SEMIBRILLO 80/P ARC
44241,CPS0019,CONSUMO DE LAMINADO
44246,CPS0019,CONSUMO DE LAMINADO
44246,46036,LAMINADO 110MM PAPEL SEMIBRILLO L80-PH-G62S (EXACTO) ARP
44256,CPS0019,CONSUMO DE LAMINADO
44256,711,LAMINADO 160MM PAPEL SEMIBRILLO 6770 80G AP 904 RI
44258,42282,LAMINADO 110MM PAPEL TRANSFER  AT20 F13600
44258,CPS0019,CONSUMO DE LAMINADO
44268,732,LAMINADO 111MM BOPP BCO OPACO 60M/AF1000/GL52M
44268,CPS0019,CONSUMO DE LAMINADO
44276,43285,LAMINADO 100MM PAPEL SEMIBRILLO 80/P ARC
44276,CPS0019,CONSUMO DE LAMINADO
44278,43825,LAMINADO 160MM BOPP BLANCO CORONA 60M/ADC 1000/60 GR
44278,CPS0019,CONSUMO DE LAMINADO
44285,43263,LAMINADO 110MM PAPEL SEMIBRILLO 80/P ARC
44285,CPS0019,CONSUMO DE LAMINADO
443,CPS0019,CONSUMO DE LAMINADO
443,57552,LAMINADO 160MM PAPEL SEMIBRILLO L80-PH-G60 ARP
44301,44303,LAMINADO 228MM PAPEL COUCHE 100GR/M2
44301,CPS0019,CONSUMO DE LAMINADO
44309,43263,LAMINADO 110MM PAPEL SEMIBRILLO 80/P ARC
44309,CPS0019,CONSUMO DE LAMINADO
44392,CPS0019,CONSUMO DE LAMINADO
44392,711,LAMINADO 160MM PAPEL SEMIBRILLO 6770 80G AP 904 RI
44394,43626,LAMINADO 180MM PAPEL SEMIBRILLO L80-PH-G62S (CORTE EXACTO) ARP
44394,CPS0019,CONSUMO DE LAMINADO
44395,43177,"""LAMINADO 200MM PAPEL SEMIBRILLO 80/P3H """"CLAMSHELLS"""""""
44395,CPS0019,CONSUMO DE LAMINADO
44396,43177,"""LAMINADO 200MM PAPEL SEMIBRILLO 80/P3H """"CLAMSHELLS"""""""
44396,CPS0019,CONSUMO DE LAMINADO
44400,CPS0019,CONSUMO DE LAMINADO
44400,43825,LAMINADO 160MM BOPP BLANCO CORONA 60M/ADC 1000/60 GR
44401,CPS0019,CONSUMO DE LAMINADO
44401,46452,LAMINADO 300MM PAPEL SEMIBRILLO 6770 80 GR AP 904 RI
44406,CPS0019,CONSUMO DE LAMINADO
44406,709,LAMINADO 110MM PAPEL SEMIBRILLO 6770 80G AP 904 RI
44425,42479,LAMINADO 100MM PAPEL TRANSFER  AT20 F13600
44425,CPS0019,CONSUMO DE LAMINADO
44446,43437,LAMINADO 157MM PP BCO BTE 64M/P1 SAMSON
44446,CPS0019,CONSUMO DE LAMINADO
44449,46344,LAMINADO 160MM PPBB60-P1-G62S (Samson)
44449,CPS0019,CONSUMO DE LAMINADO
44462,42240,LAMINADO 111MM PAPEL BLANCO SB REMOVIBLE 7546 80G/AR805/SK60 RI
44462,CPS0019,CONSUMO DE LAMINADO
44463,42240,LAMINADO 111MM PAPEL BLANCO SB REMOVIBLE 7546 80G/AR805/SK60 RI
44463,CPS0019,CONSUMO DE LAMINADO
44464,42240,LAMINADO 111MM PAPEL BLANCO SB REMOVIBLE 7546 80G/AR805/SK60 RI
44464,CPS0019,CONSUMO DE LAMINADO
44465,42240,LAMINADO 111MM PAPEL BLANCO SB REMOVIBLE 7546 80G/AR805/SK60 RI
44465,CPS0019,CONSUMO DE LAMINADO
44466,43973,LAMINADO 110MM PAPEL SINTETICO 200 micras MIC
44466,CPS0019,CONSUMO DE LAMINADO
44467,43263,LAMINADO 110MM PAPEL SEMIBRILLO 80/P ARC
44467,CPS0019,CONSUMO DE LAMINADO
44473,CPS0019,CONSUMO DE LAMINADO
44473,57872,LAMINADO 300MM PAPEL SEMIBRILLO L80 -P - G60 ARP
44474,43349,LAMINADO 110MM PAPEL BLANCO S.BRILLO 80/P4
44474,CPS0019,CONSUMO DE LAMINADO
44475,40500,LAMINADO 160MM BOPP  BLACO. 60 UTC RI 707/BL 8065 EXACTO
44475,CPS0019,CONSUMO DE LAMINADO
44489,43350,"""LAMINADO 160MM PAPEL SEMIBRILLO 80/P3H CLAMSHELLS ARC"
44489,CPS0019,CONSUMO DE LAMINADO
44493,40500,LAMINADO 160MM BOPP  BLACO. 60 UTC RI 707/BL 8065 EXACTO
44493,CPS0019,CONSUMO DE LAMINADO
44495,43477,LAMINADO 110MM PP TRANSPARENTE 50/P1-G62S ARC
44495,CPS0019,CONSUMO DE LAMINADO
44507,38688,LAMINADO 100MM PAPEL SINTETICO 250 micras MIC
44507,CPS0019,CONSUMO DE LAMINADO
44508,CPS0019,CONSUMO DE LAMINADO
44508,58022,LAMINADO 165 WINEGLASS (MANUAL) 10939 RI
44516,43351,LAMINADO 110MM BOPP MATE 60/P4
44516,CPS0019,CONSUMO DE LAMINADO
44520,43351,LAMINADO 110MM BOPP MATE 60/P4
44520,CPS0019,CONSUMO DE LAMINADO
44524,CPS0019,CONSUMO DE LAMINADO
44524,45730,LAMINADO 260MM PAPEL SEMIBRILLO AF1000 RP48AT 80G DIP
44538,CPS0019,CONSUMO DE LAMINADO
44538,44828,LAMINADO 250MM PPBB60-P1-G62S
44543,43196,LAMINADO 160MM PAPEL SEMIBRILLO 80/P4 ARC
44543,CPS0019,CONSUMO DE LAMINADO
44555,44626,LAMINADO 110MM PPDL54P4 OPTIMA MATE AF1000 G60 ARC
44555,CPS0019,CONSUMO DE LAMINADO
44575,43349,LAMINADO 110MM PAPEL BLANCO S.BRILLO 80/P4
44575,CPS0019,CONSUMO DE LAMINADO
44579,44626,LAMINADO 110MM PPDL54P4 OPTIMA MATE AF1000 G60 ARC
44579,CPS0019,CONSUMO DE LAMINADO
44580,CPS0019,CONSUMO DE LAMINADO
44580,57755,LAMINADO 160MM PP BCO BTE PPBB60-P ARP (SAMSON/ARP)
44581,43437,LAMINADO 157MM PP BCO BTE 64M/P1 SAMSON
44581,CPS0019,CONSUMO DE LAMINADO
44596,43263,LAMINADO 110MM PAPEL SEMIBRILLO 80/P ARC
44596,CPS0019,CONSUMO DE LAMINADO
44601,44604,LAMINADO 180MM PAPEL PLATA MATE
44601,CPS0019,CONSUMO DE LAMINADO
44617,CPS0019,CONSUMO DE LAMINADO
44617,44626,LAMINADO 110MM PPDL54P4 OPTIMA MATE AF1000 G60 ARC
44624,43348,LAMINADO 111MM PAPEL TERMICO T70/P ARC
44624,CPS0019,CONSUMO DE LAMINADO
44630,709,LAMINADO 110MM PAPEL SEMIBRILLO 6770 80G AP 904 RI
44630,CPS0019,CONSUMO DE LAMINADO
44646,56777,LAMINADO 300MM PAPEL SEMIBRILLO L80-P6H-G62S ARC
44646,CPS0019,CONSUMO DE LAMINADO
44649,41346,LAMINADO 111MM PP TRANSP. 4-RL2D-03838 RI707/50 TC8 RI
44649,CPS0019,CONSUMO DE LAMINADO
44661,CPS0019,CONSUMO DE LAMINADO
44661,43390,LAMINADO 330MM PP BLANCO 64M/P1
44668,43264,LAMINADO 160MM PAPEL SEMIBRILLO 80/P ARC
44668,CPS0019,CONSUMO DE LAMINADO
44671,43263,LAMINADO 110MM PAPEL SEMIBRILLO 80/P ARC
44671,CPS0019,CONSUMO DE LAMINADO
44691,43437,LAMINADO 157MM PP BCO BTE 64M/P1 SAMSON
44691,CPS0019,CONSUMO DE LAMINADO
44696,709,LAMINADO 110MM PAPEL SEMIBRILLO 6770 80G AP 904 RI
44696,CPS0019,CONSUMO DE LAMINADO
44700,43285,LAMINADO 100MM PAPEL SEMIBRILLO 80/P ARC
44700,CPS0019,CONSUMO DE LAMINADO
44701,43285,LAMINADO 100MM PAPEL SEMIBRILLO 80/P ARC
44701,CPS0019,CONSUMO DE LAMINADO
44727,CPS0019,CONSUMO DE LAMINADO
44727,709,LAMINADO 110MM PAPEL SEMIBRILLO 6770 80G AP 904 RI
44728,CPS0019,CONSUMO DE LAMINADO
44728,709,LAMINADO 110MM PAPEL SEMIBRILLO 6770 80G AP 904 RI
44737,44368,LAMINADO 200MM PP CLEAR ON CLEAR 50M TC PET30M AP 901
44737,CPS0019,CONSUMO DE LAMINADO
44760,CPS0019,CONSUMO DE LAMINADO
44760,44368,LAMINADO 200MM PP CLEAR ON CLEAR 50M TC PET30M AP 901
44766,43784,LAMINADO 110MM PP BLANCO 64 M/P1
44766,CPS0019,CONSUMO DE LAMINADO
44772,43809,"LAMINADO 109,09MM PAPEL SINTETICO 80micras MIC"
44772,CPS0019,CONSUMO DE LAMINADO
44773,43809,"LAMINADO 109,09MM PAPEL SINTETICO 80micras MIC"
44773,CPS0019,CONSUMO DE LAMINADO
44774,CPS0019,CONSUMO DE LAMINADO
44774,43809,"LAMINADO 109,09MM PAPEL SINTETICO 80micras MIC"
44775,43809,"LAMINADO 109,09MM PAPEL SINTETICO 80micras MIC"
44775,CPS0019,CONSUMO DE LAMINADO
44776,CPS0019,CONSUMO DE LAMINADO
44776,43809,"LAMINADO 109,09MM PAPEL SINTETICO 80micras MIC"
44777,43809,"LAMINADO 109,09MM PAPEL SINTETICO 80micras MIC"
44777,CPS0019,CONSUMO DE LAMINADO
44778,43809,"LAMINADO 109,09MM PAPEL SINTETICO 80micras MIC"
44778,CPS0019,CONSUMO DE LAMINADO
44781,38608,LAMINADO 110MM HG FASCOVER AT20 7636
44781,CPS0019,CONSUMO DE LAMINADO
44782,38608,LAMINADO 110MM HG FASCOVER AT20 7636
44782,CPS0019,CONSUMO DE LAMINADO
44784,43349,LAMINADO 110MM PAPEL BLANCO S.BRILLO 80/P4
44784,CPS0019,CONSUMO DE LAMINADO
44812,43349,LAMINADO 110MM PAPEL BLANCO S.BRILLO 80/P4
44812,CPS0019,CONSUMO DE LAMINADO
44813,CPS0019,CONSUMO DE LAMINADO
44813,43349,LAMINADO 110MM PAPEL BLANCO S.BRILLO 80/P4
44814,43349,LAMINADO 110MM PAPEL BLANCO S.BRILLO 80/P4
44814,CPS0019,CONSUMO DE LAMINADO
44817,CPS0019,CONSUMO DE LAMINADO
44817,43349,LAMINADO 110MM PAPEL BLANCO S.BRILLO 80/P4
44818,43349,LAMINADO 110MM PAPEL BLANCO S.BRILLO 80/P4
44818,CPS0019,CONSUMO DE LAMINADO
44824,43299,LAMINADO 110MM PAPEL TRANSFER TT64/PH
44824,CPS0019,CONSUMO DE LAMINADO
44832,43196,LAMINADO 160MM PAPEL SEMIBRILLO 80/P4 ARC
44832,CPS0019,CONSUMO DE LAMINADO
44833,43196,LAMINADO 160MM PAPEL SEMIBRILLO 80/P4 ARC
44833,CPS0019,CONSUMO DE LAMINADO
44842,43263,LAMINADO 110MM PAPEL SEMIBRILLO 80/P ARC
44842,CPS0019,CONSUMO DE LAMINADO
44843,43263,LAMINADO 110MM PAPEL SEMIBRILLO 80/P ARC
44843,CPS0019,CONSUMO DE LAMINADO
44844,43263,LAMINADO 110MM PAPEL SEMIBRILLO 80/P ARC
44844,CPS0019,CONSUMO DE LAMINADO
44847,43263,LAMINADO 110MM PAPEL SEMIBRILLO 80/P ARC
44847,CPS0019,CONSUMO DE LAMINADO
44848,43264,LAMINADO 160MM PAPEL SEMIBRILLO 80/P ARC
44848,CPS0019,CONSUMO DE LAMINADO
44860,45591,LAMINADO 330MM PP CLEAR ON CLEAR 2519 50M TC PET30M AP 901
44860,CPS0019,CONSUMO DE LAMINADO
44863,43349,LAMINADO 110MM PAPEL BLANCO S.BRILLO 80/P4
44863,CPS0019,CONSUMO DE LAMINADO
44877,CPS0019,CONSUMO DE LAMINADO
44877,709,LAMINADO 110MM PAPEL SEMIBRILLO 6770 80G AP 904 RI
44881,43263,LAMINADO 110MM PAPEL SEMIBRILLO 80/P ARC
44881,CPS0019,CONSUMO DE LAMINADO
44895,CPS0019,CONSUMO DE LAMINADO
44895,709,LAMINADO 110MM PAPEL SEMIBRILLO 6770 80G AP 904 RI
44977,44927,LAMINADO 330MM PAPEL SEMIBRILLO L80-PH-G62S ( EXACTO) ARP
44977,CPS0019,CONSUMO DE LAMINADO
44985,44962,LAMINADO 157MM GREEN PAPER HP 2300/GL60
44985,CPS0019,CONSUMO DE LAMINADO
45011,43321,LAMINADO 300MM PAPEL SEMIBRILLO 80/P ARC
45011,CPS0019,CONSUMO DE LAMINADO
45012,709,LAMINADO 110MM PAPEL SEMIBRILLO 6770 80G AP 904 RI
45012,CPS0019,CONSUMO DE LAMINADO
45024,44626,LAMINADO 110MM PPDL54P4 OPTIMA MATE AF1000 G60 ARC
45024,CPS0019,CONSUMO DE LAMINADO
45026,CPS0019,CONSUMO DE LAMINADO
45026,709,LAMINADO 110MM PAPEL SEMIBRILLO 6770 80G AP 904 RI
45029,709,LAMINADO 110MM PAPEL SEMIBRILLO 6770 80G AP 904 RI
45029,CPS0019,CONSUMO DE LAMINADO
45030,CPS0019,CONSUMO DE LAMINADO
45030,709,LAMINADO 110MM PAPEL SEMIBRILLO 6770 80G AP 904 RI
45037,41346,LAMINADO 111MM PP TRANSP. 4-RL2D-03838 RI707/50 TC8 RI
45037,CPS0019,CONSUMO DE LAMINADO
45053,709,LAMINADO 110MM PAPEL SEMIBRILLO 6770 80G AP 904 RI
45053,CPS0019,CONSUMO DE LAMINADO
45060,44626,LAMINADO 110MM PPDL54P4 OPTIMA MATE AF1000 G60 ARC
45060,CPS0019,CONSUMO DE LAMINADO
45073,43263,LAMINADO 110MM PAPEL SEMIBRILLO 80/P ARC
45073,CPS0019,CONSUMO DE LAMINADO
45076,42555,LAMINADO 200MM PP TRANSP. PPT50P-P1-G62S ARC
45076,CPS0019,CONSUMO DE LAMINADO
45077,43264,LAMINADO 160MM PAPEL SEMIBRILLO 80/P ARC
45077,CPS0019,CONSUMO DE LAMINADO
45078,43264,LAMINADO 160MM PAPEL SEMIBRILLO 80/P ARC
45078,CPS0019,CONSUMO DE LAMINADO
45105,42252,LAMINADO CINTA P/LAM  PP TRANSP. 300MM BRILLANTE 24M
45105,44261,LAMINADO 300MM PPDL54P4 OPTIMA MATE AF1000 G60 ARC
45105,CPS0019,CONSUMO DE LAMINADO
45106,42252,LAMINADO CINTA P/LAM  PP TRANSP. 300MM BRILLANTE 24M
45106,44261,LAMINADO 300MM PPDL54P4 OPTIMA MATE AF1000 G60 ARC
45106,CPS0019,CONSUMO DE LAMINADO
45108,719,LAMINADO 100MM PAPEL BLANCO SEMIBRILLO RI
45108,CPS0019,CONSUMO DE LAMINADO
45111,42479,LAMINADO 100MM PAPEL TRANSFER  AT20 F13600
45111,CPS0019,CONSUMO DE LAMINADO
45129,44626,LAMINADO 110MM PPDL54P4 OPTIMA MATE AF1000 G60 ARC
45129,CPS0019,CONSUMO DE LAMINADO
45138,40500,LAMINADO 160MM BOPP  BLACO. 60 UTC RI 707/BL 8065 EXACTO
45138,43452,LAMINADO 160MM PP BCO BTE P4 38M G58 ARC
45138,CPS0019,CONSUMO DE LAMINADO
45141,CPS0019,CONSUMO DE LAMINADO
45141,44955,LAMINADO 280MM BOPP BLCO. BRITE. RITRAMA (8065)
45151,43178,LAMINADO 330MM PAPEL SEMIBRILLO L80-P3H  EXACTO
45151,CPS0019,CONSUMO DE LAMINADO
45159,CPS0019,CONSUMO DE LAMINADO
45159,54024,LAMINADO 330MM PAPEL TRANSFER PREMIUM EXTRA / RP51 / WHITE KRAFT 65 UPM
45163,CPS0019,CONSUMO DE LAMINADO
45163,719,LAMINADO 100MM PAPEL BLANCO SEMIBRILLO RI
45164,711,LAMINADO 160MM PAPEL SEMIBRILLO 6770 80G AP 904 RI
45164,CPS0019,CONSUMO DE LAMINADO
45165,710,LAMINADO 167 WINEGLASS (AUTOMATICO) PT220 ECO
45165,CPS0019,CONSUMO DE LAMINADO
45171,43263,LAMINADO 110MM PAPEL SEMIBRILLO 80/P ARC
45171,CPS0019,CONSUMO DE LAMINADO
45172,CPS0019,CONSUMO DE LAMINADO
45172,709,LAMINADO 110MM PAPEL SEMIBRILLO 6770 80G AP 904 RI
45186,40500,LAMINADO 160MM BOPP  BLACO. 60 UTC RI 707/BL 8065 EXACTO
45186,43452,LAMINADO 160MM PP BCO BTE P4 38M G58 ARC
45186,CPS0019,CONSUMO DE LAMINADO
45187,43626,LAMINADO 180MM PAPEL SEMIBRILLO L80-PH-G62S (CORTE EXACTO) ARP
45187,CPS0019,CONSUMO DE LAMINADO
45189,CPS0019,CONSUMO DE LAMINADO
45189,43437,LAMINADO 157MM PP BCO BTE 64M/P1 SAMSON
45190,CPS0019,CONSUMO DE LAMINADO
45190,43437,LAMINADO 157MM PP BCO BTE 64M/P1 SAMSON
45191,CPS0019,CONSUMO DE LAMINADO
45191,59712,LAMINADO 330MM FOAMTAC II AD
45200,CPS0019,CONSUMO DE LAMINADO
45200,43177,"""LAMINADO 200MM PAPEL SEMIBRILLO 80/P3H """"CLAMSHELLS"""""""
45201,43177,"""LAMINADO 200MM PAPEL SEMIBRILLO 80/P3H """"CLAMSHELLS"""""""
45201,CPS0019,CONSUMO DE LAMINADO
45207,44962,LAMINADO 157MM GREEN PAPER HP 2300/GL60
45207,CPS0019,CONSUMO DE LAMINADO
45213,43349,LAMINADO 110MM PAPEL BLANCO S.BRILLO 80/P4
45213,CPS0019,CONSUMO DE LAMINADO
45215,43573,LAMINADO 200MM PPBB60-P1-G62S
45215,CPS0019,CONSUMO DE LAMINADO
45217,40508,LAMINADO 330MM BOPP  BLACO. 60 UTC RI 707/BL 8065 EXACTO
45217,CPS0019,CONSUMO DE LAMINADO
45227,CPS0019,CONSUMO DE LAMINADO
45227,709,LAMINADO 110MM PAPEL SEMIBRILLO 6770 80G AP 904 RI
45235,40500,LAMINADO 160MM BOPP  BLACO. 60 UTC RI 707/BL 8065 EXACTO
45235,CPS0019,CONSUMO DE LAMINADO
45235,43452,LAMINADO 160MM PP BCO BTE P4 38M G58 ARC
45238,40500,LAMINADO 160MM BOPP  BLACO. 60 UTC RI 707/BL 8065 EXACTO
45238,43452,LAMINADO 160MM PP BCO BTE P4 38M G58 ARC
45238,CPS0019,CONSUMO DE LAMINADO
45239,40500,LAMINADO 160MM BOPP  BLACO. 60 UTC RI 707/BL 8065 EXACTO
45239,43452,LAMINADO 160MM PP BCO BTE P4 38M G58 ARC
45239,CPS0019,CONSUMO DE LAMINADO
45245,43349,LAMINADO 110MM PAPEL BLANCO S.BRILLO 80/P4
45245,CPS0019,CONSUMO DE LAMINADO
45246,44892,LAMINADO 200MM PPBB60-P4-G62S
45246,CPS0019,CONSUMO DE LAMINADO
45248,38978,LAMINADO 333MM PP TRANSPARENTE 50TC S0208 BG62B
45248,CPS0019,CONSUMO DE LAMINADO
45259,CPS0019,CONSUMO DE LAMINADO
45259,56353,LAMINADO 160MM GREEN PAPER ADH ST / GL62 INNO
45260,44962,LAMINADO 157MM GREEN PAPER HP 2300/GL60
45260,CPS0019,CONSUMO DE LAMINADO
45262,43437,LAMINADO 157MM PP BCO BTE 64M/P1 SAMSON
45262,CPS0019,CONSUMO DE LAMINADO
45264,43973,LAMINADO 110MM PAPEL SINTETICO 200 micras MIC
45264,CPS0019,CONSUMO DE LAMINADO
45265,38978,LAMINADO 333MM PP TRANSPARENTE 50TC S0208 BG62B
45265,CPS0019,CONSUMO DE LAMINADO
45266,38978,LAMINADO 333MM PP TRANSPARENTE 50TC S0208 BG62B
45266,CPS0019,CONSUMO DE LAMINADO
45267,38978,LAMINADO 333MM PP TRANSPARENTE 50TC S0208 BG62B
45267,CPS0019,CONSUMO DE LAMINADO
45269,38978,LAMINADO 333MM PP TRANSPARENTE 50TC S0208 BG62B
45269,CPS0019,CONSUMO DE LAMINADO
45270,42556,LAMINADO 250MM PP TRANSPARENTE 50TC S0208 BG62B
45270,CPS0019,CONSUMO DE LAMINADO
45271,42684,LAMINADO 300MM PP TRANSP. (7559) 50TC S0208 BG62B
45271,CPS0019,CONSUMO DE LAMINADO
45272,45278,LAMINADO 270MM PP TRANSPARENTE 50TC S0208 BG62B
45272,CPS0019,CONSUMO DE LAMINADO
45284,43177,"""LAMINADO 200MM PAPEL SEMIBRILLO 80/P3H """"CLAMSHELLS"""""""
45284,CPS0019,CONSUMO DE LAMINADO
45286,709,LAMINADO 110MM PAPEL SEMIBRILLO 6770 80G AP 904 RI
45286,CPS0019,CONSUMO DE LAMINADO
45299,40500,LAMINADO 160MM BOPP  BLACO. 60 UTC RI 707/BL 8065 EXACTO
45299,43452,LAMINADO 160MM PP BCO BTE P4 38M G58 ARC
45299,CPS0019,CONSUMO DE LAMINADO
45304,43437,LAMINADO 157MM PP BCO BTE 64M/P1 SAMSON
45304,CPS0019,CONSUMO DE LAMINADO
45305,CPS0019,CONSUMO DE LAMINADO
45305,46344,LAMINADO 160MM PPBB60-P1-G62S (Samson)
45309,43309,LAMINADO 330MM PAPEL SEMIBRILLO 80/P ARC
45309,CPS0019,CONSUMO DE LAMINADO
45310,38978,LAMINADO 333MM PP TRANSPARENTE 50TC S0208 BG62B
45310,CPS0019,CONSUMO DE LAMINADO
45314,CPS0019,CONSUMO DE LAMINADO
45314,709,LAMINADO 110MM PAPEL SEMIBRILLO 6770 80G AP 904 RI
45315,709,LAMINADO 110MM PAPEL SEMIBRILLO 6770 80G AP 904 RI
45315,CPS0019,CONSUMO DE LAMINADO
45316,709,LAMINADO 110MM PAPEL SEMIBRILLO 6770 80G AP 904 RI
45316,CPS0019,CONSUMO DE LAMINADO
45317,711,LAMINADO 160MM PAPEL SEMIBRILLO 6770 80G AP 904 RI
45317,CPS0019,CONSUMO DE LAMINADO
45318,CPS0019,CONSUMO DE LAMINADO
45318,43626,LAMINADO 180MM PAPEL SEMIBRILLO L80-PH-G62S (CORTE EXACTO) ARP
45320,43695,LAMINADO 333MM PP TRANSP. PPT50P-P1-G62S ARC
45320,CPS0019,CONSUMO DE LAMINADO
45321,38978,LAMINADO 333MM PP TRANSPARENTE 50TC S0208 BG62B
45321,CPS0019,CONSUMO DE LAMINADO
45322,38978,LAMINADO 333MM PP TRANSPARENTE 50TC S0208 BG62B
45322,CPS0019,CONSUMO DE LAMINADO
45323,38978,LAMINADO 333MM PP TRANSPARENTE 50TC S0208 BG62B
45323,CPS0019,CONSUMO DE LAMINADO
45325,38978,LAMINADO 333MM PP TRANSPARENTE 50TC S0208 BG62B
45325,CPS0019,CONSUMO DE LAMINADO
45326,38978,LAMINADO 333MM PP TRANSPARENTE 50TC S0208 BG62B
45326,CPS0019,CONSUMO DE LAMINADO
45331,43263,LAMINADO 110MM PAPEL SEMIBRILLO 80/P ARC
45331,CPS0019,CONSUMO DE LAMINADO
45332,CPS0019,CONSUMO DE LAMINADO
45332,45206,LAMINADO 160MM PAPEL TERMICO T70/P ARC
45333,CPS0019,CONSUMO DE LAMINADO
45333,45206,LAMINADO 160MM PAPEL TERMICO T70/P ARC
45341,42718,LAMINADO FOLIA ORO COLDFOIL 160MM
45341,711,LAMINADO 160MM PAPEL SEMIBRILLO 6770 80G AP 904 RI
45341,CPS0019,CONSUMO DE LAMINADO
45342,CPS0019,CONSUMO DE LAMINADO
45342,46344,LAMINADO 160MM PPBB60-P1-G62S (Samson)
45343,43437,LAMINADO 157MM PP BCO BTE 64M/P1 SAMSON
45343,CPS0019,CONSUMO DE LAMINADO
45346,43437,LAMINADO 157MM PP BCO BTE 64M/P1 SAMSON
45346,CPS0019,CONSUMO DE LAMINADO
45347,CPS0019,CONSUMO DE LAMINADO
45347,43437,LAMINADO 157MM PP BCO BTE 64M/P1 SAMSON
45349,43437,LAMINADO 157MM PP BCO BTE 64M/P1 SAMSON
45349,CPS0019,CONSUMO DE LAMINADO
45352,CPS0019,CONSUMO DE LAMINADO
45352,709,LAMINADO 110MM PAPEL SEMIBRILLO 6770 80G AP 904 RI
45362,44822,LAMINADO 160MM PP TRANSP. PPT50P-P1-G62S ARC
45362,CPS0019,CONSUMO DE LAMINADO
45364,38978,LAMINADO 333MM PP TRANSPARENTE 50TC S0208 BG62B
45364,CPS0019,CONSUMO DE LAMINADO
45366,CPS0019,CONSUMO DE LAMINADO
45366,46344,LAMINADO 160MM PPBB60-P1-G62S (Samson)
45367,CPS0019,CONSUMO DE LAMINADO
45367,43437,LAMINADO 157MM PP BCO BTE 64M/P1 SAMSON
45368,43178,LAMINADO 330MM PAPEL SEMIBRILLO L80-P3H  EXACTO
45368,CPS0019,CONSUMO DE LAMINADO
45369,43178,LAMINADO 330MM PAPEL SEMIBRILLO L80-P3H  EXACTO
45369,CPS0019,CONSUMO DE LAMINADO
45373,43437,LAMINADO 157MM PP BCO BTE 64M/P1 SAMSON
45373,CPS0019,CONSUMO DE LAMINADO
45375,43437,LAMINADO 157MM PP BCO BTE 64M/P1 SAMSON
45375,CPS0019,CONSUMO DE LAMINADO
45376,CPS0019,CONSUMO DE LAMINADO
45376,57755,LAMINADO 160MM PP BCO BTE PPBB60-P ARP (SAMSON/ARP)
45377,CPS0019,CONSUMO DE LAMINADO
45377,46344,LAMINADO 160MM PPBB60-P1-G62S (Samson)
45394,38978,LAMINADO 333MM PP TRANSPARENTE 50TC S0208 BG62B
45394,CPS0019,CONSUMO DE LAMINADO
45396,38978,LAMINADO 333MM PP TRANSPARENTE 50TC S0208 BG62B
45396,CPS0019,CONSUMO DE LAMINADO
45411,43437,LAMINADO 157MM PP BCO BTE 64M/P1 SAMSON
45411,CPS0019,CONSUMO DE LAMINADO
45412,43437,LAMINADO 157MM PP BCO BTE 64M/P1 SAMSON
45412,CPS0019,CONSUMO DE LAMINADO
45422,40500,LAMINADO 160MM BOPP  BLACO. 60 UTC RI 707/BL 8065 EXACTO
45422,43452,LAMINADO 160MM PP BCO BTE P4 38M G58 ARC
45422,CPS0019,CONSUMO DE LAMINADO
45436,CPS0019,CONSUMO DE LAMINADO
45436,56777,LAMINADO 300MM PAPEL SEMIBRILLO L80-P6H-G62S ARC
45443,44626,LAMINADO 110MM PPDL54P4 OPTIMA MATE AF1000 G60 ARC
45443,CPS0019,CONSUMO DE LAMINADO
45445,CPS0019,CONSUMO DE LAMINADO
45445,44901,LAMINADO 250MM PP BLANCO 64M/P4
45447,CPS0019,CONSUMO DE LAMINADO
45447,45459,LAMINADO 330 MM POLIOLEFINA 50u TRANSPARENTE GLOBAL MDO TC NTC/S7000 PET23u
45448,45459,LAMINADO 330 MM POLIOLEFINA 50u TRANSPARENTE GLOBAL MDO TC NTC/S7000 PET23u
45448,CPS0019,CONSUMO DE LAMINADO
45449,45459,LAMINADO 330 MM POLIOLEFINA 50u TRANSPARENTE GLOBAL MDO TC NTC/S7000 PET23u
45449,CPS0019,CONSUMO DE LAMINADO
45450,CPS0019,CONSUMO DE LAMINADO
45450,45459,LAMINADO 330 MM POLIOLEFINA 50u TRANSPARENTE GLOBAL MDO TC NTC/S7000 PET23u
45457,40500,LAMINADO 160MM BOPP  BLACO. 60 UTC RI 707/BL 8065 EXACTO
45457,43452,LAMINADO 160MM PP BCO BTE P4 38M G58 ARC
45457,CPS0019,CONSUMO DE LAMINADO
45476,CPS0019,CONSUMO DE LAMINADO
45476,45278,LAMINADO 270MM PP TRANSPARENTE 50TC S0208 BG62B
45477,38978,LAMINADO 333MM PP TRANSPARENTE 50TC S0208 BG62B
45477,CPS0019,CONSUMO DE LAMINADO
45478,43695,LAMINADO 333MM PP TRANSP. PPT50P-P1-G62S ARC
45478,CPS0019,CONSUMO DE LAMINADO
45481,43695,LAMINADO 333MM PP TRANSP. PPT50P-P1-G62S ARC
45481,CPS0019,CONSUMO DE LAMINADO
45489,43695,LAMINADO 333MM PP TRANSP. PPT50P-P1-G62S ARC
45489,CPS0019,CONSUMO DE LAMINADO
45490,CPS0019,CONSUMO DE LAMINADO
45490,43695,LAMINADO 333MM PP TRANSP. PPT50P-P1-G62S ARC
45491,43695,LAMINADO 333MM PP TRANSP. PPT50P-P1-G62S ARC
45491,CPS0019,CONSUMO DE LAMINADO
45492,43695,LAMINADO 333MM PP TRANSP. PPT50P-P1-G62S ARC
45492,CPS0019,CONSUMO DE LAMINADO
45493,CPS0019,CONSUMO DE LAMINADO
45493,43695,LAMINADO 333MM PP TRANSP. PPT50P-P1-G62S ARC
45496,43695,LAMINADO 333MM PP TRANSP. PPT50P-P1-G62S ARC
45496,CPS0019,CONSUMO DE LAMINADO
45498,43695,LAMINADO 333MM PP TRANSP. PPT50P-P1-G62S ARC
45498,CPS0019,CONSUMO DE LAMINADO
45499,711,LAMINADO 160MM PAPEL SEMIBRILLO 6770 80G AP 904 RI
45499,CPS0019,CONSUMO DE LAMINADO
45504,43264,LAMINADO 160MM PAPEL SEMIBRILLO 80/P ARC
45504,CPS0019,CONSUMO DE LAMINADO
45510,38688,LAMINADO 100MM PAPEL SINTETICO 250 micras MIC
45510,CPS0019,CONSUMO DE LAMINADO
45514,43695,LAMINADO 333MM PP TRANSP. PPT50P-P1-G62S ARC
45514,CPS0019,CONSUMO DE LAMINADO
45516,43695,LAMINADO 333MM PP TRANSP. PPT50P-P1-G62S ARC
45516,CPS0019,CONSUMO DE LAMINADO
45521,46344,LAMINADO 160MM PPBB60-P1-G62S (Samson)
45521,CPS0019,CONSUMO DE LAMINADO
45522,44626,LAMINADO 110MM PPDL54P4 OPTIMA MATE AF1000 G60 ARC
45522,CPS0019,CONSUMO DE LAMINADO
45523,44626,LAMINADO 110MM PPDL54P4 OPTIMA MATE AF1000 G60 ARC
45523,CPS0019,CONSUMO DE LAMINADO
45524,44626,LAMINADO 110MM PPDL54P4 OPTIMA MATE AF1000 G60 ARC
45524,CPS0019,CONSUMO DE LAMINADO
45528,40500,LAMINADO 160MM BOPP  BLACO. 60 UTC RI 707/BL 8065 EXACTO
45528,CPS0019,CONSUMO DE LAMINADO
45528,43452,LAMINADO 160MM PP BCO BTE P4 38M G58 ARC
45529,43695,LAMINADO 333MM PP TRANSP. PPT50P-P1-G62S ARC
45529,CPS0019,CONSUMO DE LAMINADO
45530,43695,LAMINADO 333MM PP TRANSP. PPT50P-P1-G62S ARC
45530,CPS0019,CONSUMO DE LAMINADO
45531,43695,LAMINADO 333MM PP TRANSP. PPT50P-P1-G62S ARC
45531,CPS0019,CONSUMO DE LAMINADO
45534,43695,LAMINADO 333MM PP TRANSP. PPT50P-P1-G62S ARC
45534,CPS0019,CONSUMO DE LAMINADO
45535,CPS0019,CONSUMO DE LAMINADO
45535,43695,LAMINADO 333MM PP TRANSP. PPT50P-P1-G62S ARC
45537,43437,LAMINADO 157MM PP BCO BTE 64M/P1 SAMSON
45537,CPS0019,CONSUMO DE LAMINADO
45538,43390,LAMINADO 330MM PP BLANCO 64M/P1
45538,CPS0019,CONSUMO DE LAMINADO
45541,43695,LAMINADO 333MM PP TRANSP. PPT50P-P1-G62S ARC
45541,CPS0019,CONSUMO DE LAMINADO
45542,43695,LAMINADO 333MM PP TRANSP. PPT50P-P1-G62S ARC
45542,CPS0019,CONSUMO DE LAMINADO
45543,709,LAMINADO 110MM PAPEL SEMIBRILLO 6770 80G AP 904 RI
45543,CPS0019,CONSUMO DE LAMINADO
45546,41346,LAMINADO 111MM PP TRANSP. 4-RL2D-03838 RI707/50 TC8 RI
45546,CPS0019,CONSUMO DE LAMINADO
45547,CPS0019,CONSUMO DE LAMINADO
45547,86,LAMINADO SINCLAIR 17681 157MM TYPE 31
45550,CPS0019,CONSUMO DE LAMINADO
45550,43973,LAMINADO 110MM PAPEL SINTETICO 200 micras MIC
45551,43263,LAMINADO 110MM PAPEL SEMIBRILLO 80/P ARC
45551,CPS0019,CONSUMO DE LAMINADO
45555,43695,LAMINADO 333MM PP TRANSP. PPT50P-P1-G62S ARC
45555,CPS0019,CONSUMO DE LAMINADO
45557,45559,LAMINADO 250MM PP TRANSPARENTE RESPALDO PET T50/P1 PST30
45557,CPS0019,CONSUMO DE LAMINADO
45561,43349,LAMINADO 110MM PAPEL BLANCO S.BRILLO 80/P4
45561,CPS0019,CONSUMO DE LAMINADO
45562,CPS0019,CONSUMO DE LAMINADO
45562,43695,LAMINADO 333MM PP TRANSP. PPT50P-P1-G62S ARC
45564,38978,LAMINADO 333MM PP TRANSPARENTE 50TC S0208 BG62B
45564,CPS0019,CONSUMO DE LAMINADO
45566,43264,LAMINADO 160MM PAPEL SEMIBRILLO 80/P ARC
45566,CPS0019,CONSUMO DE LAMINADO
45567,43263,LAMINADO 110MM PAPEL SEMIBRILLO 80/P ARC
45567,CPS0019,CONSUMO DE LAMINADO
45571,39682,LAMINADO 200MM BOPP PERLADO( 07358 ) RI 757/PR SK 60 AP901
45571,CPS0019,CONSUMO DE LAMINADO
45575,38978,LAMINADO 333MM PP TRANSPARENTE 50TC S0208 BG62B
45575,CPS0019,CONSUMO DE LAMINADO
45589,43797,LAMINADO 320MM PAPEL TRANSFER  AT20 F13600
45589,CPS0019,CONSUMO DE LAMINADO
45590,CPS0019,CONSUMO DE LAMINADO
45590,54024,LAMINADO 330MM PAPEL TRANSFER PREMIUM EXTRA / RP51 / WHITE KRAFT 65 UPM
45592,CPS0019,CONSUMO DE LAMINADO
45592,54353,LAMINADO 330MM PPDL54P4 OPTIMA MATE AF1000 G60 ARC
45604,43695,LAMINADO 333MM PP TRANSP. PPT50P-P1-G62S ARC
45604,CPS0019,CONSUMO DE LAMINADO
45605,40500,LAMINADO 160MM BOPP  BLACO. 60 UTC RI 707/BL 8065 EXACTO
45605,43452,LAMINADO 160MM PP BCO BTE P4 38M G58 ARC
45605,CPS0019,CONSUMO DE LAMINADO
45608,43784,LAMINADO 110MM PP BLANCO 64 M/P1
45608,CPS0019,CONSUMO DE LAMINADO
45609,43784,LAMINADO 110MM PP BLANCO 64 M/P1
45609,CPS0019,CONSUMO DE LAMINADO
45610,43784,LAMINADO 110MM PP BLANCO 64 M/P1
45610,CPS0019,CONSUMO DE LAMINADO
45611,43784,LAMINADO 110MM PP BLANCO 64 M/P1
45611,CPS0019,CONSUMO DE LAMINADO
45612,43784,LAMINADO 110MM PP BLANCO 64 M/P1
45612,CPS0019,CONSUMO DE LAMINADO
45613,CPS0019,CONSUMO DE LAMINADO
45613,709,LAMINADO 110MM PAPEL SEMIBRILLO 6770 80G AP 904 RI
45614,CPS0019,CONSUMO DE LAMINADO
45614,709,LAMINADO 110MM PAPEL SEMIBRILLO 6770 80G AP 904 RI
45615,CPS0019,CONSUMO DE LAMINADO
45615,709,LAMINADO 110MM PAPEL SEMIBRILLO 6770 80G AP 904 RI
45616,CPS0019,CONSUMO DE LAMINADO
45616,709,LAMINADO 110MM PAPEL SEMIBRILLO 6770 80G AP 904 RI
45617,CPS0019,CONSUMO DE LAMINADO
45617,709,LAMINADO 110MM PAPEL SEMIBRILLO 6770 80G AP 904 RI
45618,CPS0019,CONSUMO DE LAMINADO
45618,709,LAMINADO 110MM PAPEL SEMIBRILLO 6770 80G AP 904 RI
45619,CPS0019,CONSUMO DE LAMINADO
45619,709,LAMINADO 110MM PAPEL SEMIBRILLO 6770 80G AP 904 RI
45628,CPS0019,CONSUMO DE LAMINADO
45628,45635,LAMINADO 125MM PAPEL TRANSFER  AT20
45639,46344,LAMINADO 160MM PPBB60-P1-G62S (Samson)
45639,CPS0019,CONSUMO DE LAMINADO
45647,43695,LAMINADO 333MM PP TRANSP. PPT50P-P1-G62S ARC
45647,CPS0019,CONSUMO DE LAMINADO
45651,43695,LAMINADO 333MM PP TRANSP. PPT50P-P1-G62S ARC
45651,CPS0019,CONSUMO DE LAMINADO
45664,40500,LAMINADO 160MM BOPP  BLACO. 60 UTC RI 707/BL 8065 EXACTO
45664,43452,LAMINADO 160MM PP BCO BTE P4 38M G58 ARC
45664,CPS0019,CONSUMO DE LAMINADO
45665,CPS0019,CONSUMO DE LAMINADO
45665,45548,LAMINADO 157MM PPDL54P4 OPTIMA MATE AF1000 G60 ARC
45666,46344,LAMINADO 160MM PPBB60-P1-G62S (Samson)
45666,CPS0019,CONSUMO DE LAMINADO
45677,40500,LAMINADO 160MM BOPP  BLACO. 60 UTC RI 707/BL 8065 EXACTO
45677,43452,LAMINADO 160MM PP BCO BTE P4 38M G58 ARC
45677,CPS0019,CONSUMO DE LAMINADO
45681,45682,LAMINADO 333MM PAPEL TERMICO T70/P ARC
45681,CPS0019,CONSUMO DE LAMINADO
45692,43263,LAMINADO 110MM PAPEL SEMIBRILLO 80/P ARC
45692,CPS0019,CONSUMO DE LAMINADO
45693,44626,LAMINADO 110MM PPDL54P4 OPTIMA MATE AF1000 G60 ARC
45693,CPS0019,CONSUMO DE LAMINADO
45696,43349,LAMINADO 110MM PAPEL BLANCO S.BRILLO 80/P4
45696,CPS0019,CONSUMO DE LAMINADO
45697,43349,LAMINADO 110MM PAPEL BLANCO S.BRILLO 80/P4
45697,CPS0019,CONSUMO DE LAMINADO
45713,46036,LAMINADO 110MM PAPEL SEMIBRILLO L80-PH-G62S (EXACTO) ARP
45713,CPS0019,CONSUMO DE LAMINADO
45718,45650,LAMINADO 260MM PAPEL SEMIBRILLO F0204B /AT20/40#SCK AD
45718,CPS0019,CONSUMO DE LAMINADO
45728,710,LAMINADO 167 WINEGLASS (AUTOMATICO) PT220 ECO
45728,CPS0019,CONSUMO DE LAMINADO
45729,40500,LAMINADO 160MM BOPP  BLACO. 60 UTC RI 707/BL 8065 EXACTO
45729,43452,LAMINADO 160MM PP BCO BTE P4 38M G58 ARC
45729,CPS0019,CONSUMO DE LAMINADO
45736,CPS0019,CONSUMO DE LAMINADO
45736,46036,LAMINADO 110MM PAPEL SEMIBRILLO L80-PH-G62S (EXACTO) ARP
45741,46344,LAMINADO 160MM PPBB60-P1-G62S (Samson)
45741,CPS0019,CONSUMO DE LAMINADO
45750,45548,LAMINADO 157MM PPDL54P4 OPTIMA MATE AF1000 G60 ARC
45750,CPS0019,CONSUMO DE LAMINADO
45751,43695,LAMINADO 333MM PP TRANSP. PPT50P-P1-G62S ARC
45751,CPS0019,CONSUMO DE LAMINADO
45758,45650,LAMINADO 260MM PAPEL SEMIBRILLO F0204B /AT20/40#SCK AD
45758,CPS0019,CONSUMO DE LAMINADO
45761,40500,LAMINADO 160MM BOPP  BLACO. 60 UTC RI 707/BL 8065 EXACTO
45761,43452,LAMINADO 160MM PP BCO BTE P4 38M G58 ARC
45761,CPS0019,CONSUMO DE LAMINADO
45766,43400,LAMINADO 200MM PAPEL SEMIBRILLO 80/P4 ARC
45766,CPS0019,CONSUMO DE LAMINADO
45774,44828,LAMINADO 250MM PPBB60-P1-G62S
45774,CPS0019,CONSUMO DE LAMINADO
45775,54024,LAMINADO 330MM PAPEL TRANSFER PREMIUM EXTRA / RP51 / WHITE KRAFT 65 UPM
45775,CPS0019,CONSUMO DE LAMINADO
45776,40039,LAMINADO CINTA P/LAMINAR  PP TRANSP. 160MM OLPP24-B-1500
45776,42718,LAMINADO FOLIA ORO COLDFOIL 160MM
45776,CPS0019,CONSUMO DE LAMINADO
45776,46802,LAMINADO 200MM PP BLANCO TC 40 MICRAS  02176 RI757
45808,40500,LAMINADO 160MM BOPP  BLACO. 60 UTC RI 707/BL 8065 EXACTO
45808,43452,LAMINADO 160MM PP BCO BTE P4 38M G58 ARC
45808,CPS0019,CONSUMO DE LAMINADO
45809,40500,LAMINADO 160MM BOPP  BLACO. 60 UTC RI 707/BL 8065 EXACTO
45809,43452,LAMINADO 160MM PP BCO BTE P4 38M G58 ARC
45809,CPS0019,CONSUMO DE LAMINADO
45810,40500,LAMINADO 160MM BOPP  BLACO. 60 UTC RI 707/BL 8065 EXACTO
45810,43452,LAMINADO 160MM PP BCO BTE P4 38M G58 ARC
45810,CPS0019,CONSUMO DE LAMINADO
45813,CPS0019,CONSUMO DE LAMINADO
45813,45884,LAMINADO 330MM PAPEL SEMIBRILLO 80-P4H-G62 ARC
45814,44626,LAMINADO 110MM PPDL54P4 OPTIMA MATE AF1000 G60 ARC
45814,CPS0019,CONSUMO DE LAMINADO
45832,43432,LAMINADO 200MM PAPEL SEMIBRILLO L80-PH-G62S ARP
45832,44869,"LAMINADO FOLIA ORO MATE COLDFOIL 152,5  MM 428"
45832,CPS0019,CONSUMO DE LAMINADO
45833,43309,LAMINADO 330MM PAPEL SEMIBRILLO 80/P ARC
45833,CPS0019,CONSUMO DE LAMINADO
45833,46169,LAMINADO FOLIA ORO COLDFOIL 290MM DGCF-613-OP
45836,43695,LAMINADO 333MM PP TRANSP. PPT50P-P1-G62S ARC
45836,CPS0019,CONSUMO DE LAMINADO
45852,CPS0019,CONSUMO DE LAMINADO
45852,711,LAMINADO 160MM PAPEL SEMIBRILLO 6770 80G AP 904 RI
45853,711,LAMINADO 160MM PAPEL SEMIBRILLO 6770 80G AP 904 RI
45853,CPS0019,CONSUMO DE LAMINADO
45854,711,LAMINADO 160MM PAPEL SEMIBRILLO 6770 80G AP 904 RI
45854,CPS0019,CONSUMO DE LAMINADO
45855,711,LAMINADO 160MM PAPEL SEMIBRILLO 6770 80G AP 904 RI
45855,CPS0019,CONSUMO DE LAMINADO
45857,CPS0019,CONSUMO DE LAMINADO
45857,58210,LAMINADO 330MM PAPEL TRANSFER RP51 - WHITE GLASS C5-FSC-TT227N - UPM
45865,CPS0019,CONSUMO DE LAMINADO
45865,46385,LAMINADO 160 MM PAPEL TERMICO PROTEGIDO T77 PH G62 ARC
45870,CPS0019,CONSUMO DE LAMINADO
45870,45682,LAMINADO 333MM PAPEL TERMICO T70/P ARC
45878,CPS0019,CONSUMO DE LAMINADO
45878,45702,LAMINADO 161MM PAPEL SEMIBRILLO F0204B AT20 /40#SCK AD
45897,CPS0019,CONSUMO DE LAMINADO
45897,709,LAMINADO 110MM PAPEL SEMIBRILLO 6770 80G AP 904 RI
45918,40500,LAMINADO 160MM BOPP  BLACO. 60 UTC RI 707/BL 8065 EXACTO
45918,43452,LAMINADO 160MM PP BCO BTE P4 38M G58 ARC
45918,CPS0019,CONSUMO DE LAMINADO
45920,43178,LAMINADO 330MM PAPEL SEMIBRILLO L80-P3H  EXACTO
45920,CPS0019,CONSUMO DE LAMINADO
45921,43178,LAMINADO 330MM PAPEL SEMIBRILLO L80-P3H  EXACTO
45921,CPS0019,CONSUMO DE LAMINADO
45922,43178,LAMINADO 330MM PAPEL SEMIBRILLO L80-P3H  EXACTO
45922,CPS0019,CONSUMO DE LAMINADO
45923,44078,"""LAMINADO 300MM SEMIBRILLO L80-P3H-G62S CLAMSHELLS ARC"
45923,CPS0019,CONSUMO DE LAMINADO
45932,CPS0019,CONSUMO DE LAMINADO
45932,46452,LAMINADO 300MM PAPEL SEMIBRILLO 6770 80 GR AP 904 RI
45941,40508,LAMINADO 330MM BOPP  BLACO. 60 UTC RI 707/BL 8065 EXACTO
45941,CPS0019,CONSUMO DE LAMINADO
45959,CPS0019,CONSUMO DE LAMINADO
45959,709,LAMINADO 110MM PAPEL SEMIBRILLO 6770 80G AP 904 RI
46012,43390,LAMINADO 330MM PP BLANCO 64M/P1
46012,CPS0019,CONSUMO DE LAMINADO
46015,43178,LAMINADO 330MM PAPEL SEMIBRILLO L80-P3H  EXACTO
46015,CPS0019,CONSUMO DE LAMINADO
46020,43178,LAMINADO 330MM PAPEL SEMIBRILLO L80-P3H  EXACTO
46020,CPS0019,CONSUMO DE LAMINADO
46044,43178,LAMINADO 330MM PAPEL SEMIBRILLO L80-P3H  EXACTO
46044,CPS0019,CONSUMO DE LAMINADO
46046,43178,LAMINADO 330MM PAPEL SEMIBRILLO L80-P3H  EXACTO
46046,CPS0019,CONSUMO DE LAMINADO
46062,44078,"""LAMINADO 300MM SEMIBRILLO L80-P3H-G62S CLAMSHELLS ARC"
46062,CPS0019,CONSUMO DE LAMINADO
46063,44078,"""LAMINADO 300MM SEMIBRILLO L80-P3H-G62S CLAMSHELLS ARC"
46063,CPS0019,CONSUMO DE LAMINADO
46064,44078,"""LAMINADO 300MM SEMIBRILLO L80-P3H-G62S CLAMSHELLS ARC"
46064,CPS0019,CONSUMO DE LAMINADO
46065,44078,"""LAMINADO 300MM SEMIBRILLO L80-P3H-G62S CLAMSHELLS ARC"
46065,CPS0019,CONSUMO DE LAMINADO
46123,CPS0019,CONSUMO DE LAMINADO
46123,46036,LAMINADO 110MM PAPEL SEMIBRILLO L80-PH-G62S (EXACTO) ARP
46141,43178,LAMINADO 330MM PAPEL SEMIBRILLO L80-P3H  EXACTO
46141,CPS0019,CONSUMO DE LAMINADO
46151,46452,LAMINADO 300MM PAPEL SEMIBRILLO 6770 80 GR AP 904 RI
46151,CPS0019,CONSUMO DE LAMINADO
46194,43264,LAMINADO 160MM PAPEL SEMIBRILLO 80/P ARC
46194,CPS0019,CONSUMO DE LAMINADO
46195,43264,LAMINADO 160MM PAPEL SEMIBRILLO 80/P ARC
46195,CPS0019,CONSUMO DE LAMINADO
46203,CPS0019,CONSUMO DE LAMINADO
46203,43430,LAMINADO 100 MM PAPEL SEMIBRILLO L80-PH-G62S (EXACTO) ARP
46206,40500,LAMINADO 160MM BOPP  BLACO. 60 UTC RI 707/BL 8065 EXACTO
46206,43452,LAMINADO 160MM PP BCO BTE P4 38M G58 ARC
46206,CPS0019,CONSUMO DE LAMINADO
46210,43299,LAMINADO 110MM PAPEL TRANSFER TT64/PH
46210,CPS0019,CONSUMO DE LAMINADO
46211,710,LAMINADO 167 WINEGLASS (AUTOMATICO) PT220 ECO
46211,CPS0019,CONSUMO DE LAMINADO
46216,43178,LAMINADO 330MM PAPEL SEMIBRILLO L80-P3H  EXACTO
46216,CPS0019,CONSUMO DE LAMINADO
46221,44927,LAMINADO 330MM PAPEL SEMIBRILLO L80-PH-G62S ( EXACTO) ARP
46221,CPS0019,CONSUMO DE LAMINADO
46225,44927,LAMINADO 330MM PAPEL SEMIBRILLO L80-PH-G62S ( EXACTO) ARP
46225,CPS0019,CONSUMO DE LAMINADO
46232,43695,LAMINADO 333MM PP TRANSP. PPT50P-P1-G62S ARC
46232,CPS0019,CONSUMO DE LAMINADO
46243,CPS0019,CONSUMO DE LAMINADO
46243,47457,LAMINADO 330MM PAPEL TRANSFER  AT20 F13600
46244,CPS0019,CONSUMO DE LAMINADO
46244,57872,LAMINADO 300MM PAPEL SEMIBRILLO L80 -P - G60 ARP
46245,CPS0019,CONSUMO DE LAMINADO
46245,45856,LAMINADO 330MM PAPEL SEMIBRILLO 6770 80 GR AP 904 RI
46246,CPS0019,CONSUMO DE LAMINADO
46246,57844,LAMINADO 330MM PAPEL SEMIBRILLO L80 -P - G60 AR
46259,CPS0019,CONSUMO DE LAMINADO
46259,46452,LAMINADO 300MM PAPEL SEMIBRILLO 6770 80 GR AP 904 RI
46261,CPS0019,CONSUMO DE LAMINADO
46261,54314,LAMINADO 167 WINEGLASS (MANUAL) 10939 RI
46268,CPS0019,CONSUMO DE LAMINADO
46268,47678,LAMINADO 100 MM FOAMTAC II ADH S2000 BG45WH
46285,40500,LAMINADO 160MM BOPP  BLACO. 60 UTC RI 707/BL 8065 EXACTO
46285,CPS0019,CONSUMO DE LAMINADO
46286,40500,LAMINADO 160MM BOPP  BLACO. 60 UTC RI 707/BL 8065 EXACTO
46286,CPS0019,CONSUMO DE LAMINADO
46287,40500,LAMINADO 160MM BOPP  BLACO. 60 UTC RI 707/BL 8065 EXACTO
46287,CPS0019,CONSUMO DE LAMINADO
46297,CPS0019,CONSUMO DE LAMINADO
46297,45884,LAMINADO 330MM PAPEL SEMIBRILLO 80-P4H-G62 ARC
46298,CPS0019,CONSUMO DE LAMINADO
46298,45884,LAMINADO 330MM PAPEL SEMIBRILLO 80-P4H-G62 ARC
46302,43349,LAMINADO 110MM PAPEL BLANCO S.BRILLO 80/P4
46302,CPS0019,CONSUMO DE LAMINADO
46315,CPS0019,CONSUMO DE LAMINADO
46315,709,LAMINADO 110MM PAPEL SEMIBRILLO 6770 80G AP 904 RI
46339,44626,LAMINADO 110MM PPDL54P4 OPTIMA MATE AF1000 G60 ARC
46339,CPS0019,CONSUMO DE LAMINADO
46341,44533,LAMINADO 320MM PPDL54P4 OPTIMA MATE AF1000 G60 ARC
46341,CPS0019,CONSUMO DE LAMINADO
46341,46219,LAMINADO CINTA P/LAMINAR PP TRANSP. 320MM AA-LABR-LA-SL-BPT-QSW DIP
46355,CPS0019,CONSUMO DE LAMINADO
46355,45856,LAMINADO 330MM PAPEL SEMIBRILLO 6770 80 GR AP 904 RI
46359,CPS0019,CONSUMO DE LAMINADO
46359,709,LAMINADO 110MM PAPEL SEMIBRILLO 6770 80G AP 904 RI
46366,43428,LAMINADO 320MM PAPEL TRANSFER TT64/PH
46366,CPS0019,CONSUMO DE LAMINADO
46378,CPS0019,CONSUMO DE LAMINADO
46378,711,LAMINADO 160MM PAPEL SEMIBRILLO 6770 80G AP 904 RI
46379,CPS0019,CONSUMO DE LAMINADO
46379,711,LAMINADO 160MM PAPEL SEMIBRILLO 6770 80G AP 904 RI
46380,CPS0019,CONSUMO DE LAMINADO
46380,711,LAMINADO 160MM PAPEL SEMIBRILLO 6770 80G AP 904 RI
46381,CPS0019,CONSUMO DE LAMINADO
46381,711,LAMINADO 160MM PAPEL SEMIBRILLO 6770 80G AP 904 RI
46382,CPS0019,CONSUMO DE LAMINADO
46382,46384,LAMINADO 330 MM PAPEL TERMICO PROTEGIDO T77 PH G62 ARC
46400,43350,"""LAMINADO 160MM PAPEL SEMIBRILLO 80/P3H CLAMSHELLS ARC"
46400,CPS0019,CONSUMO DE LAMINADO
46413,CPS0019,CONSUMO DE LAMINADO
46413,56588,LAMINADO 100MM PAPEL TRANSFER TT2/CSK60 AD
46422,45585,LAMINADO 330MM BOPP  METALIZADO PLATA BRILLANTE RI 717/50
46422,CPS0019,CONSUMO DE LAMINADO
46431,43477,LAMINADO 110MM PP TRANSPARENTE 50/P1-G62S ARC
46431,CPS0019,CONSUMO DE LAMINADO
46433,CPS0019,CONSUMO DE LAMINADO
46433,44962,LAMINADO 157MM GREEN PAPER HP 2300/GL60
46436,45856,LAMINADO 330MM PAPEL SEMIBRILLO 6770 80 GR AP 904 RI
46436,CPS0019,CONSUMO DE LAMINADO
46438,43284,LAMINADO 110 MM PAPEL SEMIBRILLO  80g HP3000
46438,CPS0019,CONSUMO DE LAMINADO
46440,CPS0019,CONSUMO DE LAMINADO
46440,57755,LAMINADO 160MM PP BCO BTE PPBB60-P ARP (SAMSON/ARP)
46441,CPS0019,CONSUMO DE LAMINADO
46441,46344,LAMINADO 160MM PPBB60-P1-G62S (Samson)
46442,CPS0019,CONSUMO DE LAMINADO
46442,46344,LAMINADO 160MM PPBB60-P1-G62S (Samson)
46443,42718,LAMINADO FOLIA ORO COLDFOIL 160MM
46443,CPS0019,CONSUMO DE LAMINADO
46443,711,LAMINADO 160MM PAPEL SEMIBRILLO 6770 80G AP 904 RI
46459,CPS0019,CONSUMO DE LAMINADO
46459,45856,LAMINADO 330MM PAPEL SEMIBRILLO 6770 80 GR AP 904 RI
46460,CPS0019,CONSUMO DE LAMINADO
46460,46344,LAMINADO 160MM PPBB60-P1-G62S (Samson)
46461,CPS0019,CONSUMO DE LAMINADO
46461,46344,LAMINADO 160MM PPBB60-P1-G62S (Samson)
46477,709,LAMINADO 110MM PAPEL SEMIBRILLO 6770 80G AP 904 RI
46477,CPS0019,CONSUMO DE LAMINADO
46478,CPS0019,CONSUMO DE LAMINADO
46478,709,LAMINADO 110MM PAPEL SEMIBRILLO 6770 80G AP 904 RI
46479,CPS0019,CONSUMO DE LAMINADO
46479,709,LAMINADO 110MM PAPEL SEMIBRILLO 6770 80G AP 904 RI
46487,CPS0019,CONSUMO DE LAMINADO
46487,711,LAMINADO 160MM PAPEL SEMIBRILLO 6770 80G AP 904 RI
46492,46344,LAMINADO 160MM PPBB60-P1-G62S (Samson)
46492,CPS0019,CONSUMO DE LAMINADO
46493,CPS0019,CONSUMO DE LAMINADO
46493,46344,LAMINADO 160MM PPBB60-P1-G62S (Samson)
46504,709,LAMINADO 110MM PAPEL SEMIBRILLO 6770 80G AP 904 RI
46504,CPS0019,CONSUMO DE LAMINADO
46505,CPS0019,CONSUMO DE LAMINADO
46505,709,LAMINADO 110MM PAPEL SEMIBRILLO 6770 80G AP 904 RI
46508,CPS0019,CONSUMO DE LAMINADO
46508,46344,LAMINADO 160MM PPBB60-P1-G62S (Samson)
46513,CPS0019,CONSUMO DE LAMINADO
46513,46148,LAMINADO 330MM PPBB60-P1-G62S
46514,CPS0019,CONSUMO DE LAMINADO
46514,46148,LAMINADO 330MM PPBB60-P1-G62S
46515,CPS0019,CONSUMO DE LAMINADO
46515,46148,LAMINADO 330MM PPBB60-P1-G62S
46516,CPS0019,CONSUMO DE LAMINADO
46516,46148,LAMINADO 330MM PPBB60-P1-G62S
46519,CPS0019,CONSUMO DE LAMINADO
46519,45856,LAMINADO 330MM PAPEL SEMIBRILLO 6770 80 GR AP 904 RI
46542,43177,"""LAMINADO 200MM PAPEL SEMIBRILLO 80/P3H """"CLAMSHELLS"""""""
46542,CPS0019,CONSUMO DE LAMINADO
46543,43177,"""LAMINADO 200MM PAPEL SEMIBRILLO 80/P3H """"CLAMSHELLS"""""""
46543,CPS0019,CONSUMO DE LAMINADO
46544,CPS0019,CONSUMO DE LAMINADO
46544,45585,LAMINADO 330MM BOPP  METALIZADO PLATA BRILLANTE RI 717/50
46557,46148,LAMINADO 330MM PPBB60-P1-G62S
46557,CPS0019,CONSUMO DE LAMINADO
46563,40500,LAMINADO 160MM BOPP  BLACO. 60 UTC RI 707/BL 8065 EXACTO
46563,43452,LAMINADO 160MM PP BCO BTE P4 38M G58 ARC
46563,CPS0019,CONSUMO DE LAMINADO
46565,709,LAMINADO 110MM PAPEL SEMIBRILLO 6770 80G AP 904 RI
46565,CPS0019,CONSUMO DE LAMINADO
46569,43431,LAMINADO 160MM PAPEL SEMIBRILLO L80-PH-G62S ( EXACTO) ARP
46569,CPS0019,CONSUMO DE LAMINADO
46580,CPS0019,CONSUMO DE LAMINADO
46580,46145,LAMINADO 110MM PPBB60-P1-G62S
46582,711,LAMINADO 160MM PAPEL SEMIBRILLO 6770 80G AP 904 RI
46582,CPS0019,CONSUMO DE LAMINADO
46583,CPS0019,CONSUMO DE LAMINADO
46583,45856,LAMINADO 330MM PAPEL SEMIBRILLO 6770 80 GR AP 904 RI
46584,43178,LAMINADO 330MM PAPEL SEMIBRILLO L80-P3H  EXACTO
46584,CPS0019,CONSUMO DE LAMINADO
46586,CPS0019,CONSUMO DE LAMINADO
46586,45856,LAMINADO 330MM PAPEL SEMIBRILLO 6770 80 GR AP 904 RI
46617,CPS0019,CONSUMO DE LAMINADO
46617,45856,LAMINADO 330MM PAPEL SEMIBRILLO 6770 80 GR AP 904 RI
46618,CPS0019,CONSUMO DE LAMINADO
46618,46630,LAMINADO 300MM TERMICO PROTEGIDO 7836 THERMAL TC /80 GR GL/60
46620,CPS0019,CONSUMO DE LAMINADO
46620,46630,LAMINADO 300MM TERMICO PROTEGIDO 7836 THERMAL TC /80 GR GL/60
46621,CPS0019,CONSUMO DE LAMINADO
46621,46630,LAMINADO 300MM TERMICO PROTEGIDO 7836 THERMAL TC /80 GR GL/60
46623,CPS0019,CONSUMO DE LAMINADO
46623,46630,LAMINADO 300MM TERMICO PROTEGIDO 7836 THERMAL TC /80 GR GL/60
46626,CPS0019,CONSUMO DE LAMINADO
46626,46630,LAMINADO 300MM TERMICO PROTEGIDO 7836 THERMAL TC /80 GR GL/60
46641,CPS0019,CONSUMO DE LAMINADO
46641,45548,LAMINADO 157MM PPDL54P4 OPTIMA MATE AF1000 G60 ARC
46651,CPS0019,CONSUMO DE LAMINADO
46651,46344,LAMINADO 160MM PPBB60-P1-G62S (Samson)
46652,CPS0019,CONSUMO DE LAMINADO
46652,57755,LAMINADO 160MM PP BCO BTE PPBB60-P ARP (SAMSON/ARP)
46691,CPS0019,CONSUMO DE LAMINADO
46691,46344,LAMINADO 160MM PPBB60-P1-G62S (Samson)
46697,CPS0019,CONSUMO DE LAMINADO
46697,54024,LAMINADO 330MM PAPEL TRANSFER PREMIUM EXTRA / RP51 / WHITE KRAFT 65 UPM
46702,44901,LAMINADO 250MM PP BLANCO 64M/P4
46702,CPS0019,CONSUMO DE LAMINADO
46709,CPS0019,CONSUMO DE LAMINADO
46709,46036,LAMINADO 110MM PAPEL SEMIBRILLO L80-PH-G62S (EXACTO) ARP
46750,42282,LAMINADO 110MM PAPEL TRANSFER  AT20 F13600
46750,CPS0019,CONSUMO DE LAMINADO
46754,711,LAMINADO 160MM PAPEL SEMIBRILLO 6770 80G AP 904 RI
46754,CPS0019,CONSUMO DE LAMINADO
46776,CPS0019,CONSUMO DE LAMINADO
46776,43453,LAMINADO 160MM PAPEL TRANSFER TT64/PH
46777,44626,LAMINADO 110MM PPDL54P4 OPTIMA MATE AF1000 G60 ARC
46777,CPS0019,CONSUMO DE LAMINADO
46789,CPS0019,CONSUMO DE LAMINADO
46789,46630,LAMINADO 300MM TERMICO PROTEGIDO 7836 THERMAL TC /80 GR GL/60
46790,CPS0019,CONSUMO DE LAMINADO
46790,46630,LAMINADO 300MM TERMICO PROTEGIDO 7836 THERMAL TC /80 GR GL/60
46791,CPS0019,CONSUMO DE LAMINADO
46791,46630,LAMINADO 300MM TERMICO PROTEGIDO 7836 THERMAL TC /80 GR GL/60
46804,CPS0019,CONSUMO DE LAMINADO
46804,709,LAMINADO 110MM PAPEL SEMIBRILLO 6770 80G AP 904 RI
46805,42817,LAMINADO 300MM BOPP BCO. BRILLANTE 60 TC (08065)
46805,CPS0019,CONSUMO DE LAMINADO
46823,38978,LAMINADO 333MM PP TRANSPARENTE 50TC S0208 BG62B
46823,CPS0019,CONSUMO DE LAMINADO
46827,CPS0019,CONSUMO DE LAMINADO
46827,44928,LAMINADO 300MM PAPEL SEMIBRILLO L80-PH-G62S Exacto ARP
46834,42282,LAMINADO 110MM PAPEL TRANSFER  AT20 F13600
46834,CPS0019,CONSUMO DE LAMINADO
46835,CPS0019,CONSUMO DE LAMINADO
46835,45876,LAMINADO 111MM PAPEL TERMICO T70-PH-G62 ARC
46848,CPS0019,CONSUMO DE LAMINADO
46848,46344,LAMINADO 160MM PPBB60-P1-G62S (Samson)
46857,CPS0019,CONSUMO DE LAMINADO
46857,46350,LAMINADO 111MM PAPEL BLANCO SB REMOVIBLE LITHO 80 R3
46858,46350,LAMINADO 111MM PAPEL BLANCO SB REMOVIBLE LITHO 80 R3
46858,CPS0019,CONSUMO DE LAMINADO
46859,CPS0019,CONSUMO DE LAMINADO
46859,46350,LAMINADO 111MM PAPEL BLANCO SB REMOVIBLE LITHO 80 R3
46860,CPS0019,CONSUMO DE LAMINADO
46860,46350,LAMINADO 111MM PAPEL BLANCO SB REMOVIBLE LITHO 80 R3
46861,CPS0019,CONSUMO DE LAMINADO
46861,46350,LAMINADO 111MM PAPEL BLANCO SB REMOVIBLE LITHO 80 R3
46862,CPS0019,CONSUMO DE LAMINADO
46862,46350,LAMINADO 111MM PAPEL BLANCO SB REMOVIBLE LITHO 80 R3
46864,43695,LAMINADO 333MM PP TRANSP. PPT50P-P1-G62S ARC
46864,CPS0019,CONSUMO DE LAMINADO
46876,CPS0019,CONSUMO DE LAMINADO
46876,43797,LAMINADO 320MM PAPEL TRANSFER  AT20 F13600
46877,45585,LAMINADO 330MM BOPP  METALIZADO PLATA BRILLANTE RI 717/50
46877,CPS0019,CONSUMO DE LAMINADO
46878,39682,LAMINADO 200MM BOPP PERLADO( 07358 ) RI 757/PR SK 60 AP901
46878,CPS0019,CONSUMO DE LAMINADO
46880,CPS0019,CONSUMO DE LAMINADO
46880,46350,LAMINADO 111MM PAPEL BLANCO SB REMOVIBLE LITHO 80 R3
46881,45469,LAMINADO 250MM PPDL54P4 OPTIMA MATE AF1000 G60 ARC
46881,CPS0019,CONSUMO DE LAMINADO
46885,45856,LAMINADO 330MM PAPEL SEMIBRILLO 6770 80 GR AP 904 RI
46885,CPS0019,CONSUMO DE LAMINADO
46887,46796,LAMINADO 330MM PAPEL COUCHE BLANCO 80 GRS
46887,46806,LAMINADO 350MM GLASSINE 62G SILICONADO
46888,47896,LAMINADO 170 MM GREEN PAPER 120u - s/adhesivo
46888,48448,LAMINADO 300MM PAPEL SEMIBRILLO L80-PH INNOLINER
46910,36705,LAMINADO 110MM FOAMTAC II AD
46910,CPS0019,CONSUMO DE LAMINADO
46917,CPS0019,CONSUMO DE LAMINADO
46917,57755,LAMINADO 160MM PP BCO BTE PPBB60-P ARP (SAMSON/ARP)
46931,45856,LAMINADO 330MM PAPEL SEMIBRILLO 6770 80 GR AP 904 RI
46931,CPS0019,CONSUMO DE LAMINADO
46935,CPS0019,CONSUMO DE LAMINADO
46935,709,LAMINADO 110MM PAPEL SEMIBRILLO 6770 80G AP 904 RI
46952,CPS0019,CONSUMO DE LAMINADO
46952,46344,LAMINADO 160MM PPBB60-P1-G62S (Samson)
46964,CPS0019,CONSUMO DE LAMINADO
46964,44927,LAMINADO 330MM PAPEL SEMIBRILLO L80-PH-G62S ( EXACTO) ARP
46995,CPS0019,CONSUMO DE LAMINADO
46995,44928,LAMINADO 300MM PAPEL SEMIBRILLO L80-PH-G62S Exacto ARP
47004,42282,LAMINADO 110MM PAPEL TRANSFER  AT20 F13600
47004,CPS0019,CONSUMO DE LAMINADO
47005,CPS0019,CONSUMO DE LAMINADO
47005,43431,LAMINADO 160MM PAPEL SEMIBRILLO L80-PH-G62S ( EXACTO) ARP
47007,42282,LAMINADO 110MM PAPEL TRANSFER  AT20 F13600
47007,CPS0019,CONSUMO DE LAMINADO
47010,709,LAMINADO 110MM PAPEL SEMIBRILLO 6770 80G AP 904 RI
47010,CPS0019,CONSUMO DE LAMINADO
47011,CPS0019,CONSUMO DE LAMINADO
47011,47012,LAMINADO 60MM BOPP  BLACO. 60 UTC RI 707/BL 8065 P.CALIBRE
47025,CPS0019,CONSUMO DE LAMINADO
47025,47978,LAMINADO 180MM PAPEL SINTETICO 80micras
47026,CPS0019,CONSUMO DE LAMINADO
47026,47978,LAMINADO 180MM PAPEL SINTETICO 80micras
47027,47978,LAMINADO 180MM PAPEL SINTETICO 80micras
47027,CPS0019,CONSUMO DE LAMINADO
47028,41828,LAMINADO 160MM PAPEL SINTETICO 80micras
47028,CPS0019,CONSUMO DE LAMINADO
47029,CPS0019,CONSUMO DE LAMINADO
47029,47978,LAMINADO 180MM PAPEL SINTETICO 80micras
47050,CPS0019,CONSUMO DE LAMINADO
47050,46344,LAMINADO 160MM PPBB60-P1-G62S (Samson)
47051,CPS0019,CONSUMO DE LAMINADO
47051,46344,LAMINADO 160MM PPBB60-P1-G62S (Samson)
47052,CPS0019,CONSUMO DE LAMINADO
47052,46344,LAMINADO 160MM PPBB60-P1-G62S (Samson)
47062,CPS0019,CONSUMO DE LAMINADO
47062,51656,LAMINADO 110MM PPDL54P4 OPTIMA MATE 2 G60 MIC
47065,46036,LAMINADO 110MM PAPEL SEMIBRILLO L80-PH-G62S (EXACTO) ARP
47065,CPS0019,CONSUMO DE LAMINADO
47069,CPS0019,CONSUMO DE LAMINADO
47069,46148,LAMINADO 330MM PPBB60-P1-G62S
47070,CPS0019,CONSUMO DE LAMINADO
47070,46148,LAMINADO 330MM PPBB60-P1-G62S
47071,46148,LAMINADO 330MM PPBB60-P1-G62S
47071,CPS0019,CONSUMO DE LAMINADO
47074,CPS0019,CONSUMO DE LAMINADO
47074,46722,LAMINADO 320MM PPDL54BH OPTIMA MATE AF1000 G60
47077,CPS0019,CONSUMO DE LAMINADO
47077,46344,LAMINADO 160MM PPBB60-P1-G62S (Samson)
47085,CPS0019,CONSUMO DE LAMINADO
47085,709,LAMINADO 110MM PAPEL SEMIBRILLO 6770 80G AP 904 RI
47086,42282,LAMINADO 110MM PAPEL TRANSFER  AT20 F13600
47086,CPS0019,CONSUMO DE LAMINADO
47090,43695,LAMINADO 333MM PP TRANSP. PPT50P-P1-G62S ARC
47090,CPS0019,CONSUMO DE LAMINADO
47091,43695,LAMINADO 333MM PP TRANSP. PPT50P-P1-G62S ARC
47091,CPS0019,CONSUMO DE LAMINADO
47092,45051,LAMINADO 330MM PAPEL TRANSFER TT64/PH
47092,CPS0019,CONSUMO DE LAMINADO
47095,CPS0019,CONSUMO DE LAMINADO
47095,45051,LAMINADO 330MM PAPEL TRANSFER TT64/PH
47096,CPS0019,CONSUMO DE LAMINADO
47096,44927,LAMINADO 330MM PAPEL SEMIBRILLO L80-PH-G62S ( EXACTO) ARP
47103,CPS0019,CONSUMO DE LAMINADO
47103,54024,LAMINADO 330MM PAPEL TRANSFER PREMIUM EXTRA / RP51 / WHITE KRAFT 65 UPM
47105,CPS0019,CONSUMO DE LAMINADO
47105,46148,LAMINADO 330MM PPBB60-P1-G62S
47107,CPS0019,CONSUMO DE LAMINADO
47107,46722,LAMINADO 320MM PPDL54BH OPTIMA MATE AF1000 G60
47108,CPS0019,CONSUMO DE LAMINADO
47108,46722,LAMINADO 320MM PPDL54BH OPTIMA MATE AF1000 G60
47111,CPS0019,CONSUMO DE LAMINADO
47111,47665,LAMINADO FILM PVC 400MM CALANDRADO 40 MIC
47113,42252,LAMINADO CINTA P/LAM  PP TRANSP. 300MM BRILLANTE 24M
47113,43860,LAMINADO 330MM PP BCO BTE P4 38M G58 ARC
47113,CPS0019,CONSUMO DE LAMINADO
47118,CPS0019,CONSUMO DE LAMINADO
47118,56778,LAMINADO 330MM PAPEL SEMIBRILLO L80-P6H-G62S ARC
47124,CPS0019,CONSUMO DE LAMINADO
47124,46757,LAMINADO BOPP LINERLESS BOBINE 100 MM X 900 MT (9.000 ETIQ. X ROLLO) MP
47134,CPS0019,CONSUMO DE LAMINADO
47134,46148,LAMINADO 330MM PPBB60-P1-G62S
47135,CPS0019,CONSUMO DE LAMINADO
47135,46148,LAMINADO 330MM PPBB60-P1-G62S
47136,CPS0019,CONSUMO DE LAMINADO
47136,46148,LAMINADO 330MM PPBB60-P1-G62S
47137,CPS0019,CONSUMO DE LAMINADO
47137,46148,LAMINADO 330MM PPBB60-P1-G62S
47138,CPS0019,CONSUMO DE LAMINADO
47138,46148,LAMINADO 330MM PPBB60-P1-G62S
47138,46649,LAMINADO CINTA P/LAMINAR  PP TRANSP. 310MM OLPP24-M-1500
47142,CPS0019,CONSUMO DE LAMINADO
47142,50755,LAMINADO 110MM PPDL54P4 OPTIMA MATE 2 G60 ( F9CG3 ) SINOPAPEL
47169,42272,LAMINADO 160MM PAPEL TRANSFER  AT20
47169,CPS0019,CONSUMO DE LAMINADO
47170,709,LAMINADO 110MM PAPEL SEMIBRILLO 6770 80G AP 904 RI
47170,CPS0019,CONSUMO DE LAMINADO
47182,46036,LAMINADO 110MM PAPEL SEMIBRILLO L80-PH-G62S (EXACTO) ARP
47182,CPS0019,CONSUMO DE LAMINADO
47183,CPS0019,CONSUMO DE LAMINADO
47183,46036,LAMINADO 110MM PAPEL SEMIBRILLO L80-PH-G62S (EXACTO) ARP
47185,43645,LAMINADO 136MM TERMICO PROTEGIDO 7836 THERMAL TC /80 GR GL/60
47185,CPS0019,CONSUMO DE LAMINADO
47202,40500,LAMINADO 160MM BOPP  BLACO. 60 UTC RI 707/BL 8065 EXACTO
47202,43452,LAMINADO 160MM PP BCO BTE P4 38M G58 ARC
47202,CPS0019,CONSUMO DE LAMINADO
47207,CPS0019,CONSUMO DE LAMINADO
47207,709,LAMINADO 110MM PAPEL SEMIBRILLO 6770 80G AP 904 RI
47213,43850,LAMINADO 330MM PP BLANCO 64M/P4
47213,CPS0019,CONSUMO DE LAMINADO
47216,42816,LAMINADO 250MM BOPP BLANCO RITRAMA  (3022)
47216,CPS0019,CONSUMO DE LAMINADO
47216,45939,LAMINADO FOLIA PLATA COLDFOIL 160MM DSCF613-OP COR
47217,42817,LAMINADO 300MM BOPP BCO. BRILLANTE 60 TC (08065)
47217,CPS0019,CONSUMO DE LAMINADO
47217,45939,LAMINADO FOLIA PLATA COLDFOIL 160MM DSCF613-OP COR
47225,42817,LAMINADO 300MM BOPP BCO. BRILLANTE 60 TC (08065)
47225,CPS0019,CONSUMO DE LAMINADO
47226,42817,LAMINADO 300MM BOPP BCO. BRILLANTE 60 TC (08065)
47226,CPS0019,CONSUMO DE LAMINADO
47227,42817,LAMINADO 300MM BOPP BCO. BRILLANTE 60 TC (08065)
47227,CPS0019,CONSUMO DE LAMINADO
47228,42817,LAMINADO 300MM BOPP BCO. BRILLANTE 60 TC (08065)
47228,CPS0019,CONSUMO DE LAMINADO
47231,44927,LAMINADO 330MM PAPEL SEMIBRILLO L80-PH-G62S ( EXACTO) ARP
47231,CPS0019,CONSUMO DE LAMINADO
47232,CPS0019,CONSUMO DE LAMINADO
47232,46384,LAMINADO 330 MM PAPEL TERMICO PROTEGIDO T77 PH G62 ARC
47233,CPS0019,CONSUMO DE LAMINADO
47233,709,LAMINADO 110MM PAPEL SEMIBRILLO 6770 80G AP 904 RI
47238,43695,LAMINADO 333MM PP TRANSP. PPT50P-P1-G62S ARC
47238,CPS0019,CONSUMO DE LAMINADO
47242,CPS0019,CONSUMO DE LAMINADO
47242,57553,LAMINADO 110MM PAPEL SEMIBRILLO L80-PH-G60 ARP
47253,CPS0019,CONSUMO DE LAMINADO
47253,44626,LAMINADO 110MM PPDL54P4 OPTIMA MATE AF1000 G60 ARC
47256,CPS0019,CONSUMO DE LAMINADO
47256,46036,LAMINADO 110MM PAPEL SEMIBRILLO L80-PH-G62S (EXACTO) ARP
47263,CPS0019,CONSUMO DE LAMINADO
47263,44927,LAMINADO 330MM PAPEL SEMIBRILLO L80-PH-G62S ( EXACTO) ARP
47264,44927,LAMINADO 330MM PAPEL SEMIBRILLO L80-PH-G62S ( EXACTO) ARP
47264,CPS0019,CONSUMO DE LAMINADO
47270,44927,LAMINADO 330MM PAPEL SEMIBRILLO L80-PH-G62S ( EXACTO) ARP
47270,CPS0019,CONSUMO DE LAMINADO
47272,44927,LAMINADO 330MM PAPEL SEMIBRILLO L80-PH-G62S ( EXACTO) ARP
47272,CPS0019,CONSUMO DE LAMINADO
47274,44927,LAMINADO 330MM PAPEL SEMIBRILLO L80-PH-G62S ( EXACTO) ARP
47274,CPS0019,CONSUMO DE LAMINADO
47275,44927,LAMINADO 330MM PAPEL SEMIBRILLO L80-PH-G62S ( EXACTO) ARP
47275,CPS0019,CONSUMO DE LAMINADO
47276,44927,LAMINADO 330MM PAPEL SEMIBRILLO L80-PH-G62S ( EXACTO) ARP
47276,CPS0019,CONSUMO DE LAMINADO
47285,44927,LAMINADO 330MM PAPEL SEMIBRILLO L80-PH-G62S ( EXACTO) ARP
47285,CPS0019,CONSUMO DE LAMINADO
47286,40500,LAMINADO 160MM BOPP  BLACO. 60 UTC RI 707/BL 8065 EXACTO
47286,43452,LAMINADO 160MM PP BCO BTE P4 38M G58 ARC
47286,CPS0019,CONSUMO DE LAMINADO
47287,CPS0019,CONSUMO DE LAMINADO
47287,46344,LAMINADO 160MM PPBB60-P1-G62S (Samson)
47297,CPS0019,CONSUMO DE LAMINADO
47297,46384,LAMINADO 330 MM PAPEL TERMICO PROTEGIDO T77 PH G62 ARC
47300,43193,LAMINADO 330MM PAPEL SEMIBRILLO 80/P4 ARC
47300,CPS0019,CONSUMO DE LAMINADO
47301,43193,LAMINADO 330MM PAPEL SEMIBRILLO 80/P4 ARC
47301,CPS0019,CONSUMO DE LAMINADO
47302,43193,LAMINADO 330MM PAPEL SEMIBRILLO 80/P4 ARC
47302,CPS0019,CONSUMO DE LAMINADO
47306,CPS0019,CONSUMO DE LAMINADO
47306,710,LAMINADO 167 WINEGLASS (AUTOMATICO) PT220 ECO
47307,CPS0019,CONSUMO DE LAMINADO
47307,46344,LAMINADO 160MM PPBB60-P1-G62S (Samson)
47320,44822,LAMINADO 160MM PP TRANSP. PPT50P-P1-G62S ARC
47320,CPS0019,CONSUMO DE LAMINADO
47325,CPS0019,CONSUMO DE LAMINADO
47325,46757,LAMINADO BOPP LINERLESS BOBINE 100 MM X 900 MT (9.000 ETIQ. X ROLLO) MP
47326,CPS0019,CONSUMO DE LAMINADO
47326,46757,LAMINADO BOPP LINERLESS BOBINE 100 MM X 900 MT (9.000 ETIQ. X ROLLO) MP
47338,43573,LAMINADO 200MM PPBB60-P1-G62S
47338,CPS0019,CONSUMO DE LAMINADO
47338,47363,LAMINADO 200MM PPDL54P1 OPTIMA MATE G60
47339,CPS0019,CONSUMO DE LAMINADO
47339,47363,LAMINADO 200MM PPDL54P1 OPTIMA MATE G60
47339,43573,LAMINADO 200MM PPBB60-P1-G62S
47343,43573,LAMINADO 200MM PPBB60-P1-G62S
47343,CPS0019,CONSUMO DE LAMINADO
47343,47363,LAMINADO 200MM PPDL54P1 OPTIMA MATE G60
47344,43573,LAMINADO 200MM PPBB60-P1-G62S
47344,CPS0019,CONSUMO DE LAMINADO
47344,47363,LAMINADO 200MM PPDL54P1 OPTIMA MATE G60
47345,43573,LAMINADO 200MM PPBB60-P1-G62S
47345,CPS0019,CONSUMO DE LAMINADO
47345,47363,LAMINADO 200MM PPDL54P1 OPTIMA MATE G60
47351,CPS0019,CONSUMO DE LAMINADO
47351,57559,LAMINADO 330MM PAPEL SEMIBRILLO L80-PH-G60 ARP
47366,CPS0019,CONSUMO DE LAMINADO
47366,46148,LAMINADO 330MM PPBB60-P1-G62S
47385,CPS0019,CONSUMO DE LAMINADO
47385,47254,LAMINADO 280MM PAPEL SEMIBRILLO AF1000 RP48AT 80G DIP
47387,CPS0019,CONSUMO DE LAMINADO
47387,56683,LAMINADO 280MM PAPEL SEMIBRILLO 6770 AP904 RI
47389,CPS0019,CONSUMO DE LAMINADO
47389,47402,LAMINADO 330MM PAPEL KRAFT 70 GMS AH1600 GL52 INNO.
47390,CPS0019,CONSUMO DE LAMINADO
47390,46722,LAMINADO 320MM PPDL54BH OPTIMA MATE AF1000 G60
47391,46722,LAMINADO 320MM PPDL54BH OPTIMA MATE AF1000 G60
47391,CPS0019,CONSUMO DE LAMINADO
47392,CPS0019,CONSUMO DE LAMINADO
47392,46722,LAMINADO 320MM PPDL54BH OPTIMA MATE AF1000 G60
47393,CPS0019,CONSUMO DE LAMINADO
47393,46722,LAMINADO 320MM PPDL54BH OPTIMA MATE AF1000 G60
47394,CPS0019,CONSUMO DE LAMINADO
47394,46722,LAMINADO 320MM PPDL54BH OPTIMA MATE AF1000 G60
47395,CPS0019,CONSUMO DE LAMINADO
47395,46722,LAMINADO 320MM PPDL54BH OPTIMA MATE AF1000 G60
47396,CPS0019,CONSUMO DE LAMINADO
47396,46722,LAMINADO 320MM PPDL54BH OPTIMA MATE AF1000 G60
47397,CPS0019,CONSUMO DE LAMINADO
47397,46722,LAMINADO 320MM PPDL54BH OPTIMA MATE AF1000 G60
47398,46722,LAMINADO 320MM PPDL54BH OPTIMA MATE AF1000 G60
47398,CPS0019,CONSUMO DE LAMINADO
47399,CPS0019,CONSUMO DE LAMINADO
47399,46722,LAMINADO 320MM PPDL54BH OPTIMA MATE AF1000 G60
47400,CPS0019,CONSUMO DE LAMINADO
47400,46722,LAMINADO 320MM PPDL54BH OPTIMA MATE AF1000 G60
47402,47416,LAMINADO 360MM PAPEL KRAFT 70 GMS.
47402,46806,LAMINADO 350MM GLASSINE 62G SILICONADO
47404,46191,LAMINADO 230MM SEMIBRILLO  L80-PH-G62S ( EXACTO ) ARC
47404,CPS0019,CONSUMO DE LAMINADO
47406,CPS0019,CONSUMO DE LAMINADO
47406,44927,LAMINADO 330MM PAPEL SEMIBRILLO L80-PH-G62S ( EXACTO) ARP
47408,CPS0019,CONSUMO DE LAMINADO
47408,44927,LAMINADO 330MM PAPEL SEMIBRILLO L80-PH-G62S ( EXACTO) ARP
47409,CPS0019,CONSUMO DE LAMINADO
47409,46191,LAMINADO 230MM SEMIBRILLO  L80-PH-G62S ( EXACTO ) ARC
47413,CPS0019,CONSUMO DE LAMINADO
47413,47978,LAMINADO 180MM PAPEL SINTETICO 80micras
47414,CPS0019,CONSUMO DE LAMINADO
47414,44533,LAMINADO 320MM PPDL54P4 OPTIMA MATE AF1000 G60 ARC
47422,44927,LAMINADO 330MM PAPEL SEMIBRILLO L80-PH-G62S ( EXACTO) ARP
47422,CPS0019,CONSUMO DE LAMINADO
47426,CPS0019,CONSUMO DE LAMINADO
47426,44927,LAMINADO 330MM PAPEL SEMIBRILLO L80-PH-G62S ( EXACTO) ARP
47427,CPS0019,CONSUMO DE LAMINADO
47427,44927,LAMINADO 330MM PAPEL SEMIBRILLO L80-PH-G62S ( EXACTO) ARP
47428,44927,LAMINADO 330MM PAPEL SEMIBRILLO L80-PH-G62S ( EXACTO) ARP
47428,CPS0019,CONSUMO DE LAMINADO
47430,44927,LAMINADO 330MM PAPEL SEMIBRILLO L80-PH-G62S ( EXACTO) ARP
47430,CPS0019,CONSUMO DE LAMINADO
47433,CPS0019,CONSUMO DE LAMINADO
47433,46385,LAMINADO 160 MM PAPEL TERMICO PROTEGIDO T77 PH G62 ARC
47436,CPS0019,CONSUMO DE LAMINADO
47436,44927,LAMINADO 330MM PAPEL SEMIBRILLO L80-PH-G62S ( EXACTO) ARP
47437,CPS0019,CONSUMO DE LAMINADO
47437,44927,LAMINADO 330MM PAPEL SEMIBRILLO L80-PH-G62S ( EXACTO) ARP
47442,CPS0019,CONSUMO DE LAMINADO
47442,46385,LAMINADO 160 MM PAPEL TERMICO PROTEGIDO T77 PH G62 ARC
47446,44927,LAMINADO 330MM PAPEL SEMIBRILLO L80-PH-G62S ( EXACTO) ARP
47446,CPS0019,CONSUMO DE LAMINADO
47448,CPS0019,CONSUMO DE LAMINADO
47448,44927,LAMINADO 330MM PAPEL SEMIBRILLO L80-PH-G62S ( EXACTO) ARP
47450,CPS0019,CONSUMO DE LAMINADO
47450,44626,LAMINADO 110MM PPDL54P4 OPTIMA MATE AF1000 G60 ARC
47451,710,LAMINADO 167 WINEGLASS (AUTOMATICO) PT220 ECO
47451,CPS0019,CONSUMO DE LAMINADO
47453,CPS0019,CONSUMO DE LAMINADO
47453,47454,LAMINADO FILM PVC 400MM CALANDRADO 50 MIC
47456,CPS0019,CONSUMO DE LAMINADO
47456,46282,LAMINADO 280MM FOAMTAC II ADH S2000 BG45WH
47460,44927,LAMINADO 330MM PAPEL SEMIBRILLO L80-PH-G62S ( EXACTO) ARP
47460,CPS0019,CONSUMO DE LAMINADO
47461,CPS0019,CONSUMO DE LAMINADO
47461,48261,LAMINADO 330MM TERMICO PROTEGIDO 7836 THERMAL TC /80 GR GL/60 RI
47463,CPS0019,CONSUMO DE LAMINADO
47463,47492,LAMINADO 280MM PAPEL SEMIBRILLO F0204B /AT20/40#SCK AD
47464,CPS0019,CONSUMO DE LAMINADO
47464,47492,LAMINADO 280MM PAPEL SEMIBRILLO F0204B /AT20/40#SCK AD
47466,CPS0019,CONSUMO DE LAMINADO
47466,47492,LAMINADO 280MM PAPEL SEMIBRILLO F0204B /AT20/40#SCK AD
47467,CPS0019,CONSUMO DE LAMINADO
47467,47492,LAMINADO 280MM PAPEL SEMIBRILLO F0204B /AT20/40#SCK AD
47468,CPS0019,CONSUMO DE LAMINADO
47468,47492,LAMINADO 280MM PAPEL SEMIBRILLO F0204B /AT20/40#SCK AD
47469,CPS0019,CONSUMO DE LAMINADO
47469,47493,LAMINADO 320MM PAPEL SEMIBRILLO F0204B /AT20/40#SCK AD
47470,CPS0019,CONSUMO DE LAMINADO
47470,47493,LAMINADO 320MM PAPEL SEMIBRILLO F0204B /AT20/40#SCK AD
47471,CPS0019,CONSUMO DE LAMINADO
47471,47493,LAMINADO 320MM PAPEL SEMIBRILLO F0204B /AT20/40#SCK AD
47472,CPS0019,CONSUMO DE LAMINADO
47472,47493,LAMINADO 320MM PAPEL SEMIBRILLO F0204B /AT20/40#SCK AD
47473,CPS0019,CONSUMO DE LAMINADO
47473,47493,LAMINADO 320MM PAPEL SEMIBRILLO F0204B /AT20/40#SCK AD
47474,CPS0019,CONSUMO DE LAMINADO
47474,47493,LAMINADO 320MM PAPEL SEMIBRILLO F0204B /AT20/40#SCK AD
47475,CPS0019,CONSUMO DE LAMINADO
47475,47493,LAMINADO 320MM PAPEL SEMIBRILLO F0204B /AT20/40#SCK AD
47476,CPS0019,CONSUMO DE LAMINADO
47476,45650,LAMINADO 260MM PAPEL SEMIBRILLO F0204B /AT20/40#SCK AD
47478,45650,LAMINADO 260MM PAPEL SEMIBRILLO F0204B /AT20/40#SCK AD
47478,CPS0019,CONSUMO DE LAMINADO
47479,CPS0019,CONSUMO DE LAMINADO
47479,45650,LAMINADO 260MM PAPEL SEMIBRILLO F0204B /AT20/40#SCK AD
47487,46191,LAMINADO 230MM SEMIBRILLO  L80-PH-G62S ( EXACTO ) ARC
47487,CPS0019,CONSUMO DE LAMINADO
47488,42252,LAMINADO CINTA P/LAM  PP TRANSP. 300MM BRILLANTE 24M
47488,CPS0019,CONSUMO DE LAMINADO
47488,46452,LAMINADO 300MM PAPEL SEMIBRILLO 6770 80 GR AP 904 RI
47489,42252,LAMINADO CINTA P/LAM  PP TRANSP. 300MM BRILLANTE 24M
47489,CPS0019,CONSUMO DE LAMINADO
47489,46452,LAMINADO 300MM PAPEL SEMIBRILLO 6770 80 GR AP 904 RI
47490,42252,LAMINADO CINTA P/LAM  PP TRANSP. 300MM BRILLANTE 24M
47490,CPS0019,CONSUMO DE LAMINADO
47490,46452,LAMINADO 300MM PAPEL SEMIBRILLO 6770 80 GR AP 904 RI
47506,44927,LAMINADO 330MM PAPEL SEMIBRILLO L80-PH-G62S ( EXACTO) ARP
47506,CPS0019,CONSUMO DE LAMINADO
47523,CPS0019,CONSUMO DE LAMINADO
47523,44927,LAMINADO 330MM PAPEL SEMIBRILLO L80-PH-G62S ( EXACTO) ARP
47526,CPS0019,CONSUMO DE LAMINADO
47526,48057,LAMINADO FILM PVC  188MM TERMOCONTRAIBLE 40MIC
47527,43797,LAMINADO 320MM PAPEL TRANSFER  AT20 F13600
47527,CPS0019,CONSUMO DE LAMINADO
47530,42252,LAMINADO CINTA P/LAM  PP TRANSP. 300MM BRILLANTE 24M
47530,CPS0019,CONSUMO DE LAMINADO
47530,46452,LAMINADO 300MM PAPEL SEMIBRILLO 6770 80 GR AP 904 RI
47531,42252,LAMINADO CINTA P/LAM  PP TRANSP. 300MM BRILLANTE 24M
47531,CPS0019,CONSUMO DE LAMINADO
47531,46452,LAMINADO 300MM PAPEL SEMIBRILLO 6770 80 GR AP 904 RI
47535,42252,LAMINADO CINTA P/LAM  PP TRANSP. 300MM BRILLANTE 24M
47535,CPS0019,CONSUMO DE LAMINADO
47535,46452,LAMINADO 300MM PAPEL SEMIBRILLO 6770 80 GR AP 904 RI
47539,43809,"LAMINADO 109,09MM PAPEL SINTETICO 80micras MIC"
47539,CPS0019,CONSUMO DE LAMINADO
47541,CPS0019,CONSUMO DE LAMINADO
47541,44927,LAMINADO 330MM PAPEL SEMIBRILLO L80-PH-G62S ( EXACTO) ARP
47542,44927,LAMINADO 330MM PAPEL SEMIBRILLO L80-PH-G62S ( EXACTO) ARP
47542,CPS0019,CONSUMO DE LAMINADO
47543,CPS0019,CONSUMO DE LAMINADO
47543,44927,LAMINADO 330MM PAPEL SEMIBRILLO L80-PH-G62S ( EXACTO) ARP
47550,CPS0019,CONSUMO DE LAMINADO
47550,47112,LAMINADO 200MM PPDL54BH OPTIMA MATE AF1000 G60
47553,CPS0019,CONSUMO DE LAMINADO
47553,47738,LAMINADO FILM PVC 335MM CALANDRADO 50 MIC
47554,42674,LAMINADO 120MM PAPEL SINTETICO 80micras
47554,CPS0019,CONSUMO DE LAMINADO
47569,CPS0019,CONSUMO DE LAMINADO
47569,46803,LAMINADO 300MM PP BLANCO TC 40 MICRAS  02176 RI757
47570,CPS0019,CONSUMO DE LAMINADO
47570,46803,LAMINADO 300MM PP BLANCO TC 40 MICRAS  02176 RI757
47571,CPS0019,CONSUMO DE LAMINADO
47571,46803,LAMINADO 300MM PP BLANCO TC 40 MICRAS  02176 RI757
47585,CPS0019,CONSUMO DE LAMINADO
47585,44927,LAMINADO 330MM PAPEL SEMIBRILLO L80-PH-G62S ( EXACTO) ARP
47588,44927,LAMINADO 330MM PAPEL SEMIBRILLO L80-PH-G62S ( EXACTO) ARP
47588,CPS0019,CONSUMO DE LAMINADO
47590,44927,LAMINADO 330MM PAPEL SEMIBRILLO L80-PH-G62S ( EXACTO) ARP
47590,CPS0019,CONSUMO DE LAMINADO
47591,44927,LAMINADO 330MM PAPEL SEMIBRILLO L80-PH-G62S ( EXACTO) ARP
47591,CPS0019,CONSUMO DE LAMINADO
47598,44927,LAMINADO 330MM PAPEL SEMIBRILLO L80-PH-G62S ( EXACTO) ARP
47598,CPS0019,CONSUMO DE LAMINADO
47599,44927,LAMINADO 330MM PAPEL SEMIBRILLO L80-PH-G62S ( EXACTO) ARP
47599,CPS0019,CONSUMO DE LAMINADO
47600,44927,LAMINADO 330MM PAPEL SEMIBRILLO L80-PH-G62S ( EXACTO) ARP
47600,CPS0019,CONSUMO DE LAMINADO
47602,CPS0019,CONSUMO DE LAMINADO
47602,43453,LAMINADO 160MM PAPEL TRANSFER TT64/PH
47603,CPS0019,CONSUMO DE LAMINADO
47603,44927,LAMINADO 330MM PAPEL SEMIBRILLO L80-PH-G62S ( EXACTO) ARP
47604,CPS0019,CONSUMO DE LAMINADO
47604,46191,LAMINADO 230MM SEMIBRILLO  L80-PH-G62S ( EXACTO ) ARC
47607,CPS0019,CONSUMO DE LAMINADO
47607,46803,LAMINADO 300MM PP BLANCO TC 40 MICRAS  02176 RI757
47612,CPS0019,CONSUMO DE LAMINADO
47612,48261,LAMINADO 330MM TERMICO PROTEGIDO 7836 THERMAL TC /80 GR GL/60 RI
47614,45506,LAMINADO 330MM PP TRANSPARENTE RESPALDO PET T50/P1 PST30
47614,CPS0019,CONSUMO DE LAMINADO
47615,45506,LAMINADO 330MM PP TRANSPARENTE RESPALDO PET T50/P1 PST30
47615,CPS0019,CONSUMO DE LAMINADO
47617,44927,LAMINADO 330MM PAPEL SEMIBRILLO L80-PH-G62S ( EXACTO) ARP
47617,CPS0019,CONSUMO DE LAMINADO
47620,43193,LAMINADO 330MM PAPEL SEMIBRILLO 80/P4 ARC
47620,CPS0019,CONSUMO DE LAMINADO
47621,CPS0019,CONSUMO DE LAMINADO
47621,56683,LAMINADO 280MM PAPEL SEMIBRILLO 6770 AP904 RI
47622,44927,LAMINADO 330MM PAPEL SEMIBRILLO L80-PH-G62S ( EXACTO) ARP
47622,CPS0019,CONSUMO DE LAMINADO
47625,44927,LAMINADO 330MM PAPEL SEMIBRILLO L80-PH-G62S ( EXACTO) ARP
47625,CPS0019,CONSUMO DE LAMINADO
47626,CPS0019,CONSUMO DE LAMINADO
47626,44927,LAMINADO 330MM PAPEL SEMIBRILLO L80-PH-G62S ( EXACTO) ARP
47627,44927,LAMINADO 330MM PAPEL SEMIBRILLO L80-PH-G62S ( EXACTO) ARP
47627,CPS0019,CONSUMO DE LAMINADO
47629,44927,LAMINADO 330MM PAPEL SEMIBRILLO L80-PH-G62S ( EXACTO) ARP
47629,CPS0019,CONSUMO DE LAMINADO
47634,44927,LAMINADO 330MM PAPEL SEMIBRILLO L80-PH-G62S ( EXACTO) ARP
47634,CPS0019,CONSUMO DE LAMINADO
47635,44927,LAMINADO 330MM PAPEL SEMIBRILLO L80-PH-G62S ( EXACTO) ARP
47635,CPS0019,CONSUMO DE LAMINADO
47636,44927,LAMINADO 330MM PAPEL SEMIBRILLO L80-PH-G62S ( EXACTO) ARP
47636,CPS0019,CONSUMO DE LAMINADO
47640,CPS0019,CONSUMO DE LAMINADO
47640,44927,LAMINADO 330MM PAPEL SEMIBRILLO L80-PH-G62S ( EXACTO) ARP
47644,CPS0019,CONSUMO DE LAMINADO
47644,46036,LAMINADO 110MM PAPEL SEMIBRILLO L80-PH-G62S (EXACTO) ARP
47647,46191,LAMINADO 230MM SEMIBRILLO  L80-PH-G62S ( EXACTO ) ARC
47647,CPS0019,CONSUMO DE LAMINADO
47660,CPS0019,CONSUMO DE LAMINADO
47660,46384,LAMINADO 330 MM PAPEL TERMICO PROTEGIDO T77 PH G62 ARC
47661,CPS0019,CONSUMO DE LAMINADO
47661,47738,LAMINADO FILM PVC 335MM CALANDRADO 50 MIC
47671,42252,LAMINADO CINTA P/LAM  PP TRANSP. 300MM BRILLANTE 24M
47671,CPS0019,CONSUMO DE LAMINADO
47671,46452,LAMINADO 300MM PAPEL SEMIBRILLO 6770 80 GR AP 904 RI
47672,42252,LAMINADO CINTA P/LAM  PP TRANSP. 300MM BRILLANTE 24M
47672,CPS0019,CONSUMO DE LAMINADO
47672,46452,LAMINADO 300MM PAPEL SEMIBRILLO 6770 80 GR AP 904 RI
47673,CPS0019,CONSUMO DE LAMINADO
47673,44927,LAMINADO 330MM PAPEL SEMIBRILLO L80-PH-G62S ( EXACTO) ARP
47674,CPS0019,CONSUMO DE LAMINADO
47674,46191,LAMINADO 230MM SEMIBRILLO  L80-PH-G62S ( EXACTO ) ARC
47675,CPS0019,CONSUMO DE LAMINADO
47675,46191,LAMINADO 230MM SEMIBRILLO  L80-PH-G62S ( EXACTO ) ARC
47676,CPS0019,CONSUMO DE LAMINADO
47676,46191,LAMINADO 230MM SEMIBRILLO  L80-PH-G62S ( EXACTO ) ARC
47679,38978,LAMINADO 333MM PP TRANSPARENTE 50TC S0208 BG62B
47679,CPS0019,CONSUMO DE LAMINADO
47683,44927,LAMINADO 330MM PAPEL SEMIBRILLO L80-PH-G62S ( EXACTO) ARP
47683,CPS0019,CONSUMO DE LAMINADO
47686,44927,LAMINADO 330MM PAPEL SEMIBRILLO L80-PH-G62S ( EXACTO) ARP
47686,CPS0019,CONSUMO DE LAMINADO
47696,CPS0019,CONSUMO DE LAMINADO
47696,44927,LAMINADO 330MM PAPEL SEMIBRILLO L80-PH-G62S ( EXACTO) ARP
47697,44927,LAMINADO 330MM PAPEL SEMIBRILLO L80-PH-G62S ( EXACTO) ARP
47697,CPS0019,CONSUMO DE LAMINADO
47700,CPS0019,CONSUMO DE LAMINADO
47700,44927,LAMINADO 330MM PAPEL SEMIBRILLO L80-PH-G62S ( EXACTO) ARP
47701,45699,LAMINADO 280MM PP TRANSPARENTE 50TC S0208 BG62B
47701,CPS0019,CONSUMO DE LAMINADO
47702,42252,LAMINADO CINTA P/LAM  PP TRANSP. 300MM BRILLANTE 24M
47702,CPS0019,CONSUMO DE LAMINADO
47702,46452,LAMINADO 300MM PAPEL SEMIBRILLO 6770 80 GR AP 904 RI
47703,40500,LAMINADO 160MM BOPP  BLACO. 60 UTC RI 707/BL 8065 EXACTO
47703,CPS0019,CONSUMO DE LAMINADO
47703,43452,LAMINADO 160MM PP BCO BTE P4 38M G58 ARC
47716,44078,"""LAMINADO 300MM SEMIBRILLO L80-P3H-G62S CLAMSHELLS ARC"
47716,CPS0019,CONSUMO DE LAMINADO
47717,44078,"""LAMINADO 300MM SEMIBRILLO L80-P3H-G62S CLAMSHELLS ARC"
47717,CPS0019,CONSUMO DE LAMINADO
47721,40500,LAMINADO 160MM BOPP  BLACO. 60 UTC RI 707/BL 8065 EXACTO
47721,43452,LAMINADO 160MM PP BCO BTE P4 38M G58 ARC
47721,CPS0019,CONSUMO DE LAMINADO
47722,40500,LAMINADO 160MM BOPP  BLACO. 60 UTC RI 707/BL 8065 EXACTO
47722,CPS0019,CONSUMO DE LAMINADO
47722,43452,LAMINADO 160MM PP BCO BTE P4 38M G58 ARC
47724,43885,LAMINADO CINTA P/LAMINAR  PP TRANSP. 169MM
47724,CPS0019,CONSUMO DE LAMINADO
47724,47583,LAMINADO 160MM PE TRANSPARENTE 85M AP901 PET 30 06105
47729,46036,LAMINADO 110MM PAPEL SEMIBRILLO L80-PH-G62S (EXACTO) ARP
47729,CPS0019,CONSUMO DE LAMINADO
47730,CPS0019,CONSUMO DE LAMINADO
47730,46148,LAMINADO 330MM PPBB60-P1-G62S
47737,44626,LAMINADO 110MM PPDL54P4 OPTIMA MATE AF1000 G60 ARC
47737,CPS0019,CONSUMO DE LAMINADO
47743,44927,LAMINADO 330MM PAPEL SEMIBRILLO L80-PH-G62S ( EXACTO) ARP
47743,CPS0019,CONSUMO DE LAMINADO
47744,CPS0019,CONSUMO DE LAMINADO
47744,44927,LAMINADO 330MM PAPEL SEMIBRILLO L80-PH-G62S ( EXACTO) ARP
47745,44927,LAMINADO 330MM PAPEL SEMIBRILLO L80-PH-G62S ( EXACTO) ARP
47745,CPS0019,CONSUMO DE LAMINADO
47746,CPS0019,CONSUMO DE LAMINADO
47746,44927,LAMINADO 330MM PAPEL SEMIBRILLO L80-PH-G62S ( EXACTO) ARP
47747,44927,LAMINADO 330MM PAPEL SEMIBRILLO L80-PH-G62S ( EXACTO) ARP
47747,CPS0019,CONSUMO DE LAMINADO
47748,44927,LAMINADO 330MM PAPEL SEMIBRILLO L80-PH-G62S ( EXACTO) ARP
47748,CPS0019,CONSUMO DE LAMINADO
47749,CPS0019,CONSUMO DE LAMINADO
47749,44927,LAMINADO 330MM PAPEL SEMIBRILLO L80-PH-G62S ( EXACTO) ARP
47750,44927,LAMINADO 330MM PAPEL SEMIBRILLO L80-PH-G62S ( EXACTO) ARP
47750,CPS0019,CONSUMO DE LAMINADO
47751,CPS0019,CONSUMO DE LAMINADO
47751,44927,LAMINADO 330MM PAPEL SEMIBRILLO L80-PH-G62S ( EXACTO) ARP
47752,CPS0019,CONSUMO DE LAMINADO
47752,44927,LAMINADO 330MM PAPEL SEMIBRILLO L80-PH-G62S ( EXACTO) ARP
47766,44928,LAMINADO 300MM PAPEL SEMIBRILLO L80-PH-G62S Exacto ARP
47766,CPS0019,CONSUMO DE LAMINADO
47767,CPS0019,CONSUMO DE LAMINADO
47767,47665,LAMINADO FILM PVC 400MM CALANDRADO 40 MIC
47786,CPS0019,CONSUMO DE LAMINADO
47786,710,LAMINADO 167 WINEGLASS (AUTOMATICO) PT220 ECO
47794,CPS0019,CONSUMO DE LAMINADO
47794,44927,LAMINADO 330MM PAPEL SEMIBRILLO L80-PH-G62S ( EXACTO) ARP
47798,CPS0019,CONSUMO DE LAMINADO
47798,46148,LAMINADO 330MM PPBB60-P1-G62S
47801,CPS0019,CONSUMO DE LAMINADO
47801,46452,LAMINADO 300MM PAPEL SEMIBRILLO 6770 80 GR AP 904 RI
47810,CPS0019,CONSUMO DE LAMINADO
47810,46191,LAMINADO 230MM SEMIBRILLO  L80-PH-G62S ( EXACTO ) ARC
47813,42252,LAMINADO CINTA P/LAM  PP TRANSP. 300MM BRILLANTE 24M
47813,42369,LAMINADO 300MM PP BLANCO 40M (COD.RIT. 08731)
47813,CPS0019,CONSUMO DE LAMINADO
47817,46344,LAMINADO 160MM PPBB60-P1-G62S (Samson)
47817,CPS0019,CONSUMO DE LAMINADO
47818,43178,LAMINADO 330MM PAPEL SEMIBRILLO L80-P3H  EXACTO
47818,CPS0019,CONSUMO DE LAMINADO
47819,43178,LAMINADO 330MM PAPEL SEMIBRILLO L80-P3H  EXACTO
47819,CPS0019,CONSUMO DE LAMINADO
47823,CPS0019,CONSUMO DE LAMINADO
47823,46118,LAMINADO 300MM PPBB60-P1-G62S
47824,CPS0019,CONSUMO DE LAMINADO
47824,46118,LAMINADO 300MM PPBB60-P1-G62S
47828,CPS0019,CONSUMO DE LAMINADO
47828,47516,LAMINADO 260MM PAPEL SEMIBRILLO 80/P4 ARC
47829,CPS0019,CONSUMO DE LAMINADO
47829,47516,LAMINADO 260MM PAPEL SEMIBRILLO 80/P4 ARC
47831,CPS0019,CONSUMO DE LAMINADO
47831,47516,LAMINADO 260MM PAPEL SEMIBRILLO 80/P4 ARC
47840,CPS0019,CONSUMO DE LAMINADO
47840,47778,LAMINADO 330MM PAPEL SEMIBRILLO RP48AT 80G DIP
47843,CPS0019,CONSUMO DE LAMINADO
47843,48056,LAMINADO FILM PVC  155MM TERMOCONTRAIBLE 40MIC
47848,43178,LAMINADO 330MM PAPEL SEMIBRILLO L80-P3H  EXACTO
47848,CPS0019,CONSUMO DE LAMINADO
47849,43178,LAMINADO 330MM PAPEL SEMIBRILLO L80-P3H  EXACTO
47849,CPS0019,CONSUMO DE LAMINADO
47850,43178,LAMINADO 330MM PAPEL SEMIBRILLO L80-P3H  EXACTO
47850,CPS0019,CONSUMO DE LAMINADO
47852,CPS0019,CONSUMO DE LAMINADO
47852,44927,LAMINADO 330MM PAPEL SEMIBRILLO L80-PH-G62S ( EXACTO) ARP
47856,40500,LAMINADO 160MM BOPP  BLACO. 60 UTC RI 707/BL 8065 EXACTO
47856,CPS0019,CONSUMO DE LAMINADO
47856,43452,LAMINADO 160MM PP BCO BTE P4 38M G58 ARC
47861,44927,LAMINADO 330MM PAPEL SEMIBRILLO L80-PH-G62S ( EXACTO) ARP
47861,CPS0019,CONSUMO DE LAMINADO
47868,CPS0019,CONSUMO DE LAMINADO
47868,47859,LAMINADO 200 MM GREEN PAPER 120u - s/adhesivo
47870,45856,LAMINADO 330MM PAPEL SEMIBRILLO 6770 80 GR AP 904 RI
47870,CPS0019,CONSUMO DE LAMINADO
47872,45856,LAMINADO 330MM PAPEL SEMIBRILLO 6770 80 GR AP 904 RI
47872,CPS0019,CONSUMO DE LAMINADO
47883,CPS0019,CONSUMO DE LAMINADO
47883,45856,LAMINADO 330MM PAPEL SEMIBRILLO 6770 80 GR AP 904 RI
47895,40039,LAMINADO CINTA P/LAMINAR  PP TRANSP. 160MM OLPP24-B-1500
47895,CPS0019,CONSUMO DE LAMINADO
47895,47583,LAMINADO 160MM PE TRANSPARENTE 85M AP901 PET 30 06105
47900,CPS0019,CONSUMO DE LAMINADO
47900,709,LAMINADO 110MM PAPEL SEMIBRILLO 6770 80G AP 904 RI
47917,44533,LAMINADO 320MM PPDL54P4 OPTIMA MATE AF1000 G60 ARC
47917,CPS0019,CONSUMO DE LAMINADO
47926,43573,LAMINADO 200MM PPBB60-P1-G62S
47926,CPS0019,CONSUMO DE LAMINADO
47926,47363,LAMINADO 200MM PPDL54P1 OPTIMA MATE G60
47928,43573,LAMINADO 200MM PPBB60-P1-G62S
47928,CPS0019,CONSUMO DE LAMINADO
47928,47363,LAMINADO 200MM PPDL54P1 OPTIMA MATE G60
47930,43573,LAMINADO 200MM PPBB60-P1-G62S
47930,CPS0019,CONSUMO DE LAMINADO
47930,47363,LAMINADO 200MM PPDL54P1 OPTIMA MATE G60
47931,CPS0019,CONSUMO DE LAMINADO
47931,47363,LAMINADO 200MM PPDL54P1 OPTIMA MATE G60
47940,CPS0019,CONSUMO DE LAMINADO
47940,46452,LAMINADO 300MM PAPEL SEMIBRILLO 6770 80 GR AP 904 RI
47952,CPS0019,CONSUMO DE LAMINADO
47952,47631,LAMINADO 165 MM PAPEL TRILAMINADO 45g/al7/pe30
47956,43695,LAMINADO 333MM PP TRANSP. PPT50P-P1-G62S ARC
47956,CPS0019,CONSUMO DE LAMINADO
47957,43695,LAMINADO 333MM PP TRANSP. PPT50P-P1-G62S ARC
47957,CPS0019,CONSUMO DE LAMINADO
47958,CPS0019,CONSUMO DE LAMINADO
47958,45884,LAMINADO 330MM PAPEL SEMIBRILLO 80-P4H-G62 ARC
47959,CPS0019,CONSUMO DE LAMINADO
47959,45884,LAMINADO 330MM PAPEL SEMIBRILLO 80-P4H-G62 ARC
47961,CPS0019,CONSUMO DE LAMINADO
47961,43178,LAMINADO 330MM PAPEL SEMIBRILLO L80-P3H  EXACTO
47964,44892,LAMINADO 200MM PPBB60-P4-G62S
47964,CPS0019,CONSUMO DE LAMINADO
47964,45939,LAMINADO FOLIA PLATA COLDFOIL 160MM DSCF613-OP COR
47969,43178,LAMINADO 330MM PAPEL SEMIBRILLO L80-P3H  EXACTO
47969,CPS0019,CONSUMO DE LAMINADO
47970,709,LAMINADO 110MM PAPEL SEMIBRILLO 6770 80G AP 904 RI
47970,CPS0019,CONSUMO DE LAMINADO
47974,43178,LAMINADO 330MM PAPEL SEMIBRILLO L80-P3H  EXACTO
47974,CPS0019,CONSUMO DE LAMINADO
47977,42252,LAMINADO CINTA P/LAM  PP TRANSP. 300MM BRILLANTE 24M
47977,CPS0019,CONSUMO DE LAMINADO
47977,46452,LAMINADO 300MM PAPEL SEMIBRILLO 6770 80 GR AP 904 RI
47981,CPS0019,CONSUMO DE LAMINADO
47981,46452,LAMINADO 300MM PAPEL SEMIBRILLO 6770 80 GR AP 904 RI
47987,CPS0019,CONSUMO DE LAMINADO
47987,46148,LAMINADO 330MM PPBB60-P1-G62S
48001,42555,LAMINADO 200MM PP TRANSP. PPT50P-P1-G62S ARC
48001,43606,LAMINADO FOLIA PLATA COLDFOIL 203  MM
48001,CPS0019,CONSUMO DE LAMINADO
48011,CPS0019,CONSUMO DE LAMINADO
48011,711,LAMINADO 160MM PAPEL SEMIBRILLO 6770 80G AP 904 RI
48012,CPS0019,CONSUMO DE LAMINADO
48012,45856,LAMINADO 330MM PAPEL SEMIBRILLO 6770 80 GR AP 904 RI
48024,CPS0019,CONSUMO DE LAMINADO
48024,709,LAMINADO 110MM PAPEL SEMIBRILLO 6770 80G AP 904 RI
48026,709,LAMINADO 110MM PAPEL SEMIBRILLO 6770 80G AP 904 RI
48026,CPS0019,CONSUMO DE LAMINADO
48027,CPS0019,CONSUMO DE LAMINADO
48027,53291,LAMINADO 320MM BLACKCOVER II  80 GR AE500 GL62 INNO 2
48028,53291,LAMINADO 320MM BLACKCOVER II  80 GR AE500 GL62 INNO 2
48028,CPS0019,CONSUMO DE LAMINADO
48030,42252,LAMINADO CINTA P/LAM  PP TRANSP. 300MM BRILLANTE 24M
48030,CPS0019,CONSUMO DE LAMINADO
48030,46452,LAMINADO 300MM PAPEL SEMIBRILLO 6770 80 GR AP 904 RI
48031,45654,LAMINADO FILM 230 MM PETG 40 MIC
48031,CPS0019,CONSUMO DE LAMINADO
48032,CPS0019,CONSUMO DE LAMINADO
48032,45654,LAMINADO FILM 230 MM PETG 40 MIC
48033,CPS0019,CONSUMO DE LAMINADO
48033,45654,LAMINADO FILM 230 MM PETG 40 MIC
48034,45654,LAMINADO FILM 230 MM PETG 40 MIC
48034,CPS0019,CONSUMO DE LAMINADO
48035,CPS0019,CONSUMO DE LAMINADO
48035,45654,LAMINADO FILM 230 MM PETG 40 MIC
48038,42555,LAMINADO 200MM PP TRANSP. PPT50P-P1-G62S ARC
48038,CPS0019,CONSUMO DE LAMINADO
48038,45939,LAMINADO FOLIA PLATA COLDFOIL 160MM DSCF613-OP COR
48039,43178,LAMINADO 330MM PAPEL SEMIBRILLO L80-P3H  EXACTO
48039,CPS0019,CONSUMO DE LAMINADO
48043,711,LAMINADO 160MM PAPEL SEMIBRILLO 6770 80G AP 904 RI
48043,CPS0019,CONSUMO DE LAMINADO
48045,711,LAMINADO 160MM PAPEL SEMIBRILLO 6770 80G AP 904 RI
48045,CPS0019,CONSUMO DE LAMINADO
48046,CPS0019,CONSUMO DE LAMINADO
48046,711,LAMINADO 160MM PAPEL SEMIBRILLO 6770 80G AP 904 RI
48048,CPS0019,CONSUMO DE LAMINADO
48048,711,LAMINADO 160MM PAPEL SEMIBRILLO 6770 80G AP 904 RI
48049,CPS0019,CONSUMO DE LAMINADO
48049,711,LAMINADO 160MM PAPEL SEMIBRILLO 6770 80G AP 904 RI
48062,43432,LAMINADO 200MM PAPEL SEMIBRILLO L80-PH-G62S ARP
48062,CPS0019,CONSUMO DE LAMINADO
48069,CPS0019,CONSUMO DE LAMINADO
48069,710,LAMINADO 167 WINEGLASS (AUTOMATICO) PT220 ECO
48073,42252,LAMINADO CINTA P/LAM  PP TRANSP. 300MM BRILLANTE 24M
48073,CPS0019,CONSUMO DE LAMINADO
48073,46452,LAMINADO 300MM PAPEL SEMIBRILLO 6770 80 GR AP 904 RI
48077,CPS0019,CONSUMO DE LAMINADO
48077,46452,LAMINADO 300MM PAPEL SEMIBRILLO 6770 80 GR AP 904 RI
48078,44927,LAMINADO 330MM PAPEL SEMIBRILLO L80-PH-G62S ( EXACTO) ARP
48078,CPS0019,CONSUMO DE LAMINADO
48080,48448,LAMINADO 300MM PAPEL SEMIBRILLO L80-PH INNOLINER
48080,47288,LAMINADO 120 MM PAPEL COUCHE 90 G/M2
48089,39651,LAMINADO 200MM PAPEL SEMIBRILLO cod. 6770 RI
48089,CPS0019,CONSUMO DE LAMINADO
48090,CPS0019,CONSUMO DE LAMINADO
48090,46452,LAMINADO 300MM PAPEL SEMIBRILLO 6770 80 GR AP 904 RI
48092,CPS0019,CONSUMO DE LAMINADO
48092,56683,LAMINADO 280MM PAPEL SEMIBRILLO 6770 AP904 RI
48094,CPS0019,CONSUMO DE LAMINADO
48094,709,LAMINADO 110MM PAPEL SEMIBRILLO 6770 80G AP 904 RI
48096,711,LAMINADO 160MM PAPEL SEMIBRILLO 6770 80G AP 904 RI
48096,CPS0019,CONSUMO DE LAMINADO
48097,CPS0019,CONSUMO DE LAMINADO
48097,45856,LAMINADO 330MM PAPEL SEMIBRILLO 6770 80 GR AP 904 RI
48098,45856,LAMINADO 330MM PAPEL SEMIBRILLO 6770 80 GR AP 904 RI
48098,CPS0019,CONSUMO DE LAMINADO
48108,42252,LAMINADO CINTA P/LAM  PP TRANSP. 300MM BRILLANTE 24M
48108,CPS0019,CONSUMO DE LAMINADO
48108,46452,LAMINADO 300MM PAPEL SEMIBRILLO 6770 80 GR AP 904 RI
48112,CPS0019,CONSUMO DE LAMINADO
48112,46452,LAMINADO 300MM PAPEL SEMIBRILLO 6770 80 GR AP 904 RI
48113,CPS0019,CONSUMO DE LAMINADO
48113,48054,LAMINADO FILM PVC  273MM TERMOCONTRAIBLE 40MIC
48125,CPS0019,CONSUMO DE LAMINADO
48125,48080,LAMINADO 110MM BLACKCOVER 90 GR AE500 GL62 INNO
48132,CPS0019,CONSUMO DE LAMINADO
48132,50359,LAMINADO FILM PETG 240 MM 45 MIC
48137,44626,LAMINADO 110MM PPDL54P4 OPTIMA MATE AF1000 G60 ARC
48137,CPS0019,CONSUMO DE LAMINADO
48138,CPS0019,CONSUMO DE LAMINADO
48138,44626,LAMINADO 110MM PPDL54P4 OPTIMA MATE AF1000 G60 ARC
48141,CPS0019,CONSUMO DE LAMINADO
48141,46888,LAMINADO 160MM GREEN PAPER 120µ HP 2300/GL62 INNO
48142,CPS0019,CONSUMO DE LAMINADO
48142,46888,LAMINADO 160MM GREEN PAPER 120µ HP 2300/GL62 INNO
48143,CPS0019,CONSUMO DE LAMINADO
48143,46888,LAMINADO 160MM GREEN PAPER 120µ HP 2300/GL62 INNO
48151,CPS0019,CONSUMO DE LAMINADO
48151,46888,LAMINADO 160MM GREEN PAPER 120µ HP 2300/GL62 INNO
48152,CPS0019,CONSUMO DE LAMINADO
48152,46888,LAMINADO 160MM GREEN PAPER 120µ HP 2300/GL62 INNO
48153,CPS0019,CONSUMO DE LAMINADO
48153,57755,LAMINADO 160MM PP BCO BTE PPBB60-P ARP (SAMSON/ARP)
48156,42252,LAMINADO CINTA P/LAM  PP TRANSP. 300MM BRILLANTE 24M
48156,CPS0019,CONSUMO DE LAMINADO
48156,46452,LAMINADO 300MM PAPEL SEMIBRILLO 6770 80 GR AP 904 RI
48157,42252,LAMINADO CINTA P/LAM  PP TRANSP. 300MM BRILLANTE 24M
48157,CPS0019,CONSUMO DE LAMINADO
48157,46452,LAMINADO 300MM PAPEL SEMIBRILLO 6770 80 GR AP 904 RI
48161,CPS0019,CONSUMO DE LAMINADO
48161,44626,LAMINADO 110MM PPDL54P4 OPTIMA MATE AF1000 G60 ARC
48162,44533,LAMINADO 320MM PPDL54P4 OPTIMA MATE AF1000 G60 ARC
48162,CPS0019,CONSUMO DE LAMINADO
48163,CPS0019,CONSUMO DE LAMINADO
48163,46193,LAMINADO 250MM PPBB60-P4-G62S
48163,44828,LAMINADO 250MM PPBB60-P1-G62S
48171,CPS0019,CONSUMO DE LAMINADO
48171,56353,LAMINADO 160MM GREEN PAPER ADH ST / GL62 INNO
48176,CPS0019,CONSUMO DE LAMINADO
48176,46452,LAMINADO 300MM PAPEL SEMIBRILLO 6770 80 GR AP 904 RI
48178,42252,LAMINADO CINTA P/LAM  PP TRANSP. 300MM BRILLANTE 24M
48178,CPS0019,CONSUMO DE LAMINADO
48178,46452,LAMINADO 300MM PAPEL SEMIBRILLO 6770 80 GR AP 904 RI
48184,42252,LAMINADO CINTA P/LAM  PP TRANSP. 300MM BRILLANTE 24M
48184,CPS0019,CONSUMO DE LAMINADO
48184,46452,LAMINADO 300MM PAPEL SEMIBRILLO 6770 80 GR AP 904 RI
48185,43695,LAMINADO 333MM PP TRANSP. PPT50P-P1-G62S ARC
48185,CPS0019,CONSUMO DE LAMINADO
48186,709,LAMINADO 110MM PAPEL SEMIBRILLO 6770 80G AP 904 RI
48186,CPS0019,CONSUMO DE LAMINADO
48187,709,LAMINADO 110MM PAPEL SEMIBRILLO 6770 80G AP 904 RI
48187,CPS0019,CONSUMO DE LAMINADO
48188,CPS0019,CONSUMO DE LAMINADO
48188,57844,LAMINADO 330MM PAPEL SEMIBRILLO L80 -P - G60 AR
48191,CPS0019,CONSUMO DE LAMINADO
48191,44626,LAMINADO 110MM PPDL54P4 OPTIMA MATE AF1000 G60 ARC
48192,44626,LAMINADO 110MM PPDL54P4 OPTIMA MATE AF1000 G60 ARC
48192,CPS0019,CONSUMO DE LAMINADO
48193,CPS0019,CONSUMO DE LAMINADO
48193,45585,LAMINADO 330MM BOPP  METALIZADO PLATA BRILLANTE RI 717/50
48194,42252,LAMINADO CINTA P/LAM  PP TRANSP. 300MM BRILLANTE 24M
48194,CPS0019,CONSUMO DE LAMINADO
48194,46452,LAMINADO 300MM PAPEL SEMIBRILLO 6770 80 GR AP 904 RI
48195,CPS0019,CONSUMO DE LAMINADO
48195,46452,LAMINADO 300MM PAPEL SEMIBRILLO 6770 80 GR AP 904 RI
48196,CPS0019,CONSUMO DE LAMINADO
48196,46452,LAMINADO 300MM PAPEL SEMIBRILLO 6770 80 GR AP 904 RI
48197,CPS0019,CONSUMO DE LAMINADO
48197,46452,LAMINADO 300MM PAPEL SEMIBRILLO 6770 80 GR AP 904 RI
48198,CPS0019,CONSUMO DE LAMINADO
48198,46452,LAMINADO 300MM PAPEL SEMIBRILLO 6770 80 GR AP 904 RI
48199,CPS0019,CONSUMO DE LAMINADO
48199,46452,LAMINADO 300MM PAPEL SEMIBRILLO 6770 80 GR AP 904 RI
48200,CPS0019,CONSUMO DE LAMINADO
48200,46452,LAMINADO 300MM PAPEL SEMIBRILLO 6770 80 GR AP 904 RI
48201,CPS0019,CONSUMO DE LAMINADO
48201,46452,LAMINADO 300MM PAPEL SEMIBRILLO 6770 80 GR AP 904 RI
48206,CPS0019,CONSUMO DE LAMINADO
48206,46452,LAMINADO 300MM PAPEL SEMIBRILLO 6770 80 GR AP 904 RI
48207,43400,LAMINADO 200MM PAPEL SEMIBRILLO 80/P4 ARC
48207,CPS0019,CONSUMO DE LAMINADO
48212,39805,LAMINADO 230MM PAPEL SEMIBRILLO  80 GR 6770 AP904 RI
48212,CPS0019,CONSUMO DE LAMINADO
48214,39805,LAMINADO 230MM PAPEL SEMIBRILLO  80 GR 6770 AP904 RI
48214,CPS0019,CONSUMO DE LAMINADO
48218,45856,LAMINADO 330MM PAPEL SEMIBRILLO 6770 80 GR AP 904 RI
48218,CPS0019,CONSUMO DE LAMINADO
48219,44533,LAMINADO 320MM PPDL54P4 OPTIMA MATE AF1000 G60 ARC
48219,CPS0019,CONSUMO DE LAMINADO
48220,44533,LAMINADO 320MM PPDL54P4 OPTIMA MATE AF1000 G60 ARC
48220,CPS0019,CONSUMO DE LAMINADO
48222,CPS0019,CONSUMO DE LAMINADO
48222,710,LAMINADO 167 WINEGLASS (AUTOMATICO) PT220 ECO
48226,39805,LAMINADO 230MM PAPEL SEMIBRILLO  80 GR 6770 AP904 RI
48226,CPS0019,CONSUMO DE LAMINADO
48227,45856,LAMINADO 330MM PAPEL SEMIBRILLO 6770 80 GR AP 904 RI
48227,CPS0019,CONSUMO DE LAMINADO
48228,CPS0019,CONSUMO DE LAMINADO
48228,45585,LAMINADO 330MM BOPP  METALIZADO PLATA BRILLANTE RI 717/50
48230,CPS0019,CONSUMO DE LAMINADO
48230,45585,LAMINADO 330MM BOPP  METALIZADO PLATA BRILLANTE RI 717/50
48231,45585,LAMINADO 330MM BOPP  METALIZADO PLATA BRILLANTE RI 717/50
48231,CPS0019,CONSUMO DE LAMINADO
48232,CPS0019,CONSUMO DE LAMINADO
48232,45585,LAMINADO 330MM BOPP  METALIZADO PLATA BRILLANTE RI 717/50
48233,45856,LAMINADO 330MM PAPEL SEMIBRILLO 6770 80 GR AP 904 RI
48233,CPS0019,CONSUMO DE LAMINADO
48234,CPS0019,CONSUMO DE LAMINADO
48234,46167,LAMINADO 340MM PPBB60-P4-G62S
48235,CPS0019,CONSUMO DE LAMINADO
48235,46167,LAMINADO 340MM PPBB60-P4-G62S
48237,43573,LAMINADO 200MM PPBB60-P1-G62S
48237,CPS0019,CONSUMO DE LAMINADO
48237,47363,LAMINADO 200MM PPDL54P1 OPTIMA MATE G60
48240,44828,LAMINADO 250MM PPBB60-P1-G62S
48240,CPS0019,CONSUMO DE LAMINADO
48240,47112,LAMINADO 200MM PPDL54BH OPTIMA MATE AF1000 G60
48243,42282,LAMINADO 110MM PAPEL TRANSFER  AT20 F13600
48243,CPS0019,CONSUMO DE LAMINADO
48246,CPS0019,CONSUMO DE LAMINADO
48246,60217,LAMINADO 330MM PAPEL TERMICO T70-P-TOP-G60 ARP
48253,45585,LAMINADO 330MM BOPP  METALIZADO PLATA BRILLANTE RI 717/50
48253,CPS0019,CONSUMO DE LAMINADO
48255,CPS0019,CONSUMO DE LAMINADO
48255,47457,LAMINADO 330MM PAPEL TRANSFER  AT20 F13600
48256,CPS0019,CONSUMO DE LAMINADO
48256,45856,LAMINADO 330MM PAPEL SEMIBRILLO 6770 80 GR AP 904 RI
48257,CPS0019,CONSUMO DE LAMINADO
48257,45856,LAMINADO 330MM PAPEL SEMIBRILLO 6770 80 GR AP 904 RI
48259,CPS0019,CONSUMO DE LAMINADO
48259,711,LAMINADO 160MM PAPEL SEMIBRILLO 6770 80G AP 904 RI
48262,CPS0019,CONSUMO DE LAMINADO
48262,46452,LAMINADO 300MM PAPEL SEMIBRILLO 6770 80 GR AP 904 RI
48263,39805,LAMINADO 230MM PAPEL SEMIBRILLO  80 GR 6770 AP904 RI
48263,CPS0019,CONSUMO DE LAMINADO
48264,43193,LAMINADO 330MM PAPEL SEMIBRILLO 80/P4 ARC
48264,CPS0019,CONSUMO DE LAMINADO
48265,43193,LAMINADO 330MM PAPEL SEMIBRILLO 80/P4 ARC
48265,CPS0019,CONSUMO DE LAMINADO
48267,43193,LAMINADO 330MM PAPEL SEMIBRILLO 80/P4 ARC
48267,CPS0019,CONSUMO DE LAMINADO
48268,43193,LAMINADO 330MM PAPEL SEMIBRILLO 80/P4 ARC
48268,CPS0019,CONSUMO DE LAMINADO
48269,CPS0019,CONSUMO DE LAMINADO
48269,710,LAMINADO 167 WINEGLASS (AUTOMATICO) PT220 ECO
48270,CPS0019,CONSUMO DE LAMINADO
48270,56683,LAMINADO 280MM PAPEL SEMIBRILLO 6770 AP904 RI
48272,39805,LAMINADO 230MM PAPEL SEMIBRILLO  80 GR 6770 AP904 RI
48272,CPS0019,CONSUMO DE LAMINADO
48273,CPS0019,CONSUMO DE LAMINADO
48273,45876,LAMINADO 111MM PAPEL TERMICO T70-PH-G62 ARC
48276,CPS0019,CONSUMO DE LAMINADO
48276,46452,LAMINADO 300MM PAPEL SEMIBRILLO 6770 80 GR AP 904 RI
48277,CPS0019,CONSUMO DE LAMINADO
48277,45856,LAMINADO 330MM PAPEL SEMIBRILLO 6770 80 GR AP 904 RI
48282,42252,LAMINADO CINTA P/LAM  PP TRANSP. 300MM BRILLANTE 24M
48282,CPS0019,CONSUMO DE LAMINADO
48282,46452,LAMINADO 300MM PAPEL SEMIBRILLO 6770 80 GR AP 904 RI
48287,CPS0019,CONSUMO DE LAMINADO
48287,46148,LAMINADO 330MM PPBB60-P1-G62S
48288,710,LAMINADO 167 WINEGLASS (AUTOMATICO) PT220 ECO
48288,CPS0019,CONSUMO DE LAMINADO
48293,43193,LAMINADO 330MM PAPEL SEMIBRILLO 80/P4 ARC
48293,CPS0019,CONSUMO DE LAMINADO
48299,48308,LAMINADO 330MM TERMAL  TOP HS AP903 YG60
48299,CPS0019,CONSUMO DE LAMINADO
48300,CPS0019,CONSUMO DE LAMINADO
48300,46148,LAMINADO 330MM PPBB60-P1-G62S
48301,44533,LAMINADO 320MM PPDL54P4 OPTIMA MATE AF1000 G60 ARC
48301,CPS0019,CONSUMO DE LAMINADO
48302,44533,LAMINADO 320MM PPDL54P4 OPTIMA MATE AF1000 G60 ARC
48302,CPS0019,CONSUMO DE LAMINADO
48303,CPS0019,CONSUMO DE LAMINADO
48303,47363,LAMINADO 200MM PPDL54P1 OPTIMA MATE G60
48304,CPS0019,CONSUMO DE LAMINADO
48304,47363,LAMINADO 200MM PPDL54P1 OPTIMA MATE G60
48305,CPS0019,CONSUMO DE LAMINADO
48305,47363,LAMINADO 200MM PPDL54P1 OPTIMA MATE G60
48307,CPS0019,CONSUMO DE LAMINADO
48307,710,LAMINADO 167 WINEGLASS (AUTOMATICO) PT220 ECO
48313,43695,LAMINADO 333MM PP TRANSP. PPT50P-P1-G62S ARC
48313,CPS0019,CONSUMO DE LAMINADO
48314,43695,LAMINADO 333MM PP TRANSP. PPT50P-P1-G62S ARC
48314,CPS0019,CONSUMO DE LAMINADO
48320,39805,LAMINADO 230MM PAPEL SEMIBRILLO  80 GR 6770 AP904 RI
48320,CPS0019,CONSUMO DE LAMINADO
48321,39805,LAMINADO 230MM PAPEL SEMIBRILLO  80 GR 6770 AP904 RI
48321,CPS0019,CONSUMO DE LAMINADO
48322,CPS0019,CONSUMO DE LAMINADO
48322,46452,LAMINADO 300MM PAPEL SEMIBRILLO 6770 80 GR AP 904 RI
48323,CPS0019,CONSUMO DE LAMINADO
48323,46452,LAMINADO 300MM PAPEL SEMIBRILLO 6770 80 GR AP 904 RI
48324,44927,LAMINADO 330MM PAPEL SEMIBRILLO L80-PH-G62S ( EXACTO) ARP
48324,CPS0019,CONSUMO DE LAMINADO
48325,CPS0019,CONSUMO DE LAMINADO
48325,56683,LAMINADO 280MM PAPEL SEMIBRILLO 6770 AP904 RI
48326,CPS0019,CONSUMO DE LAMINADO
48326,56683,LAMINADO 280MM PAPEL SEMIBRILLO 6770 AP904 RI
48327,CPS0019,CONSUMO DE LAMINADO
48327,46452,LAMINADO 300MM PAPEL SEMIBRILLO 6770 80 GR AP 904 RI
48328,40500,LAMINADO 160MM BOPP  BLACO. 60 UTC RI 707/BL 8065 EXACTO
48328,42718,LAMINADO FOLIA ORO COLDFOIL 160MM
48328,CPS0019,CONSUMO DE LAMINADO
48329,CPS0019,CONSUMO DE LAMINADO
48329,45856,LAMINADO 330MM PAPEL SEMIBRILLO 6770 80 GR AP 904 RI
48330,CPS0019,CONSUMO DE LAMINADO
48330,711,LAMINADO 160MM PAPEL SEMIBRILLO 6770 80G AP 904 RI
48331,CPS0019,CONSUMO DE LAMINADO
48331,711,LAMINADO 160MM PAPEL SEMIBRILLO 6770 80G AP 904 RI
48333,44927,LAMINADO 330MM PAPEL SEMIBRILLO L80-PH-G62S ( EXACTO) ARP
48333,CPS0019,CONSUMO DE LAMINADO
48334,CPS0019,CONSUMO DE LAMINADO
48334,46452,LAMINADO 300MM PAPEL SEMIBRILLO 6770 80 GR AP 904 RI
48335,CPS0019,CONSUMO DE LAMINADO
48335,44927,LAMINADO 330MM PAPEL SEMIBRILLO L80-PH-G62S ( EXACTO) ARP
48336,CPS0019,CONSUMO DE LAMINADO
48336,46452,LAMINADO 300MM PAPEL SEMIBRILLO 6770 80 GR AP 904 RI
48337,CPS0019,CONSUMO DE LAMINADO
48337,46452,LAMINADO 300MM PAPEL SEMIBRILLO 6770 80 GR AP 904 RI
48338,45856,LAMINADO 330MM PAPEL SEMIBRILLO 6770 80 GR AP 904 RI
48338,CPS0019,CONSUMO DE LAMINADO
48339,CPS0019,CONSUMO DE LAMINADO
48339,44927,LAMINADO 330MM PAPEL SEMIBRILLO L80-PH-G62S ( EXACTO) ARP
48340,CPS0019,CONSUMO DE LAMINADO
48340,44927,LAMINADO 330MM PAPEL SEMIBRILLO L80-PH-G62S ( EXACTO) ARP
48341,CPS0019,CONSUMO DE LAMINADO
48341,46452,LAMINADO 300MM PAPEL SEMIBRILLO 6770 80 GR AP 904 RI
48342,CPS0019,CONSUMO DE LAMINADO
48342,46344,LAMINADO 160MM PPBB60-P1-G62S (Samson)
48344,43573,LAMINADO 200MM PPBB60-P1-G62S
48344,44544,LAMINADO 200MM PPDL54P4 OPTIMA MATE AF1000 G60 ARC
48344,CPS0019,CONSUMO DE LAMINADO
48346,CPS0019,CONSUMO DE LAMINADO
48346,47363,LAMINADO 200MM PPDL54P1 OPTIMA MATE G60
48347,CPS0019,CONSUMO DE LAMINADO
48347,47363,LAMINADO 200MM PPDL54P1 OPTIMA MATE G60
48349,44533,LAMINADO 320MM PPDL54P4 OPTIMA MATE AF1000 G60 ARC
48349,CPS0019,CONSUMO DE LAMINADO
48351,CPS0019,CONSUMO DE LAMINADO
48351,45682,LAMINADO 333MM PAPEL TERMICO T70/P ARC
48352,CPS0019,CONSUMO DE LAMINADO
48352,45856,LAMINADO 330MM PAPEL SEMIBRILLO 6770 80 GR AP 904 RI
48353,CPS0019,CONSUMO DE LAMINADO
48353,709,LAMINADO 110MM PAPEL SEMIBRILLO 6770 80G AP 904 RI
48355,43573,LAMINADO 200MM PPBB60-P1-G62S
48355,CPS0019,CONSUMO DE LAMINADO
48355,44544,LAMINADO 200MM PPDL54P4 OPTIMA MATE AF1000 G60 ARC
48356,42252,LAMINADO CINTA P/LAM  PP TRANSP. 300MM BRILLANTE 24M
48356,CPS0019,CONSUMO DE LAMINADO
48356,46452,LAMINADO 300MM PAPEL SEMIBRILLO 6770 80 GR AP 904 RI
48357,42252,LAMINADO CINTA P/LAM  PP TRANSP. 300MM BRILLANTE 24M
48357,CPS0019,CONSUMO DE LAMINADO
48357,46452,LAMINADO 300MM PAPEL SEMIBRILLO 6770 80 GR AP 904 RI
48358,42252,LAMINADO CINTA P/LAM  PP TRANSP. 300MM BRILLANTE 24M
48358,CPS0019,CONSUMO DE LAMINADO
48358,46452,LAMINADO 300MM PAPEL SEMIBRILLO 6770 80 GR AP 904 RI
48359,42252,LAMINADO CINTA P/LAM  PP TRANSP. 300MM BRILLANTE 24M
48359,CPS0019,CONSUMO DE LAMINADO
48359,46452,LAMINADO 300MM PAPEL SEMIBRILLO 6770 80 GR AP 904 RI
48360,709,LAMINADO 110MM PAPEL SEMIBRILLO 6770 80G AP 904 RI
48360,CPS0019,CONSUMO DE LAMINADO
48366,44533,LAMINADO 320MM PPDL54P4 OPTIMA MATE AF1000 G60 ARC
48366,CPS0019,CONSUMO DE LAMINADO
48370,CPS0019,CONSUMO DE LAMINADO
48370,44533,LAMINADO 320MM PPDL54P4 OPTIMA MATE AF1000 G60 ARC
48374,43695,LAMINADO 333MM PP TRANSP. PPT50P-P1-G62S ARC
48374,CPS0019,CONSUMO DE LAMINADO
48375,CPS0019,CONSUMO DE LAMINADO
48375,43695,LAMINADO 333MM PP TRANSP. PPT50P-P1-G62S ARC
48376,CPS0019,CONSUMO DE LAMINADO
48376,52691,LAMINADO 330 MM BOPP TRANSP F4180 52 UTC -ACR -GL 60
48378,45856,LAMINADO 330MM PAPEL SEMIBRILLO 6770 80 GR AP 904 RI
48378,CPS0019,CONSUMO DE LAMINADO
48379,43695,LAMINADO 333MM PP TRANSP. PPT50P-P1-G62S ARC
48379,CPS0019,CONSUMO DE LAMINADO
48381,43695,LAMINADO 333MM PP TRANSP. PPT50P-P1-G62S ARC
48381,CPS0019,CONSUMO DE LAMINADO
48382,43695,LAMINADO 333MM PP TRANSP. PPT50P-P1-G62S ARC
48382,CPS0019,CONSUMO DE LAMINADO
48383,CPS0019,CONSUMO DE LAMINADO
48383,43695,LAMINADO 333MM PP TRANSP. PPT50P-P1-G62S ARC
48384,CPS0019,CONSUMO DE LAMINADO
48384,43695,LAMINADO 333MM PP TRANSP. PPT50P-P1-G62S ARC
48385,43695,LAMINADO 333MM PP TRANSP. PPT50P-P1-G62S ARC
48385,CPS0019,CONSUMO DE LAMINADO
48393,CPS0019,CONSUMO DE LAMINADO
48393,44928,LAMINADO 300MM PAPEL SEMIBRILLO L80-PH-G62S Exacto ARP
48394,43695,LAMINADO 333MM PP TRANSP. PPT50P-P1-G62S ARC
48394,CPS0019,CONSUMO DE LAMINADO
48396,45585,LAMINADO 330MM BOPP  METALIZADO PLATA BRILLANTE RI 717/50
48396,CPS0019,CONSUMO DE LAMINADO
48397,46036,LAMINADO 110MM PAPEL SEMIBRILLO L80-PH-G62S (EXACTO) ARP
48397,CPS0019,CONSUMO DE LAMINADO
48398,CPS0019,CONSUMO DE LAMINADO
48398,46145,LAMINADO 110MM PPBB60-P1-G62S
48399,CPS0019,CONSUMO DE LAMINADO
48399,709,LAMINADO 110MM PAPEL SEMIBRILLO 6770 80G AP 904 RI
48400,CPS0019,CONSUMO DE LAMINADO
48400,46148,LAMINADO 330MM PPBB60-P1-G62S
48401,43695,LAMINADO 333MM PP TRANSP. PPT50P-P1-G62S ARC
48401,CPS0019,CONSUMO DE LAMINADO
48402,43695,LAMINADO 333MM PP TRANSP. PPT50P-P1-G62S ARC
48402,CPS0019,CONSUMO DE LAMINADO
48403,CPS0019,CONSUMO DE LAMINADO
48403,45780,LAMINADO 300MM PPBB60-P4-G62S
48406,CPS0019,CONSUMO DE LAMINADO
48406,46148,LAMINADO 330MM PPBB60-P1-G62S
48407,CPS0019,CONSUMO DE LAMINADO
48407,46344,LAMINADO 160MM PPBB60-P1-G62S (Samson)
48408,43178,LAMINADO 330MM PAPEL SEMIBRILLO L80-P3H  EXACTO
48408,CPS0019,CONSUMO DE LAMINADO
48409,709,LAMINADO 110MM PAPEL SEMIBRILLO 6770 80G AP 904 RI
48409,CPS0019,CONSUMO DE LAMINADO
48410,CPS0019,CONSUMO DE LAMINADO
48410,709,LAMINADO 110MM PAPEL SEMIBRILLO 6770 80G AP 904 RI
48412,709,LAMINADO 110MM PAPEL SEMIBRILLO 6770 80G AP 904 RI
48412,CPS0019,CONSUMO DE LAMINADO
48413,CPS0019,CONSUMO DE LAMINADO
48413,709,LAMINADO 110MM PAPEL SEMIBRILLO 6770 80G AP 904 RI
48414,709,LAMINADO 110MM PAPEL SEMIBRILLO 6770 80G AP 904 RI
48414,CPS0019,CONSUMO DE LAMINADO
48415,CPS0019,CONSUMO DE LAMINADO
48415,709,LAMINADO 110MM PAPEL SEMIBRILLO 6770 80G AP 904 RI
48416,CPS0019,CONSUMO DE LAMINADO
48416,709,LAMINADO 110MM PAPEL SEMIBRILLO 6770 80G AP 904 RI
48417,CPS0019,CONSUMO DE LAMINADO
48417,709,LAMINADO 110MM PAPEL SEMIBRILLO 6770 80G AP 904 RI
48418,CPS0019,CONSUMO DE LAMINADO
48418,709,LAMINADO 110MM PAPEL SEMIBRILLO 6770 80G AP 904 RI
48419,CPS0019,CONSUMO DE LAMINADO
48419,709,LAMINADO 110MM PAPEL SEMIBRILLO 6770 80G AP 904 RI
48420,CPS0019,CONSUMO DE LAMINADO
48420,709,LAMINADO 110MM PAPEL SEMIBRILLO 6770 80G AP 904 RI
48422,709,LAMINADO 110MM PAPEL SEMIBRILLO 6770 80G AP 904 RI
48422,CPS0019,CONSUMO DE LAMINADO
48423,CPS0019,CONSUMO DE LAMINADO
48423,47457,LAMINADO 330MM PAPEL TRANSFER  AT20 F13600
48424,CPS0019,CONSUMO DE LAMINADO
48424,45856,LAMINADO 330MM PAPEL SEMIBRILLO 6770 80 GR AP 904 RI
48425,CPS0019,CONSUMO DE LAMINADO
48425,43705,LAMINADO 168MM PP TRANSP.  PPT50P-P1-G62S ARC
48427,43695,LAMINADO 333MM PP TRANSP. PPT50P-P1-G62S ARC
48427,CPS0019,CONSUMO DE LAMINADO
48428,43695,LAMINADO 333MM PP TRANSP. PPT50P-P1-G62S ARC
48428,CPS0019,CONSUMO DE LAMINADO
48429,CPS0019,CONSUMO DE LAMINADO
48429,56683,LAMINADO 280MM PAPEL SEMIBRILLO 6770 AP904 RI
48430,40500,LAMINADO 160MM BOPP  BLACO. 60 UTC RI 707/BL 8065 EXACTO
48430,43452,LAMINADO 160MM PP BCO BTE P4 38M G58 ARC
48430,CPS0019,CONSUMO DE LAMINADO
48431,42252,LAMINADO CINTA P/LAM  PP TRANSP. 300MM BRILLANTE 24M
48431,CPS0019,CONSUMO DE LAMINADO
48431,46452,LAMINADO 300MM PAPEL SEMIBRILLO 6770 80 GR AP 904 RI
48435,46344,LAMINADO 160MM PPBB60-P1-G62S (Samson)
48435,CPS0019,CONSUMO DE LAMINADO
48437,CPS0019,CONSUMO DE LAMINADO
48437,46344,LAMINADO 160MM PPBB60-P1-G62S (Samson)
48438,CPS0019,CONSUMO DE LAMINADO
48438,46344,LAMINADO 160MM PPBB60-P1-G62S (Samson)
48439,44626,LAMINADO 110MM PPDL54P4 OPTIMA MATE AF1000 G60 ARC
48439,CPS0019,CONSUMO DE LAMINADO
48440,44626,LAMINADO 110MM PPDL54P4 OPTIMA MATE AF1000 G60 ARC
48440,CPS0019,CONSUMO DE LAMINADO
48441,45856,LAMINADO 330MM PAPEL SEMIBRILLO 6770 80 GR AP 904 RI
48441,CPS0019,CONSUMO DE LAMINADO
48443,44533,LAMINADO 320MM PPDL54P4 OPTIMA MATE AF1000 G60 ARC
48443,CPS0019,CONSUMO DE LAMINADO
48444,CPS0019,CONSUMO DE LAMINADO
48444,44533,LAMINADO 320MM PPDL54P4 OPTIMA MATE AF1000 G60 ARC
48445,44533,LAMINADO 320MM PPDL54P4 OPTIMA MATE AF1000 G60 ARC
48445,CPS0019,CONSUMO DE LAMINADO
48446,44533,LAMINADO 320MM PPDL54P4 OPTIMA MATE AF1000 G60 ARC
48446,CPS0019,CONSUMO DE LAMINADO
48449,44927,LAMINADO 330MM PAPEL SEMIBRILLO L80-PH-G62S ( EXACTO) ARP
48449,CPS0019,CONSUMO DE LAMINADO
48450,CPS0019,CONSUMO DE LAMINADO
48450,46452,LAMINADO 300MM PAPEL SEMIBRILLO 6770 80 GR AP 904 RI
48451,45654,LAMINADO FILM 230 MM PETG 40 MIC
48451,CPS0019,CONSUMO DE LAMINADO
48453,CPS0019,CONSUMO DE LAMINADO
48453,57557,LAMINADO 300MM PAPEL SEMIBRILLO L80-PH-G60 ARP
48454,CPS0019,CONSUMO DE LAMINADO
48454,44928,LAMINADO 300MM PAPEL SEMIBRILLO L80-PH-G62S Exacto ARP
48455,CPS0019,CONSUMO DE LAMINADO
48455,57755,LAMINADO 160MM PP BCO BTE PPBB60-P ARP (SAMSON/ARP)
48456,CPS0019,CONSUMO DE LAMINADO
48456,46344,LAMINADO 160MM PPBB60-P1-G62S (Samson)
48457,CPS0019,CONSUMO DE LAMINADO
48457,57755,LAMINADO 160MM PP BCO BTE PPBB60-P ARP (SAMSON/ARP)
48458,CPS0019,CONSUMO DE LAMINADO
48458,54022,LAMINADO 110MM PAPEL TRANSFER PREMIUM EXTRA / RP51 / WHITE KRAFT 65 UPM
48460,CPS0019,CONSUMO DE LAMINADO
48460,709,LAMINADO 110MM PAPEL SEMIBRILLO 6770 80G AP 904 RI
48461,CPS0019,CONSUMO DE LAMINADO
48461,46148,LAMINADO 330MM PPBB60-P1-G62S
48462,CPS0019,CONSUMO DE LAMINADO
48462,46148,LAMINADO 330MM PPBB60-P1-G62S
48463,CPS0019,CONSUMO DE LAMINADO
48463,46148,LAMINADO 330MM PPBB60-P1-G62S
48465,CPS0019,CONSUMO DE LAMINADO
48465,48464,LAMINADO 333MM PAPEL FLUOR ROJO 68 g/m² AE500 – GL62
48466,CPS0019,CONSUMO DE LAMINADO
48466,44891,LAMINADO 320MM PAPEL SEMIBRILLO 6770 AP904 RI
48467,CPS0019,CONSUMO DE LAMINADO
48467,44928,LAMINADO 300MM PAPEL SEMIBRILLO L80-PH-G62S Exacto ARP
48468,CPS0019,CONSUMO DE LAMINADO
48468,46344,LAMINADO 160MM PPBB60-P1-G62S (Samson)
48469,46192,LAMINADO 330MM PPBB60-P4-G62S
48469,CPS0019,CONSUMO DE LAMINADO
48470,43695,LAMINADO 333MM PP TRANSP. PPT50P-P1-G62S ARC
48470,CPS0019,CONSUMO DE LAMINADO
48471,43695,LAMINADO 333MM PP TRANSP. PPT50P-P1-G62S ARC
48471,CPS0019,CONSUMO DE LAMINADO
48472,43695,LAMINADO 333MM PP TRANSP. PPT50P-P1-G62S ARC
48472,CPS0019,CONSUMO DE LAMINADO
48473,42282,LAMINADO 110MM PAPEL TRANSFER  AT20 F13600
48473,CPS0019,CONSUMO DE LAMINADO
48479,44927,LAMINADO 330MM PAPEL SEMIBRILLO L80-PH-G62S ( EXACTO) ARP
48479,CPS0019,CONSUMO DE LAMINADO
48480,44927,LAMINADO 330MM PAPEL SEMIBRILLO L80-PH-G62S ( EXACTO) ARP
48480,CPS0019,CONSUMO DE LAMINADO
48481,CPS0019,CONSUMO DE LAMINADO
48481,44927,LAMINADO 330MM PAPEL SEMIBRILLO L80-PH-G62S ( EXACTO) ARP
48482,44927,LAMINADO 330MM PAPEL SEMIBRILLO L80-PH-G62S ( EXACTO) ARP
48482,CPS0019,CONSUMO DE LAMINADO
48483,44928,LAMINADO 300MM PAPEL SEMIBRILLO L80-PH-G62S Exacto ARP
48483,CPS0019,CONSUMO DE LAMINADO
48484,44927,LAMINADO 330MM PAPEL SEMIBRILLO L80-PH-G62S ( EXACTO) ARP
48484,CPS0019,CONSUMO DE LAMINADO
48485,44927,LAMINADO 330MM PAPEL SEMIBRILLO L80-PH-G62S ( EXACTO) ARP
48485,CPS0019,CONSUMO DE LAMINADO
48486,44927,LAMINADO 330MM PAPEL SEMIBRILLO L80-PH-G62S ( EXACTO) ARP
48486,CPS0019,CONSUMO DE LAMINADO
48487,44927,LAMINADO 330MM PAPEL SEMIBRILLO L80-PH-G62S ( EXACTO) ARP
48487,CPS0019,CONSUMO DE LAMINADO
48488,44928,LAMINADO 300MM PAPEL SEMIBRILLO L80-PH-G62S Exacto ARP
48488,CPS0019,CONSUMO DE LAMINADO
48489,44928,LAMINADO 300MM PAPEL SEMIBRILLO L80-PH-G62S Exacto ARP
48489,CPS0019,CONSUMO DE LAMINADO
48490,CPS0019,CONSUMO DE LAMINADO
48490,44927,LAMINADO 330MM PAPEL SEMIBRILLO L80-PH-G62S ( EXACTO) ARP
48491,45856,LAMINADO 330MM PAPEL SEMIBRILLO 6770 80 GR AP 904 RI
48491,CPS0019,CONSUMO DE LAMINADO
48492,45856,LAMINADO 330MM PAPEL SEMIBRILLO 6770 80 GR AP 904 RI
48492,CPS0019,CONSUMO DE LAMINADO
48495,44533,LAMINADO 320MM PPDL54P4 OPTIMA MATE AF1000 G60 ARC
48495,CPS0019,CONSUMO DE LAMINADO
48496,CPS0019,CONSUMO DE LAMINADO
48496,711,LAMINADO 160MM PAPEL SEMIBRILLO 6770 80G AP 904 RI
48497,46148,LAMINADO 330MM PPBB60-P1-G62S
48497,CPS0019,CONSUMO DE LAMINADO
48498,44828,LAMINADO 250MM PPBB60-P1-G62S
48498,CPS0019,CONSUMO DE LAMINADO
48499,CPS0019,CONSUMO DE LAMINADO
48499,45780,LAMINADO 300MM PPBB60-P4-G62S
48500,CPS0019,CONSUMO DE LAMINADO
48500,709,LAMINADO 110MM PAPEL SEMIBRILLO 6770 80G AP 904 RI
48501,CPS0019,CONSUMO DE LAMINADO
48501,44828,LAMINADO 250MM PPBB60-P1-G62S
48502,45780,LAMINADO 300MM PPBB60-P4-G62S
48502,CPS0019,CONSUMO DE LAMINADO
48503,CPS0019,CONSUMO DE LAMINADO
48503,45856,LAMINADO 330MM PAPEL SEMIBRILLO 6770 80 GR AP 904 RI
48504,45856,LAMINADO 330MM PAPEL SEMIBRILLO 6770 80 GR AP 904 RI
48504,CPS0019,CONSUMO DE LAMINADO
48506,43695,LAMINADO 333MM PP TRANSP. PPT50P-P1-G62S ARC
48506,CPS0019,CONSUMO DE LAMINADO
48507,CPS0019,CONSUMO DE LAMINADO
48507,46148,LAMINADO 330MM PPBB60-P1-G62S
48508,CPS0019,CONSUMO DE LAMINADO
48508,46148,LAMINADO 330MM PPBB60-P1-G62S
48517,CPS0019,CONSUMO DE LAMINADO
48517,48442,LAMINADO 100MM PAPEL TRANSFER TT64/PH
48518,CPS0019,CONSUMO DE LAMINADO
48518,44927,LAMINADO 330MM PAPEL SEMIBRILLO L80-PH-G62S ( EXACTO) ARP
48519,44927,LAMINADO 330MM PAPEL SEMIBRILLO L80-PH-G62S ( EXACTO) ARP
48519,CPS0019,CONSUMO DE LAMINADO
48520,CPS0019,CONSUMO DE LAMINADO
48520,48513,LAMINADO FILM PETG TERMOCONTRAIBLE 40 MIC 188 MM
48521,CPS0019,CONSUMO DE LAMINADO
48521,711,LAMINADO 160MM PAPEL SEMIBRILLO 6770 80G AP 904 RI
48522,CPS0019,CONSUMO DE LAMINADO
48522,46145,LAMINADO 110MM PPBB60-P1-G62S
48523,CPS0019,CONSUMO DE LAMINADO
48523,44828,LAMINADO 250MM PPBB60-P1-G62S
48524,CPS0019,CONSUMO DE LAMINADO
48524,46148,LAMINADO 330MM PPBB60-P1-G62S
48525,44828,LAMINADO 250MM PPBB60-P1-G62S
48525,CPS0019,CONSUMO DE LAMINADO
48526,CPS0019,CONSUMO DE LAMINADO
48526,46148,LAMINADO 330MM PPBB60-P1-G62S
48527,CPS0019,CONSUMO DE LAMINADO
48527,44828,LAMINADO 250MM PPBB60-P1-G62S
48528,CPS0019,CONSUMO DE LAMINADO
48528,46148,LAMINADO 330MM PPBB60-P1-G62S
48529,CPS0019,CONSUMO DE LAMINADO
48529,44828,LAMINADO 250MM PPBB60-P1-G62S
48530,40500,LAMINADO 160MM BOPP  BLACO. 60 UTC RI 707/BL 8065 EXACTO
48530,43452,LAMINADO 160MM PP BCO BTE P4 38M G58 ARC
48530,CPS0019,CONSUMO DE LAMINADO
48532,CPS0019,CONSUMO DE LAMINADO
48532,46452,LAMINADO 300MM PAPEL SEMIBRILLO 6770 80 GR AP 904 RI
48533,CPS0019,CONSUMO DE LAMINADO
48533,46649,LAMINADO CINTA P/LAMINAR  PP TRANSP. 310MM OLPP24-M-1500
48533,46722,LAMINADO 320MM PPDL54BH OPTIMA MATE AF1000 G60
48534,CPS0019,CONSUMO DE LAMINADO
48534,46722,LAMINADO 320MM PPDL54BH OPTIMA MATE AF1000 G60
48534,46649,LAMINADO CINTA P/LAMINAR  PP TRANSP. 310MM OLPP24-M-1500
48535,46649,LAMINADO CINTA P/LAMINAR  PP TRANSP. 310MM OLPP24-M-1500
48535,46722,LAMINADO 320MM PPDL54BH OPTIMA MATE AF1000 G60
48535,CPS0019,CONSUMO DE LAMINADO
48536,CPS0019,CONSUMO DE LAMINADO
48536,46649,LAMINADO CINTA P/LAMINAR  PP TRANSP. 310MM OLPP24-M-1500
48536,46722,LAMINADO 320MM PPDL54BH OPTIMA MATE AF1000 G60
48538,CPS0019,CONSUMO DE LAMINADO
48538,46649,LAMINADO CINTA P/LAMINAR  PP TRANSP. 310MM OLPP24-M-1500
48538,46722,LAMINADO 320MM PPDL54BH OPTIMA MATE AF1000 G60
48539,CPS0019,CONSUMO DE LAMINADO
48539,46649,LAMINADO CINTA P/LAMINAR  PP TRANSP. 310MM OLPP24-M-1500
48539,46722,LAMINADO 320MM PPDL54BH OPTIMA MATE AF1000 G60
48540,CPS0019,CONSUMO DE LAMINADO
48540,46344,LAMINADO 160MM PPBB60-P1-G62S (Samson)
48543,43423,LAMINADO 100MM PAPEL SEMIBRILLO 80/P4 FRIO ARC
48543,CPS0019,CONSUMO DE LAMINADO
48544,CPS0019,CONSUMO DE LAMINADO
48544,43695,LAMINADO 333MM PP TRANSP. PPT50P-P1-G62S ARC
48545,40500,LAMINADO 160MM BOPP  BLACO. 60 UTC RI 707/BL 8065 EXACTO
48545,CPS0019,CONSUMO DE LAMINADO
48545,43452,LAMINADO 160MM PP BCO BTE P4 38M G58 ARC
48547,43310,LAMINADO 250 MM PAPEL SEMIBRILLO 80/P ARC
48547,CPS0019,CONSUMO DE LAMINADO
48548,43432,LAMINADO 200MM PAPEL SEMIBRILLO L80-PH-G62S ARP
48548,CPS0019,CONSUMO DE LAMINADO
48549,43310,LAMINADO 250 MM PAPEL SEMIBRILLO 80/P ARC
48549,CPS0019,CONSUMO DE LAMINADO
48550,43310,LAMINADO 250 MM PAPEL SEMIBRILLO 80/P ARC
48550,CPS0019,CONSUMO DE LAMINADO
48551,CPS0019,CONSUMO DE LAMINADO
48551,46344,LAMINADO 160MM PPBB60-P1-G62S (Samson)
48552,43705,LAMINADO 168MM PP TRANSP.  PPT50P-P1-G62S ARC
48552,CPS0019,CONSUMO DE LAMINADO
48553,46148,LAMINADO 330MM PPBB60-P1-G62S
48553,CPS0019,CONSUMO DE LAMINADO
48554,43826,LAMINADO 200 MM BOPP BLANCO 60M/ ADC1000/60GR
48554,CPS0019,CONSUMO DE LAMINADO
48555,44927,LAMINADO 330MM PAPEL SEMIBRILLO L80-PH-G62S ( EXACTO) ARP
48555,CPS0019,CONSUMO DE LAMINADO
48556,56683,LAMINADO 280MM PAPEL SEMIBRILLO 6770 AP904 RI
48556,CPS0019,CONSUMO DE LAMINADO
48557,43193,LAMINADO 330MM PAPEL SEMIBRILLO 80/P4 ARC
48557,CPS0019,CONSUMO DE LAMINADO
48558,43193,LAMINADO 330MM PAPEL SEMIBRILLO 80/P4 ARC
48558,CPS0019,CONSUMO DE LAMINADO
48559,43193,LAMINADO 330MM PAPEL SEMIBRILLO 80/P4 ARC
48559,CPS0019,CONSUMO DE LAMINADO
48561,43193,LAMINADO 330MM PAPEL SEMIBRILLO 80/P4 ARC
48561,CPS0019,CONSUMO DE LAMINADO
48562,43193,LAMINADO 330MM PAPEL SEMIBRILLO 80/P4 ARC
48562,CPS0019,CONSUMO DE LAMINADO
48563,43193,LAMINADO 330MM PAPEL SEMIBRILLO 80/P4 ARC
48563,CPS0019,CONSUMO DE LAMINADO
48564,45585,LAMINADO 330MM BOPP  METALIZADO PLATA BRILLANTE RI 717/50
48564,CPS0019,CONSUMO DE LAMINADO
48565,45585,LAMINADO 330MM BOPP  METALIZADO PLATA BRILLANTE RI 717/50
48565,CPS0019,CONSUMO DE LAMINADO
48566,CPS0019,CONSUMO DE LAMINADO
48566,45585,LAMINADO 330MM BOPP  METALIZADO PLATA BRILLANTE RI 717/50
48567,CPS0019,CONSUMO DE LAMINADO
48567,44828,LAMINADO 250MM PPBB60-P1-G62S
48568,CPS0019,CONSUMO DE LAMINADO
48568,48546,LAMINADO 333MM PP TRANSP.51MC RP37  DIPISA
48569,CPS0019,CONSUMO DE LAMINADO
48569,46148,LAMINADO 330MM PPBB60-P1-G62S
48571,CPS0019,CONSUMO DE LAMINADO
48571,46148,LAMINADO 330MM PPBB60-P1-G62S
48572,CPS0019,CONSUMO DE LAMINADO
48572,46148,LAMINADO 330MM PPBB60-P1-G62S
48573,46148,LAMINADO 330MM PPBB60-P1-G62S
48573,CPS0019,CONSUMO DE LAMINADO
48574,CPS0019,CONSUMO DE LAMINADO
48574,44927,LAMINADO 330MM PAPEL SEMIBRILLO L80-PH-G62S ( EXACTO) ARP
48575,43626,LAMINADO 180MM PAPEL SEMIBRILLO L80-PH-G62S (CORTE EXACTO) ARP
48575,CPS0019,CONSUMO DE LAMINADO
48576,43626,LAMINADO 180MM PAPEL SEMIBRILLO L80-PH-G62S (CORTE EXACTO) ARP
48576,CPS0019,CONSUMO DE LAMINADO
48577,44927,LAMINADO 330MM PAPEL SEMIBRILLO L80-PH-G62S ( EXACTO) ARP
48577,CPS0019,CONSUMO DE LAMINADO
48579,CPS0019,CONSUMO DE LAMINADO
48579,46344,LAMINADO 160MM PPBB60-P1-G62S (Samson)
48582,42252,LAMINADO CINTA P/LAM  PP TRANSP. 300MM BRILLANTE 24M
48582,43193,LAMINADO 330MM PAPEL SEMIBRILLO 80/P4 ARC
48582,CPS0019,CONSUMO DE LAMINADO
48583,42252,LAMINADO CINTA P/LAM  PP TRANSP. 300MM BRILLANTE 24M
48583,43193,LAMINADO 330MM PAPEL SEMIBRILLO 80/P4 ARC
48583,CPS0019,CONSUMO DE LAMINADO
48592,CPS0019,CONSUMO DE LAMINADO
48592,45730,LAMINADO 260MM PAPEL SEMIBRILLO AF1000 RP48AT 80G DIP
48593,CPS0019,CONSUMO DE LAMINADO
48593,45730,LAMINADO 260MM PAPEL SEMIBRILLO AF1000 RP48AT 80G DIP
48594,56683,LAMINADO 280MM PAPEL SEMIBRILLO 6770 AP904 RI
48594,CPS0019,CONSUMO DE LAMINADO
48595,CPS0019,CONSUMO DE LAMINADO
48595,46148,LAMINADO 330MM PPBB60-P1-G62S
48596,46148,LAMINADO 330MM PPBB60-P1-G62S
48596,CPS0019,CONSUMO DE LAMINADO
48597,CPS0019,CONSUMO DE LAMINADO
48597,46148,LAMINADO 330MM PPBB60-P1-G62S
48598,CPS0019,CONSUMO DE LAMINADO
48598,46148,LAMINADO 330MM PPBB60-P1-G62S
48599,CPS0019,CONSUMO DE LAMINADO
48599,46148,LAMINADO 330MM PPBB60-P1-G62S
48600,CPS0019,CONSUMO DE LAMINADO
48600,56683,LAMINADO 280MM PAPEL SEMIBRILLO 6770 AP904 RI
48601,CPS0019,CONSUMO DE LAMINADO
48601,47254,LAMINADO 280MM PAPEL SEMIBRILLO AF1000 RP48AT 80G DIP
48602,CPS0019,CONSUMO DE LAMINADO
48602,46148,LAMINADO 330MM PPBB60-P1-G62S
48603,CPS0019,CONSUMO DE LAMINADO
48603,56683,LAMINADO 280MM PAPEL SEMIBRILLO 6770 AP904 RI
48604,CPS0019,CONSUMO DE LAMINADO
48604,56683,LAMINADO 280MM PAPEL SEMIBRILLO 6770 AP904 RI
48606,CPS0019,CONSUMO DE LAMINADO
48606,44927,LAMINADO 330MM PAPEL SEMIBRILLO L80-PH-G62S ( EXACTO) ARP
48607,CPS0019,CONSUMO DE LAMINADO
48607,45730,LAMINADO 260MM PAPEL SEMIBRILLO AF1000 RP48AT 80G DIP
48612,CPS0019,CONSUMO DE LAMINADO
48612,46148,LAMINADO 330MM PPBB60-P1-G62S
48613,CPS0019,CONSUMO DE LAMINADO
48613,46148,LAMINADO 330MM PPBB60-P1-G62S
48615,44927,LAMINADO 330MM PAPEL SEMIBRILLO L80-PH-G62S ( EXACTO) ARP
48615,CPS0019,CONSUMO DE LAMINADO
48617,46344,LAMINADO 160MM PPBB60-P1-G62S (Samson)
48617,CPS0019,CONSUMO DE LAMINADO
48620,44927,LAMINADO 330MM PAPEL SEMIBRILLO L80-PH-G62S ( EXACTO) ARP
48620,CPS0019,CONSUMO DE LAMINADO
48621,44927,LAMINADO 330MM PAPEL SEMIBRILLO L80-PH-G62S ( EXACTO) ARP
48621,CPS0019,CONSUMO DE LAMINADO
48622,44927,LAMINADO 330MM PAPEL SEMIBRILLO L80-PH-G62S ( EXACTO) ARP
48622,CPS0019,CONSUMO DE LAMINADO
48623,44927,LAMINADO 330MM PAPEL SEMIBRILLO L80-PH-G62S ( EXACTO) ARP
48623,CPS0019,CONSUMO DE LAMINADO
48624,CPS0019,CONSUMO DE LAMINADO
48624,46344,LAMINADO 160MM PPBB60-P1-G62S (Samson)
48625,43573,LAMINADO 200MM PPBB60-P1-G62S
48625,CPS0019,CONSUMO DE LAMINADO
48625,44544,LAMINADO 200MM PPDL54P4 OPTIMA MATE AF1000 G60 ARC
48626,44927,LAMINADO 330MM PAPEL SEMIBRILLO L80-PH-G62S ( EXACTO) ARP
48626,CPS0019,CONSUMO DE LAMINADO
48627,44955,LAMINADO 280MM BOPP BLCO. BRITE. RITRAMA (8065)
48627,CPS0019,CONSUMO DE LAMINADO
48628,CPS0019,CONSUMO DE LAMINADO
48628,44927,LAMINADO 330MM PAPEL SEMIBRILLO L80-PH-G62S ( EXACTO) ARP
48629,44927,LAMINADO 330MM PAPEL SEMIBRILLO L80-PH-G62S ( EXACTO) ARP
48629,CPS0019,CONSUMO DE LAMINADO
48631,44927,LAMINADO 330MM PAPEL SEMIBRILLO L80-PH-G62S ( EXACTO) ARP
48631,CPS0019,CONSUMO DE LAMINADO
48632,43431,LAMINADO 160MM PAPEL SEMIBRILLO L80-PH-G62S ( EXACTO) ARP
48632,CPS0019,CONSUMO DE LAMINADO
48633,43197,LAMINADO 200MM PAPEL SEMIBRILLO 80/P ARC
48633,CPS0019,CONSUMO DE LAMINADO
48634,CPS0019,CONSUMO DE LAMINADO
48634,48546,LAMINADO 333MM PP TRANSP.51MC RP37  DIPISA
48635,41063,LAMINADO 250MM BLANCO SEMIBRILLO BG62 HOT MELT C2075
48635,CPS0019,CONSUMO DE LAMINADO
48649,38978,LAMINADO 333MM PP TRANSPARENTE 50TC S0208 BG62B
48649,CPS0019,CONSUMO DE LAMINADO
48650,38978,LAMINADO 333MM PP TRANSPARENTE 50TC S0208 BG62B
48650,CPS0019,CONSUMO DE LAMINADO
48651,44927,LAMINADO 330MM PAPEL SEMIBRILLO L80-PH-G62S ( EXACTO) ARP
48651,CPS0019,CONSUMO DE LAMINADO
48652,42252,LAMINADO CINTA P/LAM  PP TRANSP. 300MM BRILLANTE 24M
48652,CPS0019,CONSUMO DE LAMINADO
48652,46452,LAMINADO 300MM PAPEL SEMIBRILLO 6770 80 GR AP 904 RI
48655,CPS0019,CONSUMO DE LAMINADO
48655,46344,LAMINADO 160MM PPBB60-P1-G62S (Samson)
48656,CPS0019,CONSUMO DE LAMINADO
48656,48442,LAMINADO 100MM PAPEL TRANSFER TT64/PH
48657,45051,LAMINADO 330MM PAPEL TRANSFER TT64/PH
48657,CPS0019,CONSUMO DE LAMINADO
48658,CPS0019,CONSUMO DE LAMINADO
48658,44927,LAMINADO 330MM PAPEL SEMIBRILLO L80-PH-G62S ( EXACTO) ARP
48659,CPS0019,CONSUMO DE LAMINADO
48659,44927,LAMINADO 330MM PAPEL SEMIBRILLO L80-PH-G62S ( EXACTO) ARP
48661,43299,LAMINADO 110MM PAPEL TRANSFER TT64/PH
48661,CPS0019,CONSUMO DE LAMINADO
48662,44533,LAMINADO 320MM PPDL54P4 OPTIMA MATE AF1000 G60 ARC
48662,CPS0019,CONSUMO DE LAMINADO
48663,44927,LAMINADO 330MM PAPEL SEMIBRILLO L80-PH-G62S ( EXACTO) ARP
48663,CPS0019,CONSUMO DE LAMINADO
48664,CPS0019,CONSUMO DE LAMINADO
48664,49188,LAMINADO 333MM GREEN PAPER TD AE500 GL62 INNO
48665,44892,LAMINADO 200MM PPBB60-P4-G62S
48665,CPS0019,CONSUMO DE LAMINADO
48666,CPS0019,CONSUMO DE LAMINADO
48666,44892,LAMINADO 200MM PPBB60-P4-G62S
48667,40500,LAMINADO 160MM BOPP  BLACO. 60 UTC RI 707/BL 8065 EXACTO
48667,43452,LAMINADO 160MM PP BCO BTE P4 38M G58 ARC
48667,CPS0019,CONSUMO DE LAMINADO
48668,48448,LAMINADO 300MM PAPEL SEMIBRILLO L80-PH INNOLINER
48671,CPS0019,CONSUMO DE LAMINADO
48671,46148,LAMINADO 330MM PPBB60-P1-G62S
48672,43193,LAMINADO 330MM PAPEL SEMIBRILLO 80/P4 ARC
48672,CPS0019,CONSUMO DE LAMINADO
48673,CPS0019,CONSUMO DE LAMINADO
48673,48057,LAMINADO FILM PVC  188MM TERMOCONTRAIBLE 40MIC
48675,44927,LAMINADO 330MM PAPEL SEMIBRILLO L80-PH-G62S ( EXACTO) ARP
48675,CPS0019,CONSUMO DE LAMINADO
48676,CPS0019,CONSUMO DE LAMINADO
48676,44927,LAMINADO 330MM PAPEL SEMIBRILLO L80-PH-G62S ( EXACTO) ARP
48677,44927,LAMINADO 330MM PAPEL SEMIBRILLO L80-PH-G62S ( EXACTO) ARP
48677,CPS0019,CONSUMO DE LAMINADO
48678,44927,LAMINADO 330MM PAPEL SEMIBRILLO L80-PH-G62S ( EXACTO) ARP
48678,CPS0019,CONSUMO DE LAMINADO
48679,44927,LAMINADO 330MM PAPEL SEMIBRILLO L80-PH-G62S ( EXACTO) ARP
48679,CPS0019,CONSUMO DE LAMINADO
48680,44927,LAMINADO 330MM PAPEL SEMIBRILLO L80-PH-G62S ( EXACTO) ARP
48680,CPS0019,CONSUMO DE LAMINADO
48683,CPS0019,CONSUMO DE LAMINADO
48683,44927,LAMINADO 330MM PAPEL SEMIBRILLO L80-PH-G62S ( EXACTO) ARP
48684,44927,LAMINADO 330MM PAPEL SEMIBRILLO L80-PH-G62S ( EXACTO) ARP
48684,CPS0019,CONSUMO DE LAMINADO
48685,CPS0019,CONSUMO DE LAMINADO
48685,44927,LAMINADO 330MM PAPEL SEMIBRILLO L80-PH-G62S ( EXACTO) ARP
48686,43695,LAMINADO 333MM PP TRANSP. PPT50P-P1-G62S ARC
48686,CPS0019,CONSUMO DE LAMINADO
48687,43695,LAMINADO 333MM PP TRANSP. PPT50P-P1-G62S ARC
48687,CPS0019,CONSUMO DE LAMINADO
48688,43695,LAMINADO 333MM PP TRANSP. PPT50P-P1-G62S ARC
48688,CPS0019,CONSUMO DE LAMINADO
48689,44533,LAMINADO 320MM PPDL54P4 OPTIMA MATE AF1000 G60 ARC
48689,CPS0019,CONSUMO DE LAMINADO
48691,44533,LAMINADO 320MM PPDL54P4 OPTIMA MATE AF1000 G60 ARC
48691,CPS0019,CONSUMO DE LAMINADO
48694,43299,LAMINADO 110MM PAPEL TRANSFER TT64/PH
48694,CPS0019,CONSUMO DE LAMINADO
48695,42252,LAMINADO CINTA P/LAM  PP TRANSP. 300MM BRILLANTE 24M
48695,CPS0019,CONSUMO DE LAMINADO
48695,47778,LAMINADO 330MM PAPEL SEMIBRILLO RP48AT 80G DIP
48696,CPS0019,CONSUMO DE LAMINADO
48696,46148,LAMINADO 330MM PPBB60-P1-G62S
48697,CPS0019,CONSUMO DE LAMINADO
48697,46148,LAMINADO 330MM PPBB60-P1-G62S
48698,CPS0019,CONSUMO DE LAMINADO
48698,46148,LAMINADO 330MM PPBB60-P1-G62S
48699,46148,LAMINADO 330MM PPBB60-P1-G62S
48699,CPS0019,CONSUMO DE LAMINADO
48700,CPS0019,CONSUMO DE LAMINADO
48700,46148,LAMINADO 330MM PPBB60-P1-G62S
48701,CPS0019,CONSUMO DE LAMINADO
48701,46148,LAMINADO 330MM PPBB60-P1-G62S
48702,CPS0019,CONSUMO DE LAMINADO
48702,46148,LAMINADO 330MM PPBB60-P1-G62S
48705,43432,LAMINADO 200MM PAPEL SEMIBRILLO L80-PH-G62S ARP
48705,CPS0019,CONSUMO DE LAMINADO
48706,CPS0019,CONSUMO DE LAMINADO
48706,710,LAMINADO 167 WINEGLASS (AUTOMATICO) PT220 ECO
48707,CPS0019,CONSUMO DE LAMINADO
48707,710,LAMINADO 167 WINEGLASS (AUTOMATICO) PT220 ECO
48708,39805,LAMINADO 230MM PAPEL SEMIBRILLO  80 GR 6770 AP904 RI
48708,CPS0019,CONSUMO DE LAMINADO
48709,CPS0019,CONSUMO DE LAMINADO
48709,46148,LAMINADO 330MM PPBB60-P1-G62S
48710,CPS0019,CONSUMO DE LAMINADO
48710,46148,LAMINADO 330MM PPBB60-P1-G62S
48711,CPS0019,CONSUMO DE LAMINADO
48711,46148,LAMINADO 330MM PPBB60-P1-G62S
48712,CPS0019,CONSUMO DE LAMINADO
48712,46148,LAMINADO 330MM PPBB60-P1-G62S
48713,CPS0019,CONSUMO DE LAMINADO
48713,46148,LAMINADO 330MM PPBB60-P1-G62S
48714,46148,LAMINADO 330MM PPBB60-P1-G62S
48714,CPS0019,CONSUMO DE LAMINADO
48716,CPS0019,CONSUMO DE LAMINADO
48716,47457,LAMINADO 330MM PAPEL TRANSFER  AT20 F13600
48718,CPS0019,CONSUMO DE LAMINADO
48718,46148,LAMINADO 330MM PPBB60-P1-G62S
48725,CPS0019,CONSUMO DE LAMINADO
48725,46145,LAMINADO 110MM PPBB60-P1-G62S
48728,CPS0019,CONSUMO DE LAMINADO
48728,44955,LAMINADO 280MM BOPP BLCO. BRITE. RITRAMA (8065)
48729,CPS0019,CONSUMO DE LAMINADO
48729,44955,LAMINADO 280MM BOPP BLCO. BRITE. RITRAMA (8065)
48730,41063,LAMINADO 250MM BLANCO SEMIBRILLO BG62 HOT MELT C2075
48730,CPS0019,CONSUMO DE LAMINADO
48733,43299,LAMINADO 110MM PAPEL TRANSFER TT64/PH
48733,CPS0019,CONSUMO DE LAMINADO
48735,CPS0019,CONSUMO DE LAMINADO
48735,46344,LAMINADO 160MM PPBB60-P1-G62S (Samson)
48740,40500,LAMINADO 160MM BOPP  BLACO. 60 UTC RI 707/BL 8065 EXACTO
48740,43452,LAMINADO 160MM PP BCO BTE P4 38M G58 ARC
48740,CPS0019,CONSUMO DE LAMINADO
48741,CPS0019,CONSUMO DE LAMINADO
48741,46344,LAMINADO 160MM PPBB60-P1-G62S (Samson)
48742,CPS0019,CONSUMO DE LAMINADO
48742,46344,LAMINADO 160MM PPBB60-P1-G62S (Samson)
48743,CPS0019,CONSUMO DE LAMINADO
48743,46344,LAMINADO 160MM PPBB60-P1-G62S (Samson)
48744,40500,LAMINADO 160MM BOPP  BLACO. 60 UTC RI 707/BL 8065 EXACTO
48744,CPS0019,CONSUMO DE LAMINADO
48744,43452,LAMINADO 160MM PP BCO BTE P4 38M G58 ARC
48748,CPS0019,CONSUMO DE LAMINADO
48748,46148,LAMINADO 330MM PPBB60-P1-G62S
48749,CPS0019,CONSUMO DE LAMINADO
48749,46148,LAMINADO 330MM PPBB60-P1-G62S
48750,CPS0019,CONSUMO DE LAMINADO
48750,46148,LAMINADO 330MM PPBB60-P1-G62S
48751,CPS0019,CONSUMO DE LAMINADO
48751,46148,LAMINADO 330MM PPBB60-P1-G62S
48752,CPS0019,CONSUMO DE LAMINADO
48752,46192,LAMINADO 330MM PPBB60-P4-G62S
48753,CPS0019,CONSUMO DE LAMINADO
48753,46192,LAMINADO 330MM PPBB60-P4-G62S
48754,42252,LAMINADO CINTA P/LAM  PP TRANSP. 300MM BRILLANTE 24M
48754,CPS0019,CONSUMO DE LAMINADO
48754,46452,LAMINADO 300MM PAPEL SEMIBRILLO 6770 80 GR AP 904 RI
48755,46192,LAMINADO 330MM PPBB60-P4-G62S
48755,CPS0019,CONSUMO DE LAMINADO
48756,CPS0019,CONSUMO DE LAMINADO
48756,46192,LAMINADO 330MM PPBB60-P4-G62S
48757,CPS0019,CONSUMO DE LAMINADO
48757,46192,LAMINADO 330MM PPBB60-P4-G62S
48758,CPS0019,CONSUMO DE LAMINADO
48758,46192,LAMINADO 330MM PPBB60-P4-G62S
48759,CPS0019,CONSUMO DE LAMINADO
48759,46192,LAMINADO 330MM PPBB60-P4-G62S
48760,CPS0019,CONSUMO DE LAMINADO
48760,46192,LAMINADO 330MM PPBB60-P4-G62S
48761,CPS0019,CONSUMO DE LAMINADO
48761,46452,LAMINADO 300MM PAPEL SEMIBRILLO 6770 80 GR AP 904 RI
48762,44533,LAMINADO 320MM PPDL54P4 OPTIMA MATE AF1000 G60 ARC
48762,CPS0019,CONSUMO DE LAMINADO
48763,44533,LAMINADO 320MM PPDL54P4 OPTIMA MATE AF1000 G60 ARC
48763,CPS0019,CONSUMO DE LAMINADO
48764,44533,LAMINADO 320MM PPDL54P4 OPTIMA MATE AF1000 G60 ARC
48764,CPS0019,CONSUMO DE LAMINADO
48765,44533,LAMINADO 320MM PPDL54P4 OPTIMA MATE AF1000 G60 ARC
48765,CPS0019,CONSUMO DE LAMINADO
48767,CPS0019,CONSUMO DE LAMINADO
48767,59700,LAMINADO 325MM PAPEL COUCHE BLANCO MATE 200 GRS DIPISA
48769,CPS0019,CONSUMO DE LAMINADO
48769,44927,LAMINADO 330MM PAPEL SEMIBRILLO L80-PH-G62S ( EXACTO) ARP
48770,CPS0019,CONSUMO DE LAMINADO
48770,48261,LAMINADO 330MM TERMICO PROTEGIDO 7836 THERMAL TC /80 GR GL/60 RI
48771,43477,LAMINADO 110MM PP TRANSPARENTE 50/P1-G62S ARC
48771,CPS0019,CONSUMO DE LAMINADO
48774,CPS0019,CONSUMO DE LAMINADO
48774,46344,LAMINADO 160MM PPBB60-P1-G62S (Samson)
48775,CPS0019,CONSUMO DE LAMINADO
48775,46344,LAMINADO 160MM PPBB60-P1-G62S (Samson)
48776,CPS0019,CONSUMO DE LAMINADO
48776,46344,LAMINADO 160MM PPBB60-P1-G62S (Samson)
48777,CPS0019,CONSUMO DE LAMINADO
48777,46344,LAMINADO 160MM PPBB60-P1-G62S (Samson)
48778,CPS0019,CONSUMO DE LAMINADO
48778,46344,LAMINADO 160MM PPBB60-P1-G62S (Samson)
48781,CPS0019,CONSUMO DE LAMINADO
48781,46344,LAMINADO 160MM PPBB60-P1-G62S (Samson)
48782,43573,LAMINADO 200MM PPBB60-P1-G62S
48782,CPS0019,CONSUMO DE LAMINADO
48782,44544,LAMINADO 200MM PPDL54P4 OPTIMA MATE AF1000 G60 ARC
48783,43573,LAMINADO 200MM PPBB60-P1-G62S
48783,44544,LAMINADO 200MM PPDL54P4 OPTIMA MATE AF1000 G60 ARC
48783,CPS0019,CONSUMO DE LAMINADO
48784,43573,LAMINADO 200MM PPBB60-P1-G62S
48784,CPS0019,CONSUMO DE LAMINADO
48784,44544,LAMINADO 200MM PPDL54P4 OPTIMA MATE AF1000 G60 ARC
48785,43573,LAMINADO 200MM PPBB60-P1-G62S
48785,44544,LAMINADO 200MM PPDL54P4 OPTIMA MATE AF1000 G60 ARC
48785,CPS0019,CONSUMO DE LAMINADO
48786,43573,LAMINADO 200MM PPBB60-P1-G62S
48786,CPS0019,CONSUMO DE LAMINADO
48786,44544,LAMINADO 200MM PPDL54P4 OPTIMA MATE AF1000 G60 ARC
48788,44892,LAMINADO 200MM PPBB60-P4-G62S
48788,47363,LAMINADO 200MM PPDL54P1 OPTIMA MATE G60
48788,CPS0019,CONSUMO DE LAMINADO
48789,CPS0019,CONSUMO DE LAMINADO
48789,43573,LAMINADO 200MM PPBB60-P1-G62S
48789,44544,LAMINADO 200MM PPDL54P4 OPTIMA MATE AF1000 G60 ARC
48791,CPS0019,CONSUMO DE LAMINADO
48791,48801,LAMINADO 333MM PAPEL BLANCO SB REMOVIBLE 80G/R3/SK60
48792,CPS0019,CONSUMO DE LAMINADO
48792,48801,LAMINADO 333MM PAPEL BLANCO SB REMOVIBLE 80G/R3/SK60
48793,CPS0019,CONSUMO DE LAMINADO
48793,46722,LAMINADO 320MM PPDL54BH OPTIMA MATE AF1000 G60
48793,46649,LAMINADO CINTA P/LAMINAR  PP TRANSP. 310MM OLPP24-M-1500
48794,CPS0019,CONSUMO DE LAMINADO
48794,46148,LAMINADO 330MM PPBB60-P1-G62S
48795,CPS0019,CONSUMO DE LAMINADO
48795,46192,LAMINADO 330MM PPBB60-P4-G62S
48796,46192,LAMINADO 330MM PPBB60-P4-G62S
48796,CPS0019,CONSUMO DE LAMINADO
48797,CPS0019,CONSUMO DE LAMINADO
48797,46192,LAMINADO 330MM PPBB60-P4-G62S
48798,CPS0019,CONSUMO DE LAMINADO
48798,709,LAMINADO 110MM PAPEL SEMIBRILLO 6770 80G AP 904 RI
48799,CPS0019,CONSUMO DE LAMINADO
48799,709,LAMINADO 110MM PAPEL SEMIBRILLO 6770 80G AP 904 RI
48800,CPS0019,CONSUMO DE LAMINADO
48800,46452,LAMINADO 300MM PAPEL SEMIBRILLO 6770 80 GR AP 904 RI
48802,44927,LAMINADO 330MM PAPEL SEMIBRILLO L80-PH-G62S ( EXACTO) ARP
48802,CPS0019,CONSUMO DE LAMINADO
48803,CPS0019,CONSUMO DE LAMINADO
48803,48546,LAMINADO 333MM PP TRANSP.51MC RP37  DIPISA
48804,44927,LAMINADO 330MM PAPEL SEMIBRILLO L80-PH-G62S ( EXACTO) ARP
48804,CPS0019,CONSUMO DE LAMINADO
48808,CPS0019,CONSUMO DE LAMINADO
48808,44927,LAMINADO 330MM PAPEL SEMIBRILLO L80-PH-G62S ( EXACTO) ARP
48809,43784,LAMINADO 110MM PP BLANCO 64 M/P1
48809,CPS0019,CONSUMO DE LAMINADO
48810,CPS0019,CONSUMO DE LAMINADO
48810,43784,LAMINADO 110MM PP BLANCO 64 M/P1
48811,43784,LAMINADO 110MM PP BLANCO 64 M/P1
48811,CPS0019,CONSUMO DE LAMINADO
48812,CPS0019,CONSUMO DE LAMINADO
48812,60232,LAMINADO 110MM PAPEL TRANSFER TT62/P6H ARC
48813,CPS0019,CONSUMO DE LAMINADO
48813,47665,LAMINADO FILM PVC 400MM CALANDRADO 40 MIC
48816,CPS0019,CONSUMO DE LAMINADO
48816,46344,LAMINADO 160MM PPBB60-P1-G62S (Samson)
48817,46344,LAMINADO 160MM PPBB60-P1-G62S (Samson)
48817,CPS0019,CONSUMO DE LAMINADO
48818,CPS0019,CONSUMO DE LAMINADO
48818,46344,LAMINADO 160MM PPBB60-P1-G62S (Samson)
48823,44927,LAMINADO 330MM PAPEL SEMIBRILLO L80-PH-G62S ( EXACTO) ARP
48823,CPS0019,CONSUMO DE LAMINADO
48824,43477,LAMINADO 110MM PP TRANSPARENTE 50/P1-G62S ARC
48824,CPS0019,CONSUMO DE LAMINADO
48825,CPS0019,CONSUMO DE LAMINADO
48825,709,LAMINADO 110MM PAPEL SEMIBRILLO 6770 80G AP 904 RI
48828,42252,LAMINADO CINTA P/LAM  PP TRANSP. 300MM BRILLANTE 24M
48828,CPS0019,CONSUMO DE LAMINADO
48828,46452,LAMINADO 300MM PAPEL SEMIBRILLO 6770 80 GR AP 904 RI
48829,42252,LAMINADO CINTA P/LAM  PP TRANSP. 300MM BRILLANTE 24M
48829,CPS0019,CONSUMO DE LAMINADO
48829,46452,LAMINADO 300MM PAPEL SEMIBRILLO 6770 80 GR AP 904 RI
48832,CPS0019,CONSUMO DE LAMINADO
48832,48054,LAMINADO FILM PVC  273MM TERMOCONTRAIBLE 40MIC
48833,CPS0019,CONSUMO DE LAMINADO
48833,48054,LAMINADO FILM PVC  273MM TERMOCONTRAIBLE 40MIC
48834,CPS0019,CONSUMO DE LAMINADO
48834,48059,LAMINADO FILM PVC  247MM TERMOCONTRAIBLE 40MIC
48840,44927,LAMINADO 330MM PAPEL SEMIBRILLO L80-PH-G62S ( EXACTO) ARP
48840,CPS0019,CONSUMO DE LAMINADO
48841,CPS0019,CONSUMO DE LAMINADO
48841,44927,LAMINADO 330MM PAPEL SEMIBRILLO L80-PH-G62S ( EXACTO) ARP
48842,48059,LAMINADO FILM PVC  247MM TERMOCONTRAIBLE 40MIC
48842,CPS0019,CONSUMO DE LAMINADO
48843,CPS0019,CONSUMO DE LAMINADO
48843,46344,LAMINADO 160MM PPBB60-P1-G62S (Samson)
48845,CPS0019,CONSUMO DE LAMINADO
48845,46344,LAMINADO 160MM PPBB60-P1-G62S (Samson)
48846,CPS0019,CONSUMO DE LAMINADO
48846,46344,LAMINADO 160MM PPBB60-P1-G62S (Samson)
48847,CPS0019,CONSUMO DE LAMINADO
48847,46036,LAMINADO 110MM PAPEL SEMIBRILLO L80-PH-G62S (EXACTO) ARP
48851,709,LAMINADO 110MM PAPEL SEMIBRILLO 6770 80G AP 904 RI
48851,CPS0019,CONSUMO DE LAMINADO
48852,CPS0019,CONSUMO DE LAMINADO
48852,709,LAMINADO 110MM PAPEL SEMIBRILLO 6770 80G AP 904 RI
48856,CPS0019,CONSUMO DE LAMINADO
48856,48858,LAMINADO FILM PETG 588 MM TERMOCONTRAIBLE 45 MIC
48859,44927,LAMINADO 330MM PAPEL SEMIBRILLO L80-PH-G62S ( EXACTO) ARP
48859,CPS0019,CONSUMO DE LAMINADO
48860,CPS0019,CONSUMO DE LAMINADO
48860,46344,LAMINADO 160MM PPBB60-P1-G62S (Samson)
48862,CPS0019,CONSUMO DE LAMINADO
48862,45699,LAMINADO 280MM PP TRANSPARENTE 50TC S0208 BG62B
48863,CPS0019,CONSUMO DE LAMINADO
48863,44955,LAMINADO 280MM BOPP BLCO. BRITE. RITRAMA (8065)
48864,CPS0019,CONSUMO DE LAMINADO
48864,45699,LAMINADO 280MM PP TRANSPARENTE 50TC S0208 BG62B
48866,CPS0019,CONSUMO DE LAMINADO
48866,43197,LAMINADO 200MM PAPEL SEMIBRILLO 80/P ARC
48867,43197,LAMINADO 200MM PAPEL SEMIBRILLO 80/P ARC
48867,CPS0019,CONSUMO DE LAMINADO
48871,CPS0019,CONSUMO DE LAMINADO
48871,44927,LAMINADO 330MM PAPEL SEMIBRILLO L80-PH-G62S ( EXACTO) ARP
48872,44927,LAMINADO 330MM PAPEL SEMIBRILLO L80-PH-G62S ( EXACTO) ARP
48872,CPS0019,CONSUMO DE LAMINADO
48873,CPS0019,CONSUMO DE LAMINADO
48873,46452,LAMINADO 300MM PAPEL SEMIBRILLO 6770 80 GR AP 904 RI
48874,CPS0019,CONSUMO DE LAMINADO
48874,44927,LAMINADO 330MM PAPEL SEMIBRILLO L80-PH-G62S ( EXACTO) ARP
48877,43299,LAMINADO 110MM PAPEL TRANSFER TT64/PH
48877,CPS0019,CONSUMO DE LAMINADO
48878,43299,LAMINADO 110MM PAPEL TRANSFER TT64/PH
48878,CPS0019,CONSUMO DE LAMINADO
48879,43299,LAMINADO 110MM PAPEL TRANSFER TT64/PH
48879,CPS0019,CONSUMO DE LAMINADO
48880,43299,LAMINADO 110MM PAPEL TRANSFER TT64/PH
48880,CPS0019,CONSUMO DE LAMINADO
48881,709,LAMINADO 110MM PAPEL SEMIBRILLO 6770 80G AP 904 RI
48881,CPS0019,CONSUMO DE LAMINADO
48885,CPS0019,CONSUMO DE LAMINADO
48885,709,LAMINADO 110MM PAPEL SEMIBRILLO 6770 80G AP 904 RI
48887,42252,LAMINADO CINTA P/LAM  PP TRANSP. 300MM BRILLANTE 24M
48887,CPS0019,CONSUMO DE LAMINADO
48887,46452,LAMINADO 300MM PAPEL SEMIBRILLO 6770 80 GR AP 904 RI
48891,45856,LAMINADO 330MM PAPEL SEMIBRILLO 6770 80 GR AP 904 RI
48891,CPS0019,CONSUMO DE LAMINADO
48895,CPS0019,CONSUMO DE LAMINADO
48895,46649,LAMINADO CINTA P/LAMINAR  PP TRANSP. 310MM OLPP24-M-1500
48895,46722,LAMINADO 320MM PPDL54BH OPTIMA MATE AF1000 G60
48896,CPS0019,CONSUMO DE LAMINADO
48896,46649,LAMINADO CINTA P/LAMINAR  PP TRANSP. 310MM OLPP24-M-1500
48896,46722,LAMINADO 320MM PPDL54BH OPTIMA MATE AF1000 G60
48897,CPS0019,CONSUMO DE LAMINADO
48897,46649,LAMINADO CINTA P/LAMINAR  PP TRANSP. 310MM OLPP24-M-1500
48897,46722,LAMINADO 320MM PPDL54BH OPTIMA MATE AF1000 G60
48898,CPS0019,CONSUMO DE LAMINADO
48898,46649,LAMINADO CINTA P/LAMINAR  PP TRANSP. 310MM OLPP24-M-1500
48898,46722,LAMINADO 320MM PPDL54BH OPTIMA MATE AF1000 G60
489,43285,LAMINADO 100MM PAPEL SEMIBRILLO 80/P ARC
489,CPS0019,CONSUMO DE LAMINADO
48901,CPS0019,CONSUMO DE LAMINADO
48901,59760,LAMINADO 330MM PAPEL BLANCO SB REMOVIBLE LITHO 80 R G60 ARP
48902,CPS0019,CONSUMO DE LAMINADO
48902,59760,LAMINADO 330MM PAPEL BLANCO SB REMOVIBLE LITHO 80 R G60 ARP
48903,CPS0019,CONSUMO DE LAMINADO
48903,49187,LAMINADO 111 MM SEMIBRILLO ADHESIVO REMOVIBLE DIP
48904,44927,LAMINADO 330MM PAPEL SEMIBRILLO L80-PH-G62S ( EXACTO) ARP
48904,CPS0019,CONSUMO DE LAMINADO
48905,CPS0019,CONSUMO DE LAMINADO
48905,46649,LAMINADO CINTA P/LAMINAR  PP TRANSP. 310MM OLPP24-M-1500
48905,46722,LAMINADO 320MM PPDL54BH OPTIMA MATE AF1000 G60
48906,CPS0019,CONSUMO DE LAMINADO
48906,46649,LAMINADO CINTA P/LAMINAR  PP TRANSP. 310MM OLPP24-M-1500
48906,46722,LAMINADO 320MM PPDL54BH OPTIMA MATE AF1000 G60
48907,40500,LAMINADO 160MM BOPP  BLACO. 60 UTC RI 707/BL 8065 EXACTO
48907,CPS0019,CONSUMO DE LAMINADO
48907,43452,LAMINADO 160MM PP BCO BTE P4 38M G58 ARC
48910,CPS0019,CONSUMO DE LAMINADO
48910,711,LAMINADO 160MM PAPEL SEMIBRILLO 6770 80G AP 904 RI
48911,711,LAMINADO 160MM PAPEL SEMIBRILLO 6770 80G AP 904 RI
48911,CPS0019,CONSUMO DE LAMINADO
48915,40500,LAMINADO 160MM BOPP  BLACO. 60 UTC RI 707/BL 8065 EXACTO
48915,43452,LAMINADO 160MM PP BCO BTE P4 38M G58 ARC
48915,CPS0019,CONSUMO DE LAMINADO
48917,45051,LAMINADO 330MM PAPEL TRANSFER TT64/PH
48917,CPS0019,CONSUMO DE LAMINADO
48919,43349,LAMINADO 110MM PAPEL BLANCO S.BRILLO 80/P4
48919,CPS0019,CONSUMO DE LAMINADO
48920,43432,LAMINADO 200MM PAPEL SEMIBRILLO L80-PH-G62S ARP
48920,44869,"LAMINADO FOLIA ORO MATE COLDFOIL 152,5  MM 428"
48920,CPS0019,CONSUMO DE LAMINADO
48921,CPS0019,CONSUMO DE LAMINADO
48921,44927,LAMINADO 330MM PAPEL SEMIBRILLO L80-PH-G62S ( EXACTO) ARP
48922,43197,LAMINADO 200MM PAPEL SEMIBRILLO 80/P ARC
48922,CPS0019,CONSUMO DE LAMINADO
48923,44927,LAMINADO 330MM PAPEL SEMIBRILLO L80-PH-G62S ( EXACTO) ARP
48923,CPS0019,CONSUMO DE LAMINADO
48924,CPS0019,CONSUMO DE LAMINADO
48924,44927,LAMINADO 330MM PAPEL SEMIBRILLO L80-PH-G62S ( EXACTO) ARP
48925,44927,LAMINADO 330MM PAPEL SEMIBRILLO L80-PH-G62S ( EXACTO) ARP
48925,CPS0019,CONSUMO DE LAMINADO
48926,44927,LAMINADO 330MM PAPEL SEMIBRILLO L80-PH-G62S ( EXACTO) ARP
48926,CPS0019,CONSUMO DE LAMINADO
48928,44892,LAMINADO 200MM PPBB60-P4-G62S
48928,CPS0019,CONSUMO DE LAMINADO
48928,45939,LAMINADO FOLIA PLATA COLDFOIL 160MM DSCF613-OP COR
48930,42748,"LAMINADO FOLIA PLATA COLDFOIL 152,5MM"
48930,42816,LAMINADO 250MM BOPP BLANCO RITRAMA  (3022)
48930,CPS0019,CONSUMO DE LAMINADO
48931,43452,LAMINADO 160MM PP BCO BTE P4 38M G58 ARC
48931,CPS0019,CONSUMO DE LAMINADO
48933,CPS0019,CONSUMO DE LAMINADO
48933,48442,LAMINADO 100MM PAPEL TRANSFER TT64/PH
48936,42816,LAMINADO 250MM BOPP BLANCO RITRAMA  (3022)
48936,CPS0019,CONSUMO DE LAMINADO
48938,48839,LAMINADO 340MM PAPEL KRAFT 70 GRMS/M2 S/Soporte
48938,48448,LAMINADO 300MM PAPEL SEMIBRILLO L80-PH INNOLINER
48942,44261,LAMINADO 300MM PPDL54P4 OPTIMA MATE AF1000 G60 ARC
48942,CPS0019,CONSUMO DE LAMINADO
48943,CPS0019,CONSUMO DE LAMINADO
48943,44261,LAMINADO 300MM PPDL54P4 OPTIMA MATE AF1000 G60 ARC
48945,44261,LAMINADO 300MM PPDL54P4 OPTIMA MATE AF1000 G60 ARC
48945,CPS0019,CONSUMO DE LAMINADO
48953,44927,LAMINADO 330MM PAPEL SEMIBRILLO L80-PH-G62S ( EXACTO) ARP
48953,CPS0019,CONSUMO DE LAMINADO
48954,CPS0019,CONSUMO DE LAMINADO
48954,44927,LAMINADO 330MM PAPEL SEMIBRILLO L80-PH-G62S ( EXACTO) ARP
48955,CPS0019,CONSUMO DE LAMINADO
48955,44927,LAMINADO 330MM PAPEL SEMIBRILLO L80-PH-G62S ( EXACTO) ARP
48956,CPS0019,CONSUMO DE LAMINADO
48956,44927,LAMINADO 330MM PAPEL SEMIBRILLO L80-PH-G62S ( EXACTO) ARP
48957,CPS0019,CONSUMO DE LAMINADO
48957,44927,LAMINADO 330MM PAPEL SEMIBRILLO L80-PH-G62S ( EXACTO) ARP
48958,CPS0019,CONSUMO DE LAMINADO
48958,44927,LAMINADO 330MM PAPEL SEMIBRILLO L80-PH-G62S ( EXACTO) ARP
48959,44927,LAMINADO 330MM PAPEL SEMIBRILLO L80-PH-G62S ( EXACTO) ARP
48959,CPS0019,CONSUMO DE LAMINADO
48960,44927,LAMINADO 330MM PAPEL SEMIBRILLO L80-PH-G62S ( EXACTO) ARP
48960,CPS0019,CONSUMO DE LAMINADO
48961,44927,LAMINADO 330MM PAPEL SEMIBRILLO L80-PH-G62S ( EXACTO) ARP
48961,CPS0019,CONSUMO DE LAMINADO
48962,44927,LAMINADO 330MM PAPEL SEMIBRILLO L80-PH-G62S ( EXACTO) ARP
48962,CPS0019,CONSUMO DE LAMINADO
48963,CPS0019,CONSUMO DE LAMINADO
48963,44927,LAMINADO 330MM PAPEL SEMIBRILLO L80-PH-G62S ( EXACTO) ARP
48964,44927,LAMINADO 330MM PAPEL SEMIBRILLO L80-PH-G62S ( EXACTO) ARP
48964,CPS0019,CONSUMO DE LAMINADO
48966,43695,LAMINADO 333MM PP TRANSP. PPT50P-P1-G62S ARC
48966,CPS0019,CONSUMO DE LAMINADO
48967,43695,LAMINADO 333MM PP TRANSP. PPT50P-P1-G62S ARC
48967,CPS0019,CONSUMO DE LAMINADO
48968,43695,LAMINADO 333MM PP TRANSP. PPT50P-P1-G62S ARC
48968,CPS0019,CONSUMO DE LAMINADO
48969,43695,LAMINADO 333MM PP TRANSP. PPT50P-P1-G62S ARC
48969,CPS0019,CONSUMO DE LAMINADO
48970,43695,LAMINADO 333MM PP TRANSP. PPT50P-P1-G62S ARC
48970,CPS0019,CONSUMO DE LAMINADO
48971,CPS0019,CONSUMO DE LAMINADO
48971,43695,LAMINADO 333MM PP TRANSP. PPT50P-P1-G62S ARC
48973,44955,LAMINADO 280MM BOPP BLCO. BRITE. RITRAMA (8065)
48973,CPS0019,CONSUMO DE LAMINADO
48980,CPS0019,CONSUMO DE LAMINADO
48980,48442,LAMINADO 100MM PAPEL TRANSFER TT64/PH
48981,48442,LAMINADO 100MM PAPEL TRANSFER TT64/PH
48981,CPS0019,CONSUMO DE LAMINADO
48982,CPS0019,CONSUMO DE LAMINADO
48982,44927,LAMINADO 330MM PAPEL SEMIBRILLO L80-PH-G62S ( EXACTO) ARP
48994,43310,LAMINADO 250 MM PAPEL SEMIBRILLO 80/P ARC
48994,CPS0019,CONSUMO DE LAMINADO
48995,CPS0019,CONSUMO DE LAMINADO
48995,48261,LAMINADO 330MM TERMICO PROTEGIDO 7836 THERMAL TC /80 GR GL/60 RI
48996,CPS0019,CONSUMO DE LAMINADO
48996,48312,LAMINADO 160MM TERMAL  TOP HS AP903 YG60
48997,CPS0019,CONSUMO DE LAMINADO
48997,48261,LAMINADO 330MM TERMICO PROTEGIDO 7836 THERMAL TC /80 GR GL/60 RI
48999,CPS0019,CONSUMO DE LAMINADO
48999,46452,LAMINADO 300MM PAPEL SEMIBRILLO 6770 80 GR AP 904 RI
49000,43299,LAMINADO 110MM PAPEL TRANSFER TT64/PH
49000,CPS0019,CONSUMO DE LAMINADO
49001,44927,LAMINADO 330MM PAPEL SEMIBRILLO L80-PH-G62S ( EXACTO) ARP
49001,CPS0019,CONSUMO DE LAMINADO
49002,43695,LAMINADO 333MM PP TRANSP. PPT50P-P1-G62S ARC
49002,CPS0019,CONSUMO DE LAMINADO
49003,43695,LAMINADO 333MM PP TRANSP. PPT50P-P1-G62S ARC
49003,CPS0019,CONSUMO DE LAMINADO
49004,CPS0019,CONSUMO DE LAMINADO
49004,46344,LAMINADO 160MM PPBB60-P1-G62S (Samson)
49008,CPS0019,CONSUMO DE LAMINADO
49008,46886,LAMINADO 250MM PPDL54P1 OPTIMA MATE G60
49010,CPS0019,CONSUMO DE LAMINADO
49010,44927,LAMINADO 330MM PAPEL SEMIBRILLO L80-PH-G62S ( EXACTO) ARP
49012,42817,LAMINADO 300MM BOPP BCO. BRILLANTE 60 TC (08065)
49012,CPS0019,CONSUMO DE LAMINADO
49012,45939,LAMINADO FOLIA PLATA COLDFOIL 160MM DSCF613-OP COR
49016,44533,LAMINADO 320MM PPDL54P4 OPTIMA MATE AF1000 G60 ARC
49016,CPS0019,CONSUMO DE LAMINADO
49017,44533,LAMINADO 320MM PPDL54P4 OPTIMA MATE AF1000 G60 ARC
49017,CPS0019,CONSUMO DE LAMINADO
49018,CPS0019,CONSUMO DE LAMINADO
49018,44533,LAMINADO 320MM PPDL54P4 OPTIMA MATE AF1000 G60 ARC
49019,44533,LAMINADO 320MM PPDL54P4 OPTIMA MATE AF1000 G60 ARC
49019,CPS0019,CONSUMO DE LAMINADO
49020,CPS0019,CONSUMO DE LAMINADO
49020,46828,LAMINADO 250 MM BOPP BLANCO 38 M/P4
49020,46886,LAMINADO 250MM PPDL54P1 OPTIMA MATE G60
49021,CPS0019,CONSUMO DE LAMINADO
49021,44927,LAMINADO 330MM PAPEL SEMIBRILLO L80-PH-G62S ( EXACTO) ARP
49022,44927,LAMINADO 330MM PAPEL SEMIBRILLO L80-PH-G62S ( EXACTO) ARP
49022,CPS0019,CONSUMO DE LAMINADO
49023,44927,LAMINADO 330MM PAPEL SEMIBRILLO L80-PH-G62S ( EXACTO) ARP
49023,CPS0019,CONSUMO DE LAMINADO
49024,44927,LAMINADO 330MM PAPEL SEMIBRILLO L80-PH-G62S ( EXACTO) ARP
49024,CPS0019,CONSUMO DE LAMINADO
49025,CPS0019,CONSUMO DE LAMINADO
49025,43695,LAMINADO 333MM PP TRANSP. PPT50P-P1-G62S ARC
49026,43193,LAMINADO 330MM PAPEL SEMIBRILLO 80/P4 ARC
49026,CPS0019,CONSUMO DE LAMINADO
49027,CPS0019,CONSUMO DE LAMINADO
49027,709,LAMINADO 110MM PAPEL SEMIBRILLO 6770 80G AP 904 RI
49028,CPS0019,CONSUMO DE LAMINADO
49028,48442,LAMINADO 100MM PAPEL TRANSFER TT64/PH
49032,CPS0019,CONSUMO DE LAMINADO
49032,44927,LAMINADO 330MM PAPEL SEMIBRILLO L80-PH-G62S ( EXACTO) ARP
49033,44927,LAMINADO 330MM PAPEL SEMIBRILLO L80-PH-G62S ( EXACTO) ARP
49033,CPS0019,CONSUMO DE LAMINADO
49034,CPS0019,CONSUMO DE LAMINADO
49034,46344,LAMINADO 160MM PPBB60-P1-G62S (Samson)
49037,CPS0019,CONSUMO DE LAMINADO
49037,46344,LAMINADO 160MM PPBB60-P1-G62S (Samson)
49038,CPS0019,CONSUMO DE LAMINADO
49038,46344,LAMINADO 160MM PPBB60-P1-G62S (Samson)
49041,CPS0019,CONSUMO DE LAMINADO
49041,44822,LAMINADO 160MM PP TRANSP. PPT50P-P1-G62S ARC
49042,44822,LAMINADO 160MM PP TRANSP. PPT50P-P1-G62S ARC
49042,CPS0019,CONSUMO DE LAMINADO
49043,41828,LAMINADO 160MM PAPEL SINTETICO 80micras
49043,CPS0019,CONSUMO DE LAMINADO
49044,43299,LAMINADO 110MM PAPEL TRANSFER TT64/PH
49044,CPS0019,CONSUMO DE LAMINADO
49045,44927,LAMINADO 330MM PAPEL SEMIBRILLO L80-PH-G62S ( EXACTO) ARP
49045,CPS0019,CONSUMO DE LAMINADO
49046,44927,LAMINADO 330MM PAPEL SEMIBRILLO L80-PH-G62S ( EXACTO) ARP
49046,CPS0019,CONSUMO DE LAMINADO
49047,CPS0019,CONSUMO DE LAMINADO
49047,46649,LAMINADO CINTA P/LAMINAR  PP TRANSP. 310MM OLPP24-M-1500
49048,CPS0019,CONSUMO DE LAMINADO
49048,46649,LAMINADO CINTA P/LAMINAR  PP TRANSP. 310MM OLPP24-M-1500
49049,CPS0019,CONSUMO DE LAMINADO
49049,44927,LAMINADO 330MM PAPEL SEMIBRILLO L80-PH-G62S ( EXACTO) ARP
49050,CPS0019,CONSUMO DE LAMINADO
49050,44927,LAMINADO 330MM PAPEL SEMIBRILLO L80-PH-G62S ( EXACTO) ARP
49051,CPS0019,CONSUMO DE LAMINADO
49051,44892,LAMINADO 200MM PPBB60-P4-G62S
49051,47363,LAMINADO 200MM PPDL54P1 OPTIMA MATE G60
49052,43573,LAMINADO 200MM PPBB60-P1-G62S
49052,44544,LAMINADO 200MM PPDL54P4 OPTIMA MATE AF1000 G60 ARC
49052,CPS0019,CONSUMO DE LAMINADO
49053,44892,LAMINADO 200MM PPBB60-P4-G62S
49053,CPS0019,CONSUMO DE LAMINADO
49053,47363,LAMINADO 200MM PPDL54P1 OPTIMA MATE G60
49054,44892,LAMINADO 200MM PPBB60-P4-G62S
49054,CPS0019,CONSUMO DE LAMINADO
49054,47363,LAMINADO 200MM PPDL54P1 OPTIMA MATE G60
49056,40500,LAMINADO 160MM BOPP  BLACO. 60 UTC RI 707/BL 8065 EXACTO
49056,43452,LAMINADO 160MM PP BCO BTE P4 38M G58 ARC
49056,CPS0019,CONSUMO DE LAMINADO
49057,40500,LAMINADO 160MM BOPP  BLACO. 60 UTC RI 707/BL 8065 EXACTO
49057,43452,LAMINADO 160MM PP BCO BTE P4 38M G58 ARC
49057,CPS0019,CONSUMO DE LAMINADO
49060,CPS0019,CONSUMO DE LAMINADO
49060,709,LAMINADO 110MM PAPEL SEMIBRILLO 6770 80G AP 904 RI
49061,43193,LAMINADO 330MM PAPEL SEMIBRILLO 80/P4 ARC
49061,CPS0019,CONSUMO DE LAMINADO
49067,43431,LAMINADO 160MM PAPEL SEMIBRILLO L80-PH-G62S ( EXACTO) ARP
49067,CPS0019,CONSUMO DE LAMINADO
49068,39682,LAMINADO 200MM BOPP PERLADO( 07358 ) RI 757/PR SK 60 AP901
49068,CPS0019,CONSUMO DE LAMINADO
49069,CPS0019,CONSUMO DE LAMINADO
49069,46148,LAMINADO 330MM PPBB60-P1-G62S
49070,CPS0019,CONSUMO DE LAMINADO
49070,46148,LAMINADO 330MM PPBB60-P1-G62S
49071,CPS0019,CONSUMO DE LAMINADO
49071,46148,LAMINADO 330MM PPBB60-P1-G62S
49072,CPS0019,CONSUMO DE LAMINADO
49072,46148,LAMINADO 330MM PPBB60-P1-G62S
49073,CPS0019,CONSUMO DE LAMINADO
49073,46192,LAMINADO 330MM PPBB60-P4-G62S
49074,CPS0019,CONSUMO DE LAMINADO
49074,46192,LAMINADO 330MM PPBB60-P4-G62S
49075,CPS0019,CONSUMO DE LAMINADO
49075,46192,LAMINADO 330MM PPBB60-P4-G62S
49076,CPS0019,CONSUMO DE LAMINADO
49076,46192,LAMINADO 330MM PPBB60-P4-G62S
49077,CPS0019,CONSUMO DE LAMINADO
49077,46192,LAMINADO 330MM PPBB60-P4-G62S
49078,CPS0019,CONSUMO DE LAMINADO
49078,46192,LAMINADO 330MM PPBB60-P4-G62S
49079,CPS0019,CONSUMO DE LAMINADO
49079,46192,LAMINADO 330MM PPBB60-P4-G62S
49080,CPS0019,CONSUMO DE LAMINADO
49080,46192,LAMINADO 330MM PPBB60-P4-G62S
49081,39805,LAMINADO 230MM PAPEL SEMIBRILLO  80 GR 6770 AP904 RI
49081,CPS0019,CONSUMO DE LAMINADO
49082,CPS0019,CONSUMO DE LAMINADO
49082,57553,LAMINADO 110MM PAPEL SEMIBRILLO L80-PH-G60 ARP
49084,43705,LAMINADO 168MM PP TRANSP.  PPT50P-P1-G62S ARC
49084,CPS0019,CONSUMO DE LAMINADO
49085,CPS0019,CONSUMO DE LAMINADO
49085,44927,LAMINADO 330MM PAPEL SEMIBRILLO L80-PH-G62S ( EXACTO) ARP
49086,44927,LAMINADO 330MM PAPEL SEMIBRILLO L80-PH-G62S ( EXACTO) ARP
49086,CPS0019,CONSUMO DE LAMINADO
49089,CPS0019,CONSUMO DE LAMINADO
49089,48646,LAMINADO FILM PETG 290 MM 45 MIC
49090,CPS0019,CONSUMO DE LAMINADO
49090,46148,LAMINADO 330MM PPBB60-P1-G62S
49091,40500,LAMINADO 160MM BOPP  BLACO. 60 UTC RI 707/BL 8065 EXACTO
49091,43452,LAMINADO 160MM PP BCO BTE P4 38M G58 ARC
49091,CPS0019,CONSUMO DE LAMINADO
49092,44533,LAMINADO 320MM PPDL54P4 OPTIMA MATE AF1000 G60 ARC
49092,CPS0019,CONSUMO DE LAMINADO
49093,CPS0019,CONSUMO DE LAMINADO
49093,46036,LAMINADO 110MM PAPEL SEMIBRILLO L80-PH-G62S (EXACTO) ARP
49094,CPS0019,CONSUMO DE LAMINADO
49094,44927,LAMINADO 330MM PAPEL SEMIBRILLO L80-PH-G62S ( EXACTO) ARP
49095,44927,LAMINADO 330MM PAPEL SEMIBRILLO L80-PH-G62S ( EXACTO) ARP
49095,CPS0019,CONSUMO DE LAMINADO
49097,44572,LAMINADO CINTA P/LAMINAR  PP TRANSP. 240mm.
49097,CPS0019,CONSUMO DE LAMINADO
49097,46774,LAMINADO 200MM PP BLANCO BRILLANTE TC8 AP903 PET30 (08923)
49099,44927,LAMINADO 330MM PAPEL SEMIBRILLO L80-PH-G62S ( EXACTO) ARP
49099,CPS0019,CONSUMO DE LAMINADO
49100,CPS0019,CONSUMO DE LAMINADO
49100,44927,LAMINADO 330MM PAPEL SEMIBRILLO L80-PH-G62S ( EXACTO) ARP
49106,CPS0019,CONSUMO DE LAMINADO
49106,709,LAMINADO 110MM PAPEL SEMIBRILLO 6770 80G AP 904 RI
49113,CPS0019,CONSUMO DE LAMINADO
49113,46384,LAMINADO 330 MM PAPEL TERMICO PROTEGIDO T77 PH G62 ARC
49114,43299,LAMINADO 110MM PAPEL TRANSFER TT64/PH
49114,CPS0019,CONSUMO DE LAMINADO
49117,42816,LAMINADO 250MM BOPP BLANCO RITRAMA  (3022)
49117,CPS0019,CONSUMO DE LAMINADO
49117,45939,LAMINADO FOLIA PLATA COLDFOIL 160MM DSCF613-OP COR
49126,CPS0019,CONSUMO DE LAMINADO
49126,45887,LAMINADO 300MM PAPEL SEMIBRILLO RP48AT 80G DIP
49127,CPS0019,CONSUMO DE LAMINADO
49127,45887,LAMINADO 300MM PAPEL SEMIBRILLO RP48AT 80G DIP
49128,CPS0019,CONSUMO DE LAMINADO
49128,45887,LAMINADO 300MM PAPEL SEMIBRILLO RP48AT 80G DIP
49129,CPS0019,CONSUMO DE LAMINADO
49129,45887,LAMINADO 300MM PAPEL SEMIBRILLO RP48AT 80G DIP
49130,CPS0019,CONSUMO DE LAMINADO
49130,45887,LAMINADO 300MM PAPEL SEMIBRILLO RP48AT 80G DIP
49131,CPS0019,CONSUMO DE LAMINADO
49131,45887,LAMINADO 300MM PAPEL SEMIBRILLO RP48AT 80G DIP
49132,CPS0019,CONSUMO DE LAMINADO
49132,46344,LAMINADO 160MM PPBB60-P1-G62S (Samson)
49133,CPS0019,CONSUMO DE LAMINADO
49133,46344,LAMINADO 160MM PPBB60-P1-G62S (Samson)
49134,CPS0019,CONSUMO DE LAMINADO
49134,46344,LAMINADO 160MM PPBB60-P1-G62S (Samson)
49139,44927,LAMINADO 330MM PAPEL SEMIBRILLO L80-PH-G62S ( EXACTO) ARP
49139,CPS0019,CONSUMO DE LAMINADO
49140,CPS0019,CONSUMO DE LAMINADO
49140,45856,LAMINADO 330MM PAPEL SEMIBRILLO 6770 80 GR AP 904 RI
49141,CPS0019,CONSUMO DE LAMINADO
49141,46344,LAMINADO 160MM PPBB60-P1-G62S (Samson)
49142,CPS0019,CONSUMO DE LAMINADO
49142,46344,LAMINADO 160MM PPBB60-P1-G62S (Samson)
49144,CPS0019,CONSUMO DE LAMINADO
49144,46344,LAMINADO 160MM PPBB60-P1-G62S (Samson)
49146,CPS0019,CONSUMO DE LAMINADO
49146,46344,LAMINADO 160MM PPBB60-P1-G62S (Samson)
49147,CPS0019,CONSUMO DE LAMINADO
49147,46148,LAMINADO 330MM PPBB60-P1-G62S
49148,CPS0019,CONSUMO DE LAMINADO
49148,46148,LAMINADO 330MM PPBB60-P1-G62S
49149,CPS0019,CONSUMO DE LAMINADO
49149,46148,LAMINADO 330MM PPBB60-P1-G62S
49150,CPS0019,CONSUMO DE LAMINADO
49150,46148,LAMINADO 330MM PPBB60-P1-G62S
49153,CPS0019,CONSUMO DE LAMINADO
49153,46148,LAMINADO 330MM PPBB60-P1-G62S
49154,46148,LAMINADO 330MM PPBB60-P1-G62S
49154,CPS0019,CONSUMO DE LAMINADO
49155,CPS0019,CONSUMO DE LAMINADO
49155,46148,LAMINADO 330MM PPBB60-P1-G62S
49156,46148,LAMINADO 330MM PPBB60-P1-G62S
49156,CPS0019,CONSUMO DE LAMINADO
49157,43299,LAMINADO 110MM PAPEL TRANSFER TT64/PH
49157,CPS0019,CONSUMO DE LAMINADO
49163,CPS0019,CONSUMO DE LAMINADO
49163,44822,LAMINADO 160MM PP TRANSP. PPT50P-P1-G62S ARC
49164,40500,LAMINADO 160MM BOPP  BLACO. 60 UTC RI 707/BL 8065 EXACTO
49164,CPS0019,CONSUMO DE LAMINADO
49165,40500,LAMINADO 160MM BOPP  BLACO. 60 UTC RI 707/BL 8065 EXACTO
49165,43452,LAMINADO 160MM PP BCO BTE P4 38M G58 ARC
49165,CPS0019,CONSUMO DE LAMINADO
49167,44533,LAMINADO 320MM PPDL54P4 OPTIMA MATE AF1000 G60 ARC
49167,CPS0019,CONSUMO DE LAMINADO
49168,CPS0019,CONSUMO DE LAMINADO
49168,44533,LAMINADO 320MM PPDL54P4 OPTIMA MATE AF1000 G60 ARC
49169,CPS0019,CONSUMO DE LAMINADO
49169,44533,LAMINADO 320MM PPDL54P4 OPTIMA MATE AF1000 G60 ARC
49170,CPS0019,CONSUMO DE LAMINADO
49170,709,LAMINADO 110MM PAPEL SEMIBRILLO 6770 80G AP 904 RI
49177,CPS0019,CONSUMO DE LAMINADO
49177,45585,LAMINADO 330MM BOPP  METALIZADO PLATA BRILLANTE RI 717/50
49178,CPS0019,CONSUMO DE LAMINADO
49178,45585,LAMINADO 330MM BOPP  METALIZADO PLATA BRILLANTE RI 717/50
49179,45585,LAMINADO 330MM BOPP  METALIZADO PLATA BRILLANTE RI 717/50
49179,CPS0019,CONSUMO DE LAMINADO
49180,45585,LAMINADO 330MM BOPP  METALIZADO PLATA BRILLANTE RI 717/50
49180,CPS0019,CONSUMO DE LAMINADO
49181,CPS0019,CONSUMO DE LAMINADO
49181,45585,LAMINADO 330MM BOPP  METALIZADO PLATA BRILLANTE RI 717/50
49182,CPS0019,CONSUMO DE LAMINADO
49182,45585,LAMINADO 330MM BOPP  METALIZADO PLATA BRILLANTE RI 717/50
49183,46344,LAMINADO 160MM PPBB60-P1-G62S (Samson)
49183,CPS0019,CONSUMO DE LAMINADO
49184,CPS0019,CONSUMO DE LAMINADO
49184,709,LAMINADO 110MM PAPEL SEMIBRILLO 6770 80G AP 904 RI
49185,CPS0019,CONSUMO DE LAMINADO
49185,46649,LAMINADO CINTA P/LAMINAR  PP TRANSP. 310MM OLPP24-M-1500
49185,46722,LAMINADO 320MM PPDL54BH OPTIMA MATE AF1000 G60
49188,50427,LAMINADO 333MM STONE PAPER TD FRONTAL S/ADHESIVO
49188,49712,LAMINADO 340MM GLASSINE 60G SILICONADO
49189,CPS0019,CONSUMO DE LAMINADO
49189,47415,LAMINADO 250MM PPDL54BH OPTIMA MATE AF1000 G60
49190,44533,LAMINADO 320MM PPDL54P4 OPTIMA MATE AF1000 G60 ARC
49190,CPS0019,CONSUMO DE LAMINADO
49192,42252,LAMINADO CINTA P/LAM  PP TRANSP. 300MM BRILLANTE 24M
49192,CPS0019,CONSUMO DE LAMINADO
49192,46452,LAMINADO 300MM PAPEL SEMIBRILLO 6770 80 GR AP 904 RI
49193,CPS0019,CONSUMO DE LAMINADO
49193,48640,LAMINADO FILM PVC 290 MM 40 MIC
49195,CPS0019,CONSUMO DE LAMINADO
49195,48646,LAMINADO FILM PETG 290 MM 45 MIC
49197,CPS0019,CONSUMO DE LAMINADO
49197,45051,LAMINADO 330MM PAPEL TRANSFER TT64/PH
49200,49031,LAMINADO 340 MM GREEN PAPER 100u - s/adhesivo
49200,49767,LAMINADO 340MM GLASSINE NACIONAL
49201,CPS0019,CONSUMO DE LAMINADO
49201,54314,LAMINADO 167 WINEGLASS (MANUAL) 10939 RI
49203,45730,LAMINADO 260MM PAPEL SEMIBRILLO AF1000 RP48AT 80G DIP
49203,CPS0019,CONSUMO DE LAMINADO
49206,CPS0019,CONSUMO DE LAMINADO
49206,46148,LAMINADO 330MM PPBB60-P1-G62S
49206,50754,LAMINADO 320MM PPDL54P4 OPTIMA MATE 2 G60 (F9CG3 ) MIC
49207,43573,LAMINADO 200MM PPBB60-P1-G62S
49207,CPS0019,CONSUMO DE LAMINADO
49207,44544,LAMINADO 200MM PPDL54P4 OPTIMA MATE AF1000 G60 ARC
49210,44955,LAMINADO 280MM BOPP BLCO. BRITE. RITRAMA (8065)
49210,CPS0019,CONSUMO DE LAMINADO
49211,CPS0019,CONSUMO DE LAMINADO
49211,46148,LAMINADO 330MM PPBB60-P1-G62S
49212,46148,LAMINADO 330MM PPBB60-P1-G62S
49212,CPS0019,CONSUMO DE LAMINADO
49213,CPS0019,CONSUMO DE LAMINADO
49213,46148,LAMINADO 330MM PPBB60-P1-G62S
49214,CPS0019,CONSUMO DE LAMINADO
49214,46148,LAMINADO 330MM PPBB60-P1-G62S
49215,CPS0019,CONSUMO DE LAMINADO
49215,46148,LAMINADO 330MM PPBB60-P1-G62S
49216,CPS0019,CONSUMO DE LAMINADO
49216,710,LAMINADO 167 WINEGLASS (AUTOMATICO) PT220 ECO
49217,43477,LAMINADO 110MM PP TRANSPARENTE 50/P1-G62S ARC
49217,CPS0019,CONSUMO DE LAMINADO
49218,CPS0019,CONSUMO DE LAMINADO
49218,48442,LAMINADO 100MM PAPEL TRANSFER TT64/PH
49219,CPS0019,CONSUMO DE LAMINADO
49219,56683,LAMINADO 280MM PAPEL SEMIBRILLO 6770 AP904 RI
49222,43695,LAMINADO 333MM PP TRANSP. PPT50P-P1-G62S ARC
49222,CPS0019,CONSUMO DE LAMINADO
49225,CPS0019,CONSUMO DE LAMINADO
49225,43695,LAMINADO 333MM PP TRANSP. PPT50P-P1-G62S ARC
49226,43695,LAMINADO 333MM PP TRANSP. PPT50P-P1-G62S ARC
49226,CPS0019,CONSUMO DE LAMINADO
49227,43695,LAMINADO 333MM PP TRANSP. PPT50P-P1-G62S ARC
49227,CPS0019,CONSUMO DE LAMINADO
49228,43695,LAMINADO 333MM PP TRANSP. PPT50P-P1-G62S ARC
49228,CPS0019,CONSUMO DE LAMINADO
49229,43695,LAMINADO 333MM PP TRANSP. PPT50P-P1-G62S ARC
49229,CPS0019,CONSUMO DE LAMINADO
49230,CPS0019,CONSUMO DE LAMINADO
49230,43695,LAMINADO 333MM PP TRANSP. PPT50P-P1-G62S ARC
49232,CPS0019,CONSUMO DE LAMINADO
49232,44927,LAMINADO 330MM PAPEL SEMIBRILLO L80-PH-G62S ( EXACTO) ARP
49234,44927,LAMINADO 330MM PAPEL SEMIBRILLO L80-PH-G62S ( EXACTO) ARP
49234,CPS0019,CONSUMO DE LAMINADO
49241,CPS0019,CONSUMO DE LAMINADO
49241,709,LAMINADO 110MM PAPEL SEMIBRILLO 6770 80G AP 904 RI
49243,42282,LAMINADO 110MM PAPEL TRANSFER  AT20 F13600
49243,CPS0019,CONSUMO DE LAMINADO
49244,44927,LAMINADO 330MM PAPEL SEMIBRILLO L80-PH-G62S ( EXACTO) ARP
49244,CPS0019,CONSUMO DE LAMINADO
49245,44928,LAMINADO 300MM PAPEL SEMIBRILLO L80-PH-G62S Exacto ARP
49245,CPS0019,CONSUMO DE LAMINADO
49246,44928,LAMINADO 300MM PAPEL SEMIBRILLO L80-PH-G62S Exacto ARP
49246,CPS0019,CONSUMO DE LAMINADO
49247,44928,LAMINADO 300MM PAPEL SEMIBRILLO L80-PH-G62S Exacto ARP
49247,CPS0019,CONSUMO DE LAMINADO
49248,44927,LAMINADO 330MM PAPEL SEMIBRILLO L80-PH-G62S ( EXACTO) ARP
49248,CPS0019,CONSUMO DE LAMINADO
49249,44928,LAMINADO 300MM PAPEL SEMIBRILLO L80-PH-G62S Exacto ARP
49249,CPS0019,CONSUMO DE LAMINADO
49250,44928,LAMINADO 300MM PAPEL SEMIBRILLO L80-PH-G62S Exacto ARP
49250,CPS0019,CONSUMO DE LAMINADO
49251,44928,LAMINADO 300MM PAPEL SEMIBRILLO L80-PH-G62S Exacto ARP
49251,CPS0019,CONSUMO DE LAMINADO
49252,44928,LAMINADO 300MM PAPEL SEMIBRILLO L80-PH-G62S Exacto ARP
49252,CPS0019,CONSUMO DE LAMINADO
49253,44955,LAMINADO 280MM BOPP BLCO. BRITE. RITRAMA (8065)
49253,CPS0019,CONSUMO DE LAMINADO
49254,CPS0019,CONSUMO DE LAMINADO
49254,46145,LAMINADO 110MM PPBB60-P1-G62S
49255,CPS0019,CONSUMO DE LAMINADO
49255,46145,LAMINADO 110MM PPBB60-P1-G62S
49256,CPS0019,CONSUMO DE LAMINADO
49256,46145,LAMINADO 110MM PPBB60-P1-G62S
49257,CPS0019,CONSUMO DE LAMINADO
49257,46145,LAMINADO 110MM PPBB60-P1-G62S
49258,CPS0019,CONSUMO DE LAMINADO
49258,46145,LAMINADO 110MM PPBB60-P1-G62S
49259,CPS0019,CONSUMO DE LAMINADO
49259,46145,LAMINADO 110MM PPBB60-P1-G62S
49260,CPS0019,CONSUMO DE LAMINADO
49260,46145,LAMINADO 110MM PPBB60-P1-G62S
49261,CPS0019,CONSUMO DE LAMINADO
49261,43973,LAMINADO 110MM PAPEL SINTETICO 200 micras MIC
49262,CPS0019,CONSUMO DE LAMINADO
49262,44928,LAMINADO 300MM PAPEL SEMIBRILLO L80-PH-G62S Exacto ARP
49263,CPS0019,CONSUMO DE LAMINADO
49263,44928,LAMINADO 300MM PAPEL SEMIBRILLO L80-PH-G62S Exacto ARP
49264,44928,LAMINADO 300MM PAPEL SEMIBRILLO L80-PH-G62S Exacto ARP
49264,CPS0019,CONSUMO DE LAMINADO
49266,CPS0019,CONSUMO DE LAMINADO
49266,711,LAMINADO 160MM PAPEL SEMIBRILLO 6770 80G AP 904 RI
49267,CPS0019,CONSUMO DE LAMINADO
49267,57557,LAMINADO 300MM PAPEL SEMIBRILLO L80-PH-G60 ARP
49270,CPS0019,CONSUMO DE LAMINADO
49270,45650,LAMINADO 260MM PAPEL SEMIBRILLO F0204B /AT20/40#SCK AD
49277,CPS0019,CONSUMO DE LAMINADO
49277,46192,LAMINADO 330MM PPBB60-P4-G62S
49278,CPS0019,CONSUMO DE LAMINADO
49278,46192,LAMINADO 330MM PPBB60-P4-G62S
49279,CPS0019,CONSUMO DE LAMINADO
49279,47939,LAMINADO 290MM PAPEL TRILAMINADO Papel de 45g/Mepro 17/PE de 35 o 40 micras
49280,CPS0019,CONSUMO DE LAMINADO
49280,47939,LAMINADO 290MM PAPEL TRILAMINADO Papel de 45g/Mepro 17/PE de 35 o 40 micras
49281,42282,LAMINADO 110MM PAPEL TRANSFER  AT20 F13600
49281,CPS0019,CONSUMO DE LAMINADO
49282,46192,LAMINADO 330MM PPBB60-P4-G62S
49282,CPS0019,CONSUMO DE LAMINADO
49283,CPS0019,CONSUMO DE LAMINADO
49283,46192,LAMINADO 330MM PPBB60-P4-G62S
49286,44892,LAMINADO 200MM PPBB60-P4-G62S
49286,CPS0019,CONSUMO DE LAMINADO
49287,CPS0019,CONSUMO DE LAMINADO
49287,44892,LAMINADO 200MM PPBB60-P4-G62S
49288,44892,LAMINADO 200MM PPBB60-P4-G62S
49288,CPS0019,CONSUMO DE LAMINADO
49289,43695,LAMINADO 333MM PP TRANSP. PPT50P-P1-G62S ARC
49289,CPS0019,CONSUMO DE LAMINADO
49290,CPS0019,CONSUMO DE LAMINADO
49290,46148,LAMINADO 330MM PPBB60-P1-G62S
49291,CPS0019,CONSUMO DE LAMINADO
49291,43695,LAMINADO 333MM PP TRANSP. PPT50P-P1-G62S ARC
49293,44928,LAMINADO 300MM PAPEL SEMIBRILLO L80-PH-G62S Exacto ARP
49293,CPS0019,CONSUMO DE LAMINADO
49295,CPS0019,CONSUMO DE LAMINADO
49295,44927,LAMINADO 330MM PAPEL SEMIBRILLO L80-PH-G62S ( EXACTO) ARP
49296,44928,LAMINADO 300MM PAPEL SEMIBRILLO L80-PH-G62S Exacto ARP
49296,CPS0019,CONSUMO DE LAMINADO
49297,44928,LAMINADO 300MM PAPEL SEMIBRILLO L80-PH-G62S Exacto ARP
49297,CPS0019,CONSUMO DE LAMINADO
49299,CPS0019,CONSUMO DE LAMINADO
49299,44927,LAMINADO 330MM PAPEL SEMIBRILLO L80-PH-G62S ( EXACTO) ARP
49300,44927,LAMINADO 330MM PAPEL SEMIBRILLO L80-PH-G62S ( EXACTO) ARP
49300,CPS0019,CONSUMO DE LAMINADO
49305,CPS0019,CONSUMO DE LAMINADO
49305,51344,LAMINADO 260MM PAPEL SEMIBRILLO 80 GR AP 904 ( 6770) RI
49306,CPS0019,CONSUMO DE LAMINADO
49306,45650,LAMINADO 260MM PAPEL SEMIBRILLO F0204B /AT20/40#SCK AD
49309,42674,LAMINADO 120MM PAPEL SINTETICO 80micras
49309,CPS0019,CONSUMO DE LAMINADO
49316,43573,LAMINADO 200MM PPBB60-P1-G62S
49316,CPS0019,CONSUMO DE LAMINADO
49316,44544,LAMINADO 200MM PPDL54P4 OPTIMA MATE AF1000 G60 ARC
49317,CPS0019,CONSUMO DE LAMINADO
49317,47363,LAMINADO 200MM PPDL54P1 OPTIMA MATE G60
49317,44892,LAMINADO 200MM PPBB60-P4-G62S
49318,CPS0019,CONSUMO DE LAMINADO
49318,47363,LAMINADO 200MM PPDL54P1 OPTIMA MATE G60
49318,43573,LAMINADO 200MM PPBB60-P1-G62S
49319,CPS0019,CONSUMO DE LAMINADO
49319,47363,LAMINADO 200MM PPDL54P1 OPTIMA MATE G60
49320,CPS0019,CONSUMO DE LAMINADO
49320,44928,LAMINADO 300MM PAPEL SEMIBRILLO L80-PH-G62S Exacto ARP
49321,CPS0019,CONSUMO DE LAMINADO
49321,46649,LAMINADO CINTA P/LAMINAR  PP TRANSP. 310MM OLPP24-M-1500
49321,46722,LAMINADO 320MM PPDL54BH OPTIMA MATE AF1000 G60
49323,44533,LAMINADO 320MM PPDL54P4 OPTIMA MATE AF1000 G60 ARC
49323,CPS0019,CONSUMO DE LAMINADO
49324,42817,LAMINADO 300MM BOPP BCO. BRILLANTE 60 TC (08065)
49324,CPS0019,CONSUMO DE LAMINADO
49325,42817,LAMINADO 300MM BOPP BCO. BRILLANTE 60 TC (08065)
49325,CPS0019,CONSUMO DE LAMINADO
49326,42817,LAMINADO 300MM BOPP BCO. BRILLANTE 60 TC (08065)
49326,CPS0019,CONSUMO DE LAMINADO
49327,42817,LAMINADO 300MM BOPP BCO. BRILLANTE 60 TC (08065)
49327,CPS0019,CONSUMO DE LAMINADO
49333,43695,LAMINADO 333MM PP TRANSP. PPT50P-P1-G62S ARC
49333,CPS0019,CONSUMO DE LAMINADO
49334,44533,LAMINADO 320MM PPDL54P4 OPTIMA MATE AF1000 G60 ARC
49334,CPS0019,CONSUMO DE LAMINADO
49335,44533,LAMINADO 320MM PPDL54P4 OPTIMA MATE AF1000 G60 ARC
49335,CPS0019,CONSUMO DE LAMINADO
49336,44533,LAMINADO 320MM PPDL54P4 OPTIMA MATE AF1000 G60 ARC
49336,CPS0019,CONSUMO DE LAMINADO
49343,44533,LAMINADO 320MM PPDL54P4 OPTIMA MATE AF1000 G60 ARC
49343,CPS0019,CONSUMO DE LAMINADO
49344,43299,LAMINADO 110MM PAPEL TRANSFER TT64/PH
49344,CPS0019,CONSUMO DE LAMINADO
49346,45506,LAMINADO 330MM PP TRANSPARENTE RESPALDO PET T50/P1 PST30
49346,CPS0019,CONSUMO DE LAMINADO
49347,CPS0019,CONSUMO DE LAMINADO
49347,45506,LAMINADO 330MM PP TRANSPARENTE RESPALDO PET T50/P1 PST30
49348,CPS0019,CONSUMO DE LAMINADO
49348,45585,LAMINADO 330MM BOPP  METALIZADO PLATA BRILLANTE RI 717/50
49349,CPS0019,CONSUMO DE LAMINADO
49349,48646,LAMINADO FILM PETG 290 MM 45 MIC
49350,CPS0019,CONSUMO DE LAMINADO
49350,48646,LAMINADO FILM PETG 290 MM 45 MIC
49351,CPS0019,CONSUMO DE LAMINADO
49351,48646,LAMINADO FILM PETG 290 MM 45 MIC
49354,39805,LAMINADO 230MM PAPEL SEMIBRILLO  80 GR 6770 AP904 RI
49354,CPS0019,CONSUMO DE LAMINADO
49355,CPS0019,CONSUMO DE LAMINADO
49355,46148,LAMINADO 330MM PPBB60-P1-G62S
49356,CPS0019,CONSUMO DE LAMINADO
49356,46118,LAMINADO 300MM PPBB60-P1-G62S
49357,CPS0019,CONSUMO DE LAMINADO
49357,710,LAMINADO 167 WINEGLASS (AUTOMATICO) PT220 ECO
49358,39805,LAMINADO 230MM PAPEL SEMIBRILLO  80 GR 6770 AP904 RI
49358,CPS0019,CONSUMO DE LAMINADO
49359,CPS0019,CONSUMO DE LAMINADO
49359,46344,LAMINADO 160MM PPBB60-P1-G62S (Samson)
49365,44533,LAMINADO 320MM PPDL54P4 OPTIMA MATE AF1000 G60 ARC
49365,CPS0019,CONSUMO DE LAMINADO
49366,44533,LAMINADO 320MM PPDL54P4 OPTIMA MATE AF1000 G60 ARC
49366,CPS0019,CONSUMO DE LAMINADO
49367,CPS0019,CONSUMO DE LAMINADO
49367,45506,LAMINADO 330MM PP TRANSPARENTE RESPALDO PET T50/P1 PST30
49368,44927,LAMINADO 330MM PAPEL SEMIBRILLO L80-PH-G62S ( EXACTO) ARP
49368,CPS0019,CONSUMO DE LAMINADO
49368,46187,LAMINADO FOLIA ORO COLDFOIL 320MM DGCF-613-OP
49369,44927,LAMINADO 330MM PAPEL SEMIBRILLO L80-PH-G62S ( EXACTO) ARP
49369,CPS0019,CONSUMO DE LAMINADO
49369,46187,LAMINADO FOLIA ORO COLDFOIL 320MM DGCF-613-OP
49370,CPS0019,CONSUMO DE LAMINADO
49370,46148,LAMINADO 330MM PPBB60-P1-G62S
49371,CPS0019,CONSUMO DE LAMINADO
49371,46148,LAMINADO 330MM PPBB60-P1-G62S
49372,46148,LAMINADO 330MM PPBB60-P1-G62S
49372,CPS0019,CONSUMO DE LAMINADO
49373,46148,LAMINADO 330MM PPBB60-P1-G62S
49373,CPS0019,CONSUMO DE LAMINADO
49375,46148,LAMINADO 330MM PPBB60-P1-G62S
49375,CPS0019,CONSUMO DE LAMINADO
49376,CPS0019,CONSUMO DE LAMINADO
49376,46148,LAMINADO 330MM PPBB60-P1-G62S
49377,46148,LAMINADO 330MM PPBB60-P1-G62S
49377,CPS0019,CONSUMO DE LAMINADO
49378,CPS0019,CONSUMO DE LAMINADO
49378,59937,LAMINADO 330MM PAPEL TERMICO T70-PH-ECO-G60 ARP
49380,44896,LAMINADO 300MM PP BLANCO PPBB60-P4-G62S
49380,CPS0019,CONSUMO DE LAMINADO
49381,44896,LAMINADO 300MM PP BLANCO PPBB60-P4-G62S
49381,CPS0019,CONSUMO DE LAMINADO
49384,CPS0019,CONSUMO DE LAMINADO
49384,51557,LAMINADO FILM PETG 280 MM 45 MIC
49385,CPS0019,CONSUMO DE LAMINADO
49385,48641,LAMINADO FILM PVC 330 MM 40 MIC
49386,CPS0019,CONSUMO DE LAMINADO
49386,48643,LAMINADO FILM PVC 290 MM 50 MIC
49388,43197,LAMINADO 200MM PAPEL SEMIBRILLO 80/P ARC
49388,CPS0019,CONSUMO DE LAMINADO
49398,43178,LAMINADO 330MM PAPEL SEMIBRILLO L80-P3H  EXACTO
49398,CPS0019,CONSUMO DE LAMINADO
49398,46168,LAMINADO FOLIA ORO COLDFOIL 330MM DGCF-613-OP
49416,CPS0019,CONSUMO DE LAMINADO
49416,48442,LAMINADO 100MM PAPEL TRANSFER TT64/PH
49423,46148,LAMINADO 330MM PPBB60-P1-G62S
49423,CPS0019,CONSUMO DE LAMINADO
49424,46148,LAMINADO 330MM PPBB60-P1-G62S
49424,CPS0019,CONSUMO DE LAMINADO
49425,46148,LAMINADO 330MM PPBB60-P1-G62S
49425,CPS0019,CONSUMO DE LAMINADO
49426,46148,LAMINADO 330MM PPBB60-P1-G62S
49426,CPS0019,CONSUMO DE LAMINADO
49430,44927,LAMINADO 330MM PAPEL SEMIBRILLO L80-PH-G62S ( EXACTO) ARP
49430,CPS0019,CONSUMO DE LAMINADO
49431,CPS0019,CONSUMO DE LAMINADO
49431,58892,LAMINADO 330MM PPBB57-P4-G58 ARC
49433,46148,LAMINADO 330MM PPBB60-P1-G62S
49433,CPS0019,CONSUMO DE LAMINADO
49439,44533,LAMINADO 320MM PPDL54P4 OPTIMA MATE AF1000 G60 ARC
49439,CPS0019,CONSUMO DE LAMINADO
49440,CPS0019,CONSUMO DE LAMINADO
49440,46036,LAMINADO 110MM PAPEL SEMIBRILLO L80-PH-G62S (EXACTO) ARP
49441,46036,LAMINADO 110MM PAPEL SEMIBRILLO L80-PH-G62S (EXACTO) ARP
49441,CPS0019,CONSUMO DE LAMINADO
49442,CPS0019,CONSUMO DE LAMINADO
49442,46192,LAMINADO 330MM PPBB60-P4-G62S
49444,40500,LAMINADO 160MM BOPP  BLACO. 60 UTC RI 707/BL 8065 EXACTO
49444,CPS0019,CONSUMO DE LAMINADO
49445,40500,LAMINADO 160MM BOPP  BLACO. 60 UTC RI 707/BL 8065 EXACTO
49445,CPS0019,CONSUMO DE LAMINADO
49446,40500,LAMINADO 160MM BOPP  BLACO. 60 UTC RI 707/BL 8065 EXACTO
49446,CPS0019,CONSUMO DE LAMINADO
49447,40500,LAMINADO 160MM BOPP  BLACO. 60 UTC RI 707/BL 8065 EXACTO
49447,CPS0019,CONSUMO DE LAMINADO
49448,40500,LAMINADO 160MM BOPP  BLACO. 60 UTC RI 707/BL 8065 EXACTO
49448,CPS0019,CONSUMO DE LAMINADO
49449,40500,LAMINADO 160MM BOPP  BLACO. 60 UTC RI 707/BL 8065 EXACTO
49449,43452,LAMINADO 160MM PP BCO BTE P4 38M G58 ARC
49449,CPS0019,CONSUMO DE LAMINADO
49450,CPS0019,CONSUMO DE LAMINADO
49450,49530,LAMINADO PP HOLOGRAFICO 320MM
49451,CPS0019,CONSUMO DE LAMINADO
49451,49530,LAMINADO PP HOLOGRAFICO 320MM
49452,CPS0019,CONSUMO DE LAMINADO
49452,49530,LAMINADO PP HOLOGRAFICO 320MM
49453,CPS0019,CONSUMO DE LAMINADO
49453,49530,LAMINADO PP HOLOGRAFICO 320MM
49454,CPS0019,CONSUMO DE LAMINADO
49454,49530,LAMINADO PP HOLOGRAFICO 320MM
49455,CPS0019,CONSUMO DE LAMINADO
49455,49530,LAMINADO PP HOLOGRAFICO 320MM
49456,CPS0019,CONSUMO DE LAMINADO
49456,49530,LAMINADO PP HOLOGRAFICO 320MM
49457,CPS0019,CONSUMO DE LAMINADO
49457,49530,LAMINADO PP HOLOGRAFICO 320MM
49458,CPS0019,CONSUMO DE LAMINADO
49458,49530,LAMINADO PP HOLOGRAFICO 320MM
49459,CPS0019,CONSUMO DE LAMINADO
49459,49530,LAMINADO PP HOLOGRAFICO 320MM
49462,43477,LAMINADO 110MM PP TRANSPARENTE 50/P1-G62S ARC
49462,CPS0019,CONSUMO DE LAMINADO
49464,CPS0019,CONSUMO DE LAMINADO
49464,46722,LAMINADO 320MM PPDL54BH OPTIMA MATE AF1000 G60
49465,CPS0019,CONSUMO DE LAMINADO
49465,46722,LAMINADO 320MM PPDL54BH OPTIMA MATE AF1000 G60
49466,CPS0019,CONSUMO DE LAMINADO
49466,46722,LAMINADO 320MM PPDL54BH OPTIMA MATE AF1000 G60
49467,CPS0019,CONSUMO DE LAMINADO
49467,48646,LAMINADO FILM PETG 290 MM 45 MIC
49468,46888,LAMINADO 160MM GREEN PAPER 120µ HP 2300/GL62 INNO
49468,CPS0019,CONSUMO DE LAMINADO
49473,45051,LAMINADO 330MM PAPEL TRANSFER TT64/PH
49473,CPS0019,CONSUMO DE LAMINADO
49474,CPS0019,CONSUMO DE LAMINADO
49474,49200,LAMINADO 160MM GREEN PAPER 100µ AE500 GL62 INNO
49476,CPS0019,CONSUMO DE LAMINADO
49476,48308,LAMINADO 330MM TERMAL  TOP HS AP903 YG60
49479,CPS0019,CONSUMO DE LAMINADO
49479,49493,LAMINADO 220MM PAPEL SEMIBRILLO RAPIDJET 7978 AP904 RI
49480,CPS0019,CONSUMO DE LAMINADO
49480,49493,LAMINADO 220MM PAPEL SEMIBRILLO RAPIDJET 7978 AP904 RI
49481,CPS0019,CONSUMO DE LAMINADO
49481,49493,LAMINADO 220MM PAPEL SEMIBRILLO RAPIDJET 7978 AP904 RI
49490,CPS0019,CONSUMO DE LAMINADO
49490,48442,LAMINADO 100MM PAPEL TRANSFER TT64/PH
49496,42282,LAMINADO 110MM PAPEL TRANSFER  AT20 F13600
49496,CPS0019,CONSUMO DE LAMINADO
49497,CPS0019,CONSUMO DE LAMINADO
49497,50754,LAMINADO 320MM PPDL54P4 OPTIMA MATE 2 G60 (F9CG3 ) MIC
49498,CPS0019,CONSUMO DE LAMINADO
49498,46722,LAMINADO 320MM PPDL54BH OPTIMA MATE AF1000 G60
49499,CPS0019,CONSUMO DE LAMINADO
49499,46722,LAMINADO 320MM PPDL54BH OPTIMA MATE AF1000 G60
49500,CPS0019,CONSUMO DE LAMINADO
49500,46722,LAMINADO 320MM PPDL54BH OPTIMA MATE AF1000 G60
49501,CPS0019,CONSUMO DE LAMINADO
49501,46722,LAMINADO 320MM PPDL54BH OPTIMA MATE AF1000 G60
49502,CPS0019,CONSUMO DE LAMINADO
49502,46722,LAMINADO 320MM PPDL54BH OPTIMA MATE AF1000 G60
49503,CPS0019,CONSUMO DE LAMINADO
49503,44927,LAMINADO 330MM PAPEL SEMIBRILLO L80-PH-G62S ( EXACTO) ARP
49503,46168,LAMINADO FOLIA ORO COLDFOIL 330MM DGCF-613-OP
49504,CPS0019,CONSUMO DE LAMINADO
49504,44928,LAMINADO 300MM PAPEL SEMIBRILLO L80-PH-G62S Exacto ARP
49505,44927,LAMINADO 330MM PAPEL SEMIBRILLO L80-PH-G62S ( EXACTO) ARP
49505,CPS0019,CONSUMO DE LAMINADO
49506,44927,LAMINADO 330MM PAPEL SEMIBRILLO L80-PH-G62S ( EXACTO) ARP
49506,CPS0019,CONSUMO DE LAMINADO
49508,CPS0019,CONSUMO DE LAMINADO
49508,44927,LAMINADO 330MM PAPEL SEMIBRILLO L80-PH-G62S ( EXACTO) ARP
49509,44927,LAMINADO 330MM PAPEL SEMIBRILLO L80-PH-G62S ( EXACTO) ARP
49509,CPS0019,CONSUMO DE LAMINADO
49510,44927,LAMINADO 330MM PAPEL SEMIBRILLO L80-PH-G62S ( EXACTO) ARP
49510,CPS0019,CONSUMO DE LAMINADO
49511,44927,LAMINADO 330MM PAPEL SEMIBRILLO L80-PH-G62S ( EXACTO) ARP
49511,CPS0019,CONSUMO DE LAMINADO
49512,44927,LAMINADO 330MM PAPEL SEMIBRILLO L80-PH-G62S ( EXACTO) ARP
49512,CPS0019,CONSUMO DE LAMINADO
49513,44927,LAMINADO 330MM PAPEL SEMIBRILLO L80-PH-G62S ( EXACTO) ARP
49513,CPS0019,CONSUMO DE LAMINADO
49514,44927,LAMINADO 330MM PAPEL SEMIBRILLO L80-PH-G62S ( EXACTO) ARP
49514,CPS0019,CONSUMO DE LAMINADO
49515,44927,LAMINADO 330MM PAPEL SEMIBRILLO L80-PH-G62S ( EXACTO) ARP
49515,CPS0019,CONSUMO DE LAMINADO
49516,44927,LAMINADO 330MM PAPEL SEMIBRILLO L80-PH-G62S ( EXACTO) ARP
49516,CPS0019,CONSUMO DE LAMINADO
49517,44927,LAMINADO 330MM PAPEL SEMIBRILLO L80-PH-G62S ( EXACTO) ARP
49517,CPS0019,CONSUMO DE LAMINADO
49518,44927,LAMINADO 330MM PAPEL SEMIBRILLO L80-PH-G62S ( EXACTO) ARP
49518,CPS0019,CONSUMO DE LAMINADO
49519,44927,LAMINADO 330MM PAPEL SEMIBRILLO L80-PH-G62S ( EXACTO) ARP
49519,CPS0019,CONSUMO DE LAMINADO
49520,CPS0019,CONSUMO DE LAMINADO
49520,44927,LAMINADO 330MM PAPEL SEMIBRILLO L80-PH-G62S ( EXACTO) ARP
49521,44927,LAMINADO 330MM PAPEL SEMIBRILLO L80-PH-G62S ( EXACTO) ARP
49521,CPS0019,CONSUMO DE LAMINADO
49522,CPS0019,CONSUMO DE LAMINADO
49522,44927,LAMINADO 330MM PAPEL SEMIBRILLO L80-PH-G62S ( EXACTO) ARP
49526,50359,LAMINADO FILM PETG 240 MM 45 MIC
49526,CPS0019,CONSUMO DE LAMINADO
49528,CPS0019,CONSUMO DE LAMINADO
49528,50359,LAMINADO FILM PETG 240 MM 45 MIC
49529,CPS0019,CONSUMO DE LAMINADO
49529,50359,LAMINADO FILM PETG 240 MM 45 MIC
49530,CPS0019,CONSUMO DE LAMINADO
49530,49487,LAMINADO FOLIA HOLOGRAFICA HOT STAMPING 320MM
49530,46148,LAMINADO 330MM PPBB60-P1-G62S
49532,CPS0019,CONSUMO DE LAMINADO
49532,50359,LAMINADO FILM PETG 240 MM 45 MIC
49533,CPS0019,CONSUMO DE LAMINADO
49533,50359,LAMINADO FILM PETG 240 MM 45 MIC
49539,38688,LAMINADO 100MM PAPEL SINTETICO 250 micras MIC
49539,CPS0019,CONSUMO DE LAMINADO
49540,42252,LAMINADO CINTA P/LAM  PP TRANSP. 300MM BRILLANTE 24M
49540,CPS0019,CONSUMO DE LAMINADO
49540,46452,LAMINADO 300MM PAPEL SEMIBRILLO 6770 80 GR AP 904 RI
49541,42252,LAMINADO CINTA P/LAM  PP TRANSP. 300MM BRILLANTE 24M
49541,CPS0019,CONSUMO DE LAMINADO
49541,46452,LAMINADO 300MM PAPEL SEMIBRILLO 6770 80 GR AP 904 RI
49542,40500,LAMINADO 160MM BOPP  BLACO. 60 UTC RI 707/BL 8065 EXACTO
49542,CPS0019,CONSUMO DE LAMINADO
49543,CPS0019,CONSUMO DE LAMINADO
49543,47383,LAMINADO FILM PVC 215 MM SOPLADO 40 MIC
49545,CPS0019,CONSUMO DE LAMINADO
49545,45654,LAMINADO FILM 230 MM PETG 40 MIC
49548,CPS0019,CONSUMO DE LAMINADO
49548,46452,LAMINADO 300MM PAPEL SEMIBRILLO 6770 80 GR AP 904 RI
49549,CPS0019,CONSUMO DE LAMINADO
49549,46452,LAMINADO 300MM PAPEL SEMIBRILLO 6770 80 GR AP 904 RI
49551,CPS0019,CONSUMO DE LAMINADO
49551,47383,LAMINADO FILM PVC 215 MM SOPLADO 40 MIC
49555,44928,LAMINADO 300MM PAPEL SEMIBRILLO L80-PH-G62S Exacto ARP
49555,CPS0019,CONSUMO DE LAMINADO
49557,CPS0019,CONSUMO DE LAMINADO
49557,49536,LAMINADO FILM PETG TERMOCONTRAIBLE 40 MIC 340 MM
49558,CPS0019,CONSUMO DE LAMINADO
49558,48514,LAMINADO FILM PETG TERMOCONTRAIBLE 40 MIC 228 MM
49559,CPS0019,CONSUMO DE LAMINADO
49559,710,LAMINADO 167 WINEGLASS (AUTOMATICO) PT220 ECO
49561,CPS0019,CONSUMO DE LAMINADO
49561,57755,LAMINADO 160MM PP BCO BTE PPBB60-P ARP (SAMSON/ARP)
49565,44927,LAMINADO 330MM PAPEL SEMIBRILLO L80-PH-G62S ( EXACTO) ARP
49565,CPS0019,CONSUMO DE LAMINADO
49566,44927,LAMINADO 330MM PAPEL SEMIBRILLO L80-PH-G62S ( EXACTO) ARP
49566,CPS0019,CONSUMO DE LAMINADO
49567,44927,LAMINADO 330MM PAPEL SEMIBRILLO L80-PH-G62S ( EXACTO) ARP
49567,CPS0019,CONSUMO DE LAMINADO
49568,44927,LAMINADO 330MM PAPEL SEMIBRILLO L80-PH-G62S ( EXACTO) ARP
49568,CPS0019,CONSUMO DE LAMINADO
49569,42252,LAMINADO CINTA P/LAM  PP TRANSP. 300MM BRILLANTE 24M
49569,44533,LAMINADO 320MM PPDL54P4 OPTIMA MATE AF1000 G60 ARC
49569,CPS0019,CONSUMO DE LAMINADO
49570,42252,LAMINADO CINTA P/LAM  PP TRANSP. 300MM BRILLANTE 24M
49570,44533,LAMINADO 320MM PPDL54P4 OPTIMA MATE AF1000 G60 ARC
49570,CPS0019,CONSUMO DE LAMINADO
49571,42252,LAMINADO CINTA P/LAM  PP TRANSP. 300MM BRILLANTE 24M
49571,44533,LAMINADO 320MM PPDL54P4 OPTIMA MATE AF1000 G60 ARC
49571,CPS0019,CONSUMO DE LAMINADO
49572,42252,LAMINADO CINTA P/LAM  PP TRANSP. 300MM BRILLANTE 24M
49572,CPS0019,CONSUMO DE LAMINADO
49572,44533,LAMINADO 320MM PPDL54P4 OPTIMA MATE AF1000 G60 ARC
49574,44927,LAMINADO 330MM PAPEL SEMIBRILLO L80-PH-G62S ( EXACTO) ARP
49574,CPS0019,CONSUMO DE LAMINADO
49575,44928,LAMINADO 300MM PAPEL SEMIBRILLO L80-PH-G62S Exacto ARP
49575,CPS0019,CONSUMO DE LAMINADO
49576,45585,LAMINADO 330MM BOPP  METALIZADO PLATA BRILLANTE RI 717/50
49576,CPS0019,CONSUMO DE LAMINADO
49577,45585,LAMINADO 330MM BOPP  METALIZADO PLATA BRILLANTE RI 717/50
49577,CPS0019,CONSUMO DE LAMINADO
49585,CPS0019,CONSUMO DE LAMINADO
49585,46452,LAMINADO 300MM PAPEL SEMIBRILLO 6770 80 GR AP 904 RI
49586,46452,LAMINADO 300MM PAPEL SEMIBRILLO 6770 80 GR AP 904 RI
49586,CPS0019,CONSUMO DE LAMINADO
49587,43196,LAMINADO 160MM PAPEL SEMIBRILLO 80/P4 ARC
49587,CPS0019,CONSUMO DE LAMINADO
49588,CPS0019,CONSUMO DE LAMINADO
49588,44626,LAMINADO 110MM PPDL54P4 OPTIMA MATE AF1000 G60 ARC
49592,44927,LAMINADO 330MM PAPEL SEMIBRILLO L80-PH-G62S ( EXACTO) ARP
49592,CPS0019,CONSUMO DE LAMINADO
49592,46168,LAMINADO FOLIA ORO COLDFOIL 330MM DGCF-613-OP
49594,40500,LAMINADO 160MM BOPP  BLACO. 60 UTC RI 707/BL 8065 EXACTO
49594,43452,LAMINADO 160MM PP BCO BTE P4 38M G58 ARC
49594,CPS0019,CONSUMO DE LAMINADO
49595,44533,LAMINADO 320MM PPDL54P4 OPTIMA MATE AF1000 G60 ARC
49595,CPS0019,CONSUMO DE LAMINADO
49596,CPS0019,CONSUMO DE LAMINADO
49596,44533,LAMINADO 320MM PPDL54P4 OPTIMA MATE AF1000 G60 ARC
49597,44533,LAMINADO 320MM PPDL54P4 OPTIMA MATE AF1000 G60 ARC
49597,CPS0019,CONSUMO DE LAMINADO
49600,44927,LAMINADO 330MM PAPEL SEMIBRILLO L80-PH-G62S ( EXACTO) ARP
49600,CPS0019,CONSUMO DE LAMINADO
49601,CPS0019,CONSUMO DE LAMINADO
49601,44928,LAMINADO 300MM PAPEL SEMIBRILLO L80-PH-G62S Exacto ARP
49602,44927,LAMINADO 330MM PAPEL SEMIBRILLO L80-PH-G62S ( EXACTO) ARP
49602,CPS0019,CONSUMO DE LAMINADO
49603,44927,LAMINADO 330MM PAPEL SEMIBRILLO L80-PH-G62S ( EXACTO) ARP
49603,CPS0019,CONSUMO DE LAMINADO
49604,44927,LAMINADO 330MM PAPEL SEMIBRILLO L80-PH-G62S ( EXACTO) ARP
49604,CPS0019,CONSUMO DE LAMINADO
49606,46888,LAMINADO 160MM GREEN PAPER 120µ HP 2300/GL62 INNO
49606,CPS0019,CONSUMO DE LAMINADO
49607,CPS0019,CONSUMO DE LAMINADO
49607,46888,LAMINADO 160MM GREEN PAPER 120µ HP 2300/GL62 INNO
49608,CPS0019,CONSUMO DE LAMINADO
49608,44927,LAMINADO 330MM PAPEL SEMIBRILLO L80-PH-G62S ( EXACTO) ARP
49609,44927,LAMINADO 330MM PAPEL SEMIBRILLO L80-PH-G62S ( EXACTO) ARP
49609,CPS0019,CONSUMO DE LAMINADO
49611,44927,LAMINADO 330MM PAPEL SEMIBRILLO L80-PH-G62S ( EXACTO) ARP
49611,CPS0019,CONSUMO DE LAMINADO
49611,46168,LAMINADO FOLIA ORO COLDFOIL 330MM DGCF-613-OP
49612,43695,LAMINADO 333MM PP TRANSP. PPT50P-P1-G62S ARC
49612,CPS0019,CONSUMO DE LAMINADO
49612,49673,LAMINADO FOLIA PLATA COLDFOIL 320MM
49613,43695,LAMINADO 333MM PP TRANSP. PPT50P-P1-G62S ARC
49613,CPS0019,CONSUMO DE LAMINADO
49613,49673,LAMINADO FOLIA PLATA COLDFOIL 320MM
49614,44928,LAMINADO 300MM PAPEL SEMIBRILLO L80-PH-G62S Exacto ARP
49614,CPS0019,CONSUMO DE LAMINADO
49618,CPS0019,CONSUMO DE LAMINADO
49618,44927,LAMINADO 330MM PAPEL SEMIBRILLO L80-PH-G62S ( EXACTO) ARP
49619,44928,LAMINADO 300MM PAPEL SEMIBRILLO L80-PH-G62S Exacto ARP
49619,CPS0019,CONSUMO DE LAMINADO
49620,44928,LAMINADO 300MM PAPEL SEMIBRILLO L80-PH-G62S Exacto ARP
49620,CPS0019,CONSUMO DE LAMINADO
49621,43310,LAMINADO 250 MM PAPEL SEMIBRILLO 80/P ARC
49621,CPS0019,CONSUMO DE LAMINADO
49622,43310,LAMINADO 250 MM PAPEL SEMIBRILLO 80/P ARC
49622,CPS0019,CONSUMO DE LAMINADO
49623,43310,LAMINADO 250 MM PAPEL SEMIBRILLO 80/P ARC
49623,CPS0019,CONSUMO DE LAMINADO
49624,43310,LAMINADO 250 MM PAPEL SEMIBRILLO 80/P ARC
49624,CPS0019,CONSUMO DE LAMINADO
49625,43310,LAMINADO 250 MM PAPEL SEMIBRILLO 80/P ARC
49625,CPS0019,CONSUMO DE LAMINADO
49626,43310,LAMINADO 250 MM PAPEL SEMIBRILLO 80/P ARC
49626,CPS0019,CONSUMO DE LAMINADO
49627,43310,LAMINADO 250 MM PAPEL SEMIBRILLO 80/P ARC
49627,CPS0019,CONSUMO DE LAMINADO
49628,43310,LAMINADO 250 MM PAPEL SEMIBRILLO 80/P ARC
49628,CPS0019,CONSUMO DE LAMINADO
49629,43310,LAMINADO 250 MM PAPEL SEMIBRILLO 80/P ARC
49629,CPS0019,CONSUMO DE LAMINADO
49630,43310,LAMINADO 250 MM PAPEL SEMIBRILLO 80/P ARC
49630,CPS0019,CONSUMO DE LAMINADO
49631,43310,LAMINADO 250 MM PAPEL SEMIBRILLO 80/P ARC
49631,CPS0019,CONSUMO DE LAMINADO
49632,43310,LAMINADO 250 MM PAPEL SEMIBRILLO 80/P ARC
49632,CPS0019,CONSUMO DE LAMINADO
49633,43310,LAMINADO 250 MM PAPEL SEMIBRILLO 80/P ARC
49633,CPS0019,CONSUMO DE LAMINADO
49634,43310,LAMINADO 250 MM PAPEL SEMIBRILLO 80/P ARC
49634,CPS0019,CONSUMO DE LAMINADO
49635,43310,LAMINADO 250 MM PAPEL SEMIBRILLO 80/P ARC
49635,CPS0019,CONSUMO DE LAMINADO
49636,43310,LAMINADO 250 MM PAPEL SEMIBRILLO 80/P ARC
49636,CPS0019,CONSUMO DE LAMINADO
49637,CPS0019,CONSUMO DE LAMINADO
49637,43310,LAMINADO 250 MM PAPEL SEMIBRILLO 80/P ARC
49638,43310,LAMINADO 250 MM PAPEL SEMIBRILLO 80/P ARC
49638,CPS0019,CONSUMO DE LAMINADO
49639,43310,LAMINADO 250 MM PAPEL SEMIBRILLO 80/P ARC
49639,CPS0019,CONSUMO DE LAMINADO
49640,43310,LAMINADO 250 MM PAPEL SEMIBRILLO 80/P ARC
49640,CPS0019,CONSUMO DE LAMINADO
49641,43310,LAMINADO 250 MM PAPEL SEMIBRILLO 80/P ARC
49641,CPS0019,CONSUMO DE LAMINADO
49642,43310,LAMINADO 250 MM PAPEL SEMIBRILLO 80/P ARC
49642,CPS0019,CONSUMO DE LAMINADO
49643,43310,LAMINADO 250 MM PAPEL SEMIBRILLO 80/P ARC
49643,CPS0019,CONSUMO DE LAMINADO
49644,43310,LAMINADO 250 MM PAPEL SEMIBRILLO 80/P ARC
49644,CPS0019,CONSUMO DE LAMINADO
49645,43310,LAMINADO 250 MM PAPEL SEMIBRILLO 80/P ARC
49645,CPS0019,CONSUMO DE LAMINADO
49646,43310,LAMINADO 250 MM PAPEL SEMIBRILLO 80/P ARC
49646,CPS0019,CONSUMO DE LAMINADO
49647,43310,LAMINADO 250 MM PAPEL SEMIBRILLO 80/P ARC
49647,CPS0019,CONSUMO DE LAMINADO
49648,43310,LAMINADO 250 MM PAPEL SEMIBRILLO 80/P ARC
49648,CPS0019,CONSUMO DE LAMINADO
49649,43310,LAMINADO 250 MM PAPEL SEMIBRILLO 80/P ARC
49649,CPS0019,CONSUMO DE LAMINADO
49650,43310,LAMINADO 250 MM PAPEL SEMIBRILLO 80/P ARC
49650,CPS0019,CONSUMO DE LAMINADO
49651,43310,LAMINADO 250 MM PAPEL SEMIBRILLO 80/P ARC
49651,CPS0019,CONSUMO DE LAMINADO
49652,CPS0019,CONSUMO DE LAMINADO
49652,46722,LAMINADO 320MM PPDL54BH OPTIMA MATE AF1000 G60
49653,CPS0019,CONSUMO DE LAMINADO
49653,46722,LAMINADO 320MM PPDL54BH OPTIMA MATE AF1000 G60
49654,CPS0019,CONSUMO DE LAMINADO
49654,46722,LAMINADO 320MM PPDL54BH OPTIMA MATE AF1000 G60
49655,CPS0019,CONSUMO DE LAMINADO
49655,46722,LAMINADO 320MM PPDL54BH OPTIMA MATE AF1000 G60
49656,46722,LAMINADO 320MM PPDL54BH OPTIMA MATE AF1000 G60
49656,CPS0019,CONSUMO DE LAMINADO
49657,CPS0019,CONSUMO DE LAMINADO
49657,46722,LAMINADO 320MM PPDL54BH OPTIMA MATE AF1000 G60
49658,43695,LAMINADO 333MM PP TRANSP. PPT50P-P1-G62S ARC
49658,CPS0019,CONSUMO DE LAMINADO
49659,CPS0019,CONSUMO DE LAMINADO
49659,43695,LAMINADO 333MM PP TRANSP. PPT50P-P1-G62S ARC
49660,43695,LAMINADO 333MM PP TRANSP. PPT50P-P1-G62S ARC
49660,CPS0019,CONSUMO DE LAMINADO
49661,43695,LAMINADO 333MM PP TRANSP. PPT50P-P1-G62S ARC
49661,CPS0019,CONSUMO DE LAMINADO
49662,43695,LAMINADO 333MM PP TRANSP. PPT50P-P1-G62S ARC
49662,CPS0019,CONSUMO DE LAMINADO
49664,43695,LAMINADO 333MM PP TRANSP. PPT50P-P1-G62S ARC
49664,CPS0019,CONSUMO DE LAMINADO
49665,43695,LAMINADO 333MM PP TRANSP. PPT50P-P1-G62S ARC
49665,CPS0019,CONSUMO DE LAMINADO
49666,CPS0019,CONSUMO DE LAMINADO
49666,48647,LAMINADO FILM PETG 330 MM 45 MIC
49667,CPS0019,CONSUMO DE LAMINADO
49667,44927,LAMINADO 330MM PAPEL SEMIBRILLO L80-PH-G62S ( EXACTO) ARP
49669,CPS0019,CONSUMO DE LAMINADO
49669,46148,LAMINADO 330MM PPBB60-P1-G62S
49670,CPS0019,CONSUMO DE LAMINADO
49670,46148,LAMINADO 330MM PPBB60-P1-G62S
49671,45856,LAMINADO 330MM PAPEL SEMIBRILLO 6770 80 GR AP 904 RI
49671,CPS0019,CONSUMO DE LAMINADO
49672,43432,LAMINADO 200MM PAPEL SEMIBRILLO L80-PH-G62S ARP
49672,CPS0019,CONSUMO DE LAMINADO
49676,CPS0019,CONSUMO DE LAMINADO
49676,45506,LAMINADO 330MM PP TRANSPARENTE RESPALDO PET T50/P1 PST30
49682,43432,LAMINADO 200MM PAPEL SEMIBRILLO L80-PH-G62S ARP
49682,CPS0019,CONSUMO DE LAMINADO
49684,43573,LAMINADO 200MM PPBB60-P1-G62S
49684,44544,LAMINADO 200MM PPDL54P4 OPTIMA MATE AF1000 G60 ARC
49684,CPS0019,CONSUMO DE LAMINADO
49685,CPS0019,CONSUMO DE LAMINADO
49685,44892,LAMINADO 200MM PPBB60-P4-G62S
49685,47363,LAMINADO 200MM PPDL54P1 OPTIMA MATE G60
49686,44892,LAMINADO 200MM PPBB60-P4-G62S
49686,CPS0019,CONSUMO DE LAMINADO
49686,47363,LAMINADO 200MM PPDL54P1 OPTIMA MATE G60
49687,43573,LAMINADO 200MM PPBB60-P1-G62S
49687,44544,LAMINADO 200MM PPDL54P4 OPTIMA MATE AF1000 G60 ARC
49687,CPS0019,CONSUMO DE LAMINADO
49688,CPS0019,CONSUMO DE LAMINADO
49688,48647,LAMINADO FILM PETG 330 MM 45 MIC
49696,44927,LAMINADO 330MM PAPEL SEMIBRILLO L80-PH-G62S ( EXACTO) ARP
49696,CPS0019,CONSUMO DE LAMINADO
49697,44927,LAMINADO 330MM PAPEL SEMIBRILLO L80-PH-G62S ( EXACTO) ARP
49697,CPS0019,CONSUMO DE LAMINADO
49699,CPS0019,CONSUMO DE LAMINADO
49699,44927,LAMINADO 330MM PAPEL SEMIBRILLO L80-PH-G62S ( EXACTO) ARP
49700,43178,LAMINADO 330MM PAPEL SEMIBRILLO L80-P3H  EXACTO
49700,CPS0019,CONSUMO DE LAMINADO
49701,43178,LAMINADO 330MM PAPEL SEMIBRILLO L80-P3H  EXACTO
49701,CPS0019,CONSUMO DE LAMINADO
49702,CPS0019,CONSUMO DE LAMINADO
49702,44927,LAMINADO 330MM PAPEL SEMIBRILLO L80-PH-G62S ( EXACTO) ARP
49704,CPS0019,CONSUMO DE LAMINADO
49704,44927,LAMINADO 330MM PAPEL SEMIBRILLO L80-PH-G62S ( EXACTO) ARP
49705,44927,LAMINADO 330MM PAPEL SEMIBRILLO L80-PH-G62S ( EXACTO) ARP
49705,CPS0019,CONSUMO DE LAMINADO
49707,43178,LAMINADO 330MM PAPEL SEMIBRILLO L80-P3H  EXACTO
49707,CPS0019,CONSUMO DE LAMINADO
49708,43178,LAMINADO 330MM PAPEL SEMIBRILLO L80-P3H  EXACTO
49708,CPS0019,CONSUMO DE LAMINADO
49709,CPS0019,CONSUMO DE LAMINADO
49709,44927,LAMINADO 330MM PAPEL SEMIBRILLO L80-PH-G62S ( EXACTO) ARP
49710,44927,LAMINADO 330MM PAPEL SEMIBRILLO L80-PH-G62S ( EXACTO) ARP
49710,CPS0019,CONSUMO DE LAMINADO
49714,CPS0019,CONSUMO DE LAMINADO
49714,45585,LAMINADO 330MM BOPP  METALIZADO PLATA BRILLANTE RI 717/50
49715,45585,LAMINADO 330MM BOPP  METALIZADO PLATA BRILLANTE RI 717/50
49715,CPS0019,CONSUMO DE LAMINADO
49716,45585,LAMINADO 330MM BOPP  METALIZADO PLATA BRILLANTE RI 717/50
49716,CPS0019,CONSUMO DE LAMINADO
49720,42282,LAMINADO 110MM PAPEL TRANSFER  AT20 F13600
49720,CPS0019,CONSUMO DE LAMINADO
49721,45061,LAMINADO 280MM PAPEL SEMIBRILLO 80/P ARC
49721,CPS0019,CONSUMO DE LAMINADO
49722,CPS0019,CONSUMO DE LAMINADO
49722,45061,LAMINADO 280MM PAPEL SEMIBRILLO 80/P ARC
49724,CPS0019,CONSUMO DE LAMINADO
49724,44927,LAMINADO 330MM PAPEL SEMIBRILLO L80-PH-G62S ( EXACTO) ARP
49725,CPS0019,CONSUMO DE LAMINADO
49725,44927,LAMINADO 330MM PAPEL SEMIBRILLO L80-PH-G62S ( EXACTO) ARP
49726,44927,LAMINADO 330MM PAPEL SEMIBRILLO L80-PH-G62S ( EXACTO) ARP
49726,CPS0019,CONSUMO DE LAMINADO
49727,CPS0019,CONSUMO DE LAMINADO
49727,44927,LAMINADO 330MM PAPEL SEMIBRILLO L80-PH-G62S ( EXACTO) ARP
49728,CPS0019,CONSUMO DE LAMINADO
49728,46192,LAMINADO 330MM PPBB60-P4-G62S
49729,CPS0019,CONSUMO DE LAMINADO
49729,46192,LAMINADO 330MM PPBB60-P4-G62S
49730,709,LAMINADO 110MM PAPEL SEMIBRILLO 6770 80G AP 904 RI
49730,CPS0019,CONSUMO DE LAMINADO
49732,CPS0019,CONSUMO DE LAMINADO
49732,46452,LAMINADO 300MM PAPEL SEMIBRILLO 6770 80 GR AP 904 RI
49734,CPS0019,CONSUMO DE LAMINADO
49734,709,LAMINADO 110MM PAPEL SEMIBRILLO 6770 80G AP 904 RI
49735,44927,LAMINADO 330MM PAPEL SEMIBRILLO L80-PH-G62S ( EXACTO) ARP
49735,CPS0019,CONSUMO DE LAMINADO
49736,CPS0019,CONSUMO DE LAMINADO
49736,49711,LAMINADO 210MM PAPEL SEMIBRILLO L80-PH-G62S ( EXACTO) ARC
49737,CPS0019,CONSUMO DE LAMINADO
49737,49711,LAMINADO 210MM PAPEL SEMIBRILLO L80-PH-G62S ( EXACTO) ARC
49738,CPS0019,CONSUMO DE LAMINADO
49738,49711,LAMINADO 210MM PAPEL SEMIBRILLO L80-PH-G62S ( EXACTO) ARC
49739,44927,LAMINADO 330MM PAPEL SEMIBRILLO L80-PH-G62S ( EXACTO) ARP
49739,CPS0019,CONSUMO DE LAMINADO
49740,CPS0019,CONSUMO DE LAMINADO
49740,44927,LAMINADO 330MM PAPEL SEMIBRILLO L80-PH-G62S ( EXACTO) ARP
49742,CPS0019,CONSUMO DE LAMINADO
49742,44927,LAMINADO 330MM PAPEL SEMIBRILLO L80-PH-G62S ( EXACTO) ARP
49743,CPS0019,CONSUMO DE LAMINADO
49743,48938,LAMINADO 320MM PAPEL KRAFT NATURAL LOOK 70 GRMS AE-500 INNO
49746,CPS0019,CONSUMO DE LAMINADO
49746,46192,LAMINADO 330MM PPBB60-P4-G62S
49749,CPS0019,CONSUMO DE LAMINADO
49749,46192,LAMINADO 330MM PPBB60-P4-G62S
49751,44896,LAMINADO 300MM PP BLANCO PPBB60-P4-G62S
49751,CPS0019,CONSUMO DE LAMINADO
49753,44896,LAMINADO 300MM PP BLANCO PPBB60-P4-G62S
49753,CPS0019,CONSUMO DE LAMINADO
49756,43695,LAMINADO 333MM PP TRANSP. PPT50P-P1-G62S ARC
49756,CPS0019,CONSUMO DE LAMINADO
49756,49673,LAMINADO FOLIA PLATA COLDFOIL 320MM
49757,44927,LAMINADO 330MM PAPEL SEMIBRILLO L80-PH-G62S ( EXACTO) ARP
49757,CPS0019,CONSUMO DE LAMINADO
49758,44927,LAMINADO 330MM PAPEL SEMIBRILLO L80-PH-G62S ( EXACTO) ARP
49758,CPS0019,CONSUMO DE LAMINADO
49759,CPS0019,CONSUMO DE LAMINADO
49759,48951,LAMINADO 125MM PAPEL SEMIBRILLO 6770 80 GR AP 904 RI
49760,CPS0019,CONSUMO DE LAMINADO
49760,48951,LAMINADO 125MM PAPEL SEMIBRILLO 6770 80 GR AP 904 RI
49761,44927,LAMINADO 330MM PAPEL SEMIBRILLO L80-PH-G62S ( EXACTO) ARP
49761,CPS0019,CONSUMO DE LAMINADO
49762,CPS0019,CONSUMO DE LAMINADO
49762,44927,LAMINADO 330MM PAPEL SEMIBRILLO L80-PH-G62S ( EXACTO) ARP
49763,44927,LAMINADO 330MM PAPEL SEMIBRILLO L80-PH-G62S ( EXACTO) ARP
49763,CPS0019,CONSUMO DE LAMINADO
49764,CPS0019,CONSUMO DE LAMINADO
49764,45654,LAMINADO FILM 230 MM PETG 40 MIC
49766,CPS0019,CONSUMO DE LAMINADO
49766,47383,LAMINADO FILM PVC 215 MM SOPLADO 40 MIC
49769,CPS0019,CONSUMO DE LAMINADO
49769,44927,LAMINADO 330MM PAPEL SEMIBRILLO L80-PH-G62S ( EXACTO) ARP
49770,40500,LAMINADO 160MM BOPP  BLACO. 60 UTC RI 707/BL 8065 EXACTO
49770,CPS0019,CONSUMO DE LAMINADO
49771,43695,LAMINADO 333MM PP TRANSP. PPT50P-P1-G62S ARC
49771,CPS0019,CONSUMO DE LAMINADO
49772,CPS0019,CONSUMO DE LAMINADO
49772,43695,LAMINADO 333MM PP TRANSP. PPT50P-P1-G62S ARC
49773,44927,LAMINADO 330MM PAPEL SEMIBRILLO L80-PH-G62S ( EXACTO) ARP
49773,CPS0019,CONSUMO DE LAMINADO
49774,CPS0019,CONSUMO DE LAMINADO
49774,44927,LAMINADO 330MM PAPEL SEMIBRILLO L80-PH-G62S ( EXACTO) ARP
49776,44927,LAMINADO 330MM PAPEL SEMIBRILLO L80-PH-G62S ( EXACTO) ARP
49776,CPS0019,CONSUMO DE LAMINADO
49777,44927,LAMINADO 330MM PAPEL SEMIBRILLO L80-PH-G62S ( EXACTO) ARP
49777,CPS0019,CONSUMO DE LAMINADO
49778,44927,LAMINADO 330MM PAPEL SEMIBRILLO L80-PH-G62S ( EXACTO) ARP
49778,CPS0019,CONSUMO DE LAMINADO
49779,CPS0019,CONSUMO DE LAMINADO
49779,44927,LAMINADO 330MM PAPEL SEMIBRILLO L80-PH-G62S ( EXACTO) ARP
49780,CPS0019,CONSUMO DE LAMINADO
49780,44927,LAMINADO 330MM PAPEL SEMIBRILLO L80-PH-G62S ( EXACTO) ARP
49782,44927,LAMINADO 330MM PAPEL SEMIBRILLO L80-PH-G62S ( EXACTO) ARP
49782,CPS0019,CONSUMO DE LAMINADO
49783,44927,LAMINADO 330MM PAPEL SEMIBRILLO L80-PH-G62S ( EXACTO) ARP
49783,CPS0019,CONSUMO DE LAMINADO
49785,CPS0019,CONSUMO DE LAMINADO
49785,44927,LAMINADO 330MM PAPEL SEMIBRILLO L80-PH-G62S ( EXACTO) ARP
49786,CPS0019,CONSUMO DE LAMINADO
49786,44927,LAMINADO 330MM PAPEL SEMIBRILLO L80-PH-G62S ( EXACTO) ARP
49787,44927,LAMINADO 330MM PAPEL SEMIBRILLO L80-PH-G62S ( EXACTO) ARP
49787,CPS0019,CONSUMO DE LAMINADO
49788,44927,LAMINADO 330MM PAPEL SEMIBRILLO L80-PH-G62S ( EXACTO) ARP
49788,CPS0019,CONSUMO DE LAMINADO
49790,CPS0019,CONSUMO DE LAMINADO
49790,44927,LAMINADO 330MM PAPEL SEMIBRILLO L80-PH-G62S ( EXACTO) ARP
49791,44927,LAMINADO 330MM PAPEL SEMIBRILLO L80-PH-G62S ( EXACTO) ARP
49791,CPS0019,CONSUMO DE LAMINADO
49792,44927,LAMINADO 330MM PAPEL SEMIBRILLO L80-PH-G62S ( EXACTO) ARP
49792,CPS0019,CONSUMO DE LAMINADO
49793,CPS0019,CONSUMO DE LAMINADO
49793,44928,LAMINADO 300MM PAPEL SEMIBRILLO L80-PH-G62S Exacto ARP
49794,44927,LAMINADO 330MM PAPEL SEMIBRILLO L80-PH-G62S ( EXACTO) ARP
49794,CPS0019,CONSUMO DE LAMINADO
49795,44927,LAMINADO 330MM PAPEL SEMIBRILLO L80-PH-G62S ( EXACTO) ARP
49795,CPS0019,CONSUMO DE LAMINADO
49796,40500,LAMINADO 160MM BOPP  BLACO. 60 UTC RI 707/BL 8065 EXACTO
49796,43452,LAMINADO 160MM PP BCO BTE P4 38M G58 ARC
49796,CPS0019,CONSUMO DE LAMINADO
49798,44927,LAMINADO 330MM PAPEL SEMIBRILLO L80-PH-G62S ( EXACTO) ARP
49798,CPS0019,CONSUMO DE LAMINADO
49799,CPS0019,CONSUMO DE LAMINADO
49799,56353,LAMINADO 160MM GREEN PAPER ADH ST / GL62 INNO
49800,CPS0019,CONSUMO DE LAMINADO
49800,44927,LAMINADO 330MM PAPEL SEMIBRILLO L80-PH-G62S ( EXACTO) ARP
49801,CPS0019,CONSUMO DE LAMINADO
49801,48646,LAMINADO FILM PETG 290 MM 45 MIC
49804,CPS0019,CONSUMO DE LAMINADO
49804,46452,LAMINADO 300MM PAPEL SEMIBRILLO 6770 80 GR AP 904 RI
49805,CPS0019,CONSUMO DE LAMINADO
49805,709,LAMINADO 110MM PAPEL SEMIBRILLO 6770 80G AP 904 RI
49806,46722,LAMINADO 320MM PPDL54BH OPTIMA MATE AF1000 G60
49806,CPS0019,CONSUMO DE LAMINADO
49807,CPS0019,CONSUMO DE LAMINADO
49807,46722,LAMINADO 320MM PPDL54BH OPTIMA MATE AF1000 G60
49808,CPS0019,CONSUMO DE LAMINADO
49808,46722,LAMINADO 320MM PPDL54BH OPTIMA MATE AF1000 G60
49809,CPS0019,CONSUMO DE LAMINADO
49809,46722,LAMINADO 320MM PPDL54BH OPTIMA MATE AF1000 G60
49810,CPS0019,CONSUMO DE LAMINADO
49810,46722,LAMINADO 320MM PPDL54BH OPTIMA MATE AF1000 G60
49811,CPS0019,CONSUMO DE LAMINADO
49811,46722,LAMINADO 320MM PPDL54BH OPTIMA MATE AF1000 G60
49812,CPS0019,CONSUMO DE LAMINADO
49812,46452,LAMINADO 300MM PAPEL SEMIBRILLO 6770 80 GR AP 904 RI
49813,CPS0019,CONSUMO DE LAMINADO
49813,46191,LAMINADO 230MM SEMIBRILLO  L80-PH-G62S ( EXACTO ) ARC
49814,CPS0019,CONSUMO DE LAMINADO
49814,46452,LAMINADO 300MM PAPEL SEMIBRILLO 6770 80 GR AP 904 RI
49815,44927,LAMINADO 330MM PAPEL SEMIBRILLO L80-PH-G62S ( EXACTO) ARP
49815,CPS0019,CONSUMO DE LAMINADO
49816,48476,LAMINADO 280MM PP TRANSP. PPT50P-P1-G62S ARC
49816,CPS0019,CONSUMO DE LAMINADO
49823,44927,LAMINADO 330MM PAPEL SEMIBRILLO L80-PH-G62S ( EXACTO) ARP
49823,CPS0019,CONSUMO DE LAMINADO
49825,CPS0019,CONSUMO DE LAMINADO
49825,46148,LAMINADO 330MM PPBB60-P1-G62S
49826,CPS0019,CONSUMO DE LAMINADO
49826,46192,LAMINADO 330MM PPBB60-P4-G62S
49827,CPS0019,CONSUMO DE LAMINADO
49827,46192,LAMINADO 330MM PPBB60-P4-G62S
49828,45585,LAMINADO 330MM BOPP  METALIZADO PLATA BRILLANTE RI 717/50
49828,CPS0019,CONSUMO DE LAMINADO
49829,CPS0019,CONSUMO DE LAMINADO
49829,45585,LAMINADO 330MM BOPP  METALIZADO PLATA BRILLANTE RI 717/50
49830,43310,LAMINADO 250 MM PAPEL SEMIBRILLO 80/P ARC
49830,CPS0019,CONSUMO DE LAMINADO
49831,CPS0019,CONSUMO DE LAMINADO
49831,44927,LAMINADO 330MM PAPEL SEMIBRILLO L80-PH-G62S ( EXACTO) ARP
49832,CPS0019,CONSUMO DE LAMINADO
49832,44927,LAMINADO 330MM PAPEL SEMIBRILLO L80-PH-G62S ( EXACTO) ARP
49833,CPS0019,CONSUMO DE LAMINADO
49833,709,LAMINADO 110MM PAPEL SEMIBRILLO 6770 80G AP 904 RI
49834,CPS0019,CONSUMO DE LAMINADO
49834,43695,LAMINADO 333MM PP TRANSP. PPT50P-P1-G62S ARC
49836,CPS0019,CONSUMO DE LAMINADO
49836,46888,LAMINADO 160MM GREEN PAPER 120µ HP 2300/GL62 INNO
49841,CPS0019,CONSUMO DE LAMINADO
49841,46888,LAMINADO 160MM GREEN PAPER 120µ HP 2300/GL62 INNO
49842,CPS0019,CONSUMO DE LAMINADO
49842,46888,LAMINADO 160MM GREEN PAPER 120µ HP 2300/GL62 INNO
49843,40942,LAMINADO CINTA P/LAMINAR  PP TRANSP. 255mm.
49843,CPS0019,CONSUMO DE LAMINADO
49843,56776,LAMINADO 260MM PAPEL SEMIBRILLO L80-P6H-G62S ARC
49846,44955,LAMINADO 280MM BOPP BLCO. BRITE. RITRAMA (8065)
49846,CPS0019,CONSUMO DE LAMINADO
49847,CPS0019,CONSUMO DE LAMINADO
49847,48057,LAMINADO FILM PVC  188MM TERMOCONTRAIBLE 40MIC
49848,44927,LAMINADO 330MM PAPEL SEMIBRILLO L80-PH-G62S ( EXACTO) ARP
49848,CPS0019,CONSUMO DE LAMINADO
49849,CPS0019,CONSUMO DE LAMINADO
49849,44927,LAMINADO 330MM PAPEL SEMIBRILLO L80-PH-G62S ( EXACTO) ARP
49852,CPS0019,CONSUMO DE LAMINADO
49852,44928,LAMINADO 300MM PAPEL SEMIBRILLO L80-PH-G62S Exacto ARP
49853,CPS0019,CONSUMO DE LAMINADO
49853,44928,LAMINADO 300MM PAPEL SEMIBRILLO L80-PH-G62S Exacto ARP
49854,CPS0019,CONSUMO DE LAMINADO
49854,44928,LAMINADO 300MM PAPEL SEMIBRILLO L80-PH-G62S Exacto ARP
49855,CPS0019,CONSUMO DE LAMINADO
49855,48646,LAMINADO FILM PETG 290 MM 45 MIC
49856,45654,LAMINADO FILM 230 MM PETG 40 MIC
49856,CPS0019,CONSUMO DE LAMINADO
49858,45061,LAMINADO 280MM PAPEL SEMIBRILLO 80/P ARC
49858,CPS0019,CONSUMO DE LAMINADO
49859,710,LAMINADO 167 WINEGLASS (AUTOMATICO) PT220 ECO
49859,CPS0019,CONSUMO DE LAMINADO
49863,CPS0019,CONSUMO DE LAMINADO
49863,46148,LAMINADO 330MM PPBB60-P1-G62S
49864,40500,LAMINADO 160MM BOPP  BLACO. 60 UTC RI 707/BL 8065 EXACTO
49864,CPS0019,CONSUMO DE LAMINADO
49864,43452,LAMINADO 160MM PP BCO BTE P4 38M G58 ARC
49867,42282,LAMINADO 110MM PAPEL TRANSFER  AT20 F13600
49867,CPS0019,CONSUMO DE LAMINADO
49870,CPS0019,CONSUMO DE LAMINADO
49870,44927,LAMINADO 330MM PAPEL SEMIBRILLO L80-PH-G62S ( EXACTO) ARP
49871,CPS0019,CONSUMO DE LAMINADO
49871,43310,LAMINADO 250 MM PAPEL SEMIBRILLO 80/P ARC
49872,44928,LAMINADO 300MM PAPEL SEMIBRILLO L80-PH-G62S Exacto ARP
49872,CPS0019,CONSUMO DE LAMINADO
49873,43310,LAMINADO 250 MM PAPEL SEMIBRILLO 80/P ARC
49873,CPS0019,CONSUMO DE LAMINADO
49874,CPS0019,CONSUMO DE LAMINADO
49874,44928,LAMINADO 300MM PAPEL SEMIBRILLO L80-PH-G62S Exacto ARP
49875,CPS0019,CONSUMO DE LAMINADO
49875,44927,LAMINADO 330MM PAPEL SEMIBRILLO L80-PH-G62S ( EXACTO) ARP
49876,44928,LAMINADO 300MM PAPEL SEMIBRILLO L80-PH-G62S Exacto ARP
49876,CPS0019,CONSUMO DE LAMINADO
49878,43431,LAMINADO 160MM PAPEL SEMIBRILLO L80-PH-G62S ( EXACTO) ARP
49878,CPS0019,CONSUMO DE LAMINADO
49879,43431,LAMINADO 160MM PAPEL SEMIBRILLO L80-PH-G62S ( EXACTO) ARP
49879,CPS0019,CONSUMO DE LAMINADO
49880,43431,LAMINADO 160MM PAPEL SEMIBRILLO L80-PH-G62S ( EXACTO) ARP
49880,CPS0019,CONSUMO DE LAMINADO
49881,43431,LAMINADO 160MM PAPEL SEMIBRILLO L80-PH-G62S ( EXACTO) ARP
49881,CPS0019,CONSUMO DE LAMINADO
49882,42252,LAMINADO CINTA P/LAM  PP TRANSP. 300MM BRILLANTE 24M
49882,CPS0019,CONSUMO DE LAMINADO
49882,46452,LAMINADO 300MM PAPEL SEMIBRILLO 6770 80 GR AP 904 RI
49886,43431,LAMINADO 160MM PAPEL SEMIBRILLO L80-PH-G62S ( EXACTO) ARP
49886,CPS0019,CONSUMO DE LAMINADO
49887,CPS0019,CONSUMO DE LAMINADO
49887,709,LAMINADO 110MM PAPEL SEMIBRILLO 6770 80G AP 904 RI
49888,CPS0019,CONSUMO DE LAMINADO
49888,709,LAMINADO 110MM PAPEL SEMIBRILLO 6770 80G AP 904 RI
49889,42817,LAMINADO 300MM BOPP BCO. BRILLANTE 60 TC (08065)
49889,CPS0019,CONSUMO DE LAMINADO
49890,42817,LAMINADO 300MM BOPP BCO. BRILLANTE 60 TC (08065)
49890,CPS0019,CONSUMO DE LAMINADO
49891,46118,LAMINADO 300MM PPBB60-P1-G62S
49891,CPS0019,CONSUMO DE LAMINADO
49892,CPS0019,CONSUMO DE LAMINADO
49892,46118,LAMINADO 300MM PPBB60-P1-G62S
49893,CPS0019,CONSUMO DE LAMINADO
49893,44928,LAMINADO 300MM PAPEL SEMIBRILLO L80-PH-G62S Exacto ARP
49894,CPS0019,CONSUMO DE LAMINADO
49894,44927,LAMINADO 330MM PAPEL SEMIBRILLO L80-PH-G62S ( EXACTO) ARP
49895,CPS0019,CONSUMO DE LAMINADO
49895,44927,LAMINADO 330MM PAPEL SEMIBRILLO L80-PH-G62S ( EXACTO) ARP
49896,44927,LAMINADO 330MM PAPEL SEMIBRILLO L80-PH-G62S ( EXACTO) ARP
49896,CPS0019,CONSUMO DE LAMINADO
49897,44928,LAMINADO 300MM PAPEL SEMIBRILLO L80-PH-G62S Exacto ARP
49897,CPS0019,CONSUMO DE LAMINADO
49900,CPS0019,CONSUMO DE LAMINADO
49900,48646,LAMINADO FILM PETG 290 MM 45 MIC
49901,CPS0019,CONSUMO DE LAMINADO
49901,48646,LAMINADO FILM PETG 290 MM 45 MIC
49902,44927,LAMINADO 330MM PAPEL SEMIBRILLO L80-PH-G62S ( EXACTO) ARP
49902,CPS0019,CONSUMO DE LAMINADO
49903,CPS0019,CONSUMO DE LAMINADO
49903,45856,LAMINADO 330MM PAPEL SEMIBRILLO 6770 80 GR AP 904 RI
49904,CPS0019,CONSUMO DE LAMINADO
49904,57844,LAMINADO 330MM PAPEL SEMIBRILLO L80 -P - G60 AR
49905,57844,LAMINADO 330MM PAPEL SEMIBRILLO L80 -P - G60 AR
49905,CPS0019,CONSUMO DE LAMINADO
49906,43695,LAMINADO 333MM PP TRANSP. PPT50P-P1-G62S ARC
49906,CPS0019,CONSUMO DE LAMINADO
49910,CPS0019,CONSUMO DE LAMINADO
49910,709,LAMINADO 110MM PAPEL SEMIBRILLO 6770 80G AP 904 RI
49913,CPS0019,CONSUMO DE LAMINADO
49913,46933,LAMINADO 330MM POLIETILENO BLANCO BRILLANTE 85m – AP901 – GL62
49918,CPS0019,CONSUMO DE LAMINADO
49918,57844,LAMINADO 330MM PAPEL SEMIBRILLO L80 -P - G60 AR
49921,46118,LAMINADO 300MM PPBB60-P1-G62S
49921,CPS0019,CONSUMO DE LAMINADO
49922,CPS0019,CONSUMO DE LAMINADO
49922,46118,LAMINADO 300MM PPBB60-P1-G62S
49923,CPS0019,CONSUMO DE LAMINADO
49923,46118,LAMINADO 300MM PPBB60-P1-G62S
49952,CPS0019,CONSUMO DE LAMINADO
49952,709,LAMINADO 110MM PAPEL SEMIBRILLO 6770 80G AP 904 RI
49953,CPS0019,CONSUMO DE LAMINADO
49953,709,LAMINADO 110MM PAPEL SEMIBRILLO 6770 80G AP 904 RI
49955,43695,LAMINADO 333MM PP TRANSP. PPT50P-P1-G62S ARC
49955,CPS0019,CONSUMO DE LAMINADO
49956,CPS0019,CONSUMO DE LAMINADO
49956,44927,LAMINADO 330MM PAPEL SEMIBRILLO L80-PH-G62S ( EXACTO) ARP
49957,CPS0019,CONSUMO DE LAMINADO
49957,48515,LAMINADO FILM PETG TERMOCONTRAIBLE 40 MIC 330 MM
49958,CPS0019,CONSUMO DE LAMINADO
49958,48516,LAMINADO FILM PETG TERMOCONTRAIBLE 40 MIC 250 MM
49959,CPS0019,CONSUMO DE LAMINADO
49959,49534,LAMINADO FILM PETG TERMOCONTRAIBLE 40 MIC 210 MM
49960,CPS0019,CONSUMO DE LAMINADO
49960,44927,LAMINADO 330MM PAPEL SEMIBRILLO L80-PH-G62S ( EXACTO) ARP
49961,CPS0019,CONSUMO DE LAMINADO
49961,58115,LAMINADO 330MM PAPEL TRANSFER PH G58 TT62 ARC
49963,CPS0019,CONSUMO DE LAMINADO
49963,46888,LAMINADO 160MM GREEN PAPER 120µ HP 2300/GL62 INNO
49964,CPS0019,CONSUMO DE LAMINADO
49964,46888,LAMINADO 160MM GREEN PAPER 120µ HP 2300/GL62 INNO
49965,46888,LAMINADO 160MM GREEN PAPER 120µ HP 2300/GL62 INNO
49965,CPS0019,CONSUMO DE LAMINADO
49967,CPS0019,CONSUMO DE LAMINADO
49967,46888,LAMINADO 160MM GREEN PAPER 120µ HP 2300/GL62 INNO
49968,CPS0019,CONSUMO DE LAMINADO
49968,44928,LAMINADO 300MM PAPEL SEMIBRILLO L80-PH-G62S Exacto ARP
49969,CPS0019,CONSUMO DE LAMINADO
49969,50257,LAMINADO 333MM PE ZZ BLANCO MATE TRANSFER C2075
49971,CPS0019,CONSUMO DE LAMINADO
49971,44927,LAMINADO 330MM PAPEL SEMIBRILLO L80-PH-G62S ( EXACTO) ARP
49979,44927,LAMINADO 330MM PAPEL SEMIBRILLO L80-PH-G62S ( EXACTO) ARP
49979,CPS0019,CONSUMO DE LAMINADO
49980,CPS0019,CONSUMO DE LAMINADO
49980,44927,LAMINADO 330MM PAPEL SEMIBRILLO L80-PH-G62S ( EXACTO) ARP
49981,42252,LAMINADO CINTA P/LAM  PP TRANSP. 300MM BRILLANTE 24M
49981,CPS0019,CONSUMO DE LAMINADO
49981,46452,LAMINADO 300MM PAPEL SEMIBRILLO 6770 80 GR AP 904 RI
49991,CPS0019,CONSUMO DE LAMINADO
49991,45730,LAMINADO 260MM PAPEL SEMIBRILLO AF1000 RP48AT 80G DIP
49992,CPS0019,CONSUMO DE LAMINADO
49992,44928,LAMINADO 300MM PAPEL SEMIBRILLO L80-PH-G62S Exacto ARP
49993,CPS0019,CONSUMO DE LAMINADO
49993,46649,LAMINADO CINTA P/LAMINAR  PP TRANSP. 310MM OLPP24-M-1500
49993,46722,LAMINADO 320MM PPDL54BH OPTIMA MATE AF1000 G60
49994,CPS0019,CONSUMO DE LAMINADO
49994,46649,LAMINADO CINTA P/LAMINAR  PP TRANSP. 310MM OLPP24-M-1500
49994,46722,LAMINADO 320MM PPDL54BH OPTIMA MATE AF1000 G60
49996,39805,LAMINADO 230MM PAPEL SEMIBRILLO  80 GR 6770 AP904 RI
49996,CPS0019,CONSUMO DE LAMINADO
5,45997,LAMINADO 160MM PAPEL SEMIBRILLO L80-PH-G62S (EXACTO) ARP
5,CPS0019,CONSUMO DE LAMINADO
500,CPS0019,CONSUMO DE LAMINADO
500,86,LAMINADO SINCLAIR 17681 157MM TYPE 31
50004,45506,LAMINADO 330MM PP TRANSPARENTE RESPALDO PET T50/P1 PST30
50004,CPS0019,CONSUMO DE LAMINADO
50005,43695,LAMINADO 333MM PP TRANSP. PPT50P-P1-G62S ARC
50005,CPS0019,CONSUMO DE LAMINADO
50007,43695,LAMINADO 333MM PP TRANSP. PPT50P-P1-G62S ARC
50007,CPS0019,CONSUMO DE LAMINADO
50008,43695,LAMINADO 333MM PP TRANSP. PPT50P-P1-G62S ARC
50008,CPS0019,CONSUMO DE LAMINADO
50009,CPS0019,CONSUMO DE LAMINADO
50009,49188,LAMINADO 333MM GREEN PAPER TD AE500 GL62 INNO
50010,CPS0019,CONSUMO DE LAMINADO
50010,709,LAMINADO 110MM PAPEL SEMIBRILLO 6770 80G AP 904 RI
50011,CPS0019,CONSUMO DE LAMINADO
50011,46148,LAMINADO 330MM PPBB60-P1-G62S
50012,CPS0019,CONSUMO DE LAMINADO
50012,709,LAMINADO 110MM PAPEL SEMIBRILLO 6770 80G AP 904 RI
50017,CPS0019,CONSUMO DE LAMINADO
50017,46148,LAMINADO 330MM PPBB60-P1-G62S
50018,43695,LAMINADO 333MM PP TRANSP. PPT50P-P1-G62S ARC
50018,CPS0019,CONSUMO DE LAMINADO
50019,46344,LAMINADO 160MM PPBB60-P1-G62S (Samson)
50019,CPS0019,CONSUMO DE LAMINADO
50020,44928,LAMINADO 300MM PAPEL SEMIBRILLO L80-PH-G62S Exacto ARP
50020,CPS0019,CONSUMO DE LAMINADO
50020,50067,LAMINADO FOLIA ORO COLDFOIL 256MM
50021,CPS0019,CONSUMO DE LAMINADO
50021,45682,LAMINADO 333MM PAPEL TERMICO T70/P ARC
50022,44928,LAMINADO 300MM PAPEL SEMIBRILLO L80-PH-G62S Exacto ARP
50022,CPS0019,CONSUMO DE LAMINADO
50023,43477,LAMINADO 110MM PP TRANSPARENTE 50/P1-G62S ARC
50023,CPS0019,CONSUMO DE LAMINADO
50024,CPS0019,CONSUMO DE LAMINADO
50024,45585,LAMINADO 330MM BOPP  METALIZADO PLATA BRILLANTE RI 717/50
50025,45585,LAMINADO 330MM BOPP  METALIZADO PLATA BRILLANTE RI 717/50
50025,CPS0019,CONSUMO DE LAMINADO
50026,CPS0019,CONSUMO DE LAMINADO
50026,45585,LAMINADO 330MM BOPP  METALIZADO PLATA BRILLANTE RI 717/50
50027,43695,LAMINADO 333MM PP TRANSP. PPT50P-P1-G62S ARC
50027,CPS0019,CONSUMO DE LAMINADO
50029,CPS0019,CONSUMO DE LAMINADO
50029,51656,LAMINADO 110MM PPDL54P4 OPTIMA MATE 2 G60 MIC
50030,CPS0019,CONSUMO DE LAMINADO
50030,46148,LAMINADO 330MM PPBB60-P1-G62S
50031,CPS0019,CONSUMO DE LAMINADO
50031,46148,LAMINADO 330MM PPBB60-P1-G62S
50032,CPS0019,CONSUMO DE LAMINADO
50032,46148,LAMINADO 330MM PPBB60-P1-G62S
50033,CPS0019,CONSUMO DE LAMINADO
50033,46148,LAMINADO 330MM PPBB60-P1-G62S
50034,CPS0019,CONSUMO DE LAMINADO
50034,46148,LAMINADO 330MM PPBB60-P1-G62S
50044,CPS0019,CONSUMO DE LAMINADO
50044,46649,LAMINADO CINTA P/LAMINAR  PP TRANSP. 310MM OLPP24-M-1500
50044,46722,LAMINADO 320MM PPDL54BH OPTIMA MATE AF1000 G60
50045,44927,LAMINADO 330MM PAPEL SEMIBRILLO L80-PH-G62S ( EXACTO) ARP
50045,CPS0019,CONSUMO DE LAMINADO
50046,44927,LAMINADO 330MM PAPEL SEMIBRILLO L80-PH-G62S ( EXACTO) ARP
50046,CPS0019,CONSUMO DE LAMINADO
50048,CPS0019,CONSUMO DE LAMINADO
50048,46118,LAMINADO 300MM PPBB60-P1-G62S
50049,CPS0019,CONSUMO DE LAMINADO
50049,46118,LAMINADO 300MM PPBB60-P1-G62S
50050,CPS0019,CONSUMO DE LAMINADO
50050,44828,LAMINADO 250MM PPBB60-P1-G62S
50051,46148,LAMINADO 330MM PPBB60-P1-G62S
50051,CPS0019,CONSUMO DE LAMINADO
50055,CPS0019,CONSUMO DE LAMINADO
50055,48724,LAMINADO 250MM BOPP  BLACO. 60 UTC RI 707/BL 8065
50056,CPS0019,CONSUMO DE LAMINADO
50056,48724,LAMINADO 250MM BOPP  BLACO. 60 UTC RI 707/BL 8065
50057,43573,LAMINADO 200MM PPBB60-P1-G62S
50057,CPS0019,CONSUMO DE LAMINADO
50058,44928,LAMINADO 300MM PAPEL SEMIBRILLO L80-PH-G62S Exacto ARP
50058,CPS0019,CONSUMO DE LAMINADO
50059,44928,LAMINADO 300MM PAPEL SEMIBRILLO L80-PH-G62S Exacto ARP
50059,CPS0019,CONSUMO DE LAMINADO
50061,CPS0019,CONSUMO DE LAMINADO
50061,58929,LAMINADO 333MM PAPEL TERMICO T70-PH-ECO-G60 ARP
50066,43310,LAMINADO 250 MM PAPEL SEMIBRILLO 80/P ARC
50066,CPS0019,CONSUMO DE LAMINADO
50069,44927,LAMINADO 330MM PAPEL SEMIBRILLO L80-PH-G62S ( EXACTO) ARP
50069,CPS0019,CONSUMO DE LAMINADO
50070,43695,LAMINADO 333MM PP TRANSP. PPT50P-P1-G62S ARC
50070,CPS0019,CONSUMO DE LAMINADO
50071,CPS0019,CONSUMO DE LAMINADO
50071,46148,LAMINADO 330MM PPBB60-P1-G62S
50079,CPS0019,CONSUMO DE LAMINADO
50079,48546,LAMINADO 333MM PP TRANSP.51MC RP37  DIPISA
50081,CPS0019,CONSUMO DE LAMINADO
50081,48546,LAMINADO 333MM PP TRANSP.51MC RP37  DIPISA
50082,CPS0019,CONSUMO DE LAMINADO
50082,48546,LAMINADO 333MM PP TRANSP.51MC RP37  DIPISA
50083,CPS0019,CONSUMO DE LAMINADO
50083,48546,LAMINADO 333MM PP TRANSP.51MC RP37  DIPISA
50085,CPS0019,CONSUMO DE LAMINADO
50085,48546,LAMINADO 333MM PP TRANSP.51MC RP37  DIPISA
50086,CPS0019,CONSUMO DE LAMINADO
50086,48546,LAMINADO 333MM PP TRANSP.51MC RP37  DIPISA
50087,CPS0019,CONSUMO DE LAMINADO
50087,48546,LAMINADO 333MM PP TRANSP.51MC RP37  DIPISA
50088,CPS0019,CONSUMO DE LAMINADO
50088,48546,LAMINADO 333MM PP TRANSP.51MC RP37  DIPISA
50089,CPS0019,CONSUMO DE LAMINADO
50089,48546,LAMINADO 333MM PP TRANSP.51MC RP37  DIPISA
50090,CPS0019,CONSUMO DE LAMINADO
50090,48546,LAMINADO 333MM PP TRANSP.51MC RP37  DIPISA
50091,45506,LAMINADO 330MM PP TRANSPARENTE RESPALDO PET T50/P1 PST30
50091,CPS0019,CONSUMO DE LAMINADO
50092,45506,LAMINADO 330MM PP TRANSPARENTE RESPALDO PET T50/P1 PST30
50092,CPS0019,CONSUMO DE LAMINADO
50093,CPS0019,CONSUMO DE LAMINADO
50093,49428,LAMINADO FILM PVC 345 MM 40 MIC
50097,CPS0019,CONSUMO DE LAMINADO
50097,46888,LAMINADO 160MM GREEN PAPER 120µ HP 2300/GL62 INNO
50098,CPS0019,CONSUMO DE LAMINADO
50098,709,LAMINADO 110MM PAPEL SEMIBRILLO 6770 80G AP 904 RI
50099,CPS0019,CONSUMO DE LAMINADO
50099,709,LAMINADO 110MM PAPEL SEMIBRILLO 6770 80G AP 904 RI
501,CPS0019,CONSUMO DE LAMINADO
501,86,LAMINADO SINCLAIR 17681 157MM TYPE 31
50100,44927,LAMINADO 330MM PAPEL SEMIBRILLO L80-PH-G62S ( EXACTO) ARP
50100,CPS0019,CONSUMO DE LAMINADO
50101,44927,LAMINADO 330MM PAPEL SEMIBRILLO L80-PH-G62S ( EXACTO) ARP
50101,CPS0019,CONSUMO DE LAMINADO
50102,CPS0019,CONSUMO DE LAMINADO
50102,46344,LAMINADO 160MM PPBB60-P1-G62S (Samson)
50108,CPS0019,CONSUMO DE LAMINADO
50108,49200,LAMINADO 160MM GREEN PAPER 100µ AE500 GL62 INNO
50109,CPS0019,CONSUMO DE LAMINADO
50109,46344,LAMINADO 160MM PPBB60-P1-G62S (Samson)
50110,CPS0019,CONSUMO DE LAMINADO
50110,49200,LAMINADO 160MM GREEN PAPER 100µ AE500 GL62 INNO
50111,CPS0019,CONSUMO DE LAMINADO
50111,49200,LAMINADO 160MM GREEN PAPER 100µ AE500 GL62 INNO
50112,44927,LAMINADO 330MM PAPEL SEMIBRILLO L80-PH-G62S ( EXACTO) ARP
50112,CPS0019,CONSUMO DE LAMINADO
50113,CPS0019,CONSUMO DE LAMINADO
50113,46888,LAMINADO 160MM GREEN PAPER 120µ HP 2300/GL62 INNO
50114,CPS0019,CONSUMO DE LAMINADO
50114,46888,LAMINADO 160MM GREEN PAPER 120µ HP 2300/GL62 INNO
50121,CPS0019,CONSUMO DE LAMINADO
50121,49767,LAMINADO 340MM GLASSINE NACIONAL
50122,CPS0019,CONSUMO DE LAMINADO
50122,48546,LAMINADO 333MM PP TRANSP.51MC RP37  DIPISA
50123,CPS0019,CONSUMO DE LAMINADO
50123,48546,LAMINADO 333MM PP TRANSP.51MC RP37  DIPISA
50125,44955,LAMINADO 280MM BOPP BLCO. BRITE. RITRAMA (8065)
50125,CPS0019,CONSUMO DE LAMINADO
50127,43389,LAMINADO 75MM SEGURIDAD ARSEAL AZUL
50127,CPS0019,CONSUMO DE LAMINADO
50128,44955,LAMINADO 280MM BOPP BLCO. BRITE. RITRAMA (8065)
50128,CPS0019,CONSUMO DE LAMINADO
50129,44955,LAMINADO 280MM BOPP BLCO. BRITE. RITRAMA (8065)
50129,CPS0019,CONSUMO DE LAMINADO
50130,CPS0019,CONSUMO DE LAMINADO
50130,48801,LAMINADO 333MM PAPEL BLANCO SB REMOVIBLE 80G/R3/SK60
50131,CPS0019,CONSUMO DE LAMINADO
50131,44927,LAMINADO 330MM PAPEL SEMIBRILLO L80-PH-G62S ( EXACTO) ARP
50132,CPS0019,CONSUMO DE LAMINADO
50132,44927,LAMINADO 330MM PAPEL SEMIBRILLO L80-PH-G62S ( EXACTO) ARP
50133,CPS0019,CONSUMO DE LAMINADO
50133,44927,LAMINADO 330MM PAPEL SEMIBRILLO L80-PH-G62S ( EXACTO) ARP
50135,CPS0019,CONSUMO DE LAMINADO
50135,44533,LAMINADO 320MM PPDL54P4 OPTIMA MATE AF1000 G60 ARC
50137,CPS0019,CONSUMO DE LAMINADO
50137,46888,LAMINADO 160MM GREEN PAPER 120µ HP 2300/GL62 INNO
50138,CPS0019,CONSUMO DE LAMINADO
50138,44927,LAMINADO 330MM PAPEL SEMIBRILLO L80-PH-G62S ( EXACTO) ARP
50139,CPS0019,CONSUMO DE LAMINADO
50139,44927,LAMINADO 330MM PAPEL SEMIBRILLO L80-PH-G62S ( EXACTO) ARP
50141,44928,LAMINADO 300MM PAPEL SEMIBRILLO L80-PH-G62S Exacto ARP
50141,CPS0019,CONSUMO DE LAMINADO
50142,40942,LAMINADO CINTA P/LAMINAR  PP TRANSP. 255mm.
50142,CPS0019,CONSUMO DE LAMINADO
50142,45730,LAMINADO 260MM PAPEL SEMIBRILLO AF1000 RP48AT 80G DIP
50143,CPS0019,CONSUMO DE LAMINADO
50143,44927,LAMINADO 330MM PAPEL SEMIBRILLO L80-PH-G62S ( EXACTO) ARP
50144,46191,LAMINADO 230MM SEMIBRILLO  L80-PH-G62S ( EXACTO ) ARC
50144,CPS0019,CONSUMO DE LAMINADO
50146,CPS0019,CONSUMO DE LAMINADO
50146,46888,LAMINADO 160MM GREEN PAPER 120µ HP 2300/GL62 INNO
50147,46888,LAMINADO 160MM GREEN PAPER 120µ HP 2300/GL62 INNO
50147,CPS0019,CONSUMO DE LAMINADO
50149,44892,LAMINADO 200MM PPBB60-P4-G62S
50149,CPS0019,CONSUMO DE LAMINADO
50149,47363,LAMINADO 200MM PPDL54P1 OPTIMA MATE G60
50150,43573,LAMINADO 200MM PPBB60-P1-G62S
50150,44544,LAMINADO 200MM PPDL54P4 OPTIMA MATE AF1000 G60 ARC
50150,CPS0019,CONSUMO DE LAMINADO
50151,CPS0019,CONSUMO DE LAMINADO
50151,44927,LAMINADO 330MM PAPEL SEMIBRILLO L80-PH-G62S ( EXACTO) ARP
50152,CPS0019,CONSUMO DE LAMINADO
50152,44928,LAMINADO 300MM PAPEL SEMIBRILLO L80-PH-G62S Exacto ARP
50153,CPS0019,CONSUMO DE LAMINADO
50153,53169,LAMINADO 160MM TERMICO PROTEGIDO 7836 THERMAL TC /80 GR GL/60 RI
50157,CPS0019,CONSUMO DE LAMINADO
50157,46452,LAMINADO 300MM PAPEL SEMIBRILLO 6770 80 GR AP 904 RI
50158,CPS0019,CONSUMO DE LAMINADO
50158,46452,LAMINADO 300MM PAPEL SEMIBRILLO 6770 80 GR AP 904 RI
50159,46118,LAMINADO 300MM PPBB60-P1-G62S
50159,CPS0019,CONSUMO DE LAMINADO
50160,46118,LAMINADO 300MM PPBB60-P1-G62S
50160,CPS0019,CONSUMO DE LAMINADO
50161,44828,LAMINADO 250MM PPBB60-P1-G62S
50161,CPS0019,CONSUMO DE LAMINADO
50162,CPS0019,CONSUMO DE LAMINADO
50162,46148,LAMINADO 330MM PPBB60-P1-G62S
50164,CPS0019,CONSUMO DE LAMINADO
50164,46118,LAMINADO 300MM PPBB60-P1-G62S
50165,46118,LAMINADO 300MM PPBB60-P1-G62S
50165,CPS0019,CONSUMO DE LAMINADO
50166,44828,LAMINADO 250MM PPBB60-P1-G62S
50166,CPS0019,CONSUMO DE LAMINADO
50167,46148,LAMINADO 330MM PPBB60-P1-G62S
50167,CPS0019,CONSUMO DE LAMINADO
50168,CPS0019,CONSUMO DE LAMINADO
50168,48546,LAMINADO 333MM PP TRANSP.51MC RP37  DIPISA
50170,CPS0019,CONSUMO DE LAMINADO
50170,46452,LAMINADO 300MM PAPEL SEMIBRILLO 6770 80 GR AP 904 RI
50171,CPS0019,CONSUMO DE LAMINADO
50171,46888,LAMINADO 160MM GREEN PAPER 120µ HP 2300/GL62 INNO
50174,CPS0019,CONSUMO DE LAMINADO
50174,48640,LAMINADO FILM PVC 290 MM 40 MIC
50175,CPS0019,CONSUMO DE LAMINADO
50175,49427,LAMINADO FILM PVC 245 MM 40 MIC
50177,43299,LAMINADO 110MM PAPEL TRANSFER TT64/PH
50177,CPS0019,CONSUMO DE LAMINADO
50178,43197,LAMINADO 200MM PAPEL SEMIBRILLO 80/P ARC
50178,CPS0019,CONSUMO DE LAMINADO
50179,CPS0019,CONSUMO DE LAMINADO
50179,48646,LAMINADO FILM PETG 290 MM 45 MIC
50182,CPS0019,CONSUMO DE LAMINADO
50182,46148,LAMINADO 330MM PPBB60-P1-G62S
50184,CPS0019,CONSUMO DE LAMINADO
50184,47665,LAMINADO FILM PVC 400MM CALANDRADO 40 MIC
50185,CPS0019,CONSUMO DE LAMINADO
50185,49428,LAMINADO FILM PVC 345 MM 40 MIC
50186,CPS0019,CONSUMO DE LAMINADO
50186,47388,LAMINADO FILM PVC 155 MM SOPLADO 40 MIC
50187,CPS0019,CONSUMO DE LAMINADO
50187,48642,LAMINADO FILM PVC 408 MM 40 MIC
50189,CPS0019,CONSUMO DE LAMINADO
50189,45674,LAMINADO 250MM BOPP  METALIZADO PLATA BRILLANTE RI 717/50
50190,CPS0019,CONSUMO DE LAMINADO
50190,50047,LAMINADO 330MM PAPEL BRILLANTE INKJET 7978 AP904
50191,CPS0019,CONSUMO DE LAMINADO
50191,50015,LAMINADO 333 MM  PP TRANSPARENTE INKJET 8044 AP904
50192,CPS0019,CONSUMO DE LAMINADO
50192,50015,LAMINADO 333 MM  PP TRANSPARENTE INKJET 8044 AP904
50194,CPS0019,CONSUMO DE LAMINADO
50194,46888,LAMINADO 160MM GREEN PAPER 120µ HP 2300/GL62 INNO
50195,CPS0019,CONSUMO DE LAMINADO
50195,46888,LAMINADO 160MM GREEN PAPER 120µ HP 2300/GL62 INNO
50196,44927,LAMINADO 330MM PAPEL SEMIBRILLO L80-PH-G62S ( EXACTO) ARP
50196,CPS0019,CONSUMO DE LAMINADO
50198,CPS0019,CONSUMO DE LAMINADO
50198,49427,LAMINADO FILM PVC 245 MM 40 MIC
50199,CPS0019,CONSUMO DE LAMINADO
50199,49427,LAMINADO FILM PVC 245 MM 40 MIC
502,86,LAMINADO SINCLAIR 17681 157MM TYPE 31
502,CPS0019,CONSUMO DE LAMINADO
50200,CPS0019,CONSUMO DE LAMINADO
50200,49427,LAMINADO FILM PVC 245 MM 40 MIC
50204,40500,LAMINADO 160MM BOPP  BLACO. 60 UTC RI 707/BL 8065 EXACTO
50204,CPS0019,CONSUMO DE LAMINADO
50205,CPS0019,CONSUMO DE LAMINADO
50205,46148,LAMINADO 330MM PPBB60-P1-G62S
50206,CPS0019,CONSUMO DE LAMINADO
50206,46148,LAMINADO 330MM PPBB60-P1-G62S
50207,46148,LAMINADO 330MM PPBB60-P1-G62S
50207,CPS0019,CONSUMO DE LAMINADO
50208,CPS0019,CONSUMO DE LAMINADO
50208,46148,LAMINADO 330MM PPBB60-P1-G62S
50210,CPS0019,CONSUMO DE LAMINADO
50210,59743,LAMINADO 250MM PP BCO BTE PPBB60-P ARP (SAMSON/ARP)
50211,CPS0019,CONSUMO DE LAMINADO
50211,46118,LAMINADO 300MM PPBB60-P1-G62S
50212,CPS0019,CONSUMO DE LAMINADO
50212,49186,LAMINADO 330 MM SEMIBRILLO ADHESIVO REMOVIBLE DIP
50212,50136,LAMINADO CINTA P/LAMINAR  PP TRANSP. 320MM OLPP24-MATE-º1500º
50215,43695,LAMINADO 333MM PP TRANSP. PPT50P-P1-G62S ARC
50215,CPS0019,CONSUMO DE LAMINADO
50216,43695,LAMINADO 333MM PP TRANSP. PPT50P-P1-G62S ARC
50216,CPS0019,CONSUMO DE LAMINADO
50217,43695,LAMINADO 333MM PP TRANSP. PPT50P-P1-G62S ARC
50217,CPS0019,CONSUMO DE LAMINADO
50218,43695,LAMINADO 333MM PP TRANSP. PPT50P-P1-G62S ARC
50218,CPS0019,CONSUMO DE LAMINADO
50219,CPS0019,CONSUMO DE LAMINADO
50219,43695,LAMINADO 333MM PP TRANSP. PPT50P-P1-G62S ARC
50220,43695,LAMINADO 333MM PP TRANSP. PPT50P-P1-G62S ARC
50220,CPS0019,CONSUMO DE LAMINADO
50221,43695,LAMINADO 333MM PP TRANSP. PPT50P-P1-G62S ARC
50221,CPS0019,CONSUMO DE LAMINADO
50222,44927,LAMINADO 330MM PAPEL SEMIBRILLO L80-PH-G62S ( EXACTO) ARP
50222,CPS0019,CONSUMO DE LAMINADO
50223,46148,LAMINADO 330MM PPBB60-P1-G62S
50223,CPS0019,CONSUMO DE LAMINADO
50224,CPS0019,CONSUMO DE LAMINADO
50224,709,LAMINADO 110MM PAPEL SEMIBRILLO 6770 80G AP 904 RI
50225,44955,LAMINADO 280MM BOPP BLCO. BRITE. RITRAMA (8065)
50225,CPS0019,CONSUMO DE LAMINADO
50226,CPS0019,CONSUMO DE LAMINADO
50226,49668,LAMINADO 200MM PP TRANSP.51MC RP37
50227,CPS0019,CONSUMO DE LAMINADO
50227,44927,LAMINADO 330MM PAPEL SEMIBRILLO L80-PH-G62S ( EXACTO) ARP
50231,42726,LAMINADO FOLIA ORO COLDFOIL 100 MM
50231,CPS0019,CONSUMO DE LAMINADO
50231,48647,LAMINADO FILM PETG 330 MM 45 MIC
50232,44927,LAMINADO 330MM PAPEL SEMIBRILLO L80-PH-G62S ( EXACTO) ARP
50232,CPS0019,CONSUMO DE LAMINADO
50233,CPS0019,CONSUMO DE LAMINADO
50233,44927,LAMINADO 330MM PAPEL SEMIBRILLO L80-PH-G62S ( EXACTO) ARP
50235,CPS0019,CONSUMO DE LAMINADO
50235,47388,LAMINADO FILM PVC 155 MM SOPLADO 40 MIC
50237,CPS0019,CONSUMO DE LAMINADO
50237,46888,LAMINADO 160MM GREEN PAPER 120µ HP 2300/GL62 INNO
50238,CPS0019,CONSUMO DE LAMINADO
50238,44928,LAMINADO 300MM PAPEL SEMIBRILLO L80-PH-G62S Exacto ARP
50239,44928,LAMINADO 300MM PAPEL SEMIBRILLO L80-PH-G62S Exacto ARP
50239,CPS0019,CONSUMO DE LAMINADO
50240,CPS0019,CONSUMO DE LAMINADO
50240,45506,LAMINADO 330MM PP TRANSPARENTE RESPALDO PET T50/P1 PST30
50241,44928,LAMINADO 300MM PAPEL SEMIBRILLO L80-PH-G62S Exacto ARP
50241,CPS0019,CONSUMO DE LAMINADO
50249,42817,LAMINADO 300MM BOPP BCO. BRILLANTE 60 TC (08065)
50249,CPS0019,CONSUMO DE LAMINADO
50250,42817,LAMINADO 300MM BOPP BCO. BRILLANTE 60 TC (08065)
50250,CPS0019,CONSUMO DE LAMINADO
50251,44928,LAMINADO 300MM PAPEL SEMIBRILLO L80-PH-G62S Exacto ARP
50251,CPS0019,CONSUMO DE LAMINADO
50253,CPS0019,CONSUMO DE LAMINADO
50253,49711,LAMINADO 210MM PAPEL SEMIBRILLO L80-PH-G62S ( EXACTO) ARC
50254,CPS0019,CONSUMO DE LAMINADO
50254,711,LAMINADO 160MM PAPEL SEMIBRILLO 6770 80G AP 904 RI
50255,CPS0019,CONSUMO DE LAMINADO
50255,711,LAMINADO 160MM PAPEL SEMIBRILLO 6770 80G AP 904 RI
50256,CPS0019,CONSUMO DE LAMINADO
50256,711,LAMINADO 160MM PAPEL SEMIBRILLO 6770 80G AP 904 RI
50258,CPS0019,CONSUMO DE LAMINADO
50258,47363,LAMINADO 200MM PPDL54P1 OPTIMA MATE G60
50258,44892,LAMINADO 200MM PPBB60-P4-G62S
50260,CPS0019,CONSUMO DE LAMINADO
50260,44928,LAMINADO 300MM PAPEL SEMIBRILLO L80-PH-G62S Exacto ARP
50261,CPS0019,CONSUMO DE LAMINADO
50261,44928,LAMINADO 300MM PAPEL SEMIBRILLO L80-PH-G62S Exacto ARP
50263,CPS0019,CONSUMO DE LAMINADO
50263,709,LAMINADO 110MM PAPEL SEMIBRILLO 6770 80G AP 904 RI
50264,CPS0019,CONSUMO DE LAMINADO
50264,54024,LAMINADO 330MM PAPEL TRANSFER PREMIUM EXTRA / RP51 / WHITE KRAFT 65 UPM
50267,CPS0019,CONSUMO DE LAMINADO
50267,44928,LAMINADO 300MM PAPEL SEMIBRILLO L80-PH-G62S Exacto ARP
50268,44928,LAMINADO 300MM PAPEL SEMIBRILLO L80-PH-G62S Exacto ARP
50268,CPS0019,CONSUMO DE LAMINADO
50269,CPS0019,CONSUMO DE LAMINADO
50269,46888,LAMINADO 160MM GREEN PAPER 120µ HP 2300/GL62 INNO
50270,41063,LAMINADO 250MM BLANCO SEMIBRILLO BG62 HOT MELT C2075
50270,CPS0019,CONSUMO DE LAMINADO
50271,CPS0019,CONSUMO DE LAMINADO
50271,46452,LAMINADO 300MM PAPEL SEMIBRILLO 6770 80 GR AP 904 RI
50272,41063,LAMINADO 250MM BLANCO SEMIBRILLO BG62 HOT MELT C2075
50272,CPS0019,CONSUMO DE LAMINADO
50273,CPS0019,CONSUMO DE LAMINADO
50273,709,LAMINADO 110MM PAPEL SEMIBRILLO 6770 80G AP 904 RI
50274,CPS0019,CONSUMO DE LAMINADO
50274,46888,LAMINADO 160MM GREEN PAPER 120µ HP 2300/GL62 INNO
50275,CPS0019,CONSUMO DE LAMINADO
50275,44927,LAMINADO 330MM PAPEL SEMIBRILLO L80-PH-G62S ( EXACTO) ARP
50281,CPS0019,CONSUMO DE LAMINADO
50281,46191,LAMINADO 230MM SEMIBRILLO  L80-PH-G62S ( EXACTO ) ARC
50284,CPS0019,CONSUMO DE LAMINADO
50284,46888,LAMINADO 160MM GREEN PAPER 120µ HP 2300/GL62 INNO
50285,44927,LAMINADO 330MM PAPEL SEMIBRILLO L80-PH-G62S ( EXACTO) ARP
50285,CPS0019,CONSUMO DE LAMINADO
50288,CPS0019,CONSUMO DE LAMINADO
50288,709,LAMINADO 110MM PAPEL SEMIBRILLO 6770 80G AP 904 RI
50289,CPS0019,CONSUMO DE LAMINADO
50289,50294,LAMINADO FILM PETG 414 MM TERMOCONTRAIBLE 40 MIC (QUIMATIC S.A.)
50290,CPS0019,CONSUMO DE LAMINADO
50290,46344,LAMINADO 160MM PPBB60-P1-G62S (Samson)
50291,CPS0019,CONSUMO DE LAMINADO
50291,46344,LAMINADO 160MM PPBB60-P1-G62S (Samson)
50295,44928,LAMINADO 300MM PAPEL SEMIBRILLO L80-PH-G62S Exacto ARP
50295,CPS0019,CONSUMO DE LAMINADO
50296,CPS0019,CONSUMO DE LAMINADO
50296,709,LAMINADO 110MM PAPEL SEMIBRILLO 6770 80G AP 904 RI
50297,CPS0019,CONSUMO DE LAMINADO
50297,44928,LAMINADO 300MM PAPEL SEMIBRILLO L80-PH-G62S Exacto ARP
50298,CPS0019,CONSUMO DE LAMINADO
50298,46888,LAMINADO 160MM GREEN PAPER 120µ HP 2300/GL62 INNO
50299,42252,LAMINADO CINTA P/LAM  PP TRANSP. 300MM BRILLANTE 24M
50299,CPS0019,CONSUMO DE LAMINADO
50299,46452,LAMINADO 300MM PAPEL SEMIBRILLO 6770 80 GR AP 904 RI
503,CPS0019,CONSUMO DE LAMINADO
503,86,LAMINADO SINCLAIR 17681 157MM TYPE 31
50300,43477,LAMINADO 110MM PP TRANSPARENTE 50/P1-G62S ARC
50300,CPS0019,CONSUMO DE LAMINADO
50301,CPS0019,CONSUMO DE LAMINADO
50301,709,LAMINADO 110MM PAPEL SEMIBRILLO 6770 80G AP 904 RI
50302,42817,LAMINADO 300MM BOPP BCO. BRILLANTE 60 TC (08065)
50302,CPS0019,CONSUMO DE LAMINADO
50304,42817,LAMINADO 300MM BOPP BCO. BRILLANTE 60 TC (08065)
50304,CPS0019,CONSUMO DE LAMINADO
50306,CPS0019,CONSUMO DE LAMINADO
50306,42817,LAMINADO 300MM BOPP BCO. BRILLANTE 60 TC (08065)
50307,42817,LAMINADO 300MM BOPP BCO. BRILLANTE 60 TC (08065)
50307,CPS0019,CONSUMO DE LAMINADO
50310,CPS0019,CONSUMO DE LAMINADO
50310,46452,LAMINADO 300MM PAPEL SEMIBRILLO 6770 80 GR AP 904 RI
50311,CPS0019,CONSUMO DE LAMINADO
50311,709,LAMINADO 110MM PAPEL SEMIBRILLO 6770 80G AP 904 RI
50312,CPS0019,CONSUMO DE LAMINADO
50312,709,LAMINADO 110MM PAPEL SEMIBRILLO 6770 80G AP 904 RI
50313,43695,LAMINADO 333MM PP TRANSP. PPT50P-P1-G62S ARC
50313,CPS0019,CONSUMO DE LAMINADO
50314,CPS0019,CONSUMO DE LAMINADO
50314,43695,LAMINADO 333MM PP TRANSP. PPT50P-P1-G62S ARC
50315,CPS0019,CONSUMO DE LAMINADO
50315,44928,LAMINADO 300MM PAPEL SEMIBRILLO L80-PH-G62S Exacto ARP
50317,CPS0019,CONSUMO DE LAMINADO
50317,48801,LAMINADO 333MM PAPEL BLANCO SB REMOVIBLE 80G/R3/SK60
50318,CPS0019,CONSUMO DE LAMINADO
50318,46192,LAMINADO 330MM PPBB60-P4-G62S
50320,33782,LAMINADO 111MM PP BLANCO MATE 60TC/C2075 F8212B
50320,CPS0019,CONSUMO DE LAMINADO
50323,44928,LAMINADO 300MM PAPEL SEMIBRILLO L80-PH-G62S Exacto ARP
50323,CPS0019,CONSUMO DE LAMINADO
50324,CPS0019,CONSUMO DE LAMINADO
50324,44927,LAMINADO 330MM PAPEL SEMIBRILLO L80-PH-G62S ( EXACTO) ARP
50327,CPS0019,CONSUMO DE LAMINADO
50327,711,LAMINADO 160MM PAPEL SEMIBRILLO 6770 80G AP 904 RI
50330,42252,LAMINADO CINTA P/LAM  PP TRANSP. 300MM BRILLANTE 24M
50330,CPS0019,CONSUMO DE LAMINADO
50330,46452,LAMINADO 300MM PAPEL SEMIBRILLO 6770 80 GR AP 904 RI
50337,CPS0019,CONSUMO DE LAMINADO
50337,709,LAMINADO 110MM PAPEL SEMIBRILLO 6770 80G AP 904 RI
50339,CPS0019,CONSUMO DE LAMINADO
50339,44928,LAMINADO 300MM PAPEL SEMIBRILLO L80-PH-G62S Exacto ARP
50342,CPS0019,CONSUMO DE LAMINADO
50342,46888,LAMINADO 160MM GREEN PAPER 120µ HP 2300/GL62 INNO
50343,CPS0019,CONSUMO DE LAMINADO
50343,46888,LAMINADO 160MM GREEN PAPER 120µ HP 2300/GL62 INNO
50344,CPS0019,CONSUMO DE LAMINADO
50344,46192,LAMINADO 330MM PPBB60-P4-G62S
50345,CPS0019,CONSUMO DE LAMINADO
50345,46192,LAMINADO 330MM PPBB60-P4-G62S
50346,CPS0019,CONSUMO DE LAMINADO
50346,48640,LAMINADO FILM PVC 290 MM 40 MIC
50348,CPS0019,CONSUMO DE LAMINADO
50348,46148,LAMINADO 330MM PPBB60-P1-G62S
50349,45780,LAMINADO 300MM PPBB60-P4-G62S
50349,CPS0019,CONSUMO DE LAMINADO
50350,43573,LAMINADO 200MM PPBB60-P1-G62S
50350,CPS0019,CONSUMO DE LAMINADO
50350,47363,LAMINADO 200MM PPDL54P1 OPTIMA MATE G60
50352,43573,LAMINADO 200MM PPBB60-P1-G62S
50352,CPS0019,CONSUMO DE LAMINADO
50352,44544,LAMINADO 200MM PPDL54P4 OPTIMA MATE AF1000 G60 ARC
50353,CPS0019,CONSUMO DE LAMINADO
50353,48647,LAMINADO FILM PETG 330 MM 45 MIC
50354,CPS0019,CONSUMO DE LAMINADO
50354,46888,LAMINADO 160MM GREEN PAPER 120µ HP 2300/GL62 INNO
50361,CPS0019,CONSUMO DE LAMINADO
50361,46888,LAMINADO 160MM GREEN PAPER 120µ HP 2300/GL62 INNO
50362,CPS0019,CONSUMO DE LAMINADO
50362,46888,LAMINADO 160MM GREEN PAPER 120µ HP 2300/GL62 INNO
50364,CPS0019,CONSUMO DE LAMINADO
50364,56353,LAMINADO 160MM GREEN PAPER ADH ST / GL62 INNO
50366,42726,LAMINADO FOLIA ORO COLDFOIL 100 MM
50366,CPS0019,CONSUMO DE LAMINADO
50366,44928,LAMINADO 300MM PAPEL SEMIBRILLO L80-PH-G62S Exacto ARP
50367,CPS0019,CONSUMO DE LAMINADO
50367,48080,LAMINADO 110MM BLACKCOVER 90 GR AE500 GL62 INNO
50368,CPS0019,CONSUMO DE LAMINADO
50368,48080,LAMINADO 110MM BLACKCOVER 90 GR AE500 GL62 INNO
50369,CPS0019,CONSUMO DE LAMINADO
50369,48080,LAMINADO 110MM BLACKCOVER 90 GR AE500 GL62 INNO
50370,CPS0019,CONSUMO DE LAMINADO
50370,45780,LAMINADO 300MM PPBB60-P4-G62S
50371,44927,LAMINADO 330MM PAPEL SEMIBRILLO L80-PH-G62S ( EXACTO) ARP
50371,CPS0019,CONSUMO DE LAMINADO
50377,CPS0019,CONSUMO DE LAMINADO
50377,45856,LAMINADO 330MM PAPEL SEMIBRILLO 6770 80 GR AP 904 RI
50380,CPS0019,CONSUMO DE LAMINADO
50380,45884,LAMINADO 330MM PAPEL SEMIBRILLO 80-P4H-G62 ARC
50381,45884,LAMINADO 330MM PAPEL SEMIBRILLO 80-P4H-G62 ARC
50381,CPS0019,CONSUMO DE LAMINADO
50386,CPS0019,CONSUMO DE LAMINADO
50386,44927,LAMINADO 330MM PAPEL SEMIBRILLO L80-PH-G62S ( EXACTO) ARP
50387,CPS0019,CONSUMO DE LAMINADO
50387,44927,LAMINADO 330MM PAPEL SEMIBRILLO L80-PH-G62S ( EXACTO) ARP
50388,CPS0019,CONSUMO DE LAMINADO
50388,46192,LAMINADO 330MM PPBB60-P4-G62S
50389,CPS0019,CONSUMO DE LAMINADO
50389,46192,LAMINADO 330MM PPBB60-P4-G62S
50390,45780,LAMINADO 300MM PPBB60-P4-G62S
50390,CPS0019,CONSUMO DE LAMINADO
50391,CPS0019,CONSUMO DE LAMINADO
50391,45780,LAMINADO 300MM PPBB60-P4-G62S
50393,CPS0019,CONSUMO DE LAMINADO
50393,45884,LAMINADO 330MM PAPEL SEMIBRILLO 80-P4H-G62 ARC
50394,CPS0019,CONSUMO DE LAMINADO
50394,46452,LAMINADO 300MM PAPEL SEMIBRILLO 6770 80 GR AP 904 RI
50395,CPS0019,CONSUMO DE LAMINADO
50395,46452,LAMINADO 300MM PAPEL SEMIBRILLO 6770 80 GR AP 904 RI
50396,CPS0019,CONSUMO DE LAMINADO
50396,46452,LAMINADO 300MM PAPEL SEMIBRILLO 6770 80 GR AP 904 RI
50399,CPS0019,CONSUMO DE LAMINADO
50399,48647,LAMINADO FILM PETG 330 MM 45 MIC
504,CPS0019,CONSUMO DE LAMINADO
504,86,LAMINADO SINCLAIR 17681 157MM TYPE 31
50400,CPS0019,CONSUMO DE LAMINADO
50400,48647,LAMINADO FILM PETG 330 MM 45 MIC
50401,CPS0019,CONSUMO DE LAMINADO
50401,48647,LAMINADO FILM PETG 330 MM 45 MIC
50402,CPS0019,CONSUMO DE LAMINADO
50402,48647,LAMINADO FILM PETG 330 MM 45 MIC
50403,CPS0019,CONSUMO DE LAMINADO
50403,46888,LAMINADO 160MM GREEN PAPER 120µ HP 2300/GL62 INNO
50404,46888,LAMINADO 160MM GREEN PAPER 120µ HP 2300/GL62 INNO
50404,CPS0019,CONSUMO DE LAMINADO
50409,CPS0019,CONSUMO DE LAMINADO
50409,45884,LAMINADO 330MM PAPEL SEMIBRILLO 80-P4H-G62 ARC
50410,CPS0019,CONSUMO DE LAMINADO
50410,46452,LAMINADO 300MM PAPEL SEMIBRILLO 6770 80 GR AP 904 RI
50412,CPS0019,CONSUMO DE LAMINADO
50412,48308,LAMINADO 330MM TERMAL  TOP HS AP903 YG60
50414,CPS0019,CONSUMO DE LAMINADO
50414,48938,LAMINADO 320MM PAPEL KRAFT NATURAL LOOK 70 GRMS AE-500 INNO
50415,44927,LAMINADO 330MM PAPEL SEMIBRILLO L80-PH-G62S ( EXACTO) ARP
50415,CPS0019,CONSUMO DE LAMINADO
50416,CPS0019,CONSUMO DE LAMINADO
50416,44927,LAMINADO 330MM PAPEL SEMIBRILLO L80-PH-G62S ( EXACTO) ARP
50417,CPS0019,CONSUMO DE LAMINADO
50417,44955,LAMINADO 280MM BOPP BLCO. BRITE. RITRAMA (8065)
50418,CPS0019,CONSUMO DE LAMINADO
50418,46148,LAMINADO 330MM PPBB60-P1-G62S
50419,39682,LAMINADO 200MM BOPP PERLADO( 07358 ) RI 757/PR SK 60 AP901
50419,CPS0019,CONSUMO DE LAMINADO
50420,43504,LAMINADO 200MM BOPP  METALIZADO PLATA BRILLANTE RI 717/50
50420,CPS0019,CONSUMO DE LAMINADO
50421,42817,LAMINADO 300MM BOPP BCO. BRILLANTE 60 TC (08065)
50421,CPS0019,CONSUMO DE LAMINADO
50425,CPS0019,CONSUMO DE LAMINADO
50425,46192,LAMINADO 330MM PPBB60-P4-G62S
50428,CPS0019,CONSUMO DE LAMINADO
50428,51252,LAMINADO 110MM PAPEL TRANSFER TT64-P ARC
50429,CPS0019,CONSUMO DE LAMINADO
50429,711,LAMINADO 160MM PAPEL SEMIBRILLO 6770 80G AP 904 RI
50430,CPS0019,CONSUMO DE LAMINADO
50430,46888,LAMINADO 160MM GREEN PAPER 120µ HP 2300/GL62 INNO
50432,42817,LAMINADO 300MM BOPP BCO. BRILLANTE 60 TC (08065)
50432,CPS0019,CONSUMO DE LAMINADO
50433,46148,LAMINADO 330MM PPBB60-P1-G62S
50433,CPS0019,CONSUMO DE LAMINADO
50434,CPS0019,CONSUMO DE LAMINADO
50434,46148,LAMINADO 330MM PPBB60-P1-G62S
50435,46148,LAMINADO 330MM PPBB60-P1-G62S
50435,CPS0019,CONSUMO DE LAMINADO
50436,44927,LAMINADO 330MM PAPEL SEMIBRILLO L80-PH-G62S ( EXACTO) ARP
50436,CPS0019,CONSUMO DE LAMINADO
50437,CPS0019,CONSUMO DE LAMINADO
50437,48647,LAMINADO FILM PETG 330 MM 45 MIC
50438,43695,LAMINADO 333MM PP TRANSP. PPT50P-P1-G62S ARC
50438,CPS0019,CONSUMO DE LAMINADO
50439,CPS0019,CONSUMO DE LAMINADO
50439,45997,LAMINADO 160MM PAPEL SEMIBRILLO L80-PH-G62S (EXACTO) ARP
50441,CPS0019,CONSUMO DE LAMINADO
50441,49166,LAMINADO 250MM PP TRANSP.
50442,CPS0019,CONSUMO DE LAMINADO
50442,49166,LAMINADO 250MM PP TRANSP.
50443,CPS0019,CONSUMO DE LAMINADO
50443,49166,LAMINADO 250MM PP TRANSP.
50444,CPS0019,CONSUMO DE LAMINADO
50444,49166,LAMINADO 250MM PP TRANSP.
50447,CPS0019,CONSUMO DE LAMINADO
50447,46148,LAMINADO 330MM PPBB60-P1-G62S
50448,CPS0019,CONSUMO DE LAMINADO
50448,46145,LAMINADO 110MM PPBB60-P1-G62S
50449,CPS0019,CONSUMO DE LAMINADO
50449,46145,LAMINADO 110MM PPBB60-P1-G62S
50450,42814,LAMINADO 200MM BOPP  BLACO. 60 UTC RI 707/BL 8065
50450,CPS0019,CONSUMO DE LAMINADO
50451,40500,LAMINADO 160MM BOPP  BLACO. 60 UTC RI 707/BL 8065 EXACTO
50451,CPS0019,CONSUMO DE LAMINADO
50451,43452,LAMINADO 160MM PP BCO BTE P4 38M G58 ARC
50454,CPS0019,CONSUMO DE LAMINADO
50454,711,LAMINADO 160MM PAPEL SEMIBRILLO 6770 80G AP 904 RI
50456,CPS0019,CONSUMO DE LAMINADO
50456,709,LAMINADO 110MM PAPEL SEMIBRILLO 6770 80G AP 904 RI
50457,CPS0019,CONSUMO DE LAMINADO
50457,50325,LAMINADO FILM BOPP TRANSP. 335 MM 35 MIC (QUIMATIC S.A.)
50458,CPS0019,CONSUMO DE LAMINADO
50458,50325,LAMINADO FILM BOPP TRANSP. 335 MM 35 MIC (QUIMATIC S.A.)
50459,CPS0019,CONSUMO DE LAMINADO
50459,50325,LAMINADO FILM BOPP TRANSP. 335 MM 35 MIC (QUIMATIC S.A.)
50460,CPS0019,CONSUMO DE LAMINADO
50460,50325,LAMINADO FILM BOPP TRANSP. 335 MM 35 MIC (QUIMATIC S.A.)
50461,CPS0019,CONSUMO DE LAMINADO
50461,50325,LAMINADO FILM BOPP TRANSP. 335 MM 35 MIC (QUIMATIC S.A.)
50473,CPS0019,CONSUMO DE LAMINADO
50473,709,LAMINADO 110MM PAPEL SEMIBRILLO 6770 80G AP 904 RI
50474,45585,LAMINADO 330MM BOPP  METALIZADO PLATA BRILLANTE RI 717/50
50474,CPS0019,CONSUMO DE LAMINADO
50476,40500,LAMINADO 160MM BOPP  BLACO. 60 UTC RI 707/BL 8065 EXACTO
50476,43452,LAMINADO 160MM PP BCO BTE P4 38M G58 ARC
50476,CPS0019,CONSUMO DE LAMINADO
50478,CPS0019,CONSUMO DE LAMINADO
50478,44828,LAMINADO 250MM PPBB60-P1-G62S
50479,46148,LAMINADO 330MM PPBB60-P1-G62S
50479,CPS0019,CONSUMO DE LAMINADO
50483,45780,LAMINADO 300MM PPBB60-P4-G62S
50483,CPS0019,CONSUMO DE LAMINADO
50487,45951,LAMINADO CINTA P/LAMINAR  PP TRANSP. 310MM OLPP24-B-1500
50487,CPS0019,CONSUMO DE LAMINADO
50487,50740,LAMINADO 330MM PPBB60-P1-BOPP TRANS. 50 MIC (CIF)
50488,45951,LAMINADO CINTA P/LAMINAR  PP TRANSP. 310MM OLPP24-B-1500
50488,CPS0019,CONSUMO DE LAMINADO
50488,50740,LAMINADO 330MM PPBB60-P1-BOPP TRANS. 50 MIC (CIF)
50489,CPS0019,CONSUMO DE LAMINADO
50489,50740,LAMINADO 330MM PPBB60-P1-BOPP TRANS. 50 MIC (CIF)
50489,45951,LAMINADO CINTA P/LAMINAR  PP TRANSP. 310MM OLPP24-B-1500
50490,CPS0019,CONSUMO DE LAMINADO
50490,46148,LAMINADO 330MM PPBB60-P1-G62S
50499,CPS0019,CONSUMO DE LAMINADO
50499,46888,LAMINADO 160MM GREEN PAPER 120µ HP 2300/GL62 INNO
505,CPS0019,CONSUMO DE LAMINADO
505,86,LAMINADO SINCLAIR 17681 157MM TYPE 31
50500,CPS0019,CONSUMO DE LAMINADO
50500,46888,LAMINADO 160MM GREEN PAPER 120µ HP 2300/GL62 INNO
50502,CPS0019,CONSUMO DE LAMINADO
50502,44928,LAMINADO 300MM PAPEL SEMIBRILLO L80-PH-G62S Exacto ARP
50510,CPS0019,CONSUMO DE LAMINADO
50510,46888,LAMINADO 160MM GREEN PAPER 120µ HP 2300/GL62 INNO
50511,40500,LAMINADO 160MM BOPP  BLACO. 60 UTC RI 707/BL 8065 EXACTO
50511,CPS0019,CONSUMO DE LAMINADO
50512,40500,LAMINADO 160MM BOPP  BLACO. 60 UTC RI 707/BL 8065 EXACTO
50512,CPS0019,CONSUMO DE LAMINADO
50513,40500,LAMINADO 160MM BOPP  BLACO. 60 UTC RI 707/BL 8065 EXACTO
50513,CPS0019,CONSUMO DE LAMINADO
50514,43573,LAMINADO 200MM PPBB60-P1-G62S
50514,CPS0019,CONSUMO DE LAMINADO
50514,47363,LAMINADO 200MM PPDL54P1 OPTIMA MATE G60
50515,43573,LAMINADO 200MM PPBB60-P1-G62S
50515,CPS0019,CONSUMO DE LAMINADO
50515,47363,LAMINADO 200MM PPDL54P1 OPTIMA MATE G60
50516,CPS0019,CONSUMO DE LAMINADO
50516,46828,LAMINADO 250 MM BOPP BLANCO 38 M/P4
50516,48724,LAMINADO 250MM BOPP  BLACO. 60 UTC RI 707/BL 8065
50517,43695,LAMINADO 333MM PP TRANSP. PPT50P-P1-G62S ARC
50517,CPS0019,CONSUMO DE LAMINADO
50518,43695,LAMINADO 333MM PP TRANSP. PPT50P-P1-G62S ARC
50518,CPS0019,CONSUMO DE LAMINADO
50520,CPS0019,CONSUMO DE LAMINADO
50520,46148,LAMINADO 330MM PPBB60-P1-G62S
50521,CPS0019,CONSUMO DE LAMINADO
50521,46148,LAMINADO 330MM PPBB60-P1-G62S
50522,CPS0019,CONSUMO DE LAMINADO
50522,46148,LAMINADO 330MM PPBB60-P1-G62S
50524,43299,LAMINADO 110MM PAPEL TRANSFER TT64/PH
50524,CPS0019,CONSUMO DE LAMINADO
50530,CPS0019,CONSUMO DE LAMINADO
50530,44927,LAMINADO 330MM PAPEL SEMIBRILLO L80-PH-G62S ( EXACTO) ARP
50531,CPS0019,CONSUMO DE LAMINADO
50531,44927,LAMINADO 330MM PAPEL SEMIBRILLO L80-PH-G62S ( EXACTO) ARP
50532,CPS0019,CONSUMO DE LAMINADO
50532,44927,LAMINADO 330MM PAPEL SEMIBRILLO L80-PH-G62S ( EXACTO) ARP
50533,44927,LAMINADO 330MM PAPEL SEMIBRILLO L80-PH-G62S ( EXACTO) ARP
50533,CPS0019,CONSUMO DE LAMINADO
50534,44927,LAMINADO 330MM PAPEL SEMIBRILLO L80-PH-G62S ( EXACTO) ARP
50534,CPS0019,CONSUMO DE LAMINADO
50535,CPS0019,CONSUMO DE LAMINADO
50535,46148,LAMINADO 330MM PPBB60-P1-G62S
50536,45780,LAMINADO 300MM PPBB60-P4-G62S
50536,CPS0019,CONSUMO DE LAMINADO
50538,42282,LAMINADO 110MM PAPEL TRANSFER  AT20 F13600
50538,CPS0019,CONSUMO DE LAMINADO
50541,CPS0019,CONSUMO DE LAMINADO
50541,56390,LAMINADO 100MM PAPEL TRANSFER TT64-P
50542,CPS0019,CONSUMO DE LAMINADO
50542,44928,LAMINADO 300MM PAPEL SEMIBRILLO L80-PH-G62S Exacto ARP
50543,43695,LAMINADO 333MM PP TRANSP. PPT50P-P1-G62S ARC
50543,CPS0019,CONSUMO DE LAMINADO
50544,43695,LAMINADO 333MM PP TRANSP. PPT50P-P1-G62S ARC
50544,CPS0019,CONSUMO DE LAMINADO
50555,43432,LAMINADO 200MM PAPEL SEMIBRILLO L80-PH-G62S ARP
50555,CPS0019,CONSUMO DE LAMINADO
50556,CPS0019,CONSUMO DE LAMINADO
50556,48647,LAMINADO FILM PETG 330 MM 45 MIC
50557,CPS0019,CONSUMO DE LAMINADO
50557,46148,LAMINADO 330MM PPBB60-P1-G62S
50558,CPS0019,CONSUMO DE LAMINADO
50558,46148,LAMINADO 330MM PPBB60-P1-G62S
50559,CPS0019,CONSUMO DE LAMINADO
50559,46148,LAMINADO 330MM PPBB60-P1-G62S
50560,46148,LAMINADO 330MM PPBB60-P1-G62S
50560,CPS0019,CONSUMO DE LAMINADO
50562,44927,LAMINADO 330MM PAPEL SEMIBRILLO L80-PH-G62S ( EXACTO) ARP
50562,CPS0019,CONSUMO DE LAMINADO
50564,43695,LAMINADO 333MM PP TRANSP. PPT50P-P1-G62S ARC
50564,CPS0019,CONSUMO DE LAMINADO
50566,CPS0019,CONSUMO DE LAMINADO
50566,46452,LAMINADO 300MM PAPEL SEMIBRILLO 6770 80 GR AP 904 RI
50571,CPS0019,CONSUMO DE LAMINADO
50571,46888,LAMINADO 160MM GREEN PAPER 120µ HP 2300/GL62 INNO
50573,44927,LAMINADO 330MM PAPEL SEMIBRILLO L80-PH-G62S ( EXACTO) ARP
50573,CPS0019,CONSUMO DE LAMINADO
50574,CPS0019,CONSUMO DE LAMINADO
50574,44927,LAMINADO 330MM PAPEL SEMIBRILLO L80-PH-G62S ( EXACTO) ARP
50575,44927,LAMINADO 330MM PAPEL SEMIBRILLO L80-PH-G62S ( EXACTO) ARP
50575,CPS0019,CONSUMO DE LAMINADO
50576,44927,LAMINADO 330MM PAPEL SEMIBRILLO L80-PH-G62S ( EXACTO) ARP
50576,CPS0019,CONSUMO DE LAMINADO
50578,CPS0019,CONSUMO DE LAMINADO
50578,49339,LAMINADO 158 WINEGLASS (AUTOMATICO) PT220 ECO
50585,40500,LAMINADO 160MM BOPP  BLACO. 60 UTC RI 707/BL 8065 EXACTO
50585,CPS0019,CONSUMO DE LAMINADO
50586,44955,LAMINADO 280MM BOPP BLCO. BRITE. RITRAMA (8065)
50586,CPS0019,CONSUMO DE LAMINADO
50595,CPS0019,CONSUMO DE LAMINADO
50595,710,LAMINADO 167 WINEGLASS (AUTOMATICO) PT220 ECO
50596,CPS0019,CONSUMO DE LAMINADO
50596,49200,LAMINADO 160MM GREEN PAPER 100µ AE500 GL62 INNO
50597,CPS0019,CONSUMO DE LAMINADO
50597,50768,LAMINADO 270MM PAPEL TRILAMINADO Papel de 45g/Mepro 17/PE de 35 o 40 micras
50598,CPS0019,CONSUMO DE LAMINADO
50598,50768,LAMINADO 270MM PAPEL TRILAMINADO Papel de 45g/Mepro 17/PE de 35 o 40 micras
50599,CPS0019,CONSUMO DE LAMINADO
50599,48640,LAMINADO FILM PVC 290 MM 40 MIC
50600,CPS0019,CONSUMO DE LAMINADO
50600,44927,LAMINADO 330MM PAPEL SEMIBRILLO L80-PH-G62S ( EXACTO) ARP
50605,CPS0019,CONSUMO DE LAMINADO
50605,48938,LAMINADO 320MM PAPEL KRAFT NATURAL LOOK 70 GRMS AE-500 INNO
50607,CPS0019,CONSUMO DE LAMINADO
50607,50832,LAMINADO 174 MM PAPEL TERMICO T70/P ARC
50608,CPS0019,CONSUMO DE LAMINADO
50608,46384,LAMINADO 330 MM PAPEL TERMICO PROTEGIDO T77 PH G62 ARC
50609,CPS0019,CONSUMO DE LAMINADO
50609,46384,LAMINADO 330 MM PAPEL TERMICO PROTEGIDO T77 PH G62 ARC
50611,CPS0019,CONSUMO DE LAMINADO
50612,CPS0019,CONSUMO DE LAMINADO
50613,CPS0019,CONSUMO DE LAMINADO
50614,CPS0019,CONSUMO DE LAMINADO
50616,CPS0019,CONSUMO DE LAMINADO
50616,46148,LAMINADO 330MM PPBB60-P1-G62S
50617,CPS0019,CONSUMO DE LAMINADO
50617,46148,LAMINADO 330MM PPBB60-P1-G62S
50620,CPS0019,CONSUMO DE LAMINADO
50620,44927,LAMINADO 330MM PAPEL SEMIBRILLO L80-PH-G62S ( EXACTO) ARP
50628,CPS0019,CONSUMO DE LAMINADO
50628,46452,LAMINADO 300MM PAPEL SEMIBRILLO 6770 80 GR AP 904 RI
50629,40500,LAMINADO 160MM BOPP  BLACO. 60 UTC RI 707/BL 8065 EXACTO
50629,43452,LAMINADO 160MM PP BCO BTE P4 38M G58 ARC
50629,CPS0019,CONSUMO DE LAMINADO
50630,CPS0019,CONSUMO DE LAMINADO
50630,54226,LAMINADO 200MM PP  BCO. SY1071H RP37 EXACTO UPM
50632,44927,LAMINADO 330MM PAPEL SEMIBRILLO L80-PH-G62S ( EXACTO) ARP
50632,CPS0019,CONSUMO DE LAMINADO
50634,CPS0019,CONSUMO DE LAMINADO
50634,44928,LAMINADO 300MM PAPEL SEMIBRILLO L80-PH-G62S Exacto ARP
50637,CPS0019,CONSUMO DE LAMINADO
50637,46452,LAMINADO 300MM PAPEL SEMIBRILLO 6770 80 GR AP 904 RI
50638,CPS0019,CONSUMO DE LAMINADO
50638,46452,LAMINADO 300MM PAPEL SEMIBRILLO 6770 80 GR AP 904 RI
50639,CPS0019,CONSUMO DE LAMINADO
50639,46452,LAMINADO 300MM PAPEL SEMIBRILLO 6770 80 GR AP 904 RI
50641,CPS0019,CONSUMO DE LAMINADO
50641,43504,LAMINADO 200MM BOPP  METALIZADO PLATA BRILLANTE RI 717/50
50642,CPS0019,CONSUMO DE LAMINADO
50642,48308,LAMINADO 330MM TERMAL  TOP HS AP903 YG60
50643,CPS0019,CONSUMO DE LAMINADO
50643,48308,LAMINADO 330MM TERMAL  TOP HS AP903 YG60
50645,CPS0019,CONSUMO DE LAMINADO
50645,46630,LAMINADO 300MM TERMICO PROTEGIDO 7836 THERMAL TC /80 GR GL/60
50646,CPS0019,CONSUMO DE LAMINADO
50646,49200,LAMINADO 160MM GREEN PAPER 100µ AE500 GL62 INNO
50647,CPS0019,CONSUMO DE LAMINADO
50647,49200,LAMINADO 160MM GREEN PAPER 100µ AE500 GL62 INNO
50648,CPS0019,CONSUMO DE LAMINADO
50648,49200,LAMINADO 160MM GREEN PAPER 100µ AE500 GL62 INNO
50649,CPS0019,CONSUMO DE LAMINADO
50649,50359,LAMINADO FILM PETG 240 MM 45 MIC
50650,CPS0019,CONSUMO DE LAMINADO
50650,50359,LAMINADO FILM PETG 240 MM 45 MIC
50653,CPS0019,CONSUMO DE LAMINADO
50653,48516,LAMINADO FILM PETG TERMOCONTRAIBLE 40 MIC 250 MM
50654,CPS0019,CONSUMO DE LAMINADO
50654,50359,LAMINADO FILM PETG 240 MM 45 MIC
50657,CPS0019,CONSUMO DE LAMINADO
50657,44955,LAMINADO 280MM BOPP BLCO. BRITE. RITRAMA (8065)
50658,CPS0019,CONSUMO DE LAMINADO
50658,48546,LAMINADO 333MM PP TRANSP.51MC RP37  DIPISA
50659,45730,LAMINADO 260MM PAPEL SEMIBRILLO AF1000 RP48AT 80G DIP
50659,CPS0019,CONSUMO DE LAMINADO
50660,42252,LAMINADO CINTA P/LAM  PP TRANSP. 300MM BRILLANTE 24M
50660,CPS0019,CONSUMO DE LAMINADO
50660,46452,LAMINADO 300MM PAPEL SEMIBRILLO 6770 80 GR AP 904 RI
50661,42252,LAMINADO CINTA P/LAM  PP TRANSP. 300MM BRILLANTE 24M
50661,CPS0019,CONSUMO DE LAMINADO
50661,46452,LAMINADO 300MM PAPEL SEMIBRILLO 6770 80 GR AP 904 RI
50674,CPS0019,CONSUMO DE LAMINADO
50674,49200,LAMINADO 160MM GREEN PAPER 100µ AE500 GL62 INNO
50675,CPS0019,CONSUMO DE LAMINADO
50675,49200,LAMINADO 160MM GREEN PAPER 100µ AE500 GL62 INNO
50679,46192,LAMINADO 330MM PPBB60-P4-G62S
50679,CPS0019,CONSUMO DE LAMINADO
50681,CPS0019,CONSUMO DE LAMINADO
50681,48546,LAMINADO 333MM PP TRANSP.51MC RP37  DIPISA
50682,CPS0019,CONSUMO DE LAMINADO
50682,50635,LAMINADO FILM PETG 548 MM TERMOCONTRAIBLE 40 MIC (QUIMATIC S.A.)
50683,CPS0019,CONSUMO DE LAMINADO
50683,48546,LAMINADO 333MM PP TRANSP.51MC RP37  DIPISA
50685,CPS0019,CONSUMO DE LAMINADO
50685,46192,LAMINADO 330MM PPBB60-P4-G62S
50686,45856,LAMINADO 330MM PAPEL SEMIBRILLO 6770 80 GR AP 904 RI
50686,CPS0019,CONSUMO DE LAMINADO
50687,45856,LAMINADO 330MM PAPEL SEMIBRILLO 6770 80 GR AP 904 RI
50687,CPS0019,CONSUMO DE LAMINADO
50688,45856,LAMINADO 330MM PAPEL SEMIBRILLO 6770 80 GR AP 904 RI
50688,CPS0019,CONSUMO DE LAMINADO
50689,CPS0019,CONSUMO DE LAMINADO
50689,45856,LAMINADO 330MM PAPEL SEMIBRILLO 6770 80 GR AP 904 RI
50690,CPS0019,CONSUMO DE LAMINADO
50690,45856,LAMINADO 330MM PAPEL SEMIBRILLO 6770 80 GR AP 904 RI
50691,CPS0019,CONSUMO DE LAMINADO
50691,45856,LAMINADO 330MM PAPEL SEMIBRILLO 6770 80 GR AP 904 RI
50692,CPS0019,CONSUMO DE LAMINADO
50692,44626,LAMINADO 110MM PPDL54P4 OPTIMA MATE AF1000 G60 ARC
50698,44626,LAMINADO 110MM PPDL54P4 OPTIMA MATE AF1000 G60 ARC
50698,CPS0019,CONSUMO DE LAMINADO
50699,CPS0019,CONSUMO DE LAMINADO
50699,49200,LAMINADO 160MM GREEN PAPER 100µ AE500 GL62 INNO
507,CPS0019,CONSUMO DE LAMINADO
507,86,LAMINADO SINCLAIR 17681 157MM TYPE 31
50700,CPS0019,CONSUMO DE LAMINADO
50700,49200,LAMINADO 160MM GREEN PAPER 100µ AE500 GL62 INNO
50701,CPS0019,CONSUMO DE LAMINADO
50701,49200,LAMINADO 160MM GREEN PAPER 100µ AE500 GL62 INNO
50702,CPS0019,CONSUMO DE LAMINADO
50702,49200,LAMINADO 160MM GREEN PAPER 100µ AE500 GL62 INNO
50703,CPS0019,CONSUMO DE LAMINADO
50703,57755,LAMINADO 160MM PP BCO BTE PPBB60-P ARP (SAMSON/ARP)
50704,CPS0019,CONSUMO DE LAMINADO
50704,57755,LAMINADO 160MM PP BCO BTE PPBB60-P ARP (SAMSON/ARP)
50705,CPS0019,CONSUMO DE LAMINADO
50705,44928,LAMINADO 300MM PAPEL SEMIBRILLO L80-PH-G62S Exacto ARP
50706,44927,LAMINADO 330MM PAPEL SEMIBRILLO L80-PH-G62S ( EXACTO) ARP
50706,CPS0019,CONSUMO DE LAMINADO
50707,CPS0019,CONSUMO DE LAMINADO
50707,44927,LAMINADO 330MM PAPEL SEMIBRILLO L80-PH-G62S ( EXACTO) ARP
50708,44927,LAMINADO 330MM PAPEL SEMIBRILLO L80-PH-G62S ( EXACTO) ARP
50708,CPS0019,CONSUMO DE LAMINADO
50712,CPS0019,CONSUMO DE LAMINADO
50712,49427,LAMINADO FILM PVC 245 MM 40 MIC
50714,CPS0019,CONSUMO DE LAMINADO
50714,47778,LAMINADO 330MM PAPEL SEMIBRILLO RP48AT 80G DIP
50715,CPS0019,CONSUMO DE LAMINADO
50715,50360,LAMINADO FILM PETG 300 MM 45 MIC
50722,44927,LAMINADO 330MM PAPEL SEMIBRILLO L80-PH-G62S ( EXACTO) ARP
50722,CPS0019,CONSUMO DE LAMINADO
50723,CPS0019,CONSUMO DE LAMINADO
50723,46148,LAMINADO 330MM PPBB60-P1-G62S
50724,CPS0019,CONSUMO DE LAMINADO
50724,46148,LAMINADO 330MM PPBB60-P1-G62S
50725,CPS0019,CONSUMO DE LAMINADO
50725,46148,LAMINADO 330MM PPBB60-P1-G62S
50726,CPS0019,CONSUMO DE LAMINADO
50726,46344,LAMINADO 160MM PPBB60-P1-G62S (Samson)
50727,CPS0019,CONSUMO DE LAMINADO
50727,46344,LAMINADO 160MM PPBB60-P1-G62S (Samson)
50728,CPS0019,CONSUMO DE LAMINADO
50728,46344,LAMINADO 160MM PPBB60-P1-G62S (Samson)
50730,CPS0019,CONSUMO DE LAMINADO
50730,46148,LAMINADO 330MM PPBB60-P1-G62S
50732,CPS0019,CONSUMO DE LAMINADO
50732,45674,LAMINADO 250MM BOPP  METALIZADO PLATA BRILLANTE RI 717/50
50733,43573,LAMINADO 200MM PPBB60-P1-G62S
50733,CPS0019,CONSUMO DE LAMINADO
50736,42628,LAMINADO 200MM HG FASCOVER  AT20
50736,CPS0019,CONSUMO DE LAMINADO
50738,CPS0019,CONSUMO DE LAMINADO
50738,46722,LAMINADO 320MM PPDL54BH OPTIMA MATE AF1000 G60
50738,46649,LAMINADO CINTA P/LAMINAR  PP TRANSP. 310MM OLPP24-M-1500
50739,CPS0019,CONSUMO DE LAMINADO
50739,48640,LAMINADO FILM PVC 290 MM 40 MIC
50740,46148,LAMINADO 330MM PPBB60-P1-G62S
50740,CPS0019,CONSUMO DE LAMINADO
50741,44927,LAMINADO 330MM PAPEL SEMIBRILLO L80-PH-G62S ( EXACTO) ARP
50741,CPS0019,CONSUMO DE LAMINADO
50745,CPS0019,CONSUMO DE LAMINADO
50745,44928,LAMINADO 300MM PAPEL SEMIBRILLO L80-PH-G62S Exacto ARP
50749,CPS0019,CONSUMO DE LAMINADO
50749,44927,LAMINADO 330MM PAPEL SEMIBRILLO L80-PH-G62S ( EXACTO) ARP
50750,44927,LAMINADO 330MM PAPEL SEMIBRILLO L80-PH-G62S ( EXACTO) ARP
50750,CPS0019,CONSUMO DE LAMINADO
50751,44927,LAMINADO 330MM PAPEL SEMIBRILLO L80-PH-G62S ( EXACTO) ARP
50751,CPS0019,CONSUMO DE LAMINADO
50752,CPS0019,CONSUMO DE LAMINADO
50752,44927,LAMINADO 330MM PAPEL SEMIBRILLO L80-PH-G62S ( EXACTO) ARP
50756,CPS0019,CONSUMO DE LAMINADO
50756,49200,LAMINADO 160MM GREEN PAPER 100µ AE500 GL62 INNO
50759,42252,LAMINADO CINTA P/LAM  PP TRANSP. 300MM BRILLANTE 24M
50759,CPS0019,CONSUMO DE LAMINADO
50759,46452,LAMINADO 300MM PAPEL SEMIBRILLO 6770 80 GR AP 904 RI
50760,42252,LAMINADO CINTA P/LAM  PP TRANSP. 300MM BRILLANTE 24M
50760,CPS0019,CONSUMO DE LAMINADO
50760,46452,LAMINADO 300MM PAPEL SEMIBRILLO 6770 80 GR AP 904 RI
50761,40500,LAMINADO 160MM BOPP  BLACO. 60 UTC RI 707/BL 8065 EXACTO
50761,CPS0019,CONSUMO DE LAMINADO
50763,CPS0019,CONSUMO DE LAMINADO
50763,49110,LAMINADO 110MM POLIETILENO BLANCO BRILLANTE 85m – AP901 – GL62
50765,CPS0019,CONSUMO DE LAMINADO
50765,44927,LAMINADO 330MM PAPEL SEMIBRILLO L80-PH-G62S ( EXACTO) ARP
50767,CPS0019,CONSUMO DE LAMINADO
50767,46630,LAMINADO 300MM TERMICO PROTEGIDO 7836 THERMAL TC /80 GR GL/60
50769,CPS0019,CONSUMO DE LAMINADO
50769,48546,LAMINADO 333MM PP TRANSP.51MC RP37  DIPISA
50770,CPS0019,CONSUMO DE LAMINADO
50770,48546,LAMINADO 333MM PP TRANSP.51MC RP37  DIPISA
50774,CPS0019,CONSUMO DE LAMINADO
50776,CPS0019,CONSUMO DE LAMINADO
50776,46036,LAMINADO 110MM PAPEL SEMIBRILLO L80-PH-G62S (EXACTO) ARP
50777,44927,LAMINADO 330MM PAPEL SEMIBRILLO L80-PH-G62S ( EXACTO) ARP
50777,CPS0019,CONSUMO DE LAMINADO
50778,CPS0019,CONSUMO DE LAMINADO
50778,709,LAMINADO 110MM PAPEL SEMIBRILLO 6770 80G AP 904 RI
50785,CPS0019,CONSUMO DE LAMINADO
50785,50802,LAMINADO FILM PETG 424 MM TERMOCONTRAIBLE 40 MIC (QUIMATIC S.A.)
50787,43695,LAMINADO 333MM PP TRANSP. PPT50P-P1-G62S ARC
50787,CPS0019,CONSUMO DE LAMINADO
50788,CPS0019,CONSUMO DE LAMINADO
50788,59760,LAMINADO 330MM PAPEL BLANCO SB REMOVIBLE LITHO 80 R G60 ARP
50789,42817,LAMINADO 300MM BOPP BCO. BRILLANTE 60 TC (08065)
50789,CPS0019,CONSUMO DE LAMINADO
50790,CPS0019,CONSUMO DE LAMINADO
50790,49339,LAMINADO 158 WINEGLASS (AUTOMATICO) PT220 ECO
50791,CPS0019,CONSUMO DE LAMINADO
50791,49339,LAMINADO 158 WINEGLASS (AUTOMATICO) PT220 ECO
50792,CPS0019,CONSUMO DE LAMINADO
50792,49339,LAMINADO 158 WINEGLASS (AUTOMATICO) PT220 ECO
50793,CPS0019,CONSUMO DE LAMINADO
50793,49339,LAMINADO 158 WINEGLASS (AUTOMATICO) PT220 ECO
50795,CPS0019,CONSUMO DE LAMINADO
50795,48724,LAMINADO 250MM BOPP  BLACO. 60 UTC RI 707/BL 8065
50796,CPS0019,CONSUMO DE LAMINADO
50796,44927,LAMINADO 330MM PAPEL SEMIBRILLO L80-PH-G62S ( EXACTO) ARP
50798,44533,LAMINADO 320MM PPDL54P4 OPTIMA MATE AF1000 G60 ARC
50798,CPS0019,CONSUMO DE LAMINADO
50799,44533,LAMINADO 320MM PPDL54P4 OPTIMA MATE AF1000 G60 ARC
50799,CPS0019,CONSUMO DE LAMINADO
50800,CPS0019,CONSUMO DE LAMINADO
50800,44533,LAMINADO 320MM PPDL54P4 OPTIMA MATE AF1000 G60 ARC
50803,CPS0019,CONSUMO DE LAMINADO
50803,50257,LAMINADO 333MM PE ZZ BLANCO MATE TRANSFER C2075
50806,CPS0019,CONSUMO DE LAMINADO
50806,46148,LAMINADO 330MM PPBB60-P1-G62S
50807,CPS0019,CONSUMO DE LAMINADO
50807,46384,LAMINADO 330 MM PAPEL TERMICO PROTEGIDO T77 PH G62 ARC
50808,42664,LAMINADO 111MM PAPEL SINTETICO 80micras
50808,CPS0019,CONSUMO DE LAMINADO
50809,CPS0019,CONSUMO DE LAMINADO
50809,48546,LAMINADO 333MM PP TRANSP.51MC RP37  DIPISA
50810,43432,LAMINADO 200MM PAPEL SEMIBRILLO L80-PH-G62S ARP
50810,CPS0019,CONSUMO DE LAMINADO
50811,43432,LAMINADO 200MM PAPEL SEMIBRILLO L80-PH-G62S ARP
50811,CPS0019,CONSUMO DE LAMINADO
50812,43432,LAMINADO 200MM PAPEL SEMIBRILLO L80-PH-G62S ARP
50812,CPS0019,CONSUMO DE LAMINADO
50818,45506,LAMINADO 330MM PP TRANSPARENTE RESPALDO PET T50/P1 PST30
50818,CPS0019,CONSUMO DE LAMINADO
50819,CPS0019,CONSUMO DE LAMINADO
50819,45506,LAMINADO 330MM PP TRANSPARENTE RESPALDO PET T50/P1 PST30
50820,CPS0019,CONSUMO DE LAMINADO
50820,45506,LAMINADO 330MM PP TRANSPARENTE RESPALDO PET T50/P1 PST30
50823,CPS0019,CONSUMO DE LAMINADO
50823,48546,LAMINADO 333MM PP TRANSP.51MC RP37  DIPISA
50824,44828,LAMINADO 250MM PPBB60-P1-G62S
50824,CPS0019,CONSUMO DE LAMINADO
50828,CPS0019,CONSUMO DE LAMINADO
50828,46344,LAMINADO 160MM PPBB60-P1-G62S (Samson)
50833,CPS0019,CONSUMO DE LAMINADO
50833,49200,LAMINADO 160MM GREEN PAPER 100µ AE500 GL62 INNO
50835,CPS0019,CONSUMO DE LAMINADO
50835,49339,LAMINADO 158 WINEGLASS (AUTOMATICO) PT220 ECO
50836,CPS0019,CONSUMO DE LAMINADO
50836,46148,LAMINADO 330MM PPBB60-P1-G62S
50838,CPS0019,CONSUMO DE LAMINADO
50838,44927,LAMINADO 330MM PAPEL SEMIBRILLO L80-PH-G62S ( EXACTO) ARP
50839,CPS0019,CONSUMO DE LAMINADO
50839,44955,LAMINADO 280MM BOPP BLCO. BRITE. RITRAMA (8065)
50840,44955,LAMINADO 280MM BOPP BLCO. BRITE. RITRAMA (8065)
50840,CPS0019,CONSUMO DE LAMINADO
50841,CPS0019,CONSUMO DE LAMINADO
50841,44955,LAMINADO 280MM BOPP BLCO. BRITE. RITRAMA (8065)
50842,CPS0019,CONSUMO DE LAMINADO
50842,44955,LAMINADO 280MM BOPP BLCO. BRITE. RITRAMA (8065)
50843,45856,LAMINADO 330MM PAPEL SEMIBRILLO 6770 80 GR AP 904 RI
50843,CPS0019,CONSUMO DE LAMINADO
50844,CPS0019,CONSUMO DE LAMINADO
50844,45856,LAMINADO 330MM PAPEL SEMIBRILLO 6770 80 GR AP 904 RI
50845,45856,LAMINADO 330MM PAPEL SEMIBRILLO 6770 80 GR AP 904 RI
50845,CPS0019,CONSUMO DE LAMINADO
50847,CPS0019,CONSUMO DE LAMINADO
50847,45856,LAMINADO 330MM PAPEL SEMIBRILLO 6770 80 GR AP 904 RI
50848,45856,LAMINADO 330MM PAPEL SEMIBRILLO 6770 80 GR AP 904 RI
50848,CPS0019,CONSUMO DE LAMINADO
50849,CPS0019,CONSUMO DE LAMINADO
50849,45856,LAMINADO 330MM PAPEL SEMIBRILLO 6770 80 GR AP 904 RI
50852,44927,LAMINADO 330MM PAPEL SEMIBRILLO L80-PH-G62S ( EXACTO) ARP
50852,CPS0019,CONSUMO DE LAMINADO
50856,43573,LAMINADO 200MM PPBB60-P1-G62S
50856,CPS0019,CONSUMO DE LAMINADO
50858,43573,LAMINADO 200MM PPBB60-P1-G62S
50858,CPS0019,CONSUMO DE LAMINADO
50859,43573,LAMINADO 200MM PPBB60-P1-G62S
50859,CPS0019,CONSUMO DE LAMINADO
50860,43573,LAMINADO 200MM PPBB60-P1-G62S
50860,CPS0019,CONSUMO DE LAMINADO
50862,CPS0019,CONSUMO DE LAMINADO
50862,43573,LAMINADO 200MM PPBB60-P1-G62S
50864,CPS0019,CONSUMO DE LAMINADO
50864,50359,LAMINADO FILM PETG 240 MM 45 MIC
50865,CPS0019,CONSUMO DE LAMINADO
50865,48546,LAMINADO 333MM PP TRANSP.51MC RP37  DIPISA
50866,CPS0019,CONSUMO DE LAMINADO
50866,48546,LAMINADO 333MM PP TRANSP.51MC RP37  DIPISA
50868,CPS0019,CONSUMO DE LAMINADO
50868,46933,LAMINADO 330MM POLIETILENO BLANCO BRILLANTE 85m – AP901 – GL62
50869,CPS0019,CONSUMO DE LAMINADO
50869,50014,LAMINADO 333 MM  PP BLANCO BRILLANTE INKJET 8045 AP904
50870,CPS0019,CONSUMO DE LAMINADO
50870,50014,LAMINADO 333 MM  PP BLANCO BRILLANTE INKJET 8045 AP904
50873,CPS0019,CONSUMO DE LAMINADO
50873,51556,LAMINADO FILM PETG 300 MM 45 MIC
50875,CPS0019,CONSUMO DE LAMINADO
50875,50321,LAMINADO 115MM BOPP BCO. MATE TTR AP901 WG62 (09719)
50877,40500,LAMINADO 160MM BOPP  BLACO. 60 UTC RI 707/BL 8065 EXACTO
50877,43452,LAMINADO 160MM PP BCO BTE P4 38M G58 ARC
50877,CPS0019,CONSUMO DE LAMINADO
50879,44927,LAMINADO 330MM PAPEL SEMIBRILLO L80-PH-G62S ( EXACTO) ARP
50879,CPS0019,CONSUMO DE LAMINADO
50880,CPS0019,CONSUMO DE LAMINADO
50880,44533,LAMINADO 320MM PPDL54P4 OPTIMA MATE AF1000 G60 ARC
50881,44533,LAMINADO 320MM PPDL54P4 OPTIMA MATE AF1000 G60 ARC
50881,CPS0019,CONSUMO DE LAMINADO
50882,44533,LAMINADO 320MM PPDL54P4 OPTIMA MATE AF1000 G60 ARC
50882,CPS0019,CONSUMO DE LAMINADO
50883,CPS0019,CONSUMO DE LAMINADO
50883,45856,LAMINADO 330MM PAPEL SEMIBRILLO 6770 80 GR AP 904 RI
50884,CPS0019,CONSUMO DE LAMINADO
50884,47457,LAMINADO 330MM PAPEL TRANSFER  AT20 F13600
50885,CPS0019,CONSUMO DE LAMINADO
50885,47457,LAMINADO 330MM PAPEL TRANSFER  AT20 F13600
50886,43809,"LAMINADO 109,09MM PAPEL SINTETICO 80micras MIC"
50886,CPS0019,CONSUMO DE LAMINADO
50887,CPS0019,CONSUMO DE LAMINADO
50887,46148,LAMINADO 330MM PPBB60-P1-G62S
50888,44261,LAMINADO 300MM PPDL54P4 OPTIMA MATE AF1000 G60 ARC
50888,CPS0019,CONSUMO DE LAMINADO
50889,44955,LAMINADO 280MM BOPP BLCO. BRITE. RITRAMA (8065)
50889,CPS0019,CONSUMO DE LAMINADO
50890,CPS0019,CONSUMO DE LAMINADO
50890,50094,LAMINADO 333MM PP BLANCO MATE TRANSFER C2075 F8212B
50891,CPS0019,CONSUMO DE LAMINADO
50891,50094,LAMINADO 333MM PP BLANCO MATE TRANSFER C2075 F8212B
50892,CPS0019,CONSUMO DE LAMINADO
50892,50094,LAMINADO 333MM PP BLANCO MATE TRANSFER C2075 F8212B
50893,CPS0019,CONSUMO DE LAMINADO
50893,47778,LAMINADO 330MM PAPEL SEMIBRILLO RP48AT 80G DIP
50894,CPS0019,CONSUMO DE LAMINADO
50894,50094,LAMINADO 333MM PP BLANCO MATE TRANSFER C2075 F8212B
50895,CPS0019,CONSUMO DE LAMINADO
50895,46649,LAMINADO CINTA P/LAMINAR  PP TRANSP. 310MM OLPP24-M-1500
50895,46722,LAMINADO 320MM PPDL54BH OPTIMA MATE AF1000 G60
50896,CPS0019,CONSUMO DE LAMINADO
50896,46036,LAMINADO 110MM PAPEL SEMIBRILLO L80-PH-G62S (EXACTO) ARP
50901,CPS0019,CONSUMO DE LAMINADO
50901,50452,LAMINADO 330MM BOPP PERLADO( 03239 ) RI 757/PR PET 30 AP901
50907,CPS0019,CONSUMO DE LAMINADO
50907,47363,LAMINADO 200MM PPDL54P1 OPTIMA MATE G60
50907,43573,LAMINADO 200MM PPBB60-P1-G62S
50908,43573,LAMINADO 200MM PPBB60-P1-G62S
50908,CPS0019,CONSUMO DE LAMINADO
50908,47363,LAMINADO 200MM PPDL54P1 OPTIMA MATE G60
50909,43573,LAMINADO 200MM PPBB60-P1-G62S
50909,CPS0019,CONSUMO DE LAMINADO
50909,47363,LAMINADO 200MM PPDL54P1 OPTIMA MATE G60
50910,43573,LAMINADO 200MM PPBB60-P1-G62S
50910,CPS0019,CONSUMO DE LAMINADO
50910,47363,LAMINADO 200MM PPDL54P1 OPTIMA MATE G60
50911,CPS0019,CONSUMO DE LAMINADO
50911,47363,LAMINADO 200MM PPDL54P1 OPTIMA MATE G60
50911,43573,LAMINADO 200MM PPBB60-P1-G62S
50912,CPS0019,CONSUMO DE LAMINADO
50912,53511,LAMINADO 330 MM PPDL54P1 OPTIMA MATE G60 ARC
50912,46148,LAMINADO 330MM PPBB60-P1-G62S
50914,CPS0019,CONSUMO DE LAMINADO
50914,47363,LAMINADO 200MM PPDL54P1 OPTIMA MATE G60
50914,43573,LAMINADO 200MM PPBB60-P1-G62S
50915,CPS0019,CONSUMO DE LAMINADO
50915,49110,LAMINADO 110MM POLIETILENO BLANCO BRILLANTE 85m – AP901 – GL62
50919,CPS0019,CONSUMO DE LAMINADO
50919,711,LAMINADO 160MM PAPEL SEMIBRILLO 6770 80G AP 904 RI
50922,CPS0019,CONSUMO DE LAMINADO
50922,44261,LAMINADO 300MM PPDL54P4 OPTIMA MATE AF1000 G60 ARC
50923,44626,LAMINADO 110MM PPDL54P4 OPTIMA MATE AF1000 G60 ARC
50923,CPS0019,CONSUMO DE LAMINADO
50929,CPS0019,CONSUMO DE LAMINADO
50929,44927,LAMINADO 330MM PAPEL SEMIBRILLO L80-PH-G62S ( EXACTO) ARP
50930,42282,LAMINADO 110MM PAPEL TRANSFER  AT20 F13600
50930,CPS0019,CONSUMO DE LAMINADO
50931,CPS0019,CONSUMO DE LAMINADO
50931,46452,LAMINADO 300MM PAPEL SEMIBRILLO 6770 80 GR AP 904 RI
50932,CPS0019,CONSUMO DE LAMINADO
50932,46452,LAMINADO 300MM PAPEL SEMIBRILLO 6770 80 GR AP 904 RI
50933,44927,LAMINADO 330MM PAPEL SEMIBRILLO L80-PH-G62S ( EXACTO) ARP
50933,CPS0019,CONSUMO DE LAMINADO
50934,CPS0019,CONSUMO DE LAMINADO
50934,46452,LAMINADO 300MM PAPEL SEMIBRILLO 6770 80 GR AP 904 RI
50935,CPS0019,CONSUMO DE LAMINADO
50935,47457,LAMINADO 330MM PAPEL TRANSFER  AT20 F13600
50936,CPS0019,CONSUMO DE LAMINADO
50936,46888,LAMINADO 160MM GREEN PAPER 120µ HP 2300/GL62 INNO
50937,CPS0019,CONSUMO DE LAMINADO
50937,46888,LAMINADO 160MM GREEN PAPER 120µ HP 2300/GL62 INNO
50938,CPS0019,CONSUMO DE LAMINADO
50938,46888,LAMINADO 160MM GREEN PAPER 120µ HP 2300/GL62 INNO
50939,CPS0019,CONSUMO DE LAMINADO
50939,48546,LAMINADO 333MM PP TRANSP.51MC RP37  DIPISA
50940,CPS0019,CONSUMO DE LAMINADO
50940,48546,LAMINADO 333MM PP TRANSP.51MC RP37  DIPISA
50942,44828,LAMINADO 250MM PPBB60-P1-G62S
50942,CPS0019,CONSUMO DE LAMINADO
50943,44828,LAMINADO 250MM PPBB60-P1-G62S
50943,CPS0019,CONSUMO DE LAMINADO
50944,44828,LAMINADO 250MM PPBB60-P1-G62S
50944,CPS0019,CONSUMO DE LAMINADO
50945,44828,LAMINADO 250MM PPBB60-P1-G62S
50945,CPS0019,CONSUMO DE LAMINADO
50946,CPS0019,CONSUMO DE LAMINADO
50946,44828,LAMINADO 250MM PPBB60-P1-G62S
50951,44927,LAMINADO 330MM PAPEL SEMIBRILLO L80-PH-G62S ( EXACTO) ARP
50951,CPS0019,CONSUMO DE LAMINADO
50953,45856,LAMINADO 330MM PAPEL SEMIBRILLO 6770 80 GR AP 904 RI
50953,CPS0019,CONSUMO DE LAMINADO
50954,44927,LAMINADO 330MM PAPEL SEMIBRILLO L80-PH-G62S ( EXACTO) ARP
50954,CPS0019,CONSUMO DE LAMINADO
50955,CPS0019,CONSUMO DE LAMINADO
50955,44927,LAMINADO 330MM PAPEL SEMIBRILLO L80-PH-G62S ( EXACTO) ARP
50957,CPS0019,CONSUMO DE LAMINADO
50957,46344,LAMINADO 160MM PPBB60-P1-G62S (Samson)
50958,CPS0019,CONSUMO DE LAMINADO
50958,51558,LAMINADO FILM PETG 360 MM 45 MIC
50959,CPS0019,CONSUMO DE LAMINADO
50959,50363,LAMINADO FILM PETG 345 MM 45 MIC
50960,44927,LAMINADO 330MM PAPEL SEMIBRILLO L80-PH-G62S ( EXACTO) ARP
50960,CPS0019,CONSUMO DE LAMINADO
50961,45730,LAMINADO 260MM PAPEL SEMIBRILLO AF1000 RP48AT 80G DIP
50961,CPS0019,CONSUMO DE LAMINADO
50962,51344,LAMINADO 260MM PAPEL SEMIBRILLO 80 GR AP 904 ( 6770) RI
50962,CPS0019,CONSUMO DE LAMINADO
50963,CPS0019,CONSUMO DE LAMINADO
50963,51344,LAMINADO 260MM PAPEL SEMIBRILLO 80 GR AP 904 ( 6770) RI
50964,CPS0019,CONSUMO DE LAMINADO
50964,51344,LAMINADO 260MM PAPEL SEMIBRILLO 80 GR AP 904 ( 6770) RI
50965,CPS0019,CONSUMO DE LAMINADO
50965,709,LAMINADO 110MM PAPEL SEMIBRILLO 6770 80G AP 904 RI
50968,CPS0019,CONSUMO DE LAMINADO
50968,46148,LAMINADO 330MM PPBB60-P1-G62S
50969,CPS0019,CONSUMO DE LAMINADO
50969,46148,LAMINADO 330MM PPBB60-P1-G62S
50970,CPS0019,CONSUMO DE LAMINADO
50970,46148,LAMINADO 330MM PPBB60-P1-G62S
50971,CPS0019,CONSUMO DE LAMINADO
50971,46148,LAMINADO 330MM PPBB60-P1-G62S
50972,CPS0019,CONSUMO DE LAMINADO
50972,46148,LAMINADO 330MM PPBB60-P1-G62S
50983,45856,LAMINADO 330MM PAPEL SEMIBRILLO 6770 80 GR AP 904 RI
50983,CPS0019,CONSUMO DE LAMINADO
50985,44533,LAMINADO 320MM PPDL54P4 OPTIMA MATE AF1000 G60 ARC
50985,CPS0019,CONSUMO DE LAMINADO
50986,44533,LAMINADO 320MM PPDL54P4 OPTIMA MATE AF1000 G60 ARC
50986,CPS0019,CONSUMO DE LAMINADO
50987,44533,LAMINADO 320MM PPDL54P4 OPTIMA MATE AF1000 G60 ARC
50987,CPS0019,CONSUMO DE LAMINADO
50988,CPS0019,CONSUMO DE LAMINADO
50988,43573,LAMINADO 200MM PPBB60-P1-G62S
50989,42282,LAMINADO 110MM PAPEL TRANSFER  AT20 F13600
50989,CPS0019,CONSUMO DE LAMINADO
50990,42282,LAMINADO 110MM PAPEL TRANSFER  AT20 F13600
50990,CPS0019,CONSUMO DE LAMINADO
50991,CPS0019,CONSUMO DE LAMINADO
50991,48546,LAMINADO 333MM PP TRANSP.51MC RP37  DIPISA
50992,CPS0019,CONSUMO DE LAMINADO
50992,48546,LAMINADO 333MM PP TRANSP.51MC RP37  DIPISA
50993,CPS0019,CONSUMO DE LAMINADO
50993,48546,LAMINADO 333MM PP TRANSP.51MC RP37  DIPISA
50994,CPS0019,CONSUMO DE LAMINADO
50994,52915,LAMINADO 333MM PP TRANSP. RP37 SY105C UPM RAFLATAC
50995,CPS0019,CONSUMO DE LAMINADO
50995,48546,LAMINADO 333MM PP TRANSP.51MC RP37  DIPISA
50996,CPS0019,CONSUMO DE LAMINADO
50996,48546,LAMINADO 333MM PP TRANSP.51MC RP37  DIPISA
50997,CPS0019,CONSUMO DE LAMINADO
50997,48546,LAMINADO 333MM PP TRANSP.51MC RP37  DIPISA
51001,CPS0019,CONSUMO DE LAMINADO
51001,45674,LAMINADO 250MM BOPP  METALIZADO PLATA BRILLANTE RI 717/50
51002,40500,LAMINADO 160MM BOPP  BLACO. 60 UTC RI 707/BL 8065 EXACTO
51002,43452,LAMINADO 160MM PP BCO BTE P4 38M G58 ARC
51002,CPS0019,CONSUMO DE LAMINADO
51003,40500,LAMINADO 160MM BOPP  BLACO. 60 UTC RI 707/BL 8065 EXACTO
51003,43452,LAMINADO 160MM PP BCO BTE P4 38M G58 ARC
51003,CPS0019,CONSUMO DE LAMINADO
51004,CPS0019,CONSUMO DE LAMINADO
51004,46888,LAMINADO 160MM GREEN PAPER 120µ HP 2300/GL62 INNO
51005,CPS0019,CONSUMO DE LAMINADO
51005,45856,LAMINADO 330MM PAPEL SEMIBRILLO 6770 80 GR AP 904 RI
51006,CPS0019,CONSUMO DE LAMINADO
51006,45856,LAMINADO 330MM PAPEL SEMIBRILLO 6770 80 GR AP 904 RI
51007,45856,LAMINADO 330MM PAPEL SEMIBRILLO 6770 80 GR AP 904 RI
51007,CPS0019,CONSUMO DE LAMINADO
51008,45856,LAMINADO 330MM PAPEL SEMIBRILLO 6770 80 GR AP 904 RI
51008,CPS0019,CONSUMO DE LAMINADO
51009,45856,LAMINADO 330MM PAPEL SEMIBRILLO 6770 80 GR AP 904 RI
51009,CPS0019,CONSUMO DE LAMINADO
51010,44927,LAMINADO 330MM PAPEL SEMIBRILLO L80-PH-G62S ( EXACTO) ARP
51010,CPS0019,CONSUMO DE LAMINADO
51011,44927,LAMINADO 330MM PAPEL SEMIBRILLO L80-PH-G62S ( EXACTO) ARP
51011,CPS0019,CONSUMO DE LAMINADO
51012,44927,LAMINADO 330MM PAPEL SEMIBRILLO L80-PH-G62S ( EXACTO) ARP
51012,CPS0019,CONSUMO DE LAMINADO
51013,CPS0019,CONSUMO DE LAMINADO
51013,44927,LAMINADO 330MM PAPEL SEMIBRILLO L80-PH-G62S ( EXACTO) ARP
51016,CPS0019,CONSUMO DE LAMINADO
51016,48546,LAMINADO 333MM PP TRANSP.51MC RP37  DIPISA
51017,44533,LAMINADO 320MM PPDL54P4 OPTIMA MATE AF1000 G60 ARC
51017,CPS0019,CONSUMO DE LAMINADO
51018,CPS0019,CONSUMO DE LAMINADO
51018,48261,LAMINADO 330MM TERMICO PROTEGIDO 7836 THERMAL TC /80 GR GL/60 RI
51019,CPS0019,CONSUMO DE LAMINADO
51019,46148,LAMINADO 330MM PPBB60-P1-G62S
51020,CPS0019,CONSUMO DE LAMINADO
51020,711,LAMINADO 160MM PAPEL SEMIBRILLO 6770 80G AP 904 RI
51021,CPS0019,CONSUMO DE LAMINADO
51021,709,LAMINADO 110MM PAPEL SEMIBRILLO 6770 80G AP 904 RI
51022,CPS0019,CONSUMO DE LAMINADO
51022,709,LAMINADO 110MM PAPEL SEMIBRILLO 6770 80G AP 904 RI
51023,CPS0019,CONSUMO DE LAMINADO
51023,47457,LAMINADO 330MM PAPEL TRANSFER  AT20 F13600
51024,CPS0019,CONSUMO DE LAMINADO
51024,45731,LAMINADO 160MM PAPEL SEMIBRILLO RP48AT 80G DIP
51025,CPS0019,CONSUMO DE LAMINADO
51025,47778,LAMINADO 330MM PAPEL SEMIBRILLO RP48AT 80G DIP
51028,CPS0019,CONSUMO DE LAMINADO
51028,45856,LAMINADO 330MM PAPEL SEMIBRILLO 6770 80 GR AP 904 RI
51031,CPS0019,CONSUMO DE LAMINADO
51031,49339,LAMINADO 158 WINEGLASS (AUTOMATICO) PT220 ECO
51033,44828,LAMINADO 250MM PPBB60-P1-G62S
51033,CPS0019,CONSUMO DE LAMINADO
51036,CPS0019,CONSUMO DE LAMINADO
51036,46452,LAMINADO 300MM PAPEL SEMIBRILLO 6770 80 GR AP 904 RI
51038,CPS0019,CONSUMO DE LAMINADO
51038,48546,LAMINADO 333MM PP TRANSP.51MC RP37  DIPISA
51039,CPS0019,CONSUMO DE LAMINADO
51039,48546,LAMINADO 333MM PP TRANSP.51MC RP37  DIPISA
51041,CPS0019,CONSUMO DE LAMINADO
51041,44927,LAMINADO 330MM PAPEL SEMIBRILLO L80-PH-G62S ( EXACTO) ARP
51042,45856,LAMINADO 330MM PAPEL SEMIBRILLO 6770 80 GR AP 904 RI
51042,CPS0019,CONSUMO DE LAMINADO
51043,CPS0019,CONSUMO DE LAMINADO
51043,45856,LAMINADO 330MM PAPEL SEMIBRILLO 6770 80 GR AP 904 RI
51044,CPS0019,CONSUMO DE LAMINADO
51044,45856,LAMINADO 330MM PAPEL SEMIBRILLO 6770 80 GR AP 904 RI
51045,45856,LAMINADO 330MM PAPEL SEMIBRILLO 6770 80 GR AP 904 RI
51045,CPS0019,CONSUMO DE LAMINADO
51046,CPS0019,CONSUMO DE LAMINADO
51046,46148,LAMINADO 330MM PPBB60-P1-G62S
51050,CPS0019,CONSUMO DE LAMINADO
51050,47457,LAMINADO 330MM PAPEL TRANSFER  AT20 F13600
51051,CPS0019,CONSUMO DE LAMINADO
51051,47457,LAMINADO 330MM PAPEL TRANSFER  AT20 F13600
51054,CPS0019,CONSUMO DE LAMINADO
51054,711,LAMINADO 160MM PAPEL SEMIBRILLO 6770 80G AP 904 RI
51055,CPS0019,CONSUMO DE LAMINADO
51055,711,LAMINADO 160MM PAPEL SEMIBRILLO 6770 80G AP 904 RI
51056,CPS0019,CONSUMO DE LAMINADO
51056,711,LAMINADO 160MM PAPEL SEMIBRILLO 6770 80G AP 904 RI
51061,CPS0019,CONSUMO DE LAMINADO
51061,51344,LAMINADO 260MM PAPEL SEMIBRILLO 80 GR AP 904 ( 6770) RI
51064,43573,LAMINADO 200MM PPBB60-P1-G62S
51064,CPS0019,CONSUMO DE LAMINADO
51065,43573,LAMINADO 200MM PPBB60-P1-G62S
51065,CPS0019,CONSUMO DE LAMINADO
51066,43573,LAMINADO 200MM PPBB60-P1-G62S
51066,CPS0019,CONSUMO DE LAMINADO
51067,CPS0019,CONSUMO DE LAMINADO
51067,44927,LAMINADO 330MM PAPEL SEMIBRILLO L80-PH-G62S ( EXACTO) ARP
51068,45856,LAMINADO 330MM PAPEL SEMIBRILLO 6770 80 GR AP 904 RI
51068,CPS0019,CONSUMO DE LAMINADO
51068,50067,LAMINADO FOLIA ORO COLDFOIL 256MM
51069,CPS0019,CONSUMO DE LAMINADO
51069,48546,LAMINADO 333MM PP TRANSP.51MC RP37  DIPISA
51071,CPS0019,CONSUMO DE LAMINADO
51071,48546,LAMINADO 333MM PP TRANSP.51MC RP37  DIPISA
51072,CPS0019,CONSUMO DE LAMINADO
51072,48546,LAMINADO 333MM PP TRANSP.51MC RP37  DIPISA
51073,CPS0019,CONSUMO DE LAMINADO
51073,48546,LAMINADO 333MM PP TRANSP.51MC RP37  DIPISA
51074,CPS0019,CONSUMO DE LAMINADO
51074,48546,LAMINADO 333MM PP TRANSP.51MC RP37  DIPISA
51075,CPS0019,CONSUMO DE LAMINADO
51075,48546,LAMINADO 333MM PP TRANSP.51MC RP37  DIPISA
51076,CPS0019,CONSUMO DE LAMINADO
51076,44955,LAMINADO 280MM BOPP BLCO. BRITE. RITRAMA (8065)
51077,CPS0019,CONSUMO DE LAMINADO
51077,48546,LAMINADO 333MM PP TRANSP.51MC RP37  DIPISA
51078,42718,LAMINADO FOLIA ORO COLDFOIL 160MM
51078,44980,LAMINADO 160MM PPDL54P4 OPTIMA MATE AF1000 G60 ARC
51078,CPS0019,CONSUMO DE LAMINADO
51079,42718,LAMINADO FOLIA ORO COLDFOIL 160MM
51079,CPS0019,CONSUMO DE LAMINADO
51079,44980,LAMINADO 160MM PPDL54P4 OPTIMA MATE AF1000 G60 ARC
51080,42718,LAMINADO FOLIA ORO COLDFOIL 160MM
51080,44980,LAMINADO 160MM PPDL54P4 OPTIMA MATE AF1000 G60 ARC
51080,CPS0019,CONSUMO DE LAMINADO
51081,44533,LAMINADO 320MM PPDL54P4 OPTIMA MATE AF1000 G60 ARC
51081,CPS0019,CONSUMO DE LAMINADO
51082,44533,LAMINADO 320MM PPDL54P4 OPTIMA MATE AF1000 G60 ARC
51082,CPS0019,CONSUMO DE LAMINADO
51083,44533,LAMINADO 320MM PPDL54P4 OPTIMA MATE AF1000 G60 ARC
51083,CPS0019,CONSUMO DE LAMINADO
51084,CPS0019,CONSUMO DE LAMINADO
51084,48546,LAMINADO 333MM PP TRANSP.51MC RP37  DIPISA
51086,CPS0019,CONSUMO DE LAMINADO
51086,46148,LAMINADO 330MM PPBB60-P1-G62S
51087,CPS0019,CONSUMO DE LAMINADO
51087,46148,LAMINADO 330MM PPBB60-P1-G62S
51088,43573,LAMINADO 200MM PPBB60-P1-G62S
51088,CPS0019,CONSUMO DE LAMINADO
51089,43573,LAMINADO 200MM PPBB60-P1-G62S
51089,CPS0019,CONSUMO DE LAMINADO
51090,45856,LAMINADO 330MM PAPEL SEMIBRILLO 6770 80 GR AP 904 RI
51090,CPS0019,CONSUMO DE LAMINADO
51094,CPS0019,CONSUMO DE LAMINADO
51094,55677,LAMINADO 160MM PAPEL TRANSFER PREMIUM EXTRA / RP51 / WHITE KRAFT 65
51095,42272,LAMINADO 160MM PAPEL TRANSFER  AT20
51095,CPS0019,CONSUMO DE LAMINADO
51100,CPS0019,CONSUMO DE LAMINADO
51100,711,LAMINADO 160MM PAPEL SEMIBRILLO 6770 80G AP 904 RI
51101,CPS0019,CONSUMO DE LAMINADO
51101,711,LAMINADO 160MM PAPEL SEMIBRILLO 6770 80G AP 904 RI
51102,CPS0019,CONSUMO DE LAMINADO
51102,711,LAMINADO 160MM PAPEL SEMIBRILLO 6770 80G AP 904 RI
51103,CPS0019,CONSUMO DE LAMINADO
51103,711,LAMINADO 160MM PAPEL SEMIBRILLO 6770 80G AP 904 RI
51104,CPS0019,CONSUMO DE LAMINADO
51104,711,LAMINADO 160MM PAPEL SEMIBRILLO 6770 80G AP 904 RI
51105,CPS0019,CONSUMO DE LAMINADO
51105,711,LAMINADO 160MM PAPEL SEMIBRILLO 6770 80G AP 904 RI
51106,CPS0019,CONSUMO DE LAMINADO
51106,711,LAMINADO 160MM PAPEL SEMIBRILLO 6770 80G AP 904 RI
51111,45780,LAMINADO 300MM PPBB60-P4-G62S
51111,CPS0019,CONSUMO DE LAMINADO
51112,50359,LAMINADO FILM PETG 240 MM 45 MIC
51112,CPS0019,CONSUMO DE LAMINADO
51113,CPS0019,CONSUMO DE LAMINADO
51113,51556,LAMINADO FILM PETG 300 MM 45 MIC
51114,CPS0019,CONSUMO DE LAMINADO
51114,50094,LAMINADO 333MM PP BLANCO MATE TRANSFER C2075 F8212B
51115,CPS0019,CONSUMO DE LAMINADO
51115,50094,LAMINADO 333MM PP BLANCO MATE TRANSFER C2075 F8212B
51118,44927,LAMINADO 330MM PAPEL SEMIBRILLO L80-PH-G62S ( EXACTO) ARP
51118,CPS0019,CONSUMO DE LAMINADO
51119,42252,LAMINADO CINTA P/LAM  PP TRANSP. 300MM BRILLANTE 24M
51119,CPS0019,CONSUMO DE LAMINADO
51119,45780,LAMINADO 300MM PPBB60-P4-G62S
51121,CPS0019,CONSUMO DE LAMINADO
51121,45856,LAMINADO 330MM PAPEL SEMIBRILLO 6770 80 GR AP 904 RI
51122,CPS0019,CONSUMO DE LAMINADO
51122,50426,LAMINADO 265 MM PAPEL COUCHE 170 G/M2
51123,CPS0019,CONSUMO DE LAMINADO
51123,48640,LAMINADO FILM PVC 290 MM 40 MIC
51124,CPS0019,CONSUMO DE LAMINADO
51124,48640,LAMINADO FILM PVC 290 MM 40 MIC
51125,CPS0019,CONSUMO DE LAMINADO
51125,60263,LAMINADO 330MM PAPEL TRANSFER TT62/P6H ARC
51126,CPS0019,CONSUMO DE LAMINADO
51126,50754,LAMINADO 320MM PPDL54P4 OPTIMA MATE 2 G60 (F9CG3 ) MIC
51126,46148,LAMINADO 330MM PPBB60-P1-G62S
51127,CPS0019,CONSUMO DE LAMINADO
51127,50136,LAMINADO CINTA P/LAMINAR  PP TRANSP. 320MM OLPP24-MATE-º1500º
51127,46192,LAMINADO 330MM PPBB60-P4-G62S
51128,CPS0019,CONSUMO DE LAMINADO
51128,48308,LAMINADO 330MM TERMAL  TOP HS AP903 YG60
51129,CPS0019,CONSUMO DE LAMINADO
51129,54024,LAMINADO 330MM PAPEL TRANSFER PREMIUM EXTRA / RP51 / WHITE KRAFT 65 UPM
51130,CPS0019,CONSUMO DE LAMINADO
51130,45856,LAMINADO 330MM PAPEL SEMIBRILLO 6770 80 GR AP 904 RI
51131,CPS0019,CONSUMO DE LAMINADO
51131,45856,LAMINADO 330MM PAPEL SEMIBRILLO 6770 80 GR AP 904 RI
51132,CPS0019,CONSUMO DE LAMINADO
51132,45856,LAMINADO 330MM PAPEL SEMIBRILLO 6770 80 GR AP 904 RI
51133,CPS0019,CONSUMO DE LAMINADO
51133,45856,LAMINADO 330MM PAPEL SEMIBRILLO 6770 80 GR AP 904 RI
51134,CPS0019,CONSUMO DE LAMINADO
51134,45856,LAMINADO 330MM PAPEL SEMIBRILLO 6770 80 GR AP 904 RI
51135,CPS0019,CONSUMO DE LAMINADO
51135,45856,LAMINADO 330MM PAPEL SEMIBRILLO 6770 80 GR AP 904 RI
51136,CPS0019,CONSUMO DE LAMINADO
51136,45856,LAMINADO 330MM PAPEL SEMIBRILLO 6770 80 GR AP 904 RI
51137,45856,LAMINADO 330MM PAPEL SEMIBRILLO 6770 80 GR AP 904 RI
51137,CPS0019,CONSUMO DE LAMINADO
51138,45856,LAMINADO 330MM PAPEL SEMIBRILLO 6770 80 GR AP 904 RI
51138,CPS0019,CONSUMO DE LAMINADO
51139,CPS0019,CONSUMO DE LAMINADO
51139,45856,LAMINADO 330MM PAPEL SEMIBRILLO 6770 80 GR AP 904 RI
51140,45856,LAMINADO 330MM PAPEL SEMIBRILLO 6770 80 GR AP 904 RI
51140,CPS0019,CONSUMO DE LAMINADO
51141,CPS0019,CONSUMO DE LAMINADO
51141,45856,LAMINADO 330MM PAPEL SEMIBRILLO 6770 80 GR AP 904 RI
51142,CPS0019,CONSUMO DE LAMINADO
51142,45856,LAMINADO 330MM PAPEL SEMIBRILLO 6770 80 GR AP 904 RI
51143,44626,LAMINADO 110MM PPDL54P4 OPTIMA MATE AF1000 G60 ARC
51143,CPS0019,CONSUMO DE LAMINADO
51145,CPS0019,CONSUMO DE LAMINADO
51145,709,LAMINADO 110MM PAPEL SEMIBRILLO 6770 80G AP 904 RI
51146,CPS0019,CONSUMO DE LAMINADO
51146,711,LAMINADO 160MM PAPEL SEMIBRILLO 6770 80G AP 904 RI
51149,CPS0019,CONSUMO DE LAMINADO
51149,46384,LAMINADO 330 MM PAPEL TERMICO PROTEGIDO T77 PH G62 ARC
51150,45856,LAMINADO 330MM PAPEL SEMIBRILLO 6770 80 GR AP 904 RI
51150,CPS0019,CONSUMO DE LAMINADO
51150,46187,LAMINADO FOLIA ORO COLDFOIL 320MM DGCF-613-OP
51154,CPS0019,CONSUMO DE LAMINADO
51154,709,LAMINADO 110MM PAPEL SEMIBRILLO 6770 80G AP 904 RI
51156,45856,LAMINADO 330MM PAPEL SEMIBRILLO 6770 80 GR AP 904 RI
51156,CPS0019,CONSUMO DE LAMINADO
51156,46187,LAMINADO FOLIA ORO COLDFOIL 320MM DGCF-613-OP
51157,CPS0019,CONSUMO DE LAMINADO
51157,46344,LAMINADO 160MM PPBB60-P1-G62S (Samson)
51158,CPS0019,CONSUMO DE LAMINADO
51158,46933,LAMINADO 330MM POLIETILENO BLANCO BRILLANTE 85m – AP901 – GL62
51159,CPS0019,CONSUMO DE LAMINADO
51159,46933,LAMINADO 330MM POLIETILENO BLANCO BRILLANTE 85m – AP901 – GL62
51160,CPS0019,CONSUMO DE LAMINADO
51160,46192,LAMINADO 330MM PPBB60-P4-G62S
51161,CPS0019,CONSUMO DE LAMINADO
51161,45856,LAMINADO 330MM PAPEL SEMIBRILLO 6770 80 GR AP 904 RI
51165,42718,LAMINADO FOLIA ORO COLDFOIL 160MM
51165,CPS0019,CONSUMO DE LAMINADO
51165,51183,LAMINADO CINTA P/LAMINAR  PP TRANSP. 160MM OLPP24-M-1500
51165,44980,LAMINADO 160MM PPDL54P4 OPTIMA MATE AF1000 G60 ARC
51166,42718,LAMINADO FOLIA ORO COLDFOIL 160MM
51166,CPS0019,CONSUMO DE LAMINADO
51166,51183,LAMINADO CINTA P/LAMINAR  PP TRANSP. 160MM OLPP24-M-1500
51166,44980,LAMINADO 160MM PPDL54P4 OPTIMA MATE AF1000 G60 ARC
51167,42718,LAMINADO FOLIA ORO COLDFOIL 160MM
51167,CPS0019,CONSUMO DE LAMINADO
51167,44980,LAMINADO 160MM PPDL54P4 OPTIMA MATE AF1000 G60 ARC
51167,51183,LAMINADO CINTA P/LAMINAR  PP TRANSP. 160MM OLPP24-M-1500
51172,CPS0019,CONSUMO DE LAMINADO
51172,50360,LAMINADO FILM PETG 300 MM 45 MIC
51174,CPS0019,CONSUMO DE LAMINADO
51174,50359,LAMINADO FILM PETG 240 MM 45 MIC
51175,CPS0019,CONSUMO DE LAMINADO
51175,45856,LAMINADO 330MM PAPEL SEMIBRILLO 6770 80 GR AP 904 RI
51180,CPS0019,CONSUMO DE LAMINADO
51180,48546,LAMINADO 333MM PP TRANSP.51MC RP37  DIPISA
51181,CPS0019,CONSUMO DE LAMINADO
51181,48546,LAMINADO 333MM PP TRANSP.51MC RP37  DIPISA
51184,CPS0019,CONSUMO DE LAMINADO
51184,50755,LAMINADO 110MM PPDL54P4 OPTIMA MATE 2 G60 ( F9CG3 ) SINOPAPEL
51185,CPS0019,CONSUMO DE LAMINADO
51185,46148,LAMINADO 330MM PPBB60-P1-G62S
51186,CPS0019,CONSUMO DE LAMINADO
51186,46148,LAMINADO 330MM PPBB60-P1-G62S
51187,46148,LAMINADO 330MM PPBB60-P1-G62S
51187,CPS0019,CONSUMO DE LAMINADO
51188,CPS0019,CONSUMO DE LAMINADO
51188,46148,LAMINADO 330MM PPBB60-P1-G62S
51189,CPS0019,CONSUMO DE LAMINADO
51189,711,LAMINADO 160MM PAPEL SEMIBRILLO 6770 80G AP 904 RI
51191,42252,LAMINADO CINTA P/LAM  PP TRANSP. 300MM BRILLANTE 24M
51191,46452,LAMINADO 300MM PAPEL SEMIBRILLO 6770 80 GR AP 904 RI
51191,CPS0019,CONSUMO DE LAMINADO
51192,46678,LAMINADO 330 MM PAPEL COUCHE 80 GRS/M2
51192,49712,LAMINADO 340MM GLASSINE 60G SILICONADO
51196,45856,LAMINADO 330MM PAPEL SEMIBRILLO 6770 80 GR AP 904 RI
51196,CPS0019,CONSUMO DE LAMINADO
51197,CPS0019,CONSUMO DE LAMINADO
51197,711,LAMINADO 160MM PAPEL SEMIBRILLO 6770 80G AP 904 RI
51199,CPS0019,CONSUMO DE LAMINADO
51199,51224,LAMINADO FILM PETG 490 MM TERMOCONTRAIBLE 40 MIC (QUIMATIC S.A.)
51201,45682,LAMINADO 333MM PAPEL TERMICO T70/P ARC
51201,CPS0019,CONSUMO DE LAMINADO
51204,43573,LAMINADO 200MM PPBB60-P1-G62S
51204,CPS0019,CONSUMO DE LAMINADO
51205,42817,LAMINADO 300MM BOPP BCO. BRILLANTE 60 TC (08065)
51205,CPS0019,CONSUMO DE LAMINADO
51206,42817,LAMINADO 300MM BOPP BCO. BRILLANTE 60 TC (08065)
51206,CPS0019,CONSUMO DE LAMINADO
51208,42817,LAMINADO 300MM BOPP BCO. BRILLANTE 60 TC (08065)
51208,CPS0019,CONSUMO DE LAMINADO
51211,45682,LAMINADO 333MM PAPEL TERMICO T70/P ARC
51211,CPS0019,CONSUMO DE LAMINADO
51212,CPS0019,CONSUMO DE LAMINADO
51212,48261,LAMINADO 330MM TERMICO PROTEGIDO 7836 THERMAL TC /80 GR GL/60 RI
51213,CPS0019,CONSUMO DE LAMINADO
51213,45682,LAMINADO 333MM PAPEL TERMICO T70/P ARC
51214,CPS0019,CONSUMO DE LAMINADO
51214,49745,LAMINADO 330MM POLIETILENO BLANCO BRILLANTE 80m –  GL60
51215,CPS0019,CONSUMO DE LAMINADO
51215,48647,LAMINADO FILM PETG 330 MM 45 MIC
51218,CPS0019,CONSUMO DE LAMINADO
51218,48546,LAMINADO 333MM PP TRANSP.51MC RP37  DIPISA
51219,CPS0019,CONSUMO DE LAMINADO
51219,48546,LAMINADO 333MM PP TRANSP.51MC RP37  DIPISA
51230,CPS0019,CONSUMO DE LAMINADO
51230,49745,LAMINADO 330MM POLIETILENO BLANCO BRILLANTE 80m –  GL60
51231,CPS0019,CONSUMO DE LAMINADO
51231,49745,LAMINADO 330MM POLIETILENO BLANCO BRILLANTE 80m –  GL60
51232,CPS0019,CONSUMO DE LAMINADO
51232,49745,LAMINADO 330MM POLIETILENO BLANCO BRILLANTE 80m –  GL60
51236,CPS0019,CONSUMO DE LAMINADO
51236,50753,LAMINADO 330MM PPDL54P4 OPTIMA MATE 2 G60 MIC
51237,CPS0019,CONSUMO DE LAMINADO
51237,50755,LAMINADO 110MM PPDL54P4 OPTIMA MATE 2 G60 ( F9CG3 ) SINOPAPEL
51238,CPS0019,CONSUMO DE LAMINADO
51238,50755,LAMINADO 110MM PPDL54P4 OPTIMA MATE 2 G60 ( F9CG3 ) SINOPAPEL
51239,CPS0019,CONSUMO DE LAMINADO
51239,50755,LAMINADO 110MM PPDL54P4 OPTIMA MATE 2 G60 ( F9CG3 ) SINOPAPEL
51240,42684,LAMINADO 300MM PP TRANSP. (7559) 50TC S0208 BG62B
51240,CPS0019,CONSUMO DE LAMINADO
51241,42684,LAMINADO 300MM PP TRANSP. (7559) 50TC S0208 BG62B
51241,CPS0019,CONSUMO DE LAMINADO
51242,CPS0019,CONSUMO DE LAMINADO
51242,48546,LAMINADO 333MM PP TRANSP.51MC RP37  DIPISA
51243,42817,LAMINADO 300MM BOPP BCO. BRILLANTE 60 TC (08065)
51243,CPS0019,CONSUMO DE LAMINADO
51244,CPS0019,CONSUMO DE LAMINADO
51244,45856,LAMINADO 330MM PAPEL SEMIBRILLO 6770 80 GR AP 904 RI
51245,CPS0019,CONSUMO DE LAMINADO
51245,48724,LAMINADO 250MM BOPP  BLACO. 60 UTC RI 707/BL 8065
51247,CPS0019,CONSUMO DE LAMINADO
51247,49745,LAMINADO 330MM POLIETILENO BLANCO BRILLANTE 80m –  GL60
51253,CPS0019,CONSUMO DE LAMINADO
51253,46384,LAMINADO 330 MM PAPEL TERMICO PROTEGIDO T77 PH G62 ARC
51254,CPS0019,CONSUMO DE LAMINADO
51254,46384,LAMINADO 330 MM PAPEL TERMICO PROTEGIDO T77 PH G62 ARC
51255,CPS0019,CONSUMO DE LAMINADO
51255,51227,LAMINADO 110MM PAPEL TRANSFER AT2550/40 CK
51258,45856,LAMINADO 330MM PAPEL SEMIBRILLO 6770 80 GR AP 904 RI
51258,CPS0019,CONSUMO DE LAMINADO
51259,45856,LAMINADO 330MM PAPEL SEMIBRILLO 6770 80 GR AP 904 RI
51259,CPS0019,CONSUMO DE LAMINADO
51261,48647,LAMINADO FILM PETG 330 MM 45 MIC
51261,CPS0019,CONSUMO DE LAMINADO
51262,CPS0019,CONSUMO DE LAMINADO
51262,50754,LAMINADO 320MM PPDL54P4 OPTIMA MATE 2 G60 (F9CG3 ) MIC
51263,CPS0019,CONSUMO DE LAMINADO
51263,45051,LAMINADO 330MM PAPEL TRANSFER TT64/PH
51265,CPS0019,CONSUMO DE LAMINADO
51265,46192,LAMINADO 330MM PPBB60-P4-G62S
51267,42252,LAMINADO CINTA P/LAM  PP TRANSP. 300MM BRILLANTE 24M
51267,CPS0019,CONSUMO DE LAMINADO
51267,46452,LAMINADO 300MM PAPEL SEMIBRILLO 6770 80 GR AP 904 RI
51268,40500,LAMINADO 160MM BOPP  BLACO. 60 UTC RI 707/BL 8065 EXACTO
51268,CPS0019,CONSUMO DE LAMINADO
51274,CPS0019,CONSUMO DE LAMINADO
51274,50359,LAMINADO FILM PETG 240 MM 45 MIC
51277,42252,LAMINADO CINTA P/LAM  PP TRANSP. 300MM BRILLANTE 24M
51277,CPS0019,CONSUMO DE LAMINADO
51277,45780,LAMINADO 300MM PPBB60-P4-G62S
51281,44533,LAMINADO 320MM PPDL54P4 OPTIMA MATE AF1000 G60 ARC
51281,CPS0019,CONSUMO DE LAMINADO
51281,50136,LAMINADO CINTA P/LAMINAR  PP TRANSP. 320MM OLPP24-MATE-º1500º
51283,CPS0019,CONSUMO DE LAMINADO
51283,50136,LAMINADO CINTA P/LAMINAR  PP TRANSP. 320MM OLPP24-MATE-º1500º
51283,44533,LAMINADO 320MM PPDL54P4 OPTIMA MATE AF1000 G60 ARC
51287,CPS0019,CONSUMO DE LAMINADO
51287,46148,LAMINADO 330MM PPBB60-P1-G62S
51290,CPS0019,CONSUMO DE LAMINADO
51290,50067,LAMINADO FOLIA ORO COLDFOIL 256MM
51290,46452,LAMINADO 300MM PAPEL SEMIBRILLO 6770 80 GR AP 904 RI
51294,48647,LAMINADO FILM PETG 330 MM 45 MIC
51294,CPS0019,CONSUMO DE LAMINADO
51295,CPS0019,CONSUMO DE LAMINADO
51295,709,LAMINADO 110MM PAPEL SEMIBRILLO 6770 80G AP 904 RI
51303,CPS0019,CONSUMO DE LAMINADO
51303,50359,LAMINADO FILM PETG 240 MM 45 MIC
51304,45856,LAMINADO 330MM PAPEL SEMIBRILLO 6770 80 GR AP 904 RI
51304,CPS0019,CONSUMO DE LAMINADO
51305,CPS0019,CONSUMO DE LAMINADO
51305,50754,LAMINADO 320MM PPDL54P4 OPTIMA MATE 2 G60 (F9CG3 ) MIC
51305,46148,LAMINADO 330MM PPBB60-P1-G62S
51307,CPS0019,CONSUMO DE LAMINADO
51307,47778,LAMINADO 330MM PAPEL SEMIBRILLO RP48AT 80G DIP
51308,CPS0019,CONSUMO DE LAMINADO
51308,47778,LAMINADO 330MM PAPEL SEMIBRILLO RP48AT 80G DIP
51309,CPS0019,CONSUMO DE LAMINADO
51309,47778,LAMINADO 330MM PAPEL SEMIBRILLO RP48AT 80G DIP
51310,CPS0019,CONSUMO DE LAMINADO
51310,47778,LAMINADO 330MM PAPEL SEMIBRILLO RP48AT 80G DIP
51311,CPS0019,CONSUMO DE LAMINADO
51311,47778,LAMINADO 330MM PAPEL SEMIBRILLO RP48AT 80G DIP
51312,CPS0019,CONSUMO DE LAMINADO
51312,47778,LAMINADO 330MM PAPEL SEMIBRILLO RP48AT 80G DIP
51314,CPS0019,CONSUMO DE LAMINADO
51314,47778,LAMINADO 330MM PAPEL SEMIBRILLO RP48AT 80G DIP
51315,CPS0019,CONSUMO DE LAMINADO
51315,47778,LAMINADO 330MM PAPEL SEMIBRILLO RP48AT 80G DIP
51316,45856,LAMINADO 330MM PAPEL SEMIBRILLO 6770 80 GR AP 904 RI
51316,CPS0019,CONSUMO DE LAMINADO
51316,46169,LAMINADO FOLIA ORO COLDFOIL 290MM DGCF-613-OP
51319,43299,LAMINADO 110MM PAPEL TRANSFER TT64/PH
51319,CPS0019,CONSUMO DE LAMINADO
51320,43299,LAMINADO 110MM PAPEL TRANSFER TT64/PH
51320,CPS0019,CONSUMO DE LAMINADO
51321,43299,LAMINADO 110MM PAPEL TRANSFER TT64/PH
51321,CPS0019,CONSUMO DE LAMINADO
51322,CPS0019,CONSUMO DE LAMINADO
51322,51344,LAMINADO 260MM PAPEL SEMIBRILLO 80 GR AP 904 ( 6770) RI
51324,CPS0019,CONSUMO DE LAMINADO
51324,45856,LAMINADO 330MM PAPEL SEMIBRILLO 6770 80 GR AP 904 RI
51325,45856,LAMINADO 330MM PAPEL SEMIBRILLO 6770 80 GR AP 904 RI
51325,CPS0019,CONSUMO DE LAMINADO
51325,46169,LAMINADO FOLIA ORO COLDFOIL 290MM DGCF-613-OP
51326,CPS0019,CONSUMO DE LAMINADO
51326,709,LAMINADO 110MM PAPEL SEMIBRILLO 6770 80G AP 904 RI
51327,CPS0019,CONSUMO DE LAMINADO
51327,709,LAMINADO 110MM PAPEL SEMIBRILLO 6770 80G AP 904 RI
51328,50754,LAMINADO 320MM PPDL54P4 OPTIMA MATE 2 G60 (F9CG3 ) MIC
51328,CPS0019,CONSUMO DE LAMINADO
51329,40500,LAMINADO 160MM BOPP  BLACO. 60 UTC RI 707/BL 8065 EXACTO
51329,43452,LAMINADO 160MM PP BCO BTE P4 38M G58 ARC
51329,CPS0019,CONSUMO DE LAMINADO
51330,45856,LAMINADO 330MM PAPEL SEMIBRILLO 6770 80 GR AP 904 RI
51330,CPS0019,CONSUMO DE LAMINADO
51331,42272,LAMINADO 160MM PAPEL TRANSFER  AT20
51331,CPS0019,CONSUMO DE LAMINADO
51336,CPS0019,CONSUMO DE LAMINADO
51336,45856,LAMINADO 330MM PAPEL SEMIBRILLO 6770 80 GR AP 904 RI
51337,45856,LAMINADO 330MM PAPEL SEMIBRILLO 6770 80 GR AP 904 RI
51337,CPS0019,CONSUMO DE LAMINADO
51338,CPS0019,CONSUMO DE LAMINADO
51338,48724,LAMINADO 250MM BOPP  BLACO. 60 UTC RI 707/BL 8065
51339,CPS0019,CONSUMO DE LAMINADO
51339,45856,LAMINADO 330MM PAPEL SEMIBRILLO 6770 80 GR AP 904 RI
51340,CPS0019,CONSUMO DE LAMINADO
51340,45856,LAMINADO 330MM PAPEL SEMIBRILLO 6770 80 GR AP 904 RI
51341,45856,LAMINADO 330MM PAPEL SEMIBRILLO 6770 80 GR AP 904 RI
51341,CPS0019,CONSUMO DE LAMINADO
51342,CPS0019,CONSUMO DE LAMINADO
51342,709,LAMINADO 110MM PAPEL SEMIBRILLO 6770 80G AP 904 RI
51343,CPS0019,CONSUMO DE LAMINADO
51343,709,LAMINADO 110MM PAPEL SEMIBRILLO 6770 80G AP 904 RI
51346,CPS0019,CONSUMO DE LAMINADO
51346,45780,LAMINADO 300MM PPBB60-P4-G62S
51348,CPS0019,CONSUMO DE LAMINADO
51348,48308,LAMINADO 330MM TERMAL  TOP HS AP903 YG60
51349,CPS0019,CONSUMO DE LAMINADO
51349,46452,LAMINADO 300MM PAPEL SEMIBRILLO 6770 80 GR AP 904 RI
51350,45856,LAMINADO 330MM PAPEL SEMIBRILLO 6770 80 GR AP 904 RI
51350,CPS0019,CONSUMO DE LAMINADO
51351,45856,LAMINADO 330MM PAPEL SEMIBRILLO 6770 80 GR AP 904 RI
51351,CPS0019,CONSUMO DE LAMINADO
51358,CPS0019,CONSUMO DE LAMINADO
51358,51116,LAMINADO FILM PETG 820 MM TERMOCONTRAIBLE 40 MIC (QUIMATIC S.A.)
51359,CPS0019,CONSUMO DE LAMINADO
51359,51229,LAMINADO 330MM PAPEL TRANSFER AT2550/40 CK
51360,CPS0019,CONSUMO DE LAMINADO
51360,51344,LAMINADO 260MM PAPEL SEMIBRILLO 80 GR AP 904 ( 6770) RI
51361,CPS0019,CONSUMO DE LAMINADO
51361,51344,LAMINADO 260MM PAPEL SEMIBRILLO 80 GR AP 904 ( 6770) RI
51362,CPS0019,CONSUMO DE LAMINADO
51362,46452,LAMINADO 300MM PAPEL SEMIBRILLO 6770 80 GR AP 904 RI
51363,CPS0019,CONSUMO DE LAMINADO
51363,46452,LAMINADO 300MM PAPEL SEMIBRILLO 6770 80 GR AP 904 RI
51364,CPS0019,CONSUMO DE LAMINADO
51364,46148,LAMINADO 330MM PPBB60-P1-G62S
51365,CPS0019,CONSUMO DE LAMINADO
51365,46148,LAMINADO 330MM PPBB60-P1-G62S
51367,42817,LAMINADO 300MM BOPP BCO. BRILLANTE 60 TC (08065)
51367,CPS0019,CONSUMO DE LAMINADO
51368,CPS0019,CONSUMO DE LAMINADO
51368,49673,LAMINADO FOLIA PLATA COLDFOIL 320MM
51368,49978,LAMINADO 330MM PP TRANSP. NIROTEK
51371,45856,LAMINADO 330MM PAPEL SEMIBRILLO 6770 80 GR AP 904 RI
51371,CPS0019,CONSUMO DE LAMINADO
51374,CPS0019,CONSUMO DE LAMINADO
51374,45856,LAMINADO 330MM PAPEL SEMIBRILLO 6770 80 GR AP 904 RI
51375,CPS0019,CONSUMO DE LAMINADO
51375,48724,LAMINADO 250MM BOPP  BLACO. 60 UTC RI 707/BL 8065
51377,CPS0019,CONSUMO DE LAMINADO
51377,60230,LAMINADO 320MM PAPEL TRANSFER TT62/P6H ARC
51381,CPS0019,CONSUMO DE LAMINADO
51381,45856,LAMINADO 330MM PAPEL SEMIBRILLO 6770 80 GR AP 904 RI
51383,CPS0019,CONSUMO DE LAMINADO
51383,46452,LAMINADO 300MM PAPEL SEMIBRILLO 6770 80 GR AP 904 RI
51385,CPS0019,CONSUMO DE LAMINADO
51385,47778,LAMINADO 330MM PAPEL SEMIBRILLO RP48AT 80G DIP
51386,CPS0019,CONSUMO DE LAMINADO
51386,47778,LAMINADO 330MM PAPEL SEMIBRILLO RP48AT 80G DIP
51387,CPS0019,CONSUMO DE LAMINADO
51387,47778,LAMINADO 330MM PAPEL SEMIBRILLO RP48AT 80G DIP
51388,CPS0019,CONSUMO DE LAMINADO
51388,47778,LAMINADO 330MM PAPEL SEMIBRILLO RP48AT 80G DIP
51389,CPS0019,CONSUMO DE LAMINADO
51389,47778,LAMINADO 330MM PAPEL SEMIBRILLO RP48AT 80G DIP
51390,CPS0019,CONSUMO DE LAMINADO
51390,47778,LAMINADO 330MM PAPEL SEMIBRILLO RP48AT 80G DIP
51391,CPS0019,CONSUMO DE LAMINADO
51391,47778,LAMINADO 330MM PAPEL SEMIBRILLO RP48AT 80G DIP
51392,CPS0019,CONSUMO DE LAMINADO
51392,47778,LAMINADO 330MM PAPEL SEMIBRILLO RP48AT 80G DIP
51393,CPS0019,CONSUMO DE LAMINADO
51393,47778,LAMINADO 330MM PAPEL SEMIBRILLO RP48AT 80G DIP
51394,CPS0019,CONSUMO DE LAMINADO
51394,47778,LAMINADO 330MM PAPEL SEMIBRILLO RP48AT 80G DIP
51395,CPS0019,CONSUMO DE LAMINADO
51395,47778,LAMINADO 330MM PAPEL SEMIBRILLO RP48AT 80G DIP
51396,CPS0019,CONSUMO DE LAMINADO
51396,47778,LAMINADO 330MM PAPEL SEMIBRILLO RP48AT 80G DIP
51397,CPS0019,CONSUMO DE LAMINADO
51397,47778,LAMINADO 330MM PAPEL SEMIBRILLO RP48AT 80G DIP
51398,CPS0019,CONSUMO DE LAMINADO
51398,47778,LAMINADO 330MM PAPEL SEMIBRILLO RP48AT 80G DIP
51399,CPS0019,CONSUMO DE LAMINADO
51399,47778,LAMINADO 330MM PAPEL SEMIBRILLO RP48AT 80G DIP
51400,CPS0019,CONSUMO DE LAMINADO
51400,47778,LAMINADO 330MM PAPEL SEMIBRILLO RP48AT 80G DIP
51401,CPS0019,CONSUMO DE LAMINADO
51401,47778,LAMINADO 330MM PAPEL SEMIBRILLO RP48AT 80G DIP
51402,CPS0019,CONSUMO DE LAMINADO
51402,47778,LAMINADO 330MM PAPEL SEMIBRILLO RP48AT 80G DIP
51403,CPS0019,CONSUMO DE LAMINADO
51403,47778,LAMINADO 330MM PAPEL SEMIBRILLO RP48AT 80G DIP
51404,CPS0019,CONSUMO DE LAMINADO
51404,47778,LAMINADO 330MM PAPEL SEMIBRILLO RP48AT 80G DIP
51405,CPS0019,CONSUMO DE LAMINADO
51405,47778,LAMINADO 330MM PAPEL SEMIBRILLO RP48AT 80G DIP
51406,CPS0019,CONSUMO DE LAMINADO
51406,47778,LAMINADO 330MM PAPEL SEMIBRILLO RP48AT 80G DIP
51408,42817,LAMINADO 300MM BOPP BCO. BRILLANTE 60 TC (08065)
51408,CPS0019,CONSUMO DE LAMINADO
51410,42817,LAMINADO 300MM BOPP BCO. BRILLANTE 60 TC (08065)
51410,CPS0019,CONSUMO DE LAMINADO
51411,42817,LAMINADO 300MM BOPP BCO. BRILLANTE 60 TC (08065)
51411,CPS0019,CONSUMO DE LAMINADO
51412,CPS0019,CONSUMO DE LAMINADO
51412,45856,LAMINADO 330MM PAPEL SEMIBRILLO 6770 80 GR AP 904 RI
51412,46169,LAMINADO FOLIA ORO COLDFOIL 290MM DGCF-613-OP
51414,CPS0019,CONSUMO DE LAMINADO
51414,45856,LAMINADO 330MM PAPEL SEMIBRILLO 6770 80 GR AP 904 RI
51420,45856,LAMINADO 330MM PAPEL SEMIBRILLO 6770 80 GR AP 904 RI
51420,CPS0019,CONSUMO DE LAMINADO
51421,CPS0019,CONSUMO DE LAMINADO
51421,45856,LAMINADO 330MM PAPEL SEMIBRILLO 6770 80 GR AP 904 RI
51422,CPS0019,CONSUMO DE LAMINADO
51422,45856,LAMINADO 330MM PAPEL SEMIBRILLO 6770 80 GR AP 904 RI
51423,CPS0019,CONSUMO DE LAMINADO
51423,45856,LAMINADO 330MM PAPEL SEMIBRILLO 6770 80 GR AP 904 RI
51425,CPS0019,CONSUMO DE LAMINADO
51425,709,LAMINADO 110MM PAPEL SEMIBRILLO 6770 80G AP 904 RI
51427,CPS0019,CONSUMO DE LAMINADO
51427,45856,LAMINADO 330MM PAPEL SEMIBRILLO 6770 80 GR AP 904 RI
51430,CPS0019,CONSUMO DE LAMINADO
51430,53511,LAMINADO 330 MM PPDL54P1 OPTIMA MATE G60 ARC
51430,46148,LAMINADO 330MM PPBB60-P1-G62S
51431,CPS0019,CONSUMO DE LAMINADO
51431,50754,LAMINADO 320MM PPDL54P4 OPTIMA MATE 2 G60 (F9CG3 ) MIC
51431,46148,LAMINADO 330MM PPBB60-P1-G62S
51432,CPS0019,CONSUMO DE LAMINADO
51432,43695,LAMINADO 333MM PP TRANSP. PPT50P-P1-G62S ARC
51433,43695,LAMINADO 333MM PP TRANSP. PPT50P-P1-G62S ARC
51433,CPS0019,CONSUMO DE LAMINADO
51434,CPS0019,CONSUMO DE LAMINADO
51434,46148,LAMINADO 330MM PPBB60-P1-G62S
51435,CPS0019,CONSUMO DE LAMINADO
51435,709,LAMINADO 110MM PAPEL SEMIBRILLO 6770 80G AP 904 RI
51436,CPS0019,CONSUMO DE LAMINADO
51436,709,LAMINADO 110MM PAPEL SEMIBRILLO 6770 80G AP 904 RI
51437,CPS0019,CONSUMO DE LAMINADO
51437,46452,LAMINADO 300MM PAPEL SEMIBRILLO 6770 80 GR AP 904 RI
51439,CPS0019,CONSUMO DE LAMINADO
51439,45856,LAMINADO 330MM PAPEL SEMIBRILLO 6770 80 GR AP 904 RI
51440,CPS0019,CONSUMO DE LAMINADO
51440,46452,LAMINADO 300MM PAPEL SEMIBRILLO 6770 80 GR AP 904 RI
51441,CPS0019,CONSUMO DE LAMINADO
51441,46452,LAMINADO 300MM PAPEL SEMIBRILLO 6770 80 GR AP 904 RI
51442,45856,LAMINADO 330MM PAPEL SEMIBRILLO 6770 80 GR AP 904 RI
51442,CPS0019,CONSUMO DE LAMINADO
51443,CPS0019,CONSUMO DE LAMINADO
51443,46344,LAMINADO 160MM PPBB60-P1-G62S (Samson)
51444,46344,LAMINADO 160MM PPBB60-P1-G62S (Samson)
51444,CPS0019,CONSUMO DE LAMINADO
51445,CPS0019,CONSUMO DE LAMINADO
51445,46344,LAMINADO 160MM PPBB60-P1-G62S (Samson)
51446,CPS0019,CONSUMO DE LAMINADO
51446,711,LAMINADO 160MM PAPEL SEMIBRILLO 6770 80G AP 904 RI
51448,43573,LAMINADO 200MM PPBB60-P1-G62S
51448,CPS0019,CONSUMO DE LAMINADO
51448,47363,LAMINADO 200MM PPDL54P1 OPTIMA MATE G60
51450,CPS0019,CONSUMO DE LAMINADO
51450,50754,LAMINADO 320MM PPDL54P4 OPTIMA MATE 2 G60 (F9CG3 ) MIC
51450,46148,LAMINADO 330MM PPBB60-P1-G62S
51451,43573,LAMINADO 200MM PPBB60-P1-G62S
51451,CPS0019,CONSUMO DE LAMINADO
51451,47363,LAMINADO 200MM PPDL54P1 OPTIMA MATE G60
51452,43573,LAMINADO 200MM PPBB60-P1-G62S
51452,CPS0019,CONSUMO DE LAMINADO
51452,47363,LAMINADO 200MM PPDL54P1 OPTIMA MATE G60
51453,43573,LAMINADO 200MM PPBB60-P1-G62S
51453,CPS0019,CONSUMO DE LAMINADO
51453,47363,LAMINADO 200MM PPDL54P1 OPTIMA MATE G60
51454,43573,LAMINADO 200MM PPBB60-P1-G62S
51454,CPS0019,CONSUMO DE LAMINADO
51454,47363,LAMINADO 200MM PPDL54P1 OPTIMA MATE G60
51458,CPS0019,CONSUMO DE LAMINADO
51458,46452,LAMINADO 300MM PAPEL SEMIBRILLO 6770 80 GR AP 904 RI
51459,43453,LAMINADO 160MM PAPEL TRANSFER TT64/PH
51459,CPS0019,CONSUMO DE LAMINADO
51460,43453,LAMINADO 160MM PAPEL TRANSFER TT64/PH
51460,CPS0019,CONSUMO DE LAMINADO
51461,43453,LAMINADO 160MM PAPEL TRANSFER TT64/PH
51461,CPS0019,CONSUMO DE LAMINADO
51462,43453,LAMINADO 160MM PAPEL TRANSFER TT64/PH
51462,CPS0019,CONSUMO DE LAMINADO
51463,43453,LAMINADO 160MM PAPEL TRANSFER TT64/PH
51463,CPS0019,CONSUMO DE LAMINADO
51464,39651,LAMINADO 200MM PAPEL SEMIBRILLO cod. 6770 RI
51464,CPS0019,CONSUMO DE LAMINADO
51465,39651,LAMINADO 200MM PAPEL SEMIBRILLO cod. 6770 RI
51465,CPS0019,CONSUMO DE LAMINADO
51467,CPS0019,CONSUMO DE LAMINADO
51467,48647,LAMINADO FILM PETG 330 MM 45 MIC
51468,43299,LAMINADO 110MM PAPEL TRANSFER TT64/PH
51468,CPS0019,CONSUMO DE LAMINADO
51469,43299,LAMINADO 110MM PAPEL TRANSFER TT64/PH
51469,CPS0019,CONSUMO DE LAMINADO
51472,43573,LAMINADO 200MM PPBB60-P1-G62S
51472,CPS0019,CONSUMO DE LAMINADO
51472,47363,LAMINADO 200MM PPDL54P1 OPTIMA MATE G60
51473,CPS0019,CONSUMO DE LAMINADO
51473,45856,LAMINADO 330MM PAPEL SEMIBRILLO 6770 80 GR AP 904 RI
51474,CPS0019,CONSUMO DE LAMINADO
51474,45856,LAMINADO 330MM PAPEL SEMIBRILLO 6770 80 GR AP 904 RI
51475,CPS0019,CONSUMO DE LAMINADO
51475,51407,LAMINADO 250MM PAPEL SEMIBRILLO 80G AP 904 (6770) RI
51476,CPS0019,CONSUMO DE LAMINADO
51476,709,LAMINADO 110MM PAPEL SEMIBRILLO 6770 80G AP 904 RI
51477,CPS0019,CONSUMO DE LAMINADO
51477,46452,LAMINADO 300MM PAPEL SEMIBRILLO 6770 80 GR AP 904 RI
51478,CPS0019,CONSUMO DE LAMINADO
51478,46452,LAMINADO 300MM PAPEL SEMIBRILLO 6770 80 GR AP 904 RI
51479,CPS0019,CONSUMO DE LAMINADO
51479,50755,LAMINADO 110MM PPDL54P4 OPTIMA MATE 2 G60 ( F9CG3 ) SINOPAPEL
51481,45856,LAMINADO 330MM PAPEL SEMIBRILLO 6770 80 GR AP 904 RI
51481,CPS0019,CONSUMO DE LAMINADO
51482,45856,LAMINADO 330MM PAPEL SEMIBRILLO 6770 80 GR AP 904 RI
51482,CPS0019,CONSUMO DE LAMINADO
51483,40500,LAMINADO 160MM BOPP  BLACO. 60 UTC RI 707/BL 8065 EXACTO
51483,CPS0019,CONSUMO DE LAMINADO
51484,40500,LAMINADO 160MM BOPP  BLACO. 60 UTC RI 707/BL 8065 EXACTO
51484,CPS0019,CONSUMO DE LAMINADO
51486,CPS0019,CONSUMO DE LAMINADO
51486,50359,LAMINADO FILM PETG 240 MM 45 MIC
51487,CPS0019,CONSUMO DE LAMINADO
51487,49200,LAMINADO 160MM GREEN PAPER 100µ AE500 GL62 INNO
51488,CPS0019,CONSUMO DE LAMINADO
51488,51895,LAMINADO 110 MM GREEN PAPER 100u  AE500 GL62 INNO
51489,CPS0019,CONSUMO DE LAMINADO
51489,51894,LAMINADO 330 MM GREEN PAPER 100u  AE500 GL62 INNO
51490,CPS0019,CONSUMO DE LAMINADO
51490,51895,LAMINADO 110 MM GREEN PAPER 100u  AE500 GL62 INNO
51491,CPS0019,CONSUMO DE LAMINADO
51491,49200,LAMINADO 160MM GREEN PAPER 100µ AE500 GL62 INNO
51492,CPS0019,CONSUMO DE LAMINADO
51492,50426,LAMINADO 265 MM PAPEL COUCHE 170 G/M2
51493,45856,LAMINADO 330MM PAPEL SEMIBRILLO 6770 80 GR AP 904 RI
51493,CPS0019,CONSUMO DE LAMINADO
51494,CPS0019,CONSUMO DE LAMINADO
51494,45856,LAMINADO 330MM PAPEL SEMIBRILLO 6770 80 GR AP 904 RI
51495,CPS0019,CONSUMO DE LAMINADO
51495,48546,LAMINADO 333MM PP TRANSP.51MC RP37  DIPISA
51496,CPS0019,CONSUMO DE LAMINADO
51496,48546,LAMINADO 333MM PP TRANSP.51MC RP37  DIPISA
51497,CPS0019,CONSUMO DE LAMINADO
51497,709,LAMINADO 110MM PAPEL SEMIBRILLO 6770 80G AP 904 RI
51498,CPS0019,CONSUMO DE LAMINADO
51498,709,LAMINADO 110MM PAPEL SEMIBRILLO 6770 80G AP 904 RI
51499,CPS0019,CONSUMO DE LAMINADO
51499,48546,LAMINADO 333MM PP TRANSP.51MC RP37  DIPISA
51500,CPS0019,CONSUMO DE LAMINADO
51500,48546,LAMINADO 333MM PP TRANSP.51MC RP37  DIPISA
51501,CPS0019,CONSUMO DE LAMINADO
51501,46452,LAMINADO 300MM PAPEL SEMIBRILLO 6770 80 GR AP 904 RI
51502,CPS0019,CONSUMO DE LAMINADO
51502,45856,LAMINADO 330MM PAPEL SEMIBRILLO 6770 80 GR AP 904 RI
51503,CPS0019,CONSUMO DE LAMINADO
51503,45856,LAMINADO 330MM PAPEL SEMIBRILLO 6770 80 GR AP 904 RI
51504,46452,LAMINADO 300MM PAPEL SEMIBRILLO 6770 80 GR AP 904 RI
51504,CPS0019,CONSUMO DE LAMINADO
51505,CPS0019,CONSUMO DE LAMINADO
51505,45856,LAMINADO 330MM PAPEL SEMIBRILLO 6770 80 GR AP 904 RI
51506,CPS0019,CONSUMO DE LAMINADO
51506,45856,LAMINADO 330MM PAPEL SEMIBRILLO 6770 80 GR AP 904 RI
51511,CPS0019,CONSUMO DE LAMINADO
51511,48648,LAMINADO FILM PETG 408 MM 45 MIC
51514,45856,LAMINADO 330MM PAPEL SEMIBRILLO 6770 80 GR AP 904 RI
51514,CPS0019,CONSUMO DE LAMINADO
51514,51698,LAMINADO FOLIA PLATA COLDFOIL 305 MM
51515,45856,LAMINADO 330MM PAPEL SEMIBRILLO 6770 80 GR AP 904 RI
51515,CPS0019,CONSUMO DE LAMINADO
51515,46187,LAMINADO FOLIA ORO COLDFOIL 320MM DGCF-613-OP
51516,CPS0019,CONSUMO DE LAMINADO
51516,45856,LAMINADO 330MM PAPEL SEMIBRILLO 6770 80 GR AP 904 RI
51516,46187,LAMINADO FOLIA ORO COLDFOIL 320MM DGCF-613-OP
51517,45856,LAMINADO 330MM PAPEL SEMIBRILLO 6770 80 GR AP 904 RI
51517,CPS0019,CONSUMO DE LAMINADO
51519,CPS0019,CONSUMO DE LAMINADO
51519,45856,LAMINADO 330MM PAPEL SEMIBRILLO 6770 80 GR AP 904 RI
51520,CPS0019,CONSUMO DE LAMINADO
51520,45856,LAMINADO 330MM PAPEL SEMIBRILLO 6770 80 GR AP 904 RI
51521,43573,LAMINADO 200MM PPBB60-P1-G62S
51521,47363,LAMINADO 200MM PPDL54P1 OPTIMA MATE G60
51521,CPS0019,CONSUMO DE LAMINADO
51522,CPS0019,CONSUMO DE LAMINADO
51522,46452,LAMINADO 300MM PAPEL SEMIBRILLO 6770 80 GR AP 904 RI
51523,CPS0019,CONSUMO DE LAMINADO
51523,46452,LAMINADO 300MM PAPEL SEMIBRILLO 6770 80 GR AP 904 RI
51524,45856,LAMINADO 330MM PAPEL SEMIBRILLO 6770 80 GR AP 904 RI
51524,CPS0019,CONSUMO DE LAMINADO
51525,CPS0019,CONSUMO DE LAMINADO
51525,45856,LAMINADO 330MM PAPEL SEMIBRILLO 6770 80 GR AP 904 RI
51526,CPS0019,CONSUMO DE LAMINADO
51526,48546,LAMINADO 333MM PP TRANSP.51MC RP37  DIPISA
51527,46452,LAMINADO 300MM PAPEL SEMIBRILLO 6770 80 GR AP 904 RI
51527,CPS0019,CONSUMO DE LAMINADO
51528,CPS0019,CONSUMO DE LAMINADO
51528,45856,LAMINADO 330MM PAPEL SEMIBRILLO 6770 80 GR AP 904 RI
51529,CPS0019,CONSUMO DE LAMINADO
51529,45856,LAMINADO 330MM PAPEL SEMIBRILLO 6770 80 GR AP 904 RI
51535,CPS0019,CONSUMO DE LAMINADO
51535,47778,LAMINADO 330MM PAPEL SEMIBRILLO RP48AT 80G DIP
51536,CPS0019,CONSUMO DE LAMINADO
51536,47778,LAMINADO 330MM PAPEL SEMIBRILLO RP48AT 80G DIP
51537,CPS0019,CONSUMO DE LAMINADO
51537,47778,LAMINADO 330MM PAPEL SEMIBRILLO RP48AT 80G DIP
51538,CPS0019,CONSUMO DE LAMINADO
51538,47778,LAMINADO 330MM PAPEL SEMIBRILLO RP48AT 80G DIP
51539,CPS0019,CONSUMO DE LAMINADO
51539,47778,LAMINADO 330MM PAPEL SEMIBRILLO RP48AT 80G DIP
51545,CPS0019,CONSUMO DE LAMINADO
51545,46452,LAMINADO 300MM PAPEL SEMIBRILLO 6770 80 GR AP 904 RI
51545,50067,LAMINADO FOLIA ORO COLDFOIL 256MM
51546,45856,LAMINADO 330MM PAPEL SEMIBRILLO 6770 80 GR AP 904 RI
51546,CPS0019,CONSUMO DE LAMINADO
51546,46169,LAMINADO FOLIA ORO COLDFOIL 290MM DGCF-613-OP
51547,CPS0019,CONSUMO DE LAMINADO
51547,49977,LAMINADO 111MM PP TRANSP.51MC RP37  DIPISA
51548,42817,LAMINADO 300MM BOPP BCO. BRILLANTE 60 TC (08065)
51548,CPS0019,CONSUMO DE LAMINADO
51549,42817,LAMINADO 300MM BOPP BCO. BRILLANTE 60 TC (08065)
51549,CPS0019,CONSUMO DE LAMINADO
51550,42817,LAMINADO 300MM BOPP BCO. BRILLANTE 60 TC (08065)
51550,CPS0019,CONSUMO DE LAMINADO
51551,CPS0019,CONSUMO DE LAMINADO
51551,42817,LAMINADO 300MM BOPP BCO. BRILLANTE 60 TC (08065)
51552,CPS0019,CONSUMO DE LAMINADO
51552,49339,LAMINADO 158 WINEGLASS (AUTOMATICO) PT220 ECO
51554,CPS0019,CONSUMO DE LAMINADO
51554,46888,LAMINADO 160MM GREEN PAPER 120µ HP 2300/GL62 INNO
51555,46888,LAMINADO 160MM GREEN PAPER 120µ HP 2300/GL62 INNO
51555,CPS0019,CONSUMO DE LAMINADO
51561,CPS0019,CONSUMO DE LAMINADO
51561,45856,LAMINADO 330MM PAPEL SEMIBRILLO 6770 80 GR AP 904 RI
51562,CPS0019,CONSUMO DE LAMINADO
51562,60230,LAMINADO 320MM PAPEL TRANSFER TT62/P6H ARC
51563,44927,LAMINADO 330MM PAPEL SEMIBRILLO L80-PH-G62S ( EXACTO) ARP
51563,CPS0019,CONSUMO DE LAMINADO
51564,CPS0019,CONSUMO DE LAMINADO
51564,44828,LAMINADO 250MM PPBB60-P1-G62S
51566,40508,LAMINADO 330MM BOPP  BLACO. 60 UTC RI 707/BL 8065 EXACTO
51566,CPS0019,CONSUMO DE LAMINADO
51567,40508,LAMINADO 330MM BOPP  BLACO. 60 UTC RI 707/BL 8065 EXACTO
51567,CPS0019,CONSUMO DE LAMINADO
51570,CPS0019,CONSUMO DE LAMINADO
51570,58293,LAMINADO 230MM PP BCO MATE PPDL54-FH G60 ARP
51571,CPS0019,CONSUMO DE LAMINADO
51571,58293,LAMINADO 230MM PP BCO MATE PPDL54-FH G60 ARP
51572,CPS0019,CONSUMO DE LAMINADO
51572,58293,LAMINADO 230MM PP BCO MATE PPDL54-FH G60 ARP
51573,CPS0019,CONSUMO DE LAMINADO
51573,58293,LAMINADO 230MM PP BCO MATE PPDL54-FH G60 ARP
51574,CPS0019,CONSUMO DE LAMINADO
51574,58293,LAMINADO 230MM PP BCO MATE PPDL54-FH G60 ARP
51575,CPS0019,CONSUMO DE LAMINADO
51575,58293,LAMINADO 230MM PP BCO MATE PPDL54-FH G60 ARP
51576,CPS0019,CONSUMO DE LAMINADO
51576,58293,LAMINADO 230MM PP BCO MATE PPDL54-FH G60 ARP
51577,CPS0019,CONSUMO DE LAMINADO
51577,709,LAMINADO 110MM PAPEL SEMIBRILLO 6770 80G AP 904 RI
51578,CPS0019,CONSUMO DE LAMINADO
51578,60375,LAMINADO 330MM PP TRANSP. PPT50P-P1-G60 AR
51579,CPS0019,CONSUMO DE LAMINADO
51579,48546,LAMINADO 333MM PP TRANSP.51MC RP37  DIPISA
51580,45856,LAMINADO 330MM PAPEL SEMIBRILLO 6770 80 GR AP 904 RI
51580,CPS0019,CONSUMO DE LAMINADO
51582,CPS0019,CONSUMO DE LAMINADO
51582,46192,LAMINADO 330MM PPBB60-P4-G62S
51583,CPS0019,CONSUMO DE LAMINADO
51583,46192,LAMINADO 330MM PPBB60-P4-G62S
51584,CPS0019,CONSUMO DE LAMINADO
51584,46192,LAMINADO 330MM PPBB60-P4-G62S
51585,CPS0019,CONSUMO DE LAMINADO
51585,46192,LAMINADO 330MM PPBB60-P4-G62S
51586,44927,LAMINADO 330MM PAPEL SEMIBRILLO L80-PH-G62S ( EXACTO) ARP
51586,CPS0019,CONSUMO DE LAMINADO
51587,CPS0019,CONSUMO DE LAMINADO
51587,46452,LAMINADO 300MM PAPEL SEMIBRILLO 6770 80 GR AP 904 RI
51588,CPS0019,CONSUMO DE LAMINADO
51588,46452,LAMINADO 300MM PAPEL SEMIBRILLO 6770 80 GR AP 904 RI
51589,CPS0019,CONSUMO DE LAMINADO
51589,46452,LAMINADO 300MM PAPEL SEMIBRILLO 6770 80 GR AP 904 RI
51591,CPS0019,CONSUMO DE LAMINADO
51591,46452,LAMINADO 300MM PAPEL SEMIBRILLO 6770 80 GR AP 904 RI
51592,CPS0019,CONSUMO DE LAMINADO
51592,48546,LAMINADO 333MM PP TRANSP.51MC RP37  DIPISA
51593,CPS0019,CONSUMO DE LAMINADO
51593,48546,LAMINADO 333MM PP TRANSP.51MC RP37  DIPISA
51594,CPS0019,CONSUMO DE LAMINADO
51594,46452,LAMINADO 300MM PAPEL SEMIBRILLO 6770 80 GR AP 904 RI
51595,CPS0019,CONSUMO DE LAMINADO
51595,46452,LAMINADO 300MM PAPEL SEMIBRILLO 6770 80 GR AP 904 RI
51597,CPS0019,CONSUMO DE LAMINADO
51597,45856,LAMINADO 330MM PAPEL SEMIBRILLO 6770 80 GR AP 904 RI
51598,45856,LAMINADO 330MM PAPEL SEMIBRILLO 6770 80 GR AP 904 RI
51598,CPS0019,CONSUMO DE LAMINADO
51599,CPS0019,CONSUMO DE LAMINADO
51599,45856,LAMINADO 330MM PAPEL SEMIBRILLO 6770 80 GR AP 904 RI
51600,CPS0019,CONSUMO DE LAMINADO
51600,45856,LAMINADO 330MM PAPEL SEMIBRILLO 6770 80 GR AP 904 RI
51601,CPS0019,CONSUMO DE LAMINADO
51601,50359,LAMINADO FILM PETG 240 MM 45 MIC
51602,CPS0019,CONSUMO DE LAMINADO
51602,50359,LAMINADO FILM PETG 240 MM 45 MIC
51603,CPS0019,CONSUMO DE LAMINADO
51603,50359,LAMINADO FILM PETG 240 MM 45 MIC
51604,CPS0019,CONSUMO DE LAMINADO
51604,50359,LAMINADO FILM PETG 240 MM 45 MIC
51605,CPS0019,CONSUMO DE LAMINADO
51605,50359,LAMINADO FILM PETG 240 MM 45 MIC
51606,CPS0019,CONSUMO DE LAMINADO
51606,50359,LAMINADO FILM PETG 240 MM 45 MIC
51607,CPS0019,CONSUMO DE LAMINADO
51607,50359,LAMINADO FILM PETG 240 MM 45 MIC
51608,CPS0019,CONSUMO DE LAMINADO
51608,50359,LAMINADO FILM PETG 240 MM 45 MIC
51609,CPS0019,CONSUMO DE LAMINADO
51609,46452,LAMINADO 300MM PAPEL SEMIBRILLO 6770 80 GR AP 904 RI
51610,CPS0019,CONSUMO DE LAMINADO
51610,47778,LAMINADO 330MM PAPEL SEMIBRILLO RP48AT 80G DIP
51611,CPS0019,CONSUMO DE LAMINADO
51611,45856,LAMINADO 330MM PAPEL SEMIBRILLO 6770 80 GR AP 904 RI
51612,CPS0019,CONSUMO DE LAMINADO
51612,46452,LAMINADO 300MM PAPEL SEMIBRILLO 6770 80 GR AP 904 RI
51616,CPS0019,CONSUMO DE LAMINADO
51616,45856,LAMINADO 330MM PAPEL SEMIBRILLO 6770 80 GR AP 904 RI
51616,46169,LAMINADO FOLIA ORO COLDFOIL 290MM DGCF-613-OP
51619,CPS0019,CONSUMO DE LAMINADO
51619,46452,LAMINADO 300MM PAPEL SEMIBRILLO 6770 80 GR AP 904 RI
51620,CPS0019,CONSUMO DE LAMINADO
51620,711,LAMINADO 160MM PAPEL SEMIBRILLO 6770 80G AP 904 RI
51621,CPS0019,CONSUMO DE LAMINADO
51621,711,LAMINADO 160MM PAPEL SEMIBRILLO 6770 80G AP 904 RI
51622,CPS0019,CONSUMO DE LAMINADO
51622,711,LAMINADO 160MM PAPEL SEMIBRILLO 6770 80G AP 904 RI
51623,CPS0019,CONSUMO DE LAMINADO
51623,45051,LAMINADO 330MM PAPEL TRANSFER TT64/PH
51628,CPS0019,CONSUMO DE LAMINADO
51628,45856,LAMINADO 330MM PAPEL SEMIBRILLO 6770 80 GR AP 904 RI
51629,45856,LAMINADO 330MM PAPEL SEMIBRILLO 6770 80 GR AP 904 RI
51629,CPS0019,CONSUMO DE LAMINADO
51631,43299,LAMINADO 110MM PAPEL TRANSFER TT64/PH
51631,CPS0019,CONSUMO DE LAMINADO
51632,CPS0019,CONSUMO DE LAMINADO
51632,45856,LAMINADO 330MM PAPEL SEMIBRILLO 6770 80 GR AP 904 RI
51633,43299,LAMINADO 110MM PAPEL TRANSFER TT64/PH
51633,CPS0019,CONSUMO DE LAMINADO
51634,CPS0019,CONSUMO DE LAMINADO
51634,46452,LAMINADO 300MM PAPEL SEMIBRILLO 6770 80 GR AP 904 RI
51635,CPS0019,CONSUMO DE LAMINADO
51635,57844,LAMINADO 330MM PAPEL SEMIBRILLO L80 -P - G60 AR
51637,CPS0019,CONSUMO DE LAMINADO
51637,46344,LAMINADO 160MM PPBB60-P1-G62S (Samson)
51638,CPS0019,CONSUMO DE LAMINADO
51638,46344,LAMINADO 160MM PPBB60-P1-G62S (Samson)
51639,CPS0019,CONSUMO DE LAMINADO
51639,46344,LAMINADO 160MM PPBB60-P1-G62S (Samson)
51640,CPS0019,CONSUMO DE LAMINADO
51640,46344,LAMINADO 160MM PPBB60-P1-G62S (Samson)
51641,CPS0019,CONSUMO DE LAMINADO
51641,51557,LAMINADO FILM PETG 280 MM 45 MIC
51642,CPS0019,CONSUMO DE LAMINADO
51642,51558,LAMINADO FILM PETG 360 MM 45 MIC
51643,CPS0019,CONSUMO DE LAMINADO
51643,51557,LAMINADO FILM PETG 280 MM 45 MIC
51644,45856,LAMINADO 330MM PAPEL SEMIBRILLO 6770 80 GR AP 904 RI
51644,CPS0019,CONSUMO DE LAMINADO
51645,45856,LAMINADO 330MM PAPEL SEMIBRILLO 6770 80 GR AP 904 RI
51645,CPS0019,CONSUMO DE LAMINADO
51646,CPS0019,CONSUMO DE LAMINADO
51646,46452,LAMINADO 300MM PAPEL SEMIBRILLO 6770 80 GR AP 904 RI
51651,CPS0019,CONSUMO DE LAMINADO
51651,46888,LAMINADO 160MM GREEN PAPER 120µ HP 2300/GL62 INNO
51652,CPS0019,CONSUMO DE LAMINADO
51652,46888,LAMINADO 160MM GREEN PAPER 120µ HP 2300/GL62 INNO
51654,CPS0019,CONSUMO DE LAMINADO
51654,48546,LAMINADO 333MM PP TRANSP.51MC RP37  DIPISA
51660,CPS0019,CONSUMO DE LAMINADO
51660,45856,LAMINADO 330MM PAPEL SEMIBRILLO 6770 80 GR AP 904 RI
51661,CPS0019,CONSUMO DE LAMINADO
51661,45856,LAMINADO 330MM PAPEL SEMIBRILLO 6770 80 GR AP 904 RI
51662,CPS0019,CONSUMO DE LAMINADO
51662,45856,LAMINADO 330MM PAPEL SEMIBRILLO 6770 80 GR AP 904 RI
51663,39651,LAMINADO 200MM PAPEL SEMIBRILLO cod. 6770 RI
51663,CPS0019,CONSUMO DE LAMINADO
51665,42252,LAMINADO CINTA P/LAM  PP TRANSP. 300MM BRILLANTE 24M
51665,CPS0019,CONSUMO DE LAMINADO
51665,46452,LAMINADO 300MM PAPEL SEMIBRILLO 6770 80 GR AP 904 RI
51666,CPS0019,CONSUMO DE LAMINADO
51666,51614,LAMINADO 330MM PP TRANSPARENTE 50TC S0208 BG62B
51667,CPS0019,CONSUMO DE LAMINADO
51667,51614,LAMINADO 330MM PP TRANSPARENTE 50TC S0208 BG62B
51668,CPS0019,CONSUMO DE LAMINADO
51668,46888,LAMINADO 160MM GREEN PAPER 120µ HP 2300/GL62 INNO
51670,CPS0019,CONSUMO DE LAMINADO
51670,711,LAMINADO 160MM PAPEL SEMIBRILLO 6770 80G AP 904 RI
51671,CPS0019,CONSUMO DE LAMINADO
51671,45856,LAMINADO 330MM PAPEL SEMIBRILLO 6770 80 GR AP 904 RI
51672,45856,LAMINADO 330MM PAPEL SEMIBRILLO 6770 80 GR AP 904 RI
51672,CPS0019,CONSUMO DE LAMINADO
51673,CPS0019,CONSUMO DE LAMINADO
51673,46344,LAMINADO 160MM PPBB60-P1-G62S (Samson)
51674,CPS0019,CONSUMO DE LAMINADO
51674,57755,LAMINADO 160MM PP BCO BTE PPBB60-P ARP (SAMSON/ARP)
51675,CPS0019,CONSUMO DE LAMINADO
51675,46344,LAMINADO 160MM PPBB60-P1-G62S (Samson)
51679,CPS0019,CONSUMO DE LAMINADO
51679,46452,LAMINADO 300MM PAPEL SEMIBRILLO 6770 80 GR AP 904 RI
51680,43348,LAMINADO 111MM PAPEL TERMICO T70/P ARC
51680,CPS0019,CONSUMO DE LAMINADO
51681,CPS0019,CONSUMO DE LAMINADO
51681,56502,LAMINADO 330MM PPBB57-P1-G62S ARC
51681,50754,LAMINADO 320MM PPDL54P4 OPTIMA MATE 2 G60 (F9CG3 ) MIC
51682,CPS0019,CONSUMO DE LAMINADO
51682,46148,LAMINADO 330MM PPBB60-P1-G62S
51683,CPS0019,CONSUMO DE LAMINADO
51683,46148,LAMINADO 330MM PPBB60-P1-G62S
51684,CPS0019,CONSUMO DE LAMINADO
51684,46148,LAMINADO 330MM PPBB60-P1-G62S
51685,40500,LAMINADO 160MM BOPP  BLACO. 60 UTC RI 707/BL 8065 EXACTO
51685,CPS0019,CONSUMO DE LAMINADO
51685,43452,LAMINADO 160MM PP BCO BTE P4 38M G58 ARC
51686,711,LAMINADO 160MM PAPEL SEMIBRILLO 6770 80G AP 904 RI
51686,CPS0019,CONSUMO DE LAMINADO
51687,CPS0019,CONSUMO DE LAMINADO
51687,57844,LAMINADO 330MM PAPEL SEMIBRILLO L80 -P - G60 AR
51688,CPS0019,CONSUMO DE LAMINADO
51688,45856,LAMINADO 330MM PAPEL SEMIBRILLO 6770 80 GR AP 904 RI
51692,CPS0019,CONSUMO DE LAMINADO
51692,709,LAMINADO 110MM PAPEL SEMIBRILLO 6770 80G AP 904 RI
51693,CPS0019,CONSUMO DE LAMINADO
51693,45856,LAMINADO 330MM PAPEL SEMIBRILLO 6770 80 GR AP 904 RI
51693,46169,LAMINADO FOLIA ORO COLDFOIL 290MM DGCF-613-OP
51694,CPS0019,CONSUMO DE LAMINADO
51694,51698,LAMINADO FOLIA PLATA COLDFOIL 305 MM
51694,45856,LAMINADO 330MM PAPEL SEMIBRILLO 6770 80 GR AP 904 RI
51695,CPS0019,CONSUMO DE LAMINADO
51695,46630,LAMINADO 300MM TERMICO PROTEGIDO 7836 THERMAL TC /80 GR GL/60
51699,CPS0019,CONSUMO DE LAMINADO
51699,46452,LAMINADO 300MM PAPEL SEMIBRILLO 6770 80 GR AP 904 RI
51699,46169,LAMINADO FOLIA ORO COLDFOIL 290MM DGCF-613-OP
51700,CPS0019,CONSUMO DE LAMINADO
51700,45856,LAMINADO 330MM PAPEL SEMIBRILLO 6770 80 GR AP 904 RI
51703,CPS0019,CONSUMO DE LAMINADO
51703,45856,LAMINADO 330MM PAPEL SEMIBRILLO 6770 80 GR AP 904 RI
51704,CPS0019,CONSUMO DE LAMINADO
51704,46630,LAMINADO 300MM TERMICO PROTEGIDO 7836 THERMAL TC /80 GR GL/60
51705,CPS0019,CONSUMO DE LAMINADO
51705,45856,LAMINADO 330MM PAPEL SEMIBRILLO 6770 80 GR AP 904 RI
51706,45856,LAMINADO 330MM PAPEL SEMIBRILLO 6770 80 GR AP 904 RI
51706,CPS0019,CONSUMO DE LAMINADO
51707,CPS0019,CONSUMO DE LAMINADO
51707,45856,LAMINADO 330MM PAPEL SEMIBRILLO 6770 80 GR AP 904 RI
51708,CPS0019,CONSUMO DE LAMINADO
51708,45856,LAMINADO 330MM PAPEL SEMIBRILLO 6770 80 GR AP 904 RI
51709,CPS0019,CONSUMO DE LAMINADO
51709,50359,LAMINADO FILM PETG 240 MM 45 MIC
51710,CPS0019,CONSUMO DE LAMINADO
51710,50359,LAMINADO FILM PETG 240 MM 45 MIC
51711,CPS0019,CONSUMO DE LAMINADO
51711,50359,LAMINADO FILM PETG 240 MM 45 MIC
51712,CPS0019,CONSUMO DE LAMINADO
51712,50359,LAMINADO FILM PETG 240 MM 45 MIC
51713,45856,LAMINADO 330MM PAPEL SEMIBRILLO 6770 80 GR AP 904 RI
51713,CPS0019,CONSUMO DE LAMINADO
51713,50067,LAMINADO FOLIA ORO COLDFOIL 256MM
51716,45856,LAMINADO 330MM PAPEL SEMIBRILLO 6770 80 GR AP 904 RI
51716,CPS0019,CONSUMO DE LAMINADO
51717,43573,LAMINADO 200MM PPBB60-P1-G62S
51717,CPS0019,CONSUMO DE LAMINADO
51717,47363,LAMINADO 200MM PPDL54P1 OPTIMA MATE G60
51718,43573,LAMINADO 200MM PPBB60-P1-G62S
51718,CPS0019,CONSUMO DE LAMINADO
51718,47363,LAMINADO 200MM PPDL54P1 OPTIMA MATE G60
51719,CPS0019,CONSUMO DE LAMINADO
51719,45856,LAMINADO 330MM PAPEL SEMIBRILLO 6770 80 GR AP 904 RI
51720,CPS0019,CONSUMO DE LAMINADO
51720,709,LAMINADO 110MM PAPEL SEMIBRILLO 6770 80G AP 904 RI
51721,CPS0019,CONSUMO DE LAMINADO
51721,51614,LAMINADO 330MM PP TRANSPARENTE 50TC S0208 BG62B
51722,45856,LAMINADO 330MM PAPEL SEMIBRILLO 6770 80 GR AP 904 RI
51722,CPS0019,CONSUMO DE LAMINADO
51723,CPS0019,CONSUMO DE LAMINADO
51723,45856,LAMINADO 330MM PAPEL SEMIBRILLO 6770 80 GR AP 904 RI
51724,42817,LAMINADO 300MM BOPP BCO. BRILLANTE 60 TC (08065)
51724,CPS0019,CONSUMO DE LAMINADO
51725,42817,LAMINADO 300MM BOPP BCO. BRILLANTE 60 TC (08065)
51725,CPS0019,CONSUMO DE LAMINADO
51726,42817,LAMINADO 300MM BOPP BCO. BRILLANTE 60 TC (08065)
51726,CPS0019,CONSUMO DE LAMINADO
51727,CPS0019,CONSUMO DE LAMINADO
51727,48261,LAMINADO 330MM TERMICO PROTEGIDO 7836 THERMAL TC /80 GR GL/60 RI
51729,43432,LAMINADO 200MM PAPEL SEMIBRILLO L80-PH-G62S ARP
51729,CPS0019,CONSUMO DE LAMINADO
51730,CPS0019,CONSUMO DE LAMINADO
51730,45856,LAMINADO 330MM PAPEL SEMIBRILLO 6770 80 GR AP 904 RI
51731,CPS0019,CONSUMO DE LAMINADO
51731,49427,LAMINADO FILM PVC 245 MM 40 MIC
51733,CPS0019,CONSUMO DE LAMINADO
51733,49200,LAMINADO 160MM GREEN PAPER 100µ AE500 GL62 INNO
51734,CPS0019,CONSUMO DE LAMINADO
51734,49200,LAMINADO 160MM GREEN PAPER 100µ AE500 GL62 INNO
51736,CPS0019,CONSUMO DE LAMINADO
51736,46148,LAMINADO 330MM PPBB60-P1-G62S
51737,CPS0019,CONSUMO DE LAMINADO
51737,46148,LAMINADO 330MM PPBB60-P1-G62S
51738,CPS0019,CONSUMO DE LAMINADO
51738,46148,LAMINADO 330MM PPBB60-P1-G62S
51739,CPS0019,CONSUMO DE LAMINADO
51739,45856,LAMINADO 330MM PAPEL SEMIBRILLO 6770 80 GR AP 904 RI
51740,CPS0019,CONSUMO DE LAMINADO
51740,45856,LAMINADO 330MM PAPEL SEMIBRILLO 6770 80 GR AP 904 RI
51743,CPS0019,CONSUMO DE LAMINADO
51743,51895,LAMINADO 110 MM GREEN PAPER 100u  AE500 GL62 INNO
51744,CPS0019,CONSUMO DE LAMINADO
51744,46888,LAMINADO 160MM GREEN PAPER 120µ HP 2300/GL62 INNO
51745,CPS0019,CONSUMO DE LAMINADO
51745,46888,LAMINADO 160MM GREEN PAPER 120µ HP 2300/GL62 INNO
51746,CPS0019,CONSUMO DE LAMINADO
51746,711,LAMINADO 160MM PAPEL SEMIBRILLO 6770 80G AP 904 RI
51747,CPS0019,CONSUMO DE LAMINADO
51747,46888,LAMINADO 160MM GREEN PAPER 120µ HP 2300/GL62 INNO
51748,CPS0019,CONSUMO DE LAMINADO
51748,46452,LAMINADO 300MM PAPEL SEMIBRILLO 6770 80 GR AP 904 RI
51749,CPS0019,CONSUMO DE LAMINADO
51749,46452,LAMINADO 300MM PAPEL SEMIBRILLO 6770 80 GR AP 904 RI
51750,CPS0019,CONSUMO DE LAMINADO
51750,46452,LAMINADO 300MM PAPEL SEMIBRILLO 6770 80 GR AP 904 RI
51751,CPS0019,CONSUMO DE LAMINADO
51751,46452,LAMINADO 300MM PAPEL SEMIBRILLO 6770 80 GR AP 904 RI
51752,CPS0019,CONSUMO DE LAMINADO
51752,46452,LAMINADO 300MM PAPEL SEMIBRILLO 6770 80 GR AP 904 RI
51753,CPS0019,CONSUMO DE LAMINADO
51753,46452,LAMINADO 300MM PAPEL SEMIBRILLO 6770 80 GR AP 904 RI
51754,CPS0019,CONSUMO DE LAMINADO
51754,46452,LAMINADO 300MM PAPEL SEMIBRILLO 6770 80 GR AP 904 RI
51756,CPS0019,CONSUMO DE LAMINADO
51756,45856,LAMINADO 330MM PAPEL SEMIBRILLO 6770 80 GR AP 904 RI
51757,CPS0019,CONSUMO DE LAMINADO
51757,45856,LAMINADO 330MM PAPEL SEMIBRILLO 6770 80 GR AP 904 RI
51758,40500,LAMINADO 160MM BOPP  BLACO. 60 UTC RI 707/BL 8065 EXACTO
51758,CPS0019,CONSUMO DE LAMINADO
51759,40500,LAMINADO 160MM BOPP  BLACO. 60 UTC RI 707/BL 8065 EXACTO
51759,CPS0019,CONSUMO DE LAMINADO
51760,CPS0019,CONSUMO DE LAMINADO
51760,45856,LAMINADO 330MM PAPEL SEMIBRILLO 6770 80 GR AP 904 RI
51761,45856,LAMINADO 330MM PAPEL SEMIBRILLO 6770 80 GR AP 904 RI
51761,CPS0019,CONSUMO DE LAMINADO
51762,45856,LAMINADO 330MM PAPEL SEMIBRILLO 6770 80 GR AP 904 RI
51762,CPS0019,CONSUMO DE LAMINADO
51763,CPS0019,CONSUMO DE LAMINADO
51763,45856,LAMINADO 330MM PAPEL SEMIBRILLO 6770 80 GR AP 904 RI
51764,45856,LAMINADO 330MM PAPEL SEMIBRILLO 6770 80 GR AP 904 RI
51764,CPS0019,CONSUMO DE LAMINADO
51766,CPS0019,CONSUMO DE LAMINADO
51766,51614,LAMINADO 330MM PP TRANSPARENTE 50TC S0208 BG62B
51767,CPS0019,CONSUMO DE LAMINADO
51767,51614,LAMINADO 330MM PP TRANSPARENTE 50TC S0208 BG62B
51768,43573,LAMINADO 200MM PPBB60-P1-G62S
51768,CPS0019,CONSUMO DE LAMINADO
51769,43299,LAMINADO 110MM PAPEL TRANSFER TT64/PH
51769,CPS0019,CONSUMO DE LAMINADO
51770,CPS0019,CONSUMO DE LAMINADO
51770,51229,LAMINADO 330MM PAPEL TRANSFER AT2550/40 CK
51771,CPS0019,CONSUMO DE LAMINADO
51771,45856,LAMINADO 330MM PAPEL SEMIBRILLO 6770 80 GR AP 904 RI
51772,45856,LAMINADO 330MM PAPEL SEMIBRILLO 6770 80 GR AP 904 RI
51772,CPS0019,CONSUMO DE LAMINADO
51773,CPS0019,CONSUMO DE LAMINADO
51773,45856,LAMINADO 330MM PAPEL SEMIBRILLO 6770 80 GR AP 904 RI
51777,45856,LAMINADO 330MM PAPEL SEMIBRILLO 6770 80 GR AP 904 RI
51777,CPS0019,CONSUMO DE LAMINADO
51778,CPS0019,CONSUMO DE LAMINADO
51778,45856,LAMINADO 330MM PAPEL SEMIBRILLO 6770 80 GR AP 904 RI
51779,CPS0019,CONSUMO DE LAMINADO
51779,45856,LAMINADO 330MM PAPEL SEMIBRILLO 6770 80 GR AP 904 RI
51780,CPS0019,CONSUMO DE LAMINADO
51780,45856,LAMINADO 330MM PAPEL SEMIBRILLO 6770 80 GR AP 904 RI
51781,CPS0019,CONSUMO DE LAMINADO
51781,45856,LAMINADO 330MM PAPEL SEMIBRILLO 6770 80 GR AP 904 RI
51782,CPS0019,CONSUMO DE LAMINADO
51782,45856,LAMINADO 330MM PAPEL SEMIBRILLO 6770 80 GR AP 904 RI
51783,CPS0019,CONSUMO DE LAMINADO
51783,45856,LAMINADO 330MM PAPEL SEMIBRILLO 6770 80 GR AP 904 RI
51784,CPS0019,CONSUMO DE LAMINADO
51784,45856,LAMINADO 330MM PAPEL SEMIBRILLO 6770 80 GR AP 904 RI
51785,CPS0019,CONSUMO DE LAMINADO
51785,45856,LAMINADO 330MM PAPEL SEMIBRILLO 6770 80 GR AP 904 RI
51786,CPS0019,CONSUMO DE LAMINADO
51786,709,LAMINADO 110MM PAPEL SEMIBRILLO 6770 80G AP 904 RI
51787,CPS0019,CONSUMO DE LAMINADO
51787,45856,LAMINADO 330MM PAPEL SEMIBRILLO 6770 80 GR AP 904 RI
51788,CPS0019,CONSUMO DE LAMINADO
51788,711,LAMINADO 160MM PAPEL SEMIBRILLO 6770 80G AP 904 RI
51789,CPS0019,CONSUMO DE LAMINADO
51789,46452,LAMINADO 300MM PAPEL SEMIBRILLO 6770 80 GR AP 904 RI
51790,46452,LAMINADO 300MM PAPEL SEMIBRILLO 6770 80 GR AP 904 RI
51790,CPS0019,CONSUMO DE LAMINADO
51792,CPS0019,CONSUMO DE LAMINADO
51792,50740,LAMINADO 330MM PPBB60-P1-BOPP TRANS. 50 MIC (CIF)
51792,46219,LAMINADO CINTA P/LAMINAR PP TRANSP. 320MM AA-LABR-LA-SL-BPT-QSW DIP
51793,45856,LAMINADO 330MM PAPEL SEMIBRILLO 6770 80 GR AP 904 RI
51793,CPS0019,CONSUMO DE LAMINADO
51794,40500,LAMINADO 160MM BOPP  BLACO. 60 UTC RI 707/BL 8065 EXACTO
51794,CPS0019,CONSUMO DE LAMINADO
51795,40500,LAMINADO 160MM BOPP  BLACO. 60 UTC RI 707/BL 8065 EXACTO
51795,CPS0019,CONSUMO DE LAMINADO
51796,40500,LAMINADO 160MM BOPP  BLACO. 60 UTC RI 707/BL 8065 EXACTO
51796,CPS0019,CONSUMO DE LAMINADO
51797,40500,LAMINADO 160MM BOPP  BLACO. 60 UTC RI 707/BL 8065 EXACTO
51797,CPS0019,CONSUMO DE LAMINADO
51798,40500,LAMINADO 160MM BOPP  BLACO. 60 UTC RI 707/BL 8065 EXACTO
51798,CPS0019,CONSUMO DE LAMINADO
51799,40500,LAMINADO 160MM BOPP  BLACO. 60 UTC RI 707/BL 8065 EXACTO
51799,CPS0019,CONSUMO DE LAMINADO
51800,40500,LAMINADO 160MM BOPP  BLACO. 60 UTC RI 707/BL 8065 EXACTO
51800,CPS0019,CONSUMO DE LAMINADO
51801,40500,LAMINADO 160MM BOPP  BLACO. 60 UTC RI 707/BL 8065 EXACTO
51801,CPS0019,CONSUMO DE LAMINADO
51802,40500,LAMINADO 160MM BOPP  BLACO. 60 UTC RI 707/BL 8065 EXACTO
51802,CPS0019,CONSUMO DE LAMINADO
51803,CPS0019,CONSUMO DE LAMINADO
51803,711,LAMINADO 160MM PAPEL SEMIBRILLO 6770 80G AP 904 RI
51804,CPS0019,CONSUMO DE LAMINADO
51804,46452,LAMINADO 300MM PAPEL SEMIBRILLO 6770 80 GR AP 904 RI
51805,46452,LAMINADO 300MM PAPEL SEMIBRILLO 6770 80 GR AP 904 RI
51805,CPS0019,CONSUMO DE LAMINADO
51810,46219,LAMINADO CINTA P/LAMINAR PP TRANSP. 320MM AA-LABR-LA-SL-BPT-QSW DIP
51810,50740,LAMINADO 330MM PPBB60-P1-BOPP TRANS. 50 MIC (CIF)
51810,CPS0019,CONSUMO DE LAMINADO
51811,CPS0019,CONSUMO DE LAMINADO
51811,48724,LAMINADO 250MM BOPP  BLACO. 60 UTC RI 707/BL 8065
51812,CPS0019,CONSUMO DE LAMINADO
51812,45856,LAMINADO 330MM PAPEL SEMIBRILLO 6770 80 GR AP 904 RI
51818,CPS0019,CONSUMO DE LAMINADO
51818,44544,LAMINADO 200MM PPDL54P4 OPTIMA MATE AF1000 G60 ARC
51819,CPS0019,CONSUMO DE LAMINADO
51819,49110,LAMINADO 110MM POLIETILENO BLANCO BRILLANTE 85m – AP901 – GL62
51820,CPS0019,CONSUMO DE LAMINADO
51820,50753,LAMINADO 330MM PPDL54P4 OPTIMA MATE 2 G60 MIC
51821,CPS0019,CONSUMO DE LAMINADO
51821,50753,LAMINADO 330MM PPDL54P4 OPTIMA MATE 2 G60 MIC
51822,CPS0019,CONSUMO DE LAMINADO
51822,50753,LAMINADO 330MM PPDL54P4 OPTIMA MATE 2 G60 MIC
51823,CPS0019,CONSUMO DE LAMINADO
51823,49110,LAMINADO 110MM POLIETILENO BLANCO BRILLANTE 85m – AP901 – GL62
51824,42252,LAMINADO CINTA P/LAM  PP TRANSP. 300MM BRILLANTE 24M
51824,CPS0019,CONSUMO DE LAMINADO
51824,46452,LAMINADO 300MM PAPEL SEMIBRILLO 6770 80 GR AP 904 RI
51825,CPS0019,CONSUMO DE LAMINADO
51825,48642,LAMINADO FILM PVC 408 MM 40 MIC
51826,CPS0019,CONSUMO DE LAMINADO
51826,46630,LAMINADO 300MM TERMICO PROTEGIDO 7836 THERMAL TC /80 GR GL/60
51827,CPS0019,CONSUMO DE LAMINADO
51827,46192,LAMINADO 330MM PPBB60-P4-G62S
51827,46219,LAMINADO CINTA P/LAMINAR PP TRANSP. 320MM AA-LABR-LA-SL-BPT-QSW DIP
51842,46452,LAMINADO 300MM PAPEL SEMIBRILLO 6770 80 GR AP 904 RI
51842,CPS0019,CONSUMO DE LAMINADO
51844,CPS0019,CONSUMO DE LAMINADO
51844,51229,LAMINADO 330MM PAPEL TRANSFER AT2550/40 CK
51844,46219,LAMINADO CINTA P/LAMINAR PP TRANSP. 320MM AA-LABR-LA-SL-BPT-QSW DIP
51845,CPS0019,CONSUMO DE LAMINADO
51845,50359,LAMINADO FILM PETG 240 MM 45 MIC
51847,CPS0019,CONSUMO DE LAMINADO
51847,45206,LAMINADO 160MM PAPEL TERMICO T70/P ARC
51849,40500,LAMINADO 160MM BOPP  BLACO. 60 UTC RI 707/BL 8065 EXACTO
51849,43452,LAMINADO 160MM PP BCO BTE P4 38M G58 ARC
51849,CPS0019,CONSUMO DE LAMINADO
51850,CPS0019,CONSUMO DE LAMINADO
51850,709,LAMINADO 110MM PAPEL SEMIBRILLO 6770 80G AP 904 RI
51851,CPS0019,CONSUMO DE LAMINADO
51851,709,LAMINADO 110MM PAPEL SEMIBRILLO 6770 80G AP 904 RI
51852,CPS0019,CONSUMO DE LAMINADO
51852,48308,LAMINADO 330MM TERMAL  TOP HS AP903 YG60
51857,CPS0019,CONSUMO DE LAMINADO
51857,45856,LAMINADO 330MM PAPEL SEMIBRILLO 6770 80 GR AP 904 RI
51858,CPS0019,CONSUMO DE LAMINADO
51858,45856,LAMINADO 330MM PAPEL SEMIBRILLO 6770 80 GR AP 904 RI
51859,CPS0019,CONSUMO DE LAMINADO
51859,45856,LAMINADO 330MM PAPEL SEMIBRILLO 6770 80 GR AP 904 RI
51860,CPS0019,CONSUMO DE LAMINADO
51860,51556,LAMINADO FILM PETG 300 MM 45 MIC
51861,CPS0019,CONSUMO DE LAMINADO
51861,51556,LAMINADO FILM PETG 300 MM 45 MIC
51866,CPS0019,CONSUMO DE LAMINADO
51866,46452,LAMINADO 300MM PAPEL SEMIBRILLO 6770 80 GR AP 904 RI
51867,40500,LAMINADO 160MM BOPP  BLACO. 60 UTC RI 707/BL 8065 EXACTO
51867,CPS0019,CONSUMO DE LAMINADO
51868,CPS0019,CONSUMO DE LAMINADO
51868,50359,LAMINADO FILM PETG 240 MM 45 MIC
51869,CPS0019,CONSUMO DE LAMINADO
51869,50359,LAMINADO FILM PETG 240 MM 45 MIC
51870,CPS0019,CONSUMO DE LAMINADO
51870,50359,LAMINADO FILM PETG 240 MM 45 MIC
51871,CPS0019,CONSUMO DE LAMINADO
51871,50359,LAMINADO FILM PETG 240 MM 45 MIC
51872,CPS0019,CONSUMO DE LAMINADO
51872,49200,LAMINADO 160MM GREEN PAPER 100µ AE500 GL62 INNO
51873,CPS0019,CONSUMO DE LAMINADO
51873,49200,LAMINADO 160MM GREEN PAPER 100µ AE500 GL62 INNO
51874,CPS0019,CONSUMO DE LAMINADO
51874,49200,LAMINADO 160MM GREEN PAPER 100µ AE500 GL62 INNO
51875,CPS0019,CONSUMO DE LAMINADO
51875,49200,LAMINADO 160MM GREEN PAPER 100µ AE500 GL62 INNO
51876,CPS0019,CONSUMO DE LAMINADO
51876,49200,LAMINADO 160MM GREEN PAPER 100µ AE500 GL62 INNO
51877,CPS0019,CONSUMO DE LAMINADO
51877,49200,LAMINADO 160MM GREEN PAPER 100µ AE500 GL62 INNO
51878,CPS0019,CONSUMO DE LAMINADO
51878,49200,LAMINADO 160MM GREEN PAPER 100µ AE500 GL62 INNO
51879,CPS0019,CONSUMO DE LAMINADO
51879,48546,LAMINADO 333MM PP TRANSP.51MC RP37  DIPISA
51880,39651,LAMINADO 200MM PAPEL SEMIBRILLO cod. 6770 RI
51880,CPS0019,CONSUMO DE LAMINADO
51881,CPS0019,CONSUMO DE LAMINADO
51881,44828,LAMINADO 250MM PPBB60-P1-G62S
51882,CPS0019,CONSUMO DE LAMINADO
51882,46452,LAMINADO 300MM PAPEL SEMIBRILLO 6770 80 GR AP 904 RI
51884,42252,LAMINADO CINTA P/LAM  PP TRANSP. 300MM BRILLANTE 24M
51884,CPS0019,CONSUMO DE LAMINADO
51884,47778,LAMINADO 330MM PAPEL SEMIBRILLO RP48AT 80G DIP
51885,CPS0019,CONSUMO DE LAMINADO
51885,46452,LAMINADO 300MM PAPEL SEMIBRILLO 6770 80 GR AP 904 RI
51885,50067,LAMINADO FOLIA ORO COLDFOIL 256MM
51886,42718,LAMINADO FOLIA ORO COLDFOIL 160MM
51886,CPS0019,CONSUMO DE LAMINADO
51886,711,LAMINADO 160MM PAPEL SEMIBRILLO 6770 80G AP 904 RI
51888,CPS0019,CONSUMO DE LAMINADO
51888,51614,LAMINADO 330MM PP TRANSPARENTE 50TC S0208 BG62B
51889,CPS0019,CONSUMO DE LAMINADO
51889,46452,LAMINADO 300MM PAPEL SEMIBRILLO 6770 80 GR AP 904 RI
51890,46452,LAMINADO 300MM PAPEL SEMIBRILLO 6770 80 GR AP 904 RI
51890,CPS0019,CONSUMO DE LAMINADO
51891,CPS0019,CONSUMO DE LAMINADO
51891,46452,LAMINADO 300MM PAPEL SEMIBRILLO 6770 80 GR AP 904 RI
51894,49031,LAMINADO 340 MM GREEN PAPER 100u - s/adhesivo
51894,49767,LAMINADO 340MM GLASSINE NACIONAL
51895,49031,LAMINADO 340 MM GREEN PAPER 100u - s/adhesivo
51895,49767,LAMINADO 340MM GLASSINE NACIONAL
51897,CPS0019,CONSUMO DE LAMINADO
51897,50094,LAMINADO 333MM PP BLANCO MATE TRANSFER C2075 F8212B
51898,50094,LAMINADO 333MM PP BLANCO MATE TRANSFER C2075 F8212B
51898,CPS0019,CONSUMO DE LAMINADO
51899,43573,LAMINADO 200MM PPBB60-P1-G62S
51899,CPS0019,CONSUMO DE LAMINADO
51899,47363,LAMINADO 200MM PPDL54P1 OPTIMA MATE G60
51900,43573,LAMINADO 200MM PPBB60-P1-G62S
51900,CPS0019,CONSUMO DE LAMINADO
51900,47363,LAMINADO 200MM PPDL54P1 OPTIMA MATE G60
51901,46148,LAMINADO 330MM PPBB60-P1-G62S
51901,CPS0019,CONSUMO DE LAMINADO
51901,53511,LAMINADO 330 MM PPDL54P1 OPTIMA MATE G60 ARC
51902,CPS0019,CONSUMO DE LAMINADO
51902,50754,LAMINADO 320MM PPDL54P4 OPTIMA MATE 2 G60 (F9CG3 ) MIC
51902,46148,LAMINADO 330MM PPBB60-P1-G62S
51905,CPS0019,CONSUMO DE LAMINADO
51905,45856,LAMINADO 330MM PAPEL SEMIBRILLO 6770 80 GR AP 904 RI
51906,CPS0019,CONSUMO DE LAMINADO
51906,46192,LAMINADO 330MM PPBB60-P4-G62S
51906,46219,LAMINADO CINTA P/LAMINAR PP TRANSP. 320MM AA-LABR-LA-SL-BPT-QSW DIP
51907,CPS0019,CONSUMO DE LAMINADO
51907,46452,LAMINADO 300MM PAPEL SEMIBRILLO 6770 80 GR AP 904 RI
51908,43573,LAMINADO 200MM PPBB60-P1-G62S
51908,CPS0019,CONSUMO DE LAMINADO
51908,47363,LAMINADO 200MM PPDL54P1 OPTIMA MATE G60
51909,39651,LAMINADO 200MM PAPEL SEMIBRILLO cod. 6770 RI
51909,CPS0019,CONSUMO DE LAMINADO
51910,42252,LAMINADO CINTA P/LAM  PP TRANSP. 300MM BRILLANTE 24M
51910,CPS0019,CONSUMO DE LAMINADO
51910,45887,LAMINADO 300MM PAPEL SEMIBRILLO RP48AT 80G DIP
51911,CPS0019,CONSUMO DE LAMINADO
51911,50094,LAMINADO 333MM PP BLANCO MATE TRANSFER C2075 F8212B
51911,46219,LAMINADO CINTA P/LAMINAR PP TRANSP. 320MM AA-LABR-LA-SL-BPT-QSW DIP
51912,CPS0019,CONSUMO DE LAMINADO
51912,46192,LAMINADO 330MM PPBB60-P4-G62S
51912,46219,LAMINADO CINTA P/LAMINAR PP TRANSP. 320MM AA-LABR-LA-SL-BPT-QSW DIP
51914,40500,LAMINADO 160MM BOPP  BLACO. 60 UTC RI 707/BL 8065 EXACTO
51914,CPS0019,CONSUMO DE LAMINADO
51915,42252,LAMINADO CINTA P/LAM  PP TRANSP. 300MM BRILLANTE 24M
51915,CPS0019,CONSUMO DE LAMINADO
51915,47778,LAMINADO 330MM PAPEL SEMIBRILLO RP48AT 80G DIP
51916,42252,LAMINADO CINTA P/LAM  PP TRANSP. 300MM BRILLANTE 24M
51916,CPS0019,CONSUMO DE LAMINADO
51916,56777,LAMINADO 300MM PAPEL SEMIBRILLO L80-P6H-G62S ARC
51917,42252,LAMINADO CINTA P/LAM  PP TRANSP. 300MM BRILLANTE 24M
51917,CPS0019,CONSUMO DE LAMINADO
51917,56777,LAMINADO 300MM PAPEL SEMIBRILLO L80-P6H-G62S ARC
51918,CPS0019,CONSUMO DE LAMINADO
51918,50094,LAMINADO 333MM PP BLANCO MATE TRANSFER C2075 F8212B
51920,42252,LAMINADO CINTA P/LAM  PP TRANSP. 300MM BRILLANTE 24M
51920,CPS0019,CONSUMO DE LAMINADO
51920,56777,LAMINADO 300MM PAPEL SEMIBRILLO L80-P6H-G62S ARC
51921,CPS0019,CONSUMO DE LAMINADO
51921,49200,LAMINADO 160MM GREEN PAPER 100µ AE500 GL62 INNO
51922,CPS0019,CONSUMO DE LAMINADO
51922,49200,LAMINADO 160MM GREEN PAPER 100µ AE500 GL62 INNO
51923,CPS0019,CONSUMO DE LAMINADO
51923,49200,LAMINADO 160MM GREEN PAPER 100µ AE500 GL62 INNO
51926,CPS0019,CONSUMO DE LAMINADO
51926,50753,LAMINADO 330MM PPDL54P4 OPTIMA MATE 2 G60 MIC
51927,CPS0019,CONSUMO DE LAMINADO
51927,50753,LAMINADO 330MM PPDL54P4 OPTIMA MATE 2 G60 MIC
51928,42817,LAMINADO 300MM BOPP BCO. BRILLANTE 60 TC (08065)
51928,CPS0019,CONSUMO DE LAMINADO
51929,CPS0019,CONSUMO DE LAMINADO
51929,46452,LAMINADO 300MM PAPEL SEMIBRILLO 6770 80 GR AP 904 RI
51933,CPS0019,CONSUMO DE LAMINADO
51933,45856,LAMINADO 330MM PAPEL SEMIBRILLO 6770 80 GR AP 904 RI
51934,CPS0019,CONSUMO DE LAMINADO
51934,45856,LAMINADO 330MM PAPEL SEMIBRILLO 6770 80 GR AP 904 RI
51935,CPS0019,CONSUMO DE LAMINADO
51935,46452,LAMINADO 300MM PAPEL SEMIBRILLO 6770 80 GR AP 904 RI
51937,CPS0019,CONSUMO DE LAMINADO
51937,50359,LAMINADO FILM PETG 240 MM 45 MIC
51938,43389,LAMINADO 75MM SEGURIDAD ARSEAL AZUL
51938,CPS0019,CONSUMO DE LAMINADO
51939,40500,LAMINADO 160MM BOPP  BLACO. 60 UTC RI 707/BL 8065 EXACTO
51939,CPS0019,CONSUMO DE LAMINADO
51939,43452,LAMINADO 160MM PP BCO BTE P4 38M G58 ARC
51940,39651,LAMINADO 200MM PAPEL SEMIBRILLO cod. 6770 RI
51940,CPS0019,CONSUMO DE LAMINADO
51941,45856,LAMINADO 330MM PAPEL SEMIBRILLO 6770 80 GR AP 904 RI
51941,CPS0019,CONSUMO DE LAMINADO
51942,CPS0019,CONSUMO DE LAMINADO
51942,45856,LAMINADO 330MM PAPEL SEMIBRILLO 6770 80 GR AP 904 RI
51943,CPS0019,CONSUMO DE LAMINADO
51943,45856,LAMINADO 330MM PAPEL SEMIBRILLO 6770 80 GR AP 904 RI
51944,CPS0019,CONSUMO DE LAMINADO
51944,51614,LAMINADO 330MM PP TRANSPARENTE 50TC S0208 BG62B
51946,43809,"LAMINADO 109,09MM PAPEL SINTETICO 80micras MIC"
51946,CPS0019,CONSUMO DE LAMINADO
51948,CPS0019,CONSUMO DE LAMINADO
51948,57872,LAMINADO 300MM PAPEL SEMIBRILLO L80 -P - G60 ARP
51948,59270,LAMINADO FOLIA ORO COLDFOIL 280MM DSCF613-OP COR
51949,CPS0019,CONSUMO DE LAMINADO
51949,45856,LAMINADO 330MM PAPEL SEMIBRILLO 6770 80 GR AP 904 RI
51950,CPS0019,CONSUMO DE LAMINADO
51950,45856,LAMINADO 330MM PAPEL SEMIBRILLO 6770 80 GR AP 904 RI
51951,45856,LAMINADO 330MM PAPEL SEMIBRILLO 6770 80 GR AP 904 RI
51951,CPS0019,CONSUMO DE LAMINADO
51952,CPS0019,CONSUMO DE LAMINADO
51952,45856,LAMINADO 330MM PAPEL SEMIBRILLO 6770 80 GR AP 904 RI
51953,CPS0019,CONSUMO DE LAMINADO
51953,45856,LAMINADO 330MM PAPEL SEMIBRILLO 6770 80 GR AP 904 RI
51954,CPS0019,CONSUMO DE LAMINADO
51954,45856,LAMINADO 330MM PAPEL SEMIBRILLO 6770 80 GR AP 904 RI
51955,CPS0019,CONSUMO DE LAMINADO
51955,45856,LAMINADO 330MM PAPEL SEMIBRILLO 6770 80 GR AP 904 RI
51956,45856,LAMINADO 330MM PAPEL SEMIBRILLO 6770 80 GR AP 904 RI
51956,CPS0019,CONSUMO DE LAMINADO
51957,CPS0019,CONSUMO DE LAMINADO
51957,45856,LAMINADO 330MM PAPEL SEMIBRILLO 6770 80 GR AP 904 RI
51958,45856,LAMINADO 330MM PAPEL SEMIBRILLO 6770 80 GR AP 904 RI
51958,CPS0019,CONSUMO DE LAMINADO
51959,CPS0019,CONSUMO DE LAMINADO
51959,45856,LAMINADO 330MM PAPEL SEMIBRILLO 6770 80 GR AP 904 RI
51960,CPS0019,CONSUMO DE LAMINADO
51960,45856,LAMINADO 330MM PAPEL SEMIBRILLO 6770 80 GR AP 904 RI
51961,45856,LAMINADO 330MM PAPEL SEMIBRILLO 6770 80 GR AP 904 RI
51961,CPS0019,CONSUMO DE LAMINADO
51962,CPS0019,CONSUMO DE LAMINADO
51962,45856,LAMINADO 330MM PAPEL SEMIBRILLO 6770 80 GR AP 904 RI
51965,43973,LAMINADO 110MM PAPEL SINTETICO 200 micras MIC
51965,CPS0019,CONSUMO DE LAMINADO
51966,43973,LAMINADO 110MM PAPEL SINTETICO 200 micras MIC
51966,CPS0019,CONSUMO DE LAMINADO
51967,40500,LAMINADO 160MM BOPP  BLACO. 60 UTC RI 707/BL 8065 EXACTO
51967,CPS0019,CONSUMO DE LAMINADO
51968,CPS0019,CONSUMO DE LAMINADO
51968,50754,LAMINADO 320MM PPDL54P4 OPTIMA MATE 2 G60 (F9CG3 ) MIC
51969,43573,LAMINADO 200MM PPBB60-P1-G62S
51969,CPS0019,CONSUMO DE LAMINADO
51969,47363,LAMINADO 200MM PPDL54P1 OPTIMA MATE G60
51970,CPS0019,CONSUMO DE LAMINADO
51970,46452,LAMINADO 300MM PAPEL SEMIBRILLO 6770 80 GR AP 904 RI
51972,CPS0019,CONSUMO DE LAMINADO
51972,46452,LAMINADO 300MM PAPEL SEMIBRILLO 6770 80 GR AP 904 RI
51973,CPS0019,CONSUMO DE LAMINADO
51973,46452,LAMINADO 300MM PAPEL SEMIBRILLO 6770 80 GR AP 904 RI
51976,CPS0019,CONSUMO DE LAMINADO
51976,45856,LAMINADO 330MM PAPEL SEMIBRILLO 6770 80 GR AP 904 RI
51977,44927,LAMINADO 330MM PAPEL SEMIBRILLO L80-PH-G62S ( EXACTO) ARP
51977,CPS0019,CONSUMO DE LAMINADO
51978,CPS0019,CONSUMO DE LAMINADO
51978,46452,LAMINADO 300MM PAPEL SEMIBRILLO 6770 80 GR AP 904 RI
51981,CPS0019,CONSUMO DE LAMINADO
51981,51614,LAMINADO 330MM PP TRANSPARENTE 50TC S0208 BG62B
51982,CPS0019,CONSUMO DE LAMINADO
51982,51614,LAMINADO 330MM PP TRANSPARENTE 50TC S0208 BG62B
51984,CPS0019,CONSUMO DE LAMINADO
51984,51557,LAMINADO FILM PETG 280 MM 45 MIC
51985,CPS0019,CONSUMO DE LAMINADO
51985,51557,LAMINADO FILM PETG 280 MM 45 MIC
51989,40500,LAMINADO 160MM BOPP  BLACO. 60 UTC RI 707/BL 8065 EXACTO
51989,43452,LAMINADO 160MM PP BCO BTE P4 38M G58 ARC
51989,CPS0019,CONSUMO DE LAMINADO
51990,40500,LAMINADO 160MM BOPP  BLACO. 60 UTC RI 707/BL 8065 EXACTO
51990,43452,LAMINADO 160MM PP BCO BTE P4 38M G58 ARC
51990,CPS0019,CONSUMO DE LAMINADO
51992,45856,LAMINADO 330MM PAPEL SEMIBRILLO 6770 80 GR AP 904 RI
51992,CPS0019,CONSUMO DE LAMINADO
51992,46169,LAMINADO FOLIA ORO COLDFOIL 290MM DGCF-613-OP
51994,CPS0019,CONSUMO DE LAMINADO
51994,711,LAMINADO 160MM PAPEL SEMIBRILLO 6770 80G AP 904 RI
51995,CPS0019,CONSUMO DE LAMINADO
51995,45856,LAMINADO 330MM PAPEL SEMIBRILLO 6770 80 GR AP 904 RI
51996,CPS0019,CONSUMO DE LAMINADO
51996,49668,LAMINADO 200MM PP TRANSP.51MC RP37
51997,CPS0019,CONSUMO DE LAMINADO
51997,49668,LAMINADO 200MM PP TRANSP.51MC RP37
51998,CPS0019,CONSUMO DE LAMINADO
51998,51614,LAMINADO 330MM PP TRANSPARENTE 50TC S0208 BG62B
52000,42252,LAMINADO CINTA P/LAM  PP TRANSP. 300MM BRILLANTE 24M
52000,CPS0019,CONSUMO DE LAMINADO
52000,56777,LAMINADO 300MM PAPEL SEMIBRILLO L80-P6H-G62S ARC
52003,CPS0019,CONSUMO DE LAMINADO
52003,51556,LAMINADO FILM PETG 300 MM 45 MIC
52004,CPS0019,CONSUMO DE LAMINADO
52004,50360,LAMINADO FILM PETG 300 MM 45 MIC
52005,CPS0019,CONSUMO DE LAMINADO
52005,50360,LAMINADO FILM PETG 300 MM 45 MIC
52006,50360,LAMINADO FILM PETG 300 MM 45 MIC
52006,CPS0019,CONSUMO DE LAMINADO
52007,CPS0019,CONSUMO DE LAMINADO
52007,50360,LAMINADO FILM PETG 300 MM 45 MIC
52008,CPS0019,CONSUMO DE LAMINADO
52008,50360,LAMINADO FILM PETG 300 MM 45 MIC
52009,CPS0019,CONSUMO DE LAMINADO
52009,48080,LAMINADO 110MM BLACKCOVER 90 GR AE500 GL62 INNO
52010,48080,LAMINADO 110MM BLACKCOVER 90 GR AE500 GL62 INNO
52010,CPS0019,CONSUMO DE LAMINADO
52011,CPS0019,CONSUMO DE LAMINADO
52011,709,LAMINADO 110MM PAPEL SEMIBRILLO 6770 80G AP 904 RI
52012,CPS0019,CONSUMO DE LAMINADO
52012,50755,LAMINADO 110MM PPDL54P4 OPTIMA MATE 2 G60 ( F9CG3 ) SINOPAPEL
52013,CPS0019,CONSUMO DE LAMINADO
52013,46452,LAMINADO 300MM PAPEL SEMIBRILLO 6770 80 GR AP 904 RI
52014,CPS0019,CONSUMO DE LAMINADO
52014,45856,LAMINADO 330MM PAPEL SEMIBRILLO 6770 80 GR AP 904 RI
52017,CPS0019,CONSUMO DE LAMINADO
52017,46219,LAMINADO CINTA P/LAMINAR PP TRANSP. 320MM AA-LABR-LA-SL-BPT-QSW DIP
52017,50094,LAMINADO 333MM PP BLANCO MATE TRANSFER C2075 F8212B
52018,40500,LAMINADO 160MM BOPP  BLACO. 60 UTC RI 707/BL 8065 EXACTO
52018,CPS0019,CONSUMO DE LAMINADO
52021,44828,LAMINADO 250MM PPBB60-P1-G62S
52021,CPS0019,CONSUMO DE LAMINADO
52022,44828,LAMINADO 250MM PPBB60-P1-G62S
52022,CPS0019,CONSUMO DE LAMINADO
52023,CPS0019,CONSUMO DE LAMINADO
52023,709,LAMINADO 110MM PAPEL SEMIBRILLO 6770 80G AP 904 RI
52037,43453,LAMINADO 160MM PAPEL TRANSFER TT64/PH
52037,CPS0019,CONSUMO DE LAMINADO
52039,43453,LAMINADO 160MM PAPEL TRANSFER TT64/PH
52039,CPS0019,CONSUMO DE LAMINADO
52040,43453,LAMINADO 160MM PAPEL TRANSFER TT64/PH
52040,CPS0019,CONSUMO DE LAMINADO
52041,43453,LAMINADO 160MM PAPEL TRANSFER TT64/PH
52041,CPS0019,CONSUMO DE LAMINADO
52043,42252,LAMINADO CINTA P/LAM  PP TRANSP. 300MM BRILLANTE 24M
52043,45780,LAMINADO 300MM PPBB60-P4-G62S
52043,CPS0019,CONSUMO DE LAMINADO
52044,46192,LAMINADO 330MM PPBB60-P4-G62S
52044,46219,LAMINADO CINTA P/LAMINAR PP TRANSP. 320MM AA-LABR-LA-SL-BPT-QSW DIP
52044,CPS0019,CONSUMO DE LAMINADO
52045,40500,LAMINADO 160MM BOPP  BLACO. 60 UTC RI 707/BL 8065 EXACTO
52045,CPS0019,CONSUMO DE LAMINADO
52046,43573,LAMINADO 200MM PPBB60-P1-G62S
52046,CPS0019,CONSUMO DE LAMINADO
52048,CPS0019,CONSUMO DE LAMINADO
52048,57872,LAMINADO 300MM PAPEL SEMIBRILLO L80 -P - G60 ARP
52050,CPS0019,CONSUMO DE LAMINADO
52050,711,LAMINADO 160MM PAPEL SEMIBRILLO 6770 80G AP 904 RI
52053,42252,LAMINADO CINTA P/LAM  PP TRANSP. 300MM BRILLANTE 24M
52053,CPS0019,CONSUMO DE LAMINADO
52053,50753,LAMINADO 330MM PPDL54P4 OPTIMA MATE 2 G60 MIC
52054,CPS0019,CONSUMO DE LAMINADO
52054,48308,LAMINADO 330MM TERMAL  TOP HS AP903 YG60
52055,42252,LAMINADO CINTA P/LAM  PP TRANSP. 300MM BRILLANTE 24M
52055,CPS0019,CONSUMO DE LAMINADO
52055,56777,LAMINADO 300MM PAPEL SEMIBRILLO L80-P6H-G62S ARC
52056,40500,LAMINADO 160MM BOPP  BLACO. 60 UTC RI 707/BL 8065 EXACTO
52056,CPS0019,CONSUMO DE LAMINADO
52057,40500,LAMINADO 160MM BOPP  BLACO. 60 UTC RI 707/BL 8065 EXACTO
52057,CPS0019,CONSUMO DE LAMINADO
52058,CPS0019,CONSUMO DE LAMINADO
52058,46888,LAMINADO 160MM GREEN PAPER 120µ HP 2300/GL62 INNO
52065,44828,LAMINADO 250MM PPBB60-P1-G62S
52065,CPS0019,CONSUMO DE LAMINADO
52066,CPS0019,CONSUMO DE LAMINADO
52066,44828,LAMINADO 250MM PPBB60-P1-G62S
52067,CPS0019,CONSUMO DE LAMINADO
52067,709,LAMINADO 110MM PAPEL SEMIBRILLO 6770 80G AP 904 RI
52068,CPS0019,CONSUMO DE LAMINADO
52068,709,LAMINADO 110MM PAPEL SEMIBRILLO 6770 80G AP 904 RI
52069,CPS0019,CONSUMO DE LAMINADO
52069,709,LAMINADO 110MM PAPEL SEMIBRILLO 6770 80G AP 904 RI
52070,CPS0019,CONSUMO DE LAMINADO
52070,709,LAMINADO 110MM PAPEL SEMIBRILLO 6770 80G AP 904 RI
52072,40500,LAMINADO 160MM BOPP  BLACO. 60 UTC RI 707/BL 8065 EXACTO
52072,CPS0019,CONSUMO DE LAMINADO
52073,40500,LAMINADO 160MM BOPP  BLACO. 60 UTC RI 707/BL 8065 EXACTO
52073,CPS0019,CONSUMO DE LAMINADO
52074,CPS0019,CONSUMO DE LAMINADO
52074,709,LAMINADO 110MM PAPEL SEMIBRILLO 6770 80G AP 904 RI
52075,43973,LAMINADO 110MM PAPEL SINTETICO 200 micras MIC
52075,CPS0019,CONSUMO DE LAMINADO
52076,CPS0019,CONSUMO DE LAMINADO
52076,51344,LAMINADO 260MM PAPEL SEMIBRILLO 80 GR AP 904 ( 6770) RI
52077,44892,LAMINADO 200MM PPBB60-P4-G62S
52077,CPS0019,CONSUMO DE LAMINADO
52077,45939,LAMINADO FOLIA PLATA COLDFOIL 160MM DSCF613-OP COR
52078,CPS0019,CONSUMO DE LAMINADO
52078,45856,LAMINADO 330MM PAPEL SEMIBRILLO 6770 80 GR AP 904 RI
52079,CPS0019,CONSUMO DE LAMINADO
52079,45856,LAMINADO 330MM PAPEL SEMIBRILLO 6770 80 GR AP 904 RI
52080,45856,LAMINADO 330MM PAPEL SEMIBRILLO 6770 80 GR AP 904 RI
52080,CPS0019,CONSUMO DE LAMINADO
52081,45856,LAMINADO 330MM PAPEL SEMIBRILLO 6770 80 GR AP 904 RI
52081,CPS0019,CONSUMO DE LAMINADO
52082,CPS0019,CONSUMO DE LAMINADO
52082,45856,LAMINADO 330MM PAPEL SEMIBRILLO 6770 80 GR AP 904 RI
52083,45856,LAMINADO 330MM PAPEL SEMIBRILLO 6770 80 GR AP 904 RI
52083,CPS0019,CONSUMO DE LAMINADO
52084,CPS0019,CONSUMO DE LAMINADO
52084,45856,LAMINADO 330MM PAPEL SEMIBRILLO 6770 80 GR AP 904 RI
52085,CPS0019,CONSUMO DE LAMINADO
52085,48641,LAMINADO FILM PVC 330 MM 40 MIC
52088,CPS0019,CONSUMO DE LAMINADO
52088,45856,LAMINADO 330MM PAPEL SEMIBRILLO 6770 80 GR AP 904 RI
52089,CPS0019,CONSUMO DE LAMINADO
52089,46452,LAMINADO 300MM PAPEL SEMIBRILLO 6770 80 GR AP 904 RI
52091,CPS0019,CONSUMO DE LAMINADO
52091,709,LAMINADO 110MM PAPEL SEMIBRILLO 6770 80G AP 904 RI
52092,CPS0019,CONSUMO DE LAMINADO
52092,45856,LAMINADO 330MM PAPEL SEMIBRILLO 6770 80 GR AP 904 RI
52093,45856,LAMINADO 330MM PAPEL SEMIBRILLO 6770 80 GR AP 904 RI
52093,CPS0019,CONSUMO DE LAMINADO
52094,45856,LAMINADO 330MM PAPEL SEMIBRILLO 6770 80 GR AP 904 RI
52094,CPS0019,CONSUMO DE LAMINADO
52096,CPS0019,CONSUMO DE LAMINADO
52096,50067,LAMINADO FOLIA ORO COLDFOIL 256MM
52096,50754,LAMINADO 320MM PPDL54P4 OPTIMA MATE 2 G60 (F9CG3 ) MIC
52099,CPS0019,CONSUMO DE LAMINADO
52099,50094,LAMINADO 333MM PP BLANCO MATE TRANSFER C2075 F8212B
52101,40500,LAMINADO 160MM BOPP  BLACO. 60 UTC RI 707/BL 8065 EXACTO
52101,CPS0019,CONSUMO DE LAMINADO
52103,43573,LAMINADO 200MM PPBB60-P1-G62S
52103,CPS0019,CONSUMO DE LAMINADO
52103,45939,LAMINADO FOLIA PLATA COLDFOIL 160MM DSCF613-OP COR
52104,CPS0019,CONSUMO DE LAMINADO
52104,46452,LAMINADO 300MM PAPEL SEMIBRILLO 6770 80 GR AP 904 RI
52105,42252,LAMINADO CINTA P/LAM  PP TRANSP. 300MM BRILLANTE 24M
52105,CPS0019,CONSUMO DE LAMINADO
52105,45780,LAMINADO 300MM PPBB60-P4-G62S
52107,42252,LAMINADO CINTA P/LAM  PP TRANSP. 300MM BRILLANTE 24M
52107,CPS0019,CONSUMO DE LAMINADO
52107,56777,LAMINADO 300MM PAPEL SEMIBRILLO L80-P6H-G62S ARC
52108,42252,LAMINADO CINTA P/LAM  PP TRANSP. 300MM BRILLANTE 24M
52108,CPS0019,CONSUMO DE LAMINADO
52108,56777,LAMINADO 300MM PAPEL SEMIBRILLO L80-P6H-G62S ARC
52109,42252,LAMINADO CINTA P/LAM  PP TRANSP. 300MM BRILLANTE 24M
52109,CPS0019,CONSUMO DE LAMINADO
52109,56777,LAMINADO 300MM PAPEL SEMIBRILLO L80-P6H-G62S ARC
52111,40500,LAMINADO 160MM BOPP  BLACO. 60 UTC RI 707/BL 8065 EXACTO
52111,CPS0019,CONSUMO DE LAMINADO
52112,40500,LAMINADO 160MM BOPP  BLACO. 60 UTC RI 707/BL 8065 EXACTO
52112,CPS0019,CONSUMO DE LAMINADO
52113,40500,LAMINADO 160MM BOPP  BLACO. 60 UTC RI 707/BL 8065 EXACTO
52113,CPS0019,CONSUMO DE LAMINADO
52116,CPS0019,CONSUMO DE LAMINADO
52116,709,LAMINADO 110MM PAPEL SEMIBRILLO 6770 80G AP 904 RI
52118,CPS0019,CONSUMO DE LAMINADO
52118,46452,LAMINADO 300MM PAPEL SEMIBRILLO 6770 80 GR AP 904 RI
52119,CPS0019,CONSUMO DE LAMINADO
52119,709,LAMINADO 110MM PAPEL SEMIBRILLO 6770 80G AP 904 RI
52122,40500,LAMINADO 160MM BOPP  BLACO. 60 UTC RI 707/BL 8065 EXACTO
52122,CPS0019,CONSUMO DE LAMINADO
52123,40500,LAMINADO 160MM BOPP  BLACO. 60 UTC RI 707/BL 8065 EXACTO
52123,CPS0019,CONSUMO DE LAMINADO
52133,CPS0019,CONSUMO DE LAMINADO
52133,48890,LAMINADO 115MM HG FASCOVER AT20 7636
52134,CPS0019,CONSUMO DE LAMINADO
52134,46148,LAMINADO 330MM PPBB60-P1-G62S
52135,CPS0019,CONSUMO DE LAMINADO
52135,46148,LAMINADO 330MM PPBB60-P1-G62S
52136,CPS0019,CONSUMO DE LAMINADO
52136,46148,LAMINADO 330MM PPBB60-P1-G62S
52137,CPS0019,CONSUMO DE LAMINADO
52137,46452,LAMINADO 300MM PAPEL SEMIBRILLO 6770 80 GR AP 904 RI
52138,45856,LAMINADO 330MM PAPEL SEMIBRILLO 6770 80 GR AP 904 RI
52138,CPS0019,CONSUMO DE LAMINADO
52141,45856,LAMINADO 330MM PAPEL SEMIBRILLO 6770 80 GR AP 904 RI
52141,CPS0019,CONSUMO DE LAMINADO
52142,CPS0019,CONSUMO DE LAMINADO
52142,45856,LAMINADO 330MM PAPEL SEMIBRILLO 6770 80 GR AP 904 RI
52145,CPS0019,CONSUMO DE LAMINADO
52145,50094,LAMINADO 333MM PP BLANCO MATE TRANSFER C2075 F8212B
52146,42252,LAMINADO CINTA P/LAM  PP TRANSP. 300MM BRILLANTE 24M
52146,45780,LAMINADO 300MM PPBB60-P4-G62S
52146,CPS0019,CONSUMO DE LAMINADO
52147,CPS0019,CONSUMO DE LAMINADO
52147,50359,LAMINADO FILM PETG 240 MM 45 MIC
52148,CPS0019,CONSUMO DE LAMINADO
52148,50359,LAMINADO FILM PETG 240 MM 45 MIC
52149,CPS0019,CONSUMO DE LAMINADO
52149,48724,LAMINADO 250MM BOPP  BLACO. 60 UTC RI 707/BL 8065
52150,CPS0019,CONSUMO DE LAMINADO
52150,48724,LAMINADO 250MM BOPP  BLACO. 60 UTC RI 707/BL 8065
52153,CPS0019,CONSUMO DE LAMINADO
52153,50452,LAMINADO 330MM BOPP PERLADO( 03239 ) RI 757/PR PET 30 AP901
52158,CPS0019,CONSUMO DE LAMINADO
52158,49339,LAMINADO 158 WINEGLASS (AUTOMATICO) PT220 ECO
52159,CPS0019,CONSUMO DE LAMINADO
52159,51614,LAMINADO 330MM PP TRANSPARENTE 50TC S0208 BG62B
52160,39651,LAMINADO 200MM PAPEL SEMIBRILLO cod. 6770 RI
52160,CPS0019,CONSUMO DE LAMINADO
52163,42726,LAMINADO FOLIA ORO COLDFOIL 100 MM
52163,CPS0019,CONSUMO DE LAMINADO
52163,46452,LAMINADO 300MM PAPEL SEMIBRILLO 6770 80 GR AP 904 RI
52164,CPS0019,CONSUMO DE LAMINADO
52164,709,LAMINADO 110MM PAPEL SEMIBRILLO 6770 80G AP 904 RI
52165,CPS0019,CONSUMO DE LAMINADO
52165,709,LAMINADO 110MM PAPEL SEMIBRILLO 6770 80G AP 904 RI
52166,CPS0019,CONSUMO DE LAMINADO
52166,709,LAMINADO 110MM PAPEL SEMIBRILLO 6770 80G AP 904 RI
52167,CPS0019,CONSUMO DE LAMINADO
52167,709,LAMINADO 110MM PAPEL SEMIBRILLO 6770 80G AP 904 RI
52169,CPS0019,CONSUMO DE LAMINADO
52169,709,LAMINADO 110MM PAPEL SEMIBRILLO 6770 80G AP 904 RI
52170,CPS0019,CONSUMO DE LAMINADO
52170,711,LAMINADO 160MM PAPEL SEMIBRILLO 6770 80G AP 904 RI
52171,711,LAMINADO 160MM PAPEL SEMIBRILLO 6770 80G AP 904 RI
52171,CPS0019,CONSUMO DE LAMINADO
52172,CPS0019,CONSUMO DE LAMINADO
52172,50359,LAMINADO FILM PETG 240 MM 45 MIC
52173,CPS0019,CONSUMO DE LAMINADO
52173,50359,LAMINADO FILM PETG 240 MM 45 MIC
52174,CPS0019,CONSUMO DE LAMINADO
52174,50359,LAMINADO FILM PETG 240 MM 45 MIC
52175,44980,LAMINADO 160MM PPDL54P4 OPTIMA MATE AF1000 G60 ARC
52175,CPS0019,CONSUMO DE LAMINADO
52176,CPS0019,CONSUMO DE LAMINADO
52176,45856,LAMINADO 330MM PAPEL SEMIBRILLO 6770 80 GR AP 904 RI
52177,45856,LAMINADO 330MM PAPEL SEMIBRILLO 6770 80 GR AP 904 RI
52177,CPS0019,CONSUMO DE LAMINADO
52179,CPS0019,CONSUMO DE LAMINADO
52179,46888,LAMINADO 160MM GREEN PAPER 120µ HP 2300/GL62 INNO
52180,CPS0019,CONSUMO DE LAMINADO
52180,50014,LAMINADO 333 MM  PP BLANCO BRILLANTE INKJET 8045 AP904
52181,CPS0019,CONSUMO DE LAMINADO
52181,48261,LAMINADO 330MM TERMICO PROTEGIDO 7836 THERMAL TC /80 GR GL/60 RI
52182,CPS0019,CONSUMO DE LAMINADO
52182,46888,LAMINADO 160MM GREEN PAPER 120µ HP 2300/GL62 INNO
52183,CPS0019,CONSUMO DE LAMINADO
52183,46888,LAMINADO 160MM GREEN PAPER 120µ HP 2300/GL62 INNO
52184,CPS0019,CONSUMO DE LAMINADO
52184,46888,LAMINADO 160MM GREEN PAPER 120µ HP 2300/GL62 INNO
52185,CPS0019,CONSUMO DE LAMINADO
52185,46888,LAMINADO 160MM GREEN PAPER 120µ HP 2300/GL62 INNO
52186,CPS0019,CONSUMO DE LAMINADO
52186,46888,LAMINADO 160MM GREEN PAPER 120µ HP 2300/GL62 INNO
52187,46888,LAMINADO 160MM GREEN PAPER 120µ HP 2300/GL62 INNO
52187,CPS0019,CONSUMO DE LAMINADO
52188,CPS0019,CONSUMO DE LAMINADO
52188,44828,LAMINADO 250MM PPBB60-P1-G62S
52189,44828,LAMINADO 250MM PPBB60-P1-G62S
52189,CPS0019,CONSUMO DE LAMINADO
52190,CPS0019,CONSUMO DE LAMINADO
52190,46118,LAMINADO 300MM PPBB60-P1-G62S
52191,CPS0019,CONSUMO DE LAMINADO
52191,46118,LAMINADO 300MM PPBB60-P1-G62S
52192,CPS0019,CONSUMO DE LAMINADO
52192,46118,LAMINADO 300MM PPBB60-P1-G62S
52193,CPS0019,CONSUMO DE LAMINADO
52193,46118,LAMINADO 300MM PPBB60-P1-G62S
52195,CPS0019,CONSUMO DE LAMINADO
52195,50753,LAMINADO 330MM PPDL54P4 OPTIMA MATE 2 G60 MIC
52196,CPS0019,CONSUMO DE LAMINADO
52196,50753,LAMINADO 330MM PPDL54P4 OPTIMA MATE 2 G60 MIC
52197,CPS0019,CONSUMO DE LAMINADO
52197,50753,LAMINADO 330MM PPDL54P4 OPTIMA MATE 2 G60 MIC
52198,CPS0019,CONSUMO DE LAMINADO
52198,50753,LAMINADO 330MM PPDL54P4 OPTIMA MATE 2 G60 MIC
52199,CPS0019,CONSUMO DE LAMINADO
52199,50753,LAMINADO 330MM PPDL54P4 OPTIMA MATE 2 G60 MIC
52200,CPS0019,CONSUMO DE LAMINADO
52200,50753,LAMINADO 330MM PPDL54P4 OPTIMA MATE 2 G60 MIC
52201,CPS0019,CONSUMO DE LAMINADO
52201,50753,LAMINADO 330MM PPDL54P4 OPTIMA MATE 2 G60 MIC
52202,45856,LAMINADO 330MM PAPEL SEMIBRILLO 6770 80 GR AP 904 RI
52202,CPS0019,CONSUMO DE LAMINADO
52203,44928,LAMINADO 300MM PAPEL SEMIBRILLO L80-PH-G62S Exacto ARP
52203,CPS0019,CONSUMO DE LAMINADO
52206,CPS0019,CONSUMO DE LAMINADO
52206,57755,LAMINADO 160MM PP BCO BTE PPBB60-P ARP (SAMSON/ARP)
52207,43504,LAMINADO 200MM BOPP  METALIZADO PLATA BRILLANTE RI 717/50
52207,CPS0019,CONSUMO DE LAMINADO
52210,CPS0019,CONSUMO DE LAMINADO
52210,48647,LAMINADO FILM PETG 330 MM 45 MIC
52211,CPS0019,CONSUMO DE LAMINADO
52211,45856,LAMINADO 330MM PAPEL SEMIBRILLO 6770 80 GR AP 904 RI
52212,CPS0019,CONSUMO DE LAMINADO
52212,48546,LAMINADO 333MM PP TRANSP.51MC RP37  DIPISA
52213,CPS0019,CONSUMO DE LAMINADO
52213,45856,LAMINADO 330MM PAPEL SEMIBRILLO 6770 80 GR AP 904 RI
52218,CPS0019,CONSUMO DE LAMINADO
52218,50753,LAMINADO 330MM PPDL54P4 OPTIMA MATE 2 G60 MIC
52219,CPS0019,CONSUMO DE LAMINADO
52219,50753,LAMINADO 330MM PPDL54P4 OPTIMA MATE 2 G60 MIC
52220,CPS0019,CONSUMO DE LAMINADO
52220,50359,LAMINADO FILM PETG 240 MM 45 MIC
52221,CPS0019,CONSUMO DE LAMINADO
52221,51556,LAMINADO FILM PETG 300 MM 45 MIC
52222,CPS0019,CONSUMO DE LAMINADO
52222,50359,LAMINADO FILM PETG 240 MM 45 MIC
52227,CPS0019,CONSUMO DE LAMINADO
52227,50359,LAMINADO FILM PETG 240 MM 45 MIC
52229,CPS0019,CONSUMO DE LAMINADO
52229,46148,LAMINADO 330MM PPBB60-P1-G62S
52230,CPS0019,CONSUMO DE LAMINADO
52230,48308,LAMINADO 330MM TERMAL  TOP HS AP903 YG60
52231,39651,LAMINADO 200MM PAPEL SEMIBRILLO cod. 6770 RI
52231,CPS0019,CONSUMO DE LAMINADO
52232,CPS0019,CONSUMO DE LAMINADO
52232,44928,LAMINADO 300MM PAPEL SEMIBRILLO L80-PH-G62S Exacto ARP
52233,44928,LAMINADO 300MM PAPEL SEMIBRILLO L80-PH-G62S Exacto ARP
52233,CPS0019,CONSUMO DE LAMINADO
52234,45856,LAMINADO 330MM PAPEL SEMIBRILLO 6770 80 GR AP 904 RI
52234,CPS0019,CONSUMO DE LAMINADO
52235,CPS0019,CONSUMO DE LAMINADO
52235,45856,LAMINADO 330MM PAPEL SEMIBRILLO 6770 80 GR AP 904 RI
52236,CPS0019,CONSUMO DE LAMINADO
52236,48647,LAMINADO FILM PETG 330 MM 45 MIC
52237,CPS0019,CONSUMO DE LAMINADO
52237,48647,LAMINADO FILM PETG 330 MM 45 MIC
52238,CPS0019,CONSUMO DE LAMINADO
52238,48647,LAMINADO FILM PETG 330 MM 45 MIC
52239,CPS0019,CONSUMO DE LAMINADO
52239,48647,LAMINADO FILM PETG 330 MM 45 MIC
52240,CPS0019,CONSUMO DE LAMINADO
52240,48647,LAMINADO FILM PETG 330 MM 45 MIC
52241,CPS0019,CONSUMO DE LAMINADO
52241,48647,LAMINADO FILM PETG 330 MM 45 MIC
52242,CPS0019,CONSUMO DE LAMINADO
52242,48647,LAMINADO FILM PETG 330 MM 45 MIC
52243,CPS0019,CONSUMO DE LAMINADO
52243,48647,LAMINADO FILM PETG 330 MM 45 MIC
52244,CPS0019,CONSUMO DE LAMINADO
52244,48647,LAMINADO FILM PETG 330 MM 45 MIC
52245,CPS0019,CONSUMO DE LAMINADO
52245,48647,LAMINADO FILM PETG 330 MM 45 MIC
52246,CPS0019,CONSUMO DE LAMINADO
52246,48647,LAMINADO FILM PETG 330 MM 45 MIC
52247,CPS0019,CONSUMO DE LAMINADO
52247,48647,LAMINADO FILM PETG 330 MM 45 MIC
52249,CPS0019,CONSUMO DE LAMINADO
52249,46452,LAMINADO 300MM PAPEL SEMIBRILLO 6770 80 GR AP 904 RI
52251,CPS0019,CONSUMO DE LAMINADO
52251,46148,LAMINADO 330MM PPBB60-P1-G62S
52252,CPS0019,CONSUMO DE LAMINADO
52252,46148,LAMINADO 330MM PPBB60-P1-G62S
52253,CPS0019,CONSUMO DE LAMINADO
52253,46148,LAMINADO 330MM PPBB60-P1-G62S
52254,CPS0019,CONSUMO DE LAMINADO
52254,46148,LAMINADO 330MM PPBB60-P1-G62S
52255,CPS0019,CONSUMO DE LAMINADO
52255,46148,LAMINADO 330MM PPBB60-P1-G62S
52256,CPS0019,CONSUMO DE LAMINADO
52256,46148,LAMINADO 330MM PPBB60-P1-G62S
52257,CPS0019,CONSUMO DE LAMINADO
52257,46148,LAMINADO 330MM PPBB60-P1-G62S
52258,CPS0019,CONSUMO DE LAMINADO
52258,50359,LAMINADO FILM PETG 240 MM 45 MIC
52259,CPS0019,CONSUMO DE LAMINADO
52259,50359,LAMINADO FILM PETG 240 MM 45 MIC
52260,CPS0019,CONSUMO DE LAMINADO
52260,50359,LAMINADO FILM PETG 240 MM 45 MIC
52261,CPS0019,CONSUMO DE LAMINADO
52261,51558,LAMINADO FILM PETG 360 MM 45 MIC
52262,CPS0019,CONSUMO DE LAMINADO
52262,51558,LAMINADO FILM PETG 360 MM 45 MIC
52263,CPS0019,CONSUMO DE LAMINADO
52263,51558,LAMINADO FILM PETG 360 MM 45 MIC
52264,CPS0019,CONSUMO DE LAMINADO
52264,48647,LAMINADO FILM PETG 330 MM 45 MIC
52265,CPS0019,CONSUMO DE LAMINADO
52265,48647,LAMINADO FILM PETG 330 MM 45 MIC
52266,CPS0019,CONSUMO DE LAMINADO
52266,48647,LAMINADO FILM PETG 330 MM 45 MIC
52268,CPS0019,CONSUMO DE LAMINADO
52268,48308,LAMINADO 330MM TERMAL  TOP HS AP903 YG60
52269,CPS0019,CONSUMO DE LAMINADO
52269,48647,LAMINADO FILM PETG 330 MM 45 MIC
52271,45780,LAMINADO 300MM PPBB60-P4-G62S
52271,CPS0019,CONSUMO DE LAMINADO
52272,45856,LAMINADO 330MM PAPEL SEMIBRILLO 6770 80 GR AP 904 RI
52272,CPS0019,CONSUMO DE LAMINADO
52273,42240,LAMINADO 111MM PAPEL BLANCO SB REMOVIBLE 7546 80G/AR805/SK60 RI
52273,CPS0019,CONSUMO DE LAMINADO
52274,42240,LAMINADO 111MM PAPEL BLANCO SB REMOVIBLE 7546 80G/AR805/SK60 RI
52274,CPS0019,CONSUMO DE LAMINADO
52275,CPS0019,CONSUMO DE LAMINADO
52275,50359,LAMINADO FILM PETG 240 MM 45 MIC
52276,CPS0019,CONSUMO DE LAMINADO
52276,50359,LAMINADO FILM PETG 240 MM 45 MIC
52277,CPS0019,CONSUMO DE LAMINADO
52277,50359,LAMINADO FILM PETG 240 MM 45 MIC
52278,CPS0019,CONSUMO DE LAMINADO
52278,50359,LAMINADO FILM PETG 240 MM 45 MIC
52279,CPS0019,CONSUMO DE LAMINADO
52279,709,LAMINADO 110MM PAPEL SEMIBRILLO 6770 80G AP 904 RI
52281,40500,LAMINADO 160MM BOPP  BLACO. 60 UTC RI 707/BL 8065 EXACTO
52281,CPS0019,CONSUMO DE LAMINADO
52282,42252,LAMINADO CINTA P/LAM  PP TRANSP. 300MM BRILLANTE 24M
52282,CPS0019,CONSUMO DE LAMINADO
52282,56777,LAMINADO 300MM PAPEL SEMIBRILLO L80-P6H-G62S ARC
52283,42252,LAMINADO CINTA P/LAM  PP TRANSP. 300MM BRILLANTE 24M
52283,45780,LAMINADO 300MM PPBB60-P4-G62S
52283,CPS0019,CONSUMO DE LAMINADO
52284,42252,LAMINADO CINTA P/LAM  PP TRANSP. 300MM BRILLANTE 24M
52284,CPS0019,CONSUMO DE LAMINADO
52284,45780,LAMINADO 300MM PPBB60-P4-G62S
52285,43573,LAMINADO 200MM PPBB60-P1-G62S
52285,CPS0019,CONSUMO DE LAMINADO
52285,47363,LAMINADO 200MM PPDL54P1 OPTIMA MATE G60
52286,43573,LAMINADO 200MM PPBB60-P1-G62S
52286,CPS0019,CONSUMO DE LAMINADO
52286,47363,LAMINADO 200MM PPDL54P1 OPTIMA MATE G60
52287,43573,LAMINADO 200MM PPBB60-P1-G62S
52287,CPS0019,CONSUMO DE LAMINADO
52287,47363,LAMINADO 200MM PPDL54P1 OPTIMA MATE G60
52288,CPS0019,CONSUMO DE LAMINADO
52288,50754,LAMINADO 320MM PPDL54P4 OPTIMA MATE 2 G60 (F9CG3 ) MIC
52288,46148,LAMINADO 330MM PPBB60-P1-G62S
52289,CPS0019,CONSUMO DE LAMINADO
52289,53511,LAMINADO 330 MM PPDL54P1 OPTIMA MATE G60 ARC
52289,56502,LAMINADO 330MM PPBB57-P1-G62S ARC
52290,46148,LAMINADO 330MM PPBB60-P1-G62S
52290,CPS0019,CONSUMO DE LAMINADO
52290,50754,LAMINADO 320MM PPDL54P4 OPTIMA MATE 2 G60 (F9CG3 ) MIC
52291,43573,LAMINADO 200MM PPBB60-P1-G62S
52291,CPS0019,CONSUMO DE LAMINADO
52291,47363,LAMINADO 200MM PPDL54P1 OPTIMA MATE G60
52292,47363,LAMINADO 200MM PPDL54P1 OPTIMA MATE G60
52292,CPS0019,CONSUMO DE LAMINADO
52293,45856,LAMINADO 330MM PAPEL SEMIBRILLO 6770 80 GR AP 904 RI
52293,CPS0019,CONSUMO DE LAMINADO
52294,CPS0019,CONSUMO DE LAMINADO
52294,50359,LAMINADO FILM PETG 240 MM 45 MIC
52295,CPS0019,CONSUMO DE LAMINADO
52295,45856,LAMINADO 330MM PAPEL SEMIBRILLO 6770 80 GR AP 904 RI
52296,CPS0019,CONSUMO DE LAMINADO
52296,46192,LAMINADO 330MM PPBB60-P4-G62S
52297,CPS0019,CONSUMO DE LAMINADO
52297,46192,LAMINADO 330MM PPBB60-P4-G62S
52298,CPS0019,CONSUMO DE LAMINADO
52298,46192,LAMINADO 330MM PPBB60-P4-G62S
52299,CPS0019,CONSUMO DE LAMINADO
52299,46192,LAMINADO 330MM PPBB60-P4-G62S
52301,40500,LAMINADO 160MM BOPP  BLACO. 60 UTC RI 707/BL 8065 EXACTO
52301,43452,LAMINADO 160MM PP BCO BTE P4 38M G58 ARC
52301,CPS0019,CONSUMO DE LAMINADO
52302,40500,LAMINADO 160MM BOPP  BLACO. 60 UTC RI 707/BL 8065 EXACTO
52302,43452,LAMINADO 160MM PP BCO BTE P4 38M G58 ARC
52302,CPS0019,CONSUMO DE LAMINADO
52305,CPS0019,CONSUMO DE LAMINADO
52305,54314,LAMINADO 167 WINEGLASS (MANUAL) 10939 RI
52306,CPS0019,CONSUMO DE LAMINADO
52306,45856,LAMINADO 330MM PAPEL SEMIBRILLO 6770 80 GR AP 904 RI
52307,CPS0019,CONSUMO DE LAMINADO
52307,45856,LAMINADO 330MM PAPEL SEMIBRILLO 6770 80 GR AP 904 RI
52308,45856,LAMINADO 330MM PAPEL SEMIBRILLO 6770 80 GR AP 904 RI
52308,CPS0019,CONSUMO DE LAMINADO
52309,CPS0019,CONSUMO DE LAMINADO
52309,57213,LAMINADO 330MM PAPEL COUCHE MATE DOBLE 200 GRS INNOPRINT
52313,42684,LAMINADO 300MM PP TRANSP. (7559) 50TC S0208 BG62B
52313,CPS0019,CONSUMO DE LAMINADO
52319,CPS0019,CONSUMO DE LAMINADO
52319,46886,LAMINADO 250MM PPDL54P1 OPTIMA MATE G60
52319,48724,LAMINADO 250MM BOPP  BLACO. 60 UTC RI 707/BL 8065
52320,42252,LAMINADO CINTA P/LAM  PP TRANSP. 300MM BRILLANTE 24M
52320,CPS0019,CONSUMO DE LAMINADO
52320,47778,LAMINADO 330MM PAPEL SEMIBRILLO RP48AT 80G DIP
52323,40500,LAMINADO 160MM BOPP  BLACO. 60 UTC RI 707/BL 8065 EXACTO
52323,CPS0019,CONSUMO DE LAMINADO
52331,CPS0019,CONSUMO DE LAMINADO
52331,59743,LAMINADO 250MM PP BCO BTE PPBB60-P ARP (SAMSON/ARP)
52344,CPS0019,CONSUMO DE LAMINADO
52344,54314,LAMINADO 167 WINEGLASS (MANUAL) 10939 RI
52421,CPS0019,CONSUMO DE LAMINADO
52421,44626,LAMINADO 110MM PPDL54P4 OPTIMA MATE AF1000 G60 ARC
52424,CPS0019,CONSUMO DE LAMINADO
52424,44955,LAMINADO 280MM BOPP BLCO. BRITE. RITRAMA (8065)
52425,CPS0019,CONSUMO DE LAMINADO
52425,49339,LAMINADO 158 WINEGLASS (AUTOMATICO) PT220 ECO
52426,CPS0019,CONSUMO DE LAMINADO
52426,50136,LAMINADO CINTA P/LAMINAR  PP TRANSP. 320MM OLPP24-MATE-º1500º
52426,50754,LAMINADO 320MM PPDL54P4 OPTIMA MATE 2 G60 (F9CG3 ) MIC
52427,CPS0019,CONSUMO DE LAMINADO
52427,50136,LAMINADO CINTA P/LAMINAR  PP TRANSP. 320MM OLPP24-MATE-º1500º
52427,50753,LAMINADO 330MM PPDL54P4 OPTIMA MATE 2 G60 MIC
52428,CPS0019,CONSUMO DE LAMINADO
52428,46828,LAMINADO 250 MM BOPP BLANCO 38 M/P4
52428,48724,LAMINADO 250MM BOPP  BLACO. 60 UTC RI 707/BL 8065
52429,40508,LAMINADO 330MM BOPP  BLACO. 60 UTC RI 707/BL 8065 EXACTO
52429,43860,LAMINADO 330MM PP BCO BTE P4 38M G58 ARC
52429,CPS0019,CONSUMO DE LAMINADO
52430,40500,LAMINADO 160MM BOPP  BLACO. 60 UTC RI 707/BL 8065 EXACTO
52430,43452,LAMINADO 160MM PP BCO BTE P4 38M G58 ARC
52430,CPS0019,CONSUMO DE LAMINADO
52441,CPS0019,CONSUMO DE LAMINADO
52441,46888,LAMINADO 160MM GREEN PAPER 120µ HP 2300/GL62 INNO
52444,40500,LAMINADO 160MM BOPP  BLACO. 60 UTC RI 707/BL 8065 EXACTO
52444,CPS0019,CONSUMO DE LAMINADO
52445,42252,LAMINADO CINTA P/LAM  PP TRANSP. 300MM BRILLANTE 24M
52445,CPS0019,CONSUMO DE LAMINADO
52445,45856,LAMINADO 330MM PAPEL SEMIBRILLO 6770 80 GR AP 904 RI
52446,42252,LAMINADO CINTA P/LAM  PP TRANSP. 300MM BRILLANTE 24M
52446,CPS0019,CONSUMO DE LAMINADO
52446,45856,LAMINADO 330MM PAPEL SEMIBRILLO 6770 80 GR AP 904 RI
52447,42252,LAMINADO CINTA P/LAM  PP TRANSP. 300MM BRILLANTE 24M
52447,CPS0019,CONSUMO DE LAMINADO
52447,46452,LAMINADO 300MM PAPEL SEMIBRILLO 6770 80 GR AP 904 RI
52448,42252,LAMINADO CINTA P/LAM  PP TRANSP. 300MM BRILLANTE 24M
52448,45856,LAMINADO 330MM PAPEL SEMIBRILLO 6770 80 GR AP 904 RI
52448,CPS0019,CONSUMO DE LAMINADO
52449,42252,LAMINADO CINTA P/LAM  PP TRANSP. 300MM BRILLANTE 24M
52449,CPS0019,CONSUMO DE LAMINADO
52449,46452,LAMINADO 300MM PAPEL SEMIBRILLO 6770 80 GR AP 904 RI
52450,45856,LAMINADO 330MM PAPEL SEMIBRILLO 6770 80 GR AP 904 RI
52450,CPS0019,CONSUMO DE LAMINADO
52466,42252,LAMINADO CINTA P/LAM  PP TRANSP. 300MM BRILLANTE 24M
52466,CPS0019,CONSUMO DE LAMINADO
52466,46452,LAMINADO 300MM PAPEL SEMIBRILLO 6770 80 GR AP 904 RI
52467,42252,LAMINADO CINTA P/LAM  PP TRANSP. 300MM BRILLANTE 24M
52467,45856,LAMINADO 330MM PAPEL SEMIBRILLO 6770 80 GR AP 904 RI
52467,CPS0019,CONSUMO DE LAMINADO
52468,42252,LAMINADO CINTA P/LAM  PP TRANSP. 300MM BRILLANTE 24M
52468,45856,LAMINADO 330MM PAPEL SEMIBRILLO 6770 80 GR AP 904 RI
52468,CPS0019,CONSUMO DE LAMINADO
52469,CPS0019,CONSUMO DE LAMINADO
52469,46036,LAMINADO 110MM PAPEL SEMIBRILLO L80-PH-G62S (EXACTO) ARP
52470,CPS0019,CONSUMO DE LAMINADO
52470,46036,LAMINADO 110MM PAPEL SEMIBRILLO L80-PH-G62S (EXACTO) ARP
52471,CPS0019,CONSUMO DE LAMINADO
52471,45856,LAMINADO 330MM PAPEL SEMIBRILLO 6770 80 GR AP 904 RI
52472,CPS0019,CONSUMO DE LAMINADO
52472,45856,LAMINADO 330MM PAPEL SEMIBRILLO 6770 80 GR AP 904 RI
52473,45856,LAMINADO 330MM PAPEL SEMIBRILLO 6770 80 GR AP 904 RI
52473,CPS0019,CONSUMO DE LAMINADO
52474,CPS0019,CONSUMO DE LAMINADO
52474,45856,LAMINADO 330MM PAPEL SEMIBRILLO 6770 80 GR AP 904 RI
52476,CPS0019,CONSUMO DE LAMINADO
52476,49745,LAMINADO 330MM POLIETILENO BLANCO BRILLANTE 80m –  GL60
52477,CPS0019,CONSUMO DE LAMINADO
52477,49745,LAMINADO 330MM POLIETILENO BLANCO BRILLANTE 80m –  GL60
52478,CPS0019,CONSUMO DE LAMINADO
52478,50753,LAMINADO 330MM PPDL54P4 OPTIMA MATE 2 G60 MIC
52479,CPS0019,CONSUMO DE LAMINADO
52479,50753,LAMINADO 330MM PPDL54P4 OPTIMA MATE 2 G60 MIC
52480,CPS0019,CONSUMO DE LAMINADO
52480,50753,LAMINADO 330MM PPDL54P4 OPTIMA MATE 2 G60 MIC
52481,CPS0019,CONSUMO DE LAMINADO
52481,50753,LAMINADO 330MM PPDL54P4 OPTIMA MATE 2 G60 MIC
52482,CPS0019,CONSUMO DE LAMINADO
52482,50753,LAMINADO 330MM PPDL54P4 OPTIMA MATE 2 G60 MIC
52483,CPS0019,CONSUMO DE LAMINADO
52483,50753,LAMINADO 330MM PPDL54P4 OPTIMA MATE 2 G60 MIC
52484,CPS0019,CONSUMO DE LAMINADO
52484,50753,LAMINADO 330MM PPDL54P4 OPTIMA MATE 2 G60 MIC
52485,CPS0019,CONSUMO DE LAMINADO
52485,50753,LAMINADO 330MM PPDL54P4 OPTIMA MATE 2 G60 MIC
52486,CPS0019,CONSUMO DE LAMINADO
52486,50753,LAMINADO 330MM PPDL54P4 OPTIMA MATE 2 G60 MIC
52487,CPS0019,CONSUMO DE LAMINADO
52487,50753,LAMINADO 330MM PPDL54P4 OPTIMA MATE 2 G60 MIC
52488,CPS0019,CONSUMO DE LAMINADO
52488,50753,LAMINADO 330MM PPDL54P4 OPTIMA MATE 2 G60 MIC
52489,CPS0019,CONSUMO DE LAMINADO
52489,50753,LAMINADO 330MM PPDL54P4 OPTIMA MATE 2 G60 MIC
52490,CPS0019,CONSUMO DE LAMINADO
52490,50753,LAMINADO 330MM PPDL54P4 OPTIMA MATE 2 G60 MIC
52491,CPS0019,CONSUMO DE LAMINADO
52491,50753,LAMINADO 330MM PPDL54P4 OPTIMA MATE 2 G60 MIC
52492,CPS0019,CONSUMO DE LAMINADO
52492,46148,LAMINADO 330MM PPBB60-P1-G62S
52493,CPS0019,CONSUMO DE LAMINADO
52493,52465,LAMINADO 300MM BOPP PERLADO( 03239 ) RI 757/PR PET 30 AP901
52494,CPS0019,CONSUMO DE LAMINADO
52494,52214,LAMINADO 300 MM PP CLEAR ON CLEAR 50M TC PET30M AP 901
52496,CPS0019,CONSUMO DE LAMINADO
52496,50359,LAMINADO FILM PETG 240 MM 45 MIC
52503,CPS0019,CONSUMO DE LAMINADO
52503,51558,LAMINADO FILM PETG 360 MM 45 MIC
52504,CPS0019,CONSUMO DE LAMINADO
52504,50359,LAMINADO FILM PETG 240 MM 45 MIC
52505,CPS0019,CONSUMO DE LAMINADO
52505,45856,LAMINADO 330MM PAPEL SEMIBRILLO 6770 80 GR AP 904 RI
52511,CPS0019,CONSUMO DE LAMINADO
52511,45856,LAMINADO 330MM PAPEL SEMIBRILLO 6770 80 GR AP 904 RI
52514,40500,LAMINADO 160MM BOPP  BLACO. 60 UTC RI 707/BL 8065 EXACTO
52514,43452,LAMINADO 160MM PP BCO BTE P4 38M G58 ARC
52514,CPS0019,CONSUMO DE LAMINADO
52515,40500,LAMINADO 160MM BOPP  BLACO. 60 UTC RI 707/BL 8065 EXACTO
52515,43452,LAMINADO 160MM PP BCO BTE P4 38M G58 ARC
52515,CPS0019,CONSUMO DE LAMINADO
52516,CPS0019,CONSUMO DE LAMINADO
52516,50136,LAMINADO CINTA P/LAMINAR  PP TRANSP. 320MM OLPP24-MATE-º1500º
52516,50753,LAMINADO 330MM PPDL54P4 OPTIMA MATE 2 G60 MIC
52526,CPS0019,CONSUMO DE LAMINADO
52526,50753,LAMINADO 330MM PPDL54P4 OPTIMA MATE 2 G60 MIC
52531,CPS0019,CONSUMO DE LAMINADO
52531,46888,LAMINADO 160MM GREEN PAPER 120µ HP 2300/GL62 INNO
52532,CPS0019,CONSUMO DE LAMINADO
52532,46888,LAMINADO 160MM GREEN PAPER 120µ HP 2300/GL62 INNO
52533,CPS0019,CONSUMO DE LAMINADO
52533,49745,LAMINADO 330MM POLIETILENO BLANCO BRILLANTE 80m –  GL60
52534,CPS0019,CONSUMO DE LAMINADO
52534,49745,LAMINADO 330MM POLIETILENO BLANCO BRILLANTE 80m –  GL60
52535,CPS0019,CONSUMO DE LAMINADO
52535,49745,LAMINADO 330MM POLIETILENO BLANCO BRILLANTE 80m –  GL60
52536,CPS0019,CONSUMO DE LAMINADO
52536,49745,LAMINADO 330MM POLIETILENO BLANCO BRILLANTE 80m –  GL60
52537,CPS0019,CONSUMO DE LAMINADO
52537,46219,LAMINADO CINTA P/LAMINAR PP TRANSP. 320MM AA-LABR-LA-SL-BPT-QSW DIP
52537,47778,LAMINADO 330MM PAPEL SEMIBRILLO RP48AT 80G DIP
52538,CPS0019,CONSUMO DE LAMINADO
52538,46192,LAMINADO 330MM PPBB60-P4-G62S
52538,46219,LAMINADO CINTA P/LAMINAR PP TRANSP. 320MM AA-LABR-LA-SL-BPT-QSW DIP
52539,CPS0019,CONSUMO DE LAMINADO
52539,45780,LAMINADO 300MM PPBB60-P4-G62S
52540,CPS0019,CONSUMO DE LAMINADO
52540,46192,LAMINADO 330MM PPBB60-P4-G62S
52540,46219,LAMINADO CINTA P/LAMINAR PP TRANSP. 320MM AA-LABR-LA-SL-BPT-QSW DIP
52543,CPS0019,CONSUMO DE LAMINADO
52543,711,LAMINADO 160MM PAPEL SEMIBRILLO 6770 80G AP 904 RI
52545,CPS0019,CONSUMO DE LAMINADO
52545,50753,LAMINADO 330MM PPDL54P4 OPTIMA MATE 2 G60 MIC
52545,50136,LAMINADO CINTA P/LAMINAR  PP TRANSP. 320MM OLPP24-MATE-º1500º
52546,CPS0019,CONSUMO DE LAMINADO
52546,45856,LAMINADO 330MM PAPEL SEMIBRILLO 6770 80 GR AP 904 RI
52549,45856,LAMINADO 330MM PAPEL SEMIBRILLO 6770 80 GR AP 904 RI
52549,CPS0019,CONSUMO DE LAMINADO
52550,45856,LAMINADO 330MM PAPEL SEMIBRILLO 6770 80 GR AP 904 RI
52550,CPS0019,CONSUMO DE LAMINADO
52552,CPS0019,CONSUMO DE LAMINADO
52552,48641,LAMINADO FILM PVC 330 MM 40 MIC
52556,CPS0019,CONSUMO DE LAMINADO
52556,50753,LAMINADO 330MM PPDL54P4 OPTIMA MATE 2 G60 MIC
52557,CPS0019,CONSUMO DE LAMINADO
52557,50753,LAMINADO 330MM PPDL54P4 OPTIMA MATE 2 G60 MIC
52558,40500,LAMINADO 160MM BOPP  BLACO. 60 UTC RI 707/BL 8065 EXACTO
52558,43452,LAMINADO 160MM PP BCO BTE P4 38M G58 ARC
52558,CPS0019,CONSUMO DE LAMINADO
52559,46148,LAMINADO 330MM PPBB60-P1-G62S
52559,CPS0019,CONSUMO DE LAMINADO
52559,50754,LAMINADO 320MM PPDL54P4 OPTIMA MATE 2 G60 (F9CG3 ) MIC
52561,43573,LAMINADO 200MM PPBB60-P1-G62S
52561,CPS0019,CONSUMO DE LAMINADO
52561,47363,LAMINADO 200MM PPDL54P1 OPTIMA MATE G60
52562,CPS0019,CONSUMO DE LAMINADO
52562,50754,LAMINADO 320MM PPDL54P4 OPTIMA MATE 2 G60 (F9CG3 ) MIC
52562,46148,LAMINADO 330MM PPBB60-P1-G62S
52563,43573,LAMINADO 200MM PPBB60-P1-G62S
52563,CPS0019,CONSUMO DE LAMINADO
52563,47363,LAMINADO 200MM PPDL54P1 OPTIMA MATE G60
52564,43573,LAMINADO 200MM PPBB60-P1-G62S
52564,CPS0019,CONSUMO DE LAMINADO
52564,47363,LAMINADO 200MM PPDL54P1 OPTIMA MATE G60
52565,CPS0019,CONSUMO DE LAMINADO
52565,46148,LAMINADO 330MM PPBB60-P1-G62S
52565,50754,LAMINADO 320MM PPDL54P4 OPTIMA MATE 2 G60 (F9CG3 ) MIC
52567,CPS0019,CONSUMO DE LAMINADO
52567,50360,LAMINADO FILM PETG 300 MM 45 MIC
52568,46148,LAMINADO 330MM PPBB60-P1-G62S
52568,CPS0019,CONSUMO DE LAMINADO
52571,CPS0019,CONSUMO DE LAMINADO
52571,46452,LAMINADO 300MM PAPEL SEMIBRILLO 6770 80 GR AP 904 RI
52572,CPS0019,CONSUMO DE LAMINADO
52572,46219,LAMINADO CINTA P/LAMINAR PP TRANSP. 320MM AA-LABR-LA-SL-BPT-QSW DIP
52572,46192,LAMINADO 330MM PPBB60-P4-G62S
52573,CPS0019,CONSUMO DE LAMINADO
52573,46888,LAMINADO 160MM GREEN PAPER 120µ HP 2300/GL62 INNO
52574,CPS0019,CONSUMO DE LAMINADO
52574,46888,LAMINADO 160MM GREEN PAPER 120µ HP 2300/GL62 INNO
52575,CPS0019,CONSUMO DE LAMINADO
52575,46888,LAMINADO 160MM GREEN PAPER 120µ HP 2300/GL62 INNO
52576,40508,LAMINADO 330MM BOPP  BLACO. 60 UTC RI 707/BL 8065 EXACTO
52576,CPS0019,CONSUMO DE LAMINADO
52581,40500,LAMINADO 160MM BOPP  BLACO. 60 UTC RI 707/BL 8065 EXACTO
52581,43452,LAMINADO 160MM PP BCO BTE P4 38M G58 ARC
52581,CPS0019,CONSUMO DE LAMINADO
52584,CPS0019,CONSUMO DE LAMINADO
52584,50753,LAMINADO 330MM PPDL54P4 OPTIMA MATE 2 G60 MIC
52588,CPS0019,CONSUMO DE LAMINADO
52588,45856,LAMINADO 330MM PAPEL SEMIBRILLO 6770 80 GR AP 904 RI
52589,45856,LAMINADO 330MM PAPEL SEMIBRILLO 6770 80 GR AP 904 RI
52589,CPS0019,CONSUMO DE LAMINADO
52590,CPS0019,CONSUMO DE LAMINADO
52590,45856,LAMINADO 330MM PAPEL SEMIBRILLO 6770 80 GR AP 904 RI
52591,CPS0019,CONSUMO DE LAMINADO
52591,45856,LAMINADO 330MM PAPEL SEMIBRILLO 6770 80 GR AP 904 RI
52592,45856,LAMINADO 330MM PAPEL SEMIBRILLO 6770 80 GR AP 904 RI
52592,CPS0019,CONSUMO DE LAMINADO
52593,CPS0019,CONSUMO DE LAMINADO
52593,45856,LAMINADO 330MM PAPEL SEMIBRILLO 6770 80 GR AP 904 RI
52594,CPS0019,CONSUMO DE LAMINADO
52594,45856,LAMINADO 330MM PAPEL SEMIBRILLO 6770 80 GR AP 904 RI
52595,CPS0019,CONSUMO DE LAMINADO
52595,45856,LAMINADO 330MM PAPEL SEMIBRILLO 6770 80 GR AP 904 RI
52596,CPS0019,CONSUMO DE LAMINADO
52596,45856,LAMINADO 330MM PAPEL SEMIBRILLO 6770 80 GR AP 904 RI
52597,45856,LAMINADO 330MM PAPEL SEMIBRILLO 6770 80 GR AP 904 RI
52597,CPS0019,CONSUMO DE LAMINADO
52598,CPS0019,CONSUMO DE LAMINADO
52598,45856,LAMINADO 330MM PAPEL SEMIBRILLO 6770 80 GR AP 904 RI
52599,CPS0019,CONSUMO DE LAMINADO
52599,45856,LAMINADO 330MM PAPEL SEMIBRILLO 6770 80 GR AP 904 RI
52602,43299,LAMINADO 110MM PAPEL TRANSFER TT64/PH
52602,CPS0019,CONSUMO DE LAMINADO
52603,CPS0019,CONSUMO DE LAMINADO
52603,45856,LAMINADO 330MM PAPEL SEMIBRILLO 6770 80 GR AP 904 RI
52604,45856,LAMINADO 330MM PAPEL SEMIBRILLO 6770 80 GR AP 904 RI
52604,CPS0019,CONSUMO DE LAMINADO
52605,CPS0019,CONSUMO DE LAMINADO
52605,46452,LAMINADO 300MM PAPEL SEMIBRILLO 6770 80 GR AP 904 RI
52606,CPS0019,CONSUMO DE LAMINADO
52606,46452,LAMINADO 300MM PAPEL SEMIBRILLO 6770 80 GR AP 904 RI
52607,CPS0019,CONSUMO DE LAMINADO
52609,45856,LAMINADO 330MM PAPEL SEMIBRILLO 6770 80 GR AP 904 RI
52609,CPS0019,CONSUMO DE LAMINADO
52610,CPS0019,CONSUMO DE LAMINADO
52610,46452,LAMINADO 300MM PAPEL SEMIBRILLO 6770 80 GR AP 904 RI
52613,CPS0019,CONSUMO DE LAMINADO
52613,50360,LAMINADO FILM PETG 300 MM 45 MIC
52614,43573,LAMINADO 200MM PPBB60-P1-G62S
52614,CPS0019,CONSUMO DE LAMINADO
52617,CPS0019,CONSUMO DE LAMINADO
52617,50067,LAMINADO FOLIA ORO COLDFOIL 256MM
52617,52835,LAMINADO 345 MM PAPEL COUCHE 130 G/M2 DIPISA
52618,CPS0019,CONSUMO DE LAMINADO
52618,710,LAMINADO 167 WINEGLASS (AUTOMATICO) PT220 ECO
52619,CPS0019,CONSUMO DE LAMINADO
52619,709,LAMINADO 110MM PAPEL SEMIBRILLO 6770 80G AP 904 RI
52620,46828,LAMINADO 250 MM BOPP BLANCO 38 M/P4
52620,48724,LAMINADO 250MM BOPP  BLACO. 60 UTC RI 707/BL 8065
52620,CPS0019,CONSUMO DE LAMINADO
52621,CPS0019,CONSUMO DE LAMINADO
52621,709,LAMINADO 110MM PAPEL SEMIBRILLO 6770 80G AP 904 RI
52623,CPS0019,CONSUMO DE LAMINADO
52623,50360,LAMINADO FILM PETG 300 MM 45 MIC
52624,43973,LAMINADO 110MM PAPEL SINTETICO 200 micras MIC
52624,CPS0019,CONSUMO DE LAMINADO
52627,43452,LAMINADO 160MM PP BCO BTE P4 38M G58 ARC
52627,CPS0019,CONSUMO DE LAMINADO
52628,43452,LAMINADO 160MM PP BCO BTE P4 38M G58 ARC
52628,CPS0019,CONSUMO DE LAMINADO
52629,CPS0019,CONSUMO DE LAMINADO
52629,44891,LAMINADO 320MM PAPEL SEMIBRILLO 6770 AP904 RI
52631,CPS0019,CONSUMO DE LAMINADO
52631,50359,LAMINADO FILM PETG 240 MM 45 MIC
52632,CPS0019,CONSUMO DE LAMINADO
52632,50359,LAMINADO FILM PETG 240 MM 45 MIC
52633,CPS0019,CONSUMO DE LAMINADO
52633,50359,LAMINADO FILM PETG 240 MM 45 MIC
52635,CPS0019,CONSUMO DE LAMINADO
52635,50359,LAMINADO FILM PETG 240 MM 45 MIC
52637,CPS0019,CONSUMO DE LAMINADO
52637,50359,LAMINADO FILM PETG 240 MM 45 MIC
52638,CPS0019,CONSUMO DE LAMINADO
52638,46452,LAMINADO 300MM PAPEL SEMIBRILLO 6770 80 GR AP 904 RI
52640,CPS0019,CONSUMO DE LAMINADO
52640,50359,LAMINADO FILM PETG 240 MM 45 MIC
52641,CPS0019,CONSUMO DE LAMINADO
52641,50359,LAMINADO FILM PETG 240 MM 45 MIC
52643,CPS0019,CONSUMO DE LAMINADO
52643,46888,LAMINADO 160MM GREEN PAPER 120µ HP 2300/GL62 INNO
52644,40500,LAMINADO 160MM BOPP  BLACO. 60 UTC RI 707/BL 8065 EXACTO
52644,CPS0019,CONSUMO DE LAMINADO
52646,CPS0019,CONSUMO DE LAMINADO
52646,48647,LAMINADO FILM PETG 330 MM 45 MIC
52648,44544,LAMINADO 200MM PPDL54P4 OPTIMA MATE AF1000 G60 ARC
52648,CPS0019,CONSUMO DE LAMINADO
52649,CPS0019,CONSUMO DE LAMINADO
52649,50753,LAMINADO 330MM PPDL54P4 OPTIMA MATE 2 G60 MIC
52649,50136,LAMINADO CINTA P/LAMINAR  PP TRANSP. 320MM OLPP24-MATE-º1500º
52651,45856,LAMINADO 330MM PAPEL SEMIBRILLO 6770 80 GR AP 904 RI
52651,CPS0019,CONSUMO DE LAMINADO
52653,40500,LAMINADO 160MM BOPP  BLACO. 60 UTC RI 707/BL 8065 EXACTO
52653,43452,LAMINADO 160MM PP BCO BTE P4 38M G58 ARC
52653,CPS0019,CONSUMO DE LAMINADO
52654,40500,LAMINADO 160MM BOPP  BLACO. 60 UTC RI 707/BL 8065 EXACTO
52654,43452,LAMINADO 160MM PP BCO BTE P4 38M G58 ARC
52654,CPS0019,CONSUMO DE LAMINADO
52655,40500,LAMINADO 160MM BOPP  BLACO. 60 UTC RI 707/BL 8065 EXACTO
52655,CPS0019,CONSUMO DE LAMINADO
52655,43452,LAMINADO 160MM PP BCO BTE P4 38M G58 ARC
52656,40500,LAMINADO 160MM BOPP  BLACO. 60 UTC RI 707/BL 8065 EXACTO
52656,43452,LAMINADO 160MM PP BCO BTE P4 38M G58 ARC
52656,CPS0019,CONSUMO DE LAMINADO
52658,CPS0019,CONSUMO DE LAMINADO
52658,46888,LAMINADO 160MM GREEN PAPER 120µ HP 2300/GL62 INNO
52666,45856,LAMINADO 330MM PAPEL SEMIBRILLO 6770 80 GR AP 904 RI
52666,CPS0019,CONSUMO DE LAMINADO
52667,CPS0019,CONSUMO DE LAMINADO
52667,45856,LAMINADO 330MM PAPEL SEMIBRILLO 6770 80 GR AP 904 RI
52668,CPS0019,CONSUMO DE LAMINADO
52668,45856,LAMINADO 330MM PAPEL SEMIBRILLO 6770 80 GR AP 904 RI
52669,CPS0019,CONSUMO DE LAMINADO
52669,45856,LAMINADO 330MM PAPEL SEMIBRILLO 6770 80 GR AP 904 RI
52670,CPS0019,CONSUMO DE LAMINADO
52670,46888,LAMINADO 160MM GREEN PAPER 120µ HP 2300/GL62 INNO
52671,CPS0019,CONSUMO DE LAMINADO
52671,46192,LAMINADO 330MM PPBB60-P4-G62S
52671,46219,LAMINADO CINTA P/LAMINAR PP TRANSP. 320MM AA-LABR-LA-SL-BPT-QSW DIP
52672,CPS0019,CONSUMO DE LAMINADO
52672,46192,LAMINADO 330MM PPBB60-P4-G62S
52672,46219,LAMINADO CINTA P/LAMINAR PP TRANSP. 320MM AA-LABR-LA-SL-BPT-QSW DIP
52673,CPS0019,CONSUMO DE LAMINADO
52673,46192,LAMINADO 330MM PPBB60-P4-G62S
52673,46219,LAMINADO CINTA P/LAMINAR PP TRANSP. 320MM AA-LABR-LA-SL-BPT-QSW DIP
52674,46192,LAMINADO 330MM PPBB60-P4-G62S
52674,CPS0019,CONSUMO DE LAMINADO
52674,46219,LAMINADO CINTA P/LAMINAR PP TRANSP. 320MM AA-LABR-LA-SL-BPT-QSW DIP
52677,CPS0019,CONSUMO DE LAMINADO
52677,45856,LAMINADO 330MM PAPEL SEMIBRILLO 6770 80 GR AP 904 RI
52679,CPS0019,CONSUMO DE LAMINADO
52679,46192,LAMINADO 330MM PPBB60-P4-G62S
52679,46219,LAMINADO CINTA P/LAMINAR PP TRANSP. 320MM AA-LABR-LA-SL-BPT-QSW DIP
52680,CPS0019,CONSUMO DE LAMINADO
52680,46219,LAMINADO CINTA P/LAMINAR PP TRANSP. 320MM AA-LABR-LA-SL-BPT-QSW DIP
52680,46192,LAMINADO 330MM PPBB60-P4-G62S
52681,CPS0019,CONSUMO DE LAMINADO
52681,49745,LAMINADO 330MM POLIETILENO BLANCO BRILLANTE 80m –  GL60
52682,CPS0019,CONSUMO DE LAMINADO
52682,46002,LAMINADO 110MM TERMICO PROTEGIDO 7836 THERMAL TC 80GR
52683,CPS0019,CONSUMO DE LAMINADO
52683,45856,LAMINADO 330MM PAPEL SEMIBRILLO 6770 80 GR AP 904 RI
52684,CPS0019,CONSUMO DE LAMINADO
52684,45856,LAMINADO 330MM PAPEL SEMIBRILLO 6770 80 GR AP 904 RI
52685,CPS0019,CONSUMO DE LAMINADO
52685,45856,LAMINADO 330MM PAPEL SEMIBRILLO 6770 80 GR AP 904 RI
52686,CPS0019,CONSUMO DE LAMINADO
52686,45856,LAMINADO 330MM PAPEL SEMIBRILLO 6770 80 GR AP 904 RI
52687,CPS0019,CONSUMO DE LAMINADO
52687,50755,LAMINADO 110MM PPDL54P4 OPTIMA MATE 2 G60 ( F9CG3 ) SINOPAPEL
52695,CPS0019,CONSUMO DE LAMINADO
52695,51557,LAMINADO FILM PETG 280 MM 45 MIC
52698,CPS0019,CONSUMO DE LAMINADO
52698,46192,LAMINADO 330MM PPBB60-P4-G62S
52698,46219,LAMINADO CINTA P/LAMINAR PP TRANSP. 320MM AA-LABR-LA-SL-BPT-QSW DIP
52702,CPS0019,CONSUMO DE LAMINADO
52702,50753,LAMINADO 330MM PPDL54P4 OPTIMA MATE 2 G60 MIC
52704,CPS0019,CONSUMO DE LAMINADO
52704,48308,LAMINADO 330MM TERMAL  TOP HS AP903 YG60
52706,CPS0019,CONSUMO DE LAMINADO
52706,46888,LAMINADO 160MM GREEN PAPER 120µ HP 2300/GL62 INNO
52707,45856,LAMINADO 330MM PAPEL SEMIBRILLO 6770 80 GR AP 904 RI
52707,CPS0019,CONSUMO DE LAMINADO
52708,45856,LAMINADO 330MM PAPEL SEMIBRILLO 6770 80 GR AP 904 RI
52708,CPS0019,CONSUMO DE LAMINADO
52709,CPS0019,CONSUMO DE LAMINADO
52709,50359,LAMINADO FILM PETG 240 MM 45 MIC
52710,50359,LAMINADO FILM PETG 240 MM 45 MIC
52710,CPS0019,CONSUMO DE LAMINADO
52711,CPS0019,CONSUMO DE LAMINADO
52711,50359,LAMINADO FILM PETG 240 MM 45 MIC
52712,CPS0019,CONSUMO DE LAMINADO
52712,50359,LAMINADO FILM PETG 240 MM 45 MIC
52713,CPS0019,CONSUMO DE LAMINADO
52713,50359,LAMINADO FILM PETG 240 MM 45 MIC
52714,43438,LAMINADO 40MM SEGURIDAD ARSEAL AZUL
52714,CPS0019,CONSUMO DE LAMINADO
52719,CPS0019,CONSUMO DE LAMINADO
52719,45856,LAMINADO 330MM PAPEL SEMIBRILLO 6770 80 GR AP 904 RI
52720,45856,LAMINADO 330MM PAPEL SEMIBRILLO 6770 80 GR AP 904 RI
52720,CPS0019,CONSUMO DE LAMINADO
52721,CPS0019,CONSUMO DE LAMINADO
52721,45856,LAMINADO 330MM PAPEL SEMIBRILLO 6770 80 GR AP 904 RI
52722,CPS0019,CONSUMO DE LAMINADO
52722,45856,LAMINADO 330MM PAPEL SEMIBRILLO 6770 80 GR AP 904 RI
52723,CPS0019,CONSUMO DE LAMINADO
52723,45856,LAMINADO 330MM PAPEL SEMIBRILLO 6770 80 GR AP 904 RI
52724,CPS0019,CONSUMO DE LAMINADO
52724,45856,LAMINADO 330MM PAPEL SEMIBRILLO 6770 80 GR AP 904 RI
52725,50753,LAMINADO 330MM PPDL54P4 OPTIMA MATE 2 G60 MIC
52725,CPS0019,CONSUMO DE LAMINADO
52726,CPS0019,CONSUMO DE LAMINADO
52726,50753,LAMINADO 330MM PPDL54P4 OPTIMA MATE 2 G60 MIC
52728,CPS0019,CONSUMO DE LAMINADO
52728,50753,LAMINADO 330MM PPDL54P4 OPTIMA MATE 2 G60 MIC
52729,CPS0019,CONSUMO DE LAMINADO
52729,50753,LAMINADO 330MM PPDL54P4 OPTIMA MATE 2 G60 MIC
52731,CPS0019,CONSUMO DE LAMINADO
52731,51558,LAMINADO FILM PETG 360 MM 45 MIC
52732,CPS0019,CONSUMO DE LAMINADO
52732,51558,LAMINADO FILM PETG 360 MM 45 MIC
52733,CPS0019,CONSUMO DE LAMINADO
52733,51558,LAMINADO FILM PETG 360 MM 45 MIC
52734,CPS0019,CONSUMO DE LAMINADO
52734,50359,LAMINADO FILM PETG 240 MM 45 MIC
52735,CPS0019,CONSUMO DE LAMINADO
52735,50359,LAMINADO FILM PETG 240 MM 45 MIC
52736,CPS0019,CONSUMO DE LAMINADO
52736,50359,LAMINADO FILM PETG 240 MM 45 MIC
52737,CPS0019,CONSUMO DE LAMINADO
52737,50359,LAMINADO FILM PETG 240 MM 45 MIC
52738,CPS0019,CONSUMO DE LAMINADO
52738,50359,LAMINADO FILM PETG 240 MM 45 MIC
52739,CPS0019,CONSUMO DE LAMINADO
52739,50359,LAMINADO FILM PETG 240 MM 45 MIC
52740,CPS0019,CONSUMO DE LAMINADO
52740,50359,LAMINADO FILM PETG 240 MM 45 MIC
52741,CPS0019,CONSUMO DE LAMINADO
52741,50359,LAMINADO FILM PETG 240 MM 45 MIC
52742,CPS0019,CONSUMO DE LAMINADO
52742,58293,LAMINADO 230MM PP BCO MATE PPDL54-FH G60 ARP
52743,CPS0019,CONSUMO DE LAMINADO
52743,58293,LAMINADO 230MM PP BCO MATE PPDL54-FH G60 ARP
52744,CPS0019,CONSUMO DE LAMINADO
52744,58293,LAMINADO 230MM PP BCO MATE PPDL54-FH G60 ARP
52745,CPS0019,CONSUMO DE LAMINADO
52745,48513,LAMINADO FILM PETG TERMOCONTRAIBLE 40 MIC 188 MM
52746,CPS0019,CONSUMO DE LAMINADO
52746,51676,LAMINADO FILM PETG IMPRESO 364MM MR BIG 2.5 COPACK
52747,CPS0019,CONSUMO DE LAMINADO
52747,50359,LAMINADO FILM PETG 240 MM 45 MIC
52748,CPS0019,CONSUMO DE LAMINADO
52748,46452,LAMINADO 300MM PAPEL SEMIBRILLO 6770 80 GR AP 904 RI
52748,50067,LAMINADO FOLIA ORO COLDFOIL 256MM
52750,CPS0019,CONSUMO DE LAMINADO
52750,46169,LAMINADO FOLIA ORO COLDFOIL 290MM DGCF-613-OP
52750,45856,LAMINADO 330MM PAPEL SEMIBRILLO 6770 80 GR AP 904 RI
52759,45051,LAMINADO 330MM PAPEL TRANSFER TT64/PH
52759,CPS0019,CONSUMO DE LAMINADO
52760,46148,LAMINADO 330MM PPBB60-P1-G62S
52760,CPS0019,CONSUMO DE LAMINADO
52761,CPS0019,CONSUMO DE LAMINADO
52761,45730,LAMINADO 260MM PAPEL SEMIBRILLO AF1000 RP48AT 80G DIP
52762,CPS0019,CONSUMO DE LAMINADO
52762,57559,LAMINADO 330MM PAPEL SEMIBRILLO L80-PH-G60 ARP
52763,CPS0019,CONSUMO DE LAMINADO
52763,48080,LAMINADO 110MM BLACKCOVER 90 GR AE500 GL62 INNO
52764,CPS0019,CONSUMO DE LAMINADO
52764,48080,LAMINADO 110MM BLACKCOVER 90 GR AE500 GL62 INNO
52765,CPS0019,CONSUMO DE LAMINADO
52765,48080,LAMINADO 110MM BLACKCOVER 90 GR AE500 GL62 INNO
52766,CPS0019,CONSUMO DE LAMINADO
52766,48080,LAMINADO 110MM BLACKCOVER 90 GR AE500 GL62 INNO
52767,CPS0019,CONSUMO DE LAMINADO
52767,48546,LAMINADO 333MM PP TRANSP.51MC RP37  DIPISA
52768,CPS0019,CONSUMO DE LAMINADO
52768,48546,LAMINADO 333MM PP TRANSP.51MC RP37  DIPISA
52769,43809,"LAMINADO 109,09MM PAPEL SINTETICO 80micras MIC"
52769,CPS0019,CONSUMO DE LAMINADO
52771,45278,LAMINADO 270MM PP TRANSPARENTE 50TC S0208 BG62B
52771,CPS0019,CONSUMO DE LAMINADO
52772,42814,LAMINADO 200MM BOPP  BLACO. 60 UTC RI 707/BL 8065
52772,CPS0019,CONSUMO DE LAMINADO
52773,45278,LAMINADO 270MM PP TRANSPARENTE 50TC S0208 BG62B
52773,CPS0019,CONSUMO DE LAMINADO
52774,40500,LAMINADO 160MM BOPP  BLACO. 60 UTC RI 707/BL 8065 EXACTO
52774,CPS0019,CONSUMO DE LAMINADO
52775,CPS0019,CONSUMO DE LAMINADO
52775,47093,LAMINADO 300 MM PAPEL TERMICO PROTEGIDO T77 PH G62
52778,CPS0019,CONSUMO DE LAMINADO
52778,43809,"LAMINADO 109,09MM PAPEL SINTETICO 80micras MIC"
52779,CPS0019,CONSUMO DE LAMINADO
52779,50740,LAMINADO 330MM PPBB60-P1-BOPP TRANS. 50 MIC (CIF)
52779,46219,LAMINADO CINTA P/LAMINAR PP TRANSP. 320MM AA-LABR-LA-SL-BPT-QSW DIP
52780,CPS0019,CONSUMO DE LAMINADO
52780,50740,LAMINADO 330MM PPBB60-P1-BOPP TRANS. 50 MIC (CIF)
52780,46219,LAMINADO CINTA P/LAMINAR PP TRANSP. 320MM AA-LABR-LA-SL-BPT-QSW DIP
52781,CPS0019,CONSUMO DE LAMINADO
52781,59529,LAMINADO 160MM PAPEL SEMIBRILLO L80 -P - G60 ARP
52782,CPS0019,CONSUMO DE LAMINADO
52782,50360,LAMINADO FILM PETG 300 MM 45 MIC
52783,CPS0019,CONSUMO DE LAMINADO
52783,54082,LAMINADO 300MM BOPP  METALIZADO PLATA BRILLANTE RP37UPM
52785,45856,LAMINADO 330MM PAPEL SEMIBRILLO 6770 80 GR AP 904 RI
52785,CPS0019,CONSUMO DE LAMINADO
52785,46187,LAMINADO FOLIA ORO COLDFOIL 320MM DGCF-613-OP
52786,CPS0019,CONSUMO DE LAMINADO
52786,51698,LAMINADO FOLIA PLATA COLDFOIL 305 MM
52786,45856,LAMINADO 330MM PAPEL SEMIBRILLO 6770 80 GR AP 904 RI
52787,45856,LAMINADO 330MM PAPEL SEMIBRILLO 6770 80 GR AP 904 RI
52787,CPS0019,CONSUMO DE LAMINADO
52787,46187,LAMINADO FOLIA ORO COLDFOIL 320MM DGCF-613-OP
52788,45856,LAMINADO 330MM PAPEL SEMIBRILLO 6770 80 GR AP 904 RI
52788,CPS0019,CONSUMO DE LAMINADO
52788,51698,LAMINADO FOLIA PLATA COLDFOIL 305 MM
52789,CPS0019,CONSUMO DE LAMINADO
52789,51698,LAMINADO FOLIA PLATA COLDFOIL 305 MM
52789,45856,LAMINADO 330MM PAPEL SEMIBRILLO 6770 80 GR AP 904 RI
52790,45856,LAMINADO 330MM PAPEL SEMIBRILLO 6770 80 GR AP 904 RI
52790,CPS0019,CONSUMO DE LAMINADO
52790,51698,LAMINADO FOLIA PLATA COLDFOIL 305 MM
52791,CPS0019,CONSUMO DE LAMINADO
52791,46192,LAMINADO 330MM PPBB60-P4-G62S
52791,46219,LAMINADO CINTA P/LAMINAR PP TRANSP. 320MM AA-LABR-LA-SL-BPT-QSW DIP
52792,CPS0019,CONSUMO DE LAMINADO
52792,46192,LAMINADO 330MM PPBB60-P4-G62S
52792,46219,LAMINADO CINTA P/LAMINAR PP TRANSP. 320MM AA-LABR-LA-SL-BPT-QSW DIP
52793,CPS0019,CONSUMO DE LAMINADO
52793,46192,LAMINADO 330MM PPBB60-P4-G62S
52793,46219,LAMINADO CINTA P/LAMINAR PP TRANSP. 320MM AA-LABR-LA-SL-BPT-QSW DIP
52794,CPS0019,CONSUMO DE LAMINADO
52794,51344,LAMINADO 260MM PAPEL SEMIBRILLO 80 GR AP 904 ( 6770) RI
52795,CPS0019,CONSUMO DE LAMINADO
52795,45730,LAMINADO 260MM PAPEL SEMIBRILLO AF1000 RP48AT 80G DIP
52798,CPS0019,CONSUMO DE LAMINADO
52798,50047,LAMINADO 330MM PAPEL BRILLANTE INKJET 7978 AP904
52799,CPS0019,CONSUMO DE LAMINADO
52799,50047,LAMINADO 330MM PAPEL BRILLANTE INKJET 7978 AP904
52803,CPS0019,CONSUMO DE LAMINADO
52803,50359,LAMINADO FILM PETG 240 MM 45 MIC
52804,40500,LAMINADO 160MM BOPP  BLACO. 60 UTC RI 707/BL 8065 EXACTO
52804,CPS0019,CONSUMO DE LAMINADO
52805,40500,LAMINADO 160MM BOPP  BLACO. 60 UTC RI 707/BL 8065 EXACTO
52805,CPS0019,CONSUMO DE LAMINADO
52806,40500,LAMINADO 160MM BOPP  BLACO. 60 UTC RI 707/BL 8065 EXACTO
52806,CPS0019,CONSUMO DE LAMINADO
52810,CPS0019,CONSUMO DE LAMINADO
52810,51698,LAMINADO FOLIA PLATA COLDFOIL 305 MM
52810,45856,LAMINADO 330MM PAPEL SEMIBRILLO 6770 80 GR AP 904 RI
52811,CPS0019,CONSUMO DE LAMINADO
52811,51698,LAMINADO FOLIA PLATA COLDFOIL 305 MM
52811,45856,LAMINADO 330MM PAPEL SEMIBRILLO 6770 80 GR AP 904 RI
52812,45856,LAMINADO 330MM PAPEL SEMIBRILLO 6770 80 GR AP 904 RI
52812,CPS0019,CONSUMO DE LAMINADO
52813,40500,LAMINADO 160MM BOPP  BLACO. 60 UTC RI 707/BL 8065 EXACTO
52813,CPS0019,CONSUMO DE LAMINADO
52816,44892,LAMINADO 200MM PPBB60-P4-G62S
52816,CPS0019,CONSUMO DE LAMINADO
52817,CPS0019,CONSUMO DE LAMINADO
52817,50359,LAMINADO FILM PETG 240 MM 45 MIC
52818,CPS0019,CONSUMO DE LAMINADO
52818,50359,LAMINADO FILM PETG 240 MM 45 MIC
52819,CPS0019,CONSUMO DE LAMINADO
52819,50359,LAMINADO FILM PETG 240 MM 45 MIC
52822,CPS0019,CONSUMO DE LAMINADO
52822,46452,LAMINADO 300MM PAPEL SEMIBRILLO 6770 80 GR AP 904 RI
52824,45856,LAMINADO 330MM PAPEL SEMIBRILLO 6770 80 GR AP 904 RI
52824,CPS0019,CONSUMO DE LAMINADO
52825,45856,LAMINADO 330MM PAPEL SEMIBRILLO 6770 80 GR AP 904 RI
52825,CPS0019,CONSUMO DE LAMINADO
52826,45856,LAMINADO 330MM PAPEL SEMIBRILLO 6770 80 GR AP 904 RI
52826,CPS0019,CONSUMO DE LAMINADO
52829,CPS0019,CONSUMO DE LAMINADO
52829,52465,LAMINADO 300MM BOPP PERLADO( 03239 ) RI 757/PR PET 30 AP901
52830,CPS0019,CONSUMO DE LAMINADO
52830,52214,LAMINADO 300 MM PP CLEAR ON CLEAR 50M TC PET30M AP 901
52832,CPS0019,CONSUMO DE LAMINADO
52832,58293,LAMINADO 230MM PP BCO MATE PPDL54-FH G60 ARP
52833,CPS0019,CONSUMO DE LAMINADO
52833,50094,LAMINADO 333MM PP BLANCO MATE TRANSFER C2075 F8212B
52836,43973,LAMINADO 110MM PAPEL SINTETICO 200 micras MIC
52836,CPS0019,CONSUMO DE LAMINADO
52837,44544,LAMINADO 200MM PPDL54P4 OPTIMA MATE AF1000 G60 ARC
52837,CPS0019,CONSUMO DE LAMINADO
52838,CPS0019,CONSUMO DE LAMINADO
52838,48647,LAMINADO FILM PETG 330 MM 45 MIC
52839,CPS0019,CONSUMO DE LAMINADO
52839,48647,LAMINADO FILM PETG 330 MM 45 MIC
52840,CPS0019,CONSUMO DE LAMINADO
52840,48647,LAMINADO FILM PETG 330 MM 45 MIC
52841,CPS0019,CONSUMO DE LAMINADO
52841,48647,LAMINADO FILM PETG 330 MM 45 MIC
52842,CPS0019,CONSUMO DE LAMINADO
52842,48515,LAMINADO FILM PETG TERMOCONTRAIBLE 40 MIC 330 MM
52843,CPS0019,CONSUMO DE LAMINADO
52843,50359,LAMINADO FILM PETG 240 MM 45 MIC
52844,CPS0019,CONSUMO DE LAMINADO
52844,45856,LAMINADO 330MM PAPEL SEMIBRILLO 6770 80 GR AP 904 RI
52847,45856,LAMINADO 330MM PAPEL SEMIBRILLO 6770 80 GR AP 904 RI
52847,CPS0019,CONSUMO DE LAMINADO
52850,42817,LAMINADO 300MM BOPP BCO. BRILLANTE 60 TC (08065)
52850,CPS0019,CONSUMO DE LAMINADO
52851,42817,LAMINADO 300MM BOPP BCO. BRILLANTE 60 TC (08065)
52851,CPS0019,CONSUMO DE LAMINADO
52853,CPS0019,CONSUMO DE LAMINADO
52853,711,LAMINADO 160MM PAPEL SEMIBRILLO 6770 80G AP 904 RI
52853,50067,LAMINADO FOLIA ORO COLDFOIL 256MM
52854,CPS0019,CONSUMO DE LAMINADO
52854,711,LAMINADO 160MM PAPEL SEMIBRILLO 6770 80G AP 904 RI
52854,50067,LAMINADO FOLIA ORO COLDFOIL 256MM
52855,CPS0019,CONSUMO DE LAMINADO
52855,711,LAMINADO 160MM PAPEL SEMIBRILLO 6770 80G AP 904 RI
52855,50067,LAMINADO FOLIA ORO COLDFOIL 256MM
52856,CPS0019,CONSUMO DE LAMINADO
52856,50047,LAMINADO 330MM PAPEL BRILLANTE INKJET 7978 AP904
52857,CPS0019,CONSUMO DE LAMINADO
52857,45856,LAMINADO 330MM PAPEL SEMIBRILLO 6770 80 GR AP 904 RI
52858,CPS0019,CONSUMO DE LAMINADO
52858,46452,LAMINADO 300MM PAPEL SEMIBRILLO 6770 80 GR AP 904 RI
52859,CPS0019,CONSUMO DE LAMINADO
52859,56502,LAMINADO 330MM PPBB57-P1-G62S ARC
52859,53511,LAMINADO 330 MM PPDL54P1 OPTIMA MATE G60 ARC
52860,43573,LAMINADO 200MM PPBB60-P1-G62S
52860,CPS0019,CONSUMO DE LAMINADO
52860,47363,LAMINADO 200MM PPDL54P1 OPTIMA MATE G60
52862,CPS0019,CONSUMO DE LAMINADO
52862,50067,LAMINADO FOLIA ORO COLDFOIL 256MM
52862,52870,LAMINADO 345 MM PAPEL COUCHE OPACO/MATE 170 G/M2
52864,44626,LAMINADO 110MM PPDL54P4 OPTIMA MATE AF1000 G60 ARC
52864,CPS0019,CONSUMO DE LAMINADO
52866,40500,LAMINADO 160MM BOPP  BLACO. 60 UTC RI 707/BL 8065 EXACTO
52866,43452,LAMINADO 160MM PP BCO BTE P4 38M G58 ARC
52866,CPS0019,CONSUMO DE LAMINADO
52867,40500,LAMINADO 160MM BOPP  BLACO. 60 UTC RI 707/BL 8065 EXACTO
52867,43452,LAMINADO 160MM PP BCO BTE P4 38M G58 ARC
52867,CPS0019,CONSUMO DE LAMINADO
52868,40500,LAMINADO 160MM BOPP  BLACO. 60 UTC RI 707/BL 8065 EXACTO
52868,43452,LAMINADO 160MM PP BCO BTE P4 38M G58 ARC
52868,CPS0019,CONSUMO DE LAMINADO
52871,42817,LAMINADO 300MM BOPP BCO. BRILLANTE 60 TC (08065)
52871,CPS0019,CONSUMO DE LAMINADO
52872,42817,LAMINADO 300MM BOPP BCO. BRILLANTE 60 TC (08065)
52872,CPS0019,CONSUMO DE LAMINADO
52873,CPS0019,CONSUMO DE LAMINADO
52873,46344,LAMINADO 160MM PPBB60-P1-G62S (Samson)
52874,CPS0019,CONSUMO DE LAMINADO
52874,50014,LAMINADO 333 MM  PP BLANCO BRILLANTE INKJET 8045 AP904
52875,CPS0019,CONSUMO DE LAMINADO
52875,50014,LAMINADO 333 MM  PP BLANCO BRILLANTE INKJET 8045 AP904
52877,40500,LAMINADO 160MM BOPP  BLACO. 60 UTC RI 707/BL 8065 EXACTO
52877,CPS0019,CONSUMO DE LAMINADO
52879,44928,LAMINADO 300MM PAPEL SEMIBRILLO L80-PH-G62S Exacto ARP
52879,CPS0019,CONSUMO DE LAMINADO
52881,CPS0019,CONSUMO DE LAMINADO
52881,48647,LAMINADO FILM PETG 330 MM 45 MIC
52882,CPS0019,CONSUMO DE LAMINADO
52882,48647,LAMINADO FILM PETG 330 MM 45 MIC
52883,42252,LAMINADO CINTA P/LAM  PP TRANSP. 300MM BRILLANTE 24M
52883,CPS0019,CONSUMO DE LAMINADO
52883,45780,LAMINADO 300MM PPBB60-P4-G62S
52884,42252,LAMINADO CINTA P/LAM  PP TRANSP. 300MM BRILLANTE 24M
52884,CPS0019,CONSUMO DE LAMINADO
52884,45780,LAMINADO 300MM PPBB60-P4-G62S
52885,42252,LAMINADO CINTA P/LAM  PP TRANSP. 300MM BRILLANTE 24M
52885,CPS0019,CONSUMO DE LAMINADO
52885,45780,LAMINADO 300MM PPBB60-P4-G62S
52886,45206,LAMINADO 160MM PAPEL TERMICO T70/P ARC
52886,CPS0019,CONSUMO DE LAMINADO
52889,CPS0019,CONSUMO DE LAMINADO
52889,44928,LAMINADO 300MM PAPEL SEMIBRILLO L80-PH-G62S Exacto ARP
52890,43573,LAMINADO 200MM PPBB60-P1-G62S
52890,CPS0019,CONSUMO DE LAMINADO
52892,CPS0019,CONSUMO DE LAMINADO
52892,50257,LAMINADO 333MM PE ZZ BLANCO MATE TRANSFER C2075
52894,44927,LAMINADO 330MM PAPEL SEMIBRILLO L80-PH-G62S ( EXACTO) ARP
52894,CPS0019,CONSUMO DE LAMINADO
52895,CPS0019,CONSUMO DE LAMINADO
52895,44927,LAMINADO 330MM PAPEL SEMIBRILLO L80-PH-G62S ( EXACTO) ARP
52896,CPS0019,CONSUMO DE LAMINADO
52896,48308,LAMINADO 330MM TERMAL  TOP HS AP903 YG60
52897,CPS0019,CONSUMO DE LAMINADO
52897,44828,LAMINADO 250MM PPBB60-P1-G62S
52898,44828,LAMINADO 250MM PPBB60-P1-G62S
52898,CPS0019,CONSUMO DE LAMINADO
529,CPS0019,CONSUMO DE LAMINADO
529,710,LAMINADO 167 WINEGLASS (AUTOMATICO) PT220 ECO
52900,CPS0019,CONSUMO DE LAMINADO
52900,49978,LAMINADO 330MM PP TRANSP. NIROTEK
52912,49668,LAMINADO 200MM PP TRANSP.51MC RP37
52912,CPS0019,CONSUMO DE LAMINADO
52913,CPS0019,CONSUMO DE LAMINADO
52913,49668,LAMINADO 200MM PP TRANSP.51MC RP37
52914,44828,LAMINADO 250MM PPBB60-P1-G62S
52914,CPS0019,CONSUMO DE LAMINADO
52916,44533,LAMINADO 320MM PPDL54P4 OPTIMA MATE AF1000 G60 ARC
52916,CPS0019,CONSUMO DE LAMINADO
52917,CPS0019,CONSUMO DE LAMINADO
52917,44533,LAMINADO 320MM PPDL54P4 OPTIMA MATE AF1000 G60 ARC
52918,40500,LAMINADO 160MM BOPP  BLACO. 60 UTC RI 707/BL 8065 EXACTO
52918,43452,LAMINADO 160MM PP BCO BTE P4 38M G58 ARC
52918,CPS0019,CONSUMO DE LAMINADO
52919,CPS0019,CONSUMO DE LAMINADO
52919,45705,LAMINADO 110MM HG FASCOVER
52920,CPS0019,CONSUMO DE LAMINADO
52920,45705,LAMINADO 110MM HG FASCOVER
52921,CPS0019,CONSUMO DE LAMINADO
52921,45705,LAMINADO 110MM HG FASCOVER
52922,CPS0019,CONSUMO DE LAMINADO
52922,48080,LAMINADO 110MM BLACKCOVER 90 GR AE500 GL62 INNO
52923,CPS0019,CONSUMO DE LAMINADO
52923,45705,LAMINADO 110MM HG FASCOVER
52924,CPS0019,CONSUMO DE LAMINADO
52924,45705,LAMINADO 110MM HG FASCOVER
52925,CPS0019,CONSUMO DE LAMINADO
52925,45705,LAMINADO 110MM HG FASCOVER
52926,45705,LAMINADO 110MM HG FASCOVER
52926,CPS0019,CONSUMO DE LAMINADO
52927,40500,LAMINADO 160MM BOPP  BLACO. 60 UTC RI 707/BL 8065 EXACTO
52927,43452,LAMINADO 160MM PP BCO BTE P4 38M G58 ARC
52927,CPS0019,CONSUMO DE LAMINADO
52928,CPS0019,CONSUMO DE LAMINADO
52928,48080,LAMINADO 110MM BLACKCOVER 90 GR AE500 GL62 INNO
52929,CPS0019,CONSUMO DE LAMINADO
52929,48308,LAMINADO 330MM TERMAL  TOP HS AP903 YG60
52930,42817,LAMINADO 300MM BOPP BCO. BRILLANTE 60 TC (08065)
52930,CPS0019,CONSUMO DE LAMINADO
52932,40508,LAMINADO 330MM BOPP  BLACO. 60 UTC RI 707/BL 8065 EXACTO
52932,CPS0019,CONSUMO DE LAMINADO
52933,40508,LAMINADO 330MM BOPP  BLACO. 60 UTC RI 707/BL 8065 EXACTO
52933,CPS0019,CONSUMO DE LAMINADO
52934,CPS0019,CONSUMO DE LAMINADO
52934,48647,LAMINADO FILM PETG 330 MM 45 MIC
52935,40500,LAMINADO 160MM BOPP  BLACO. 60 UTC RI 707/BL 8065 EXACTO
52935,43452,LAMINADO 160MM PP BCO BTE P4 38M G58 ARC
52935,CPS0019,CONSUMO DE LAMINADO
52936,40500,LAMINADO 160MM BOPP  BLACO. 60 UTC RI 707/BL 8065 EXACTO
52936,CPS0019,CONSUMO DE LAMINADO
52936,43452,LAMINADO 160MM PP BCO BTE P4 38M G58 ARC
52937,CPS0019,CONSUMO DE LAMINADO
52937,48647,LAMINADO FILM PETG 330 MM 45 MIC
52941,CPS0019,CONSUMO DE LAMINADO
52941,45856,LAMINADO 330MM PAPEL SEMIBRILLO 6770 80 GR AP 904 RI
52942,CPS0019,CONSUMO DE LAMINADO
52942,52915,LAMINADO 333MM PP TRANSP. RP37 SY105C UPM RAFLATAC
52943,CPS0019,CONSUMO DE LAMINADO
52943,50359,LAMINADO FILM PETG 240 MM 45 MIC
52944,CPS0019,CONSUMO DE LAMINADO
52944,50359,LAMINADO FILM PETG 240 MM 45 MIC
52945,CPS0019,CONSUMO DE LAMINADO
52945,51556,LAMINADO FILM PETG 300 MM 45 MIC
52946,CPS0019,CONSUMO DE LAMINADO
52946,50359,LAMINADO FILM PETG 240 MM 45 MIC
52947,CPS0019,CONSUMO DE LAMINADO
52947,50359,LAMINADO FILM PETG 240 MM 45 MIC
52948,CPS0019,CONSUMO DE LAMINADO
52948,51556,LAMINADO FILM PETG 300 MM 45 MIC
52949,CPS0019,CONSUMO DE LAMINADO
52949,46118,LAMINADO 300MM PPBB60-P1-G62S
52950,46118,LAMINADO 300MM PPBB60-P1-G62S
52950,CPS0019,CONSUMO DE LAMINADO
52951,CPS0019,CONSUMO DE LAMINADO
52951,46118,LAMINADO 300MM PPBB60-P1-G62S
52952,CPS0019,CONSUMO DE LAMINADO
52952,46118,LAMINADO 300MM PPBB60-P1-G62S
52953,46118,LAMINADO 300MM PPBB60-P1-G62S
52953,CPS0019,CONSUMO DE LAMINADO
52954,CPS0019,CONSUMO DE LAMINADO
52954,46118,LAMINADO 300MM PPBB60-P1-G62S
52955,CPS0019,CONSUMO DE LAMINADO
52955,46118,LAMINADO 300MM PPBB60-P1-G62S
52957,CPS0019,CONSUMO DE LAMINADO
52957,48647,LAMINADO FILM PETG 330 MM 45 MIC
52958,CPS0019,CONSUMO DE LAMINADO
52958,48647,LAMINADO FILM PETG 330 MM 45 MIC
52959,43504,LAMINADO 200MM BOPP  METALIZADO PLATA BRILLANTE RI 717/50
52959,CPS0019,CONSUMO DE LAMINADO
52960,48647,LAMINADO FILM PETG 330 MM 45 MIC
52960,CPS0019,CONSUMO DE LAMINADO
52964,42817,LAMINADO 300MM BOPP BCO. BRILLANTE 60 TC (08065)
52964,CPS0019,CONSUMO DE LAMINADO
52965,CPS0019,CONSUMO DE LAMINADO
52965,44927,LAMINADO 330MM PAPEL SEMIBRILLO L80-PH-G62S ( EXACTO) ARP
52966,44927,LAMINADO 330MM PAPEL SEMIBRILLO L80-PH-G62S ( EXACTO) ARP
52966,CPS0019,CONSUMO DE LAMINADO
52967,CPS0019,CONSUMO DE LAMINADO
52967,44927,LAMINADO 330MM PAPEL SEMIBRILLO L80-PH-G62S ( EXACTO) ARP
52968,CPS0019,CONSUMO DE LAMINADO
52968,44927,LAMINADO 330MM PAPEL SEMIBRILLO L80-PH-G62S ( EXACTO) ARP
52969,CPS0019,CONSUMO DE LAMINADO
52969,50014,LAMINADO 333 MM  PP BLANCO BRILLANTE INKJET 8045 AP904
52970,CPS0019,CONSUMO DE LAMINADO
52970,44928,LAMINADO 300MM PAPEL SEMIBRILLO L80-PH-G62S Exacto ARP
52972,CPS0019,CONSUMO DE LAMINADO
52972,51556,LAMINADO FILM PETG 300 MM 45 MIC
52973,CPS0019,CONSUMO DE LAMINADO
52973,46148,LAMINADO 330MM PPBB60-P1-G62S
52974,CPS0019,CONSUMO DE LAMINADO
52974,51558,LAMINADO FILM PETG 360 MM 45 MIC
52975,CPS0019,CONSUMO DE LAMINADO
52975,51558,LAMINADO FILM PETG 360 MM 45 MIC
52976,CPS0019,CONSUMO DE LAMINADO
52976,51558,LAMINADO FILM PETG 360 MM 45 MIC
52977,CPS0019,CONSUMO DE LAMINADO
52977,51407,LAMINADO 250MM PAPEL SEMIBRILLO 80G AP 904 (6770) RI
52978,CPS0019,CONSUMO DE LAMINADO
52978,46148,LAMINADO 330MM PPBB60-P1-G62S
52980,CPS0019,CONSUMO DE LAMINADO
52980,50067,LAMINADO FOLIA ORO COLDFOIL 256MM
52980,44928,LAMINADO 300MM PAPEL SEMIBRILLO L80-PH-G62S Exacto ARP
52981,43389,LAMINADO 75MM SEGURIDAD ARSEAL AZUL
52981,CPS0019,CONSUMO DE LAMINADO
52982,CPS0019,CONSUMO DE LAMINADO
52982,45856,LAMINADO 330MM PAPEL SEMIBRILLO 6770 80 GR AP 904 RI
52984,CPS0019,CONSUMO DE LAMINADO
52984,45856,LAMINADO 330MM PAPEL SEMIBRILLO 6770 80 GR AP 904 RI
52986,40500,LAMINADO 160MM BOPP  BLACO. 60 UTC RI 707/BL 8065 EXACTO
52986,CPS0019,CONSUMO DE LAMINADO
52987,40500,LAMINADO 160MM BOPP  BLACO. 60 UTC RI 707/BL 8065 EXACTO
52987,CPS0019,CONSUMO DE LAMINADO
52989,40500,LAMINADO 160MM BOPP  BLACO. 60 UTC RI 707/BL 8065 EXACTO
52989,CPS0019,CONSUMO DE LAMINADO
52990,40500,LAMINADO 160MM BOPP  BLACO. 60 UTC RI 707/BL 8065 EXACTO
52990,CPS0019,CONSUMO DE LAMINADO
52992,44928,LAMINADO 300MM PAPEL SEMIBRILLO L80-PH-G62S Exacto ARP
52992,CPS0019,CONSUMO DE LAMINADO
52993,CPS0019,CONSUMO DE LAMINADO
52993,45856,LAMINADO 330MM PAPEL SEMIBRILLO 6770 80 GR AP 904 RI
52994,CPS0019,CONSUMO DE LAMINADO
52994,46187,LAMINADO FOLIA ORO COLDFOIL 320MM DGCF-613-OP
52994,45856,LAMINADO 330MM PAPEL SEMIBRILLO 6770 80 GR AP 904 RI
52995,CPS0019,CONSUMO DE LAMINADO
52995,46192,LAMINADO 330MM PPBB60-P4-G62S
52995,46219,LAMINADO CINTA P/LAMINAR PP TRANSP. 320MM AA-LABR-LA-SL-BPT-QSW DIP
52996,CPS0019,CONSUMO DE LAMINADO
52996,46192,LAMINADO 330MM PPBB60-P4-G62S
52997,43860,LAMINADO 330MM PP BCO BTE P4 38M G58 ARC
52997,CPS0019,CONSUMO DE LAMINADO
52997,50136,LAMINADO CINTA P/LAMINAR  PP TRANSP. 320MM OLPP24-MATE-º1500º
52998,43860,LAMINADO 330MM PP BCO BTE P4 38M G58 ARC
52998,CPS0019,CONSUMO DE LAMINADO
52998,50136,LAMINADO CINTA P/LAMINAR  PP TRANSP. 320MM OLPP24-MATE-º1500º
53000,43860,LAMINADO 330MM PP BCO BTE P4 38M G58 ARC
53000,CPS0019,CONSUMO DE LAMINADO
53000,50136,LAMINADO CINTA P/LAMINAR  PP TRANSP. 320MM OLPP24-MATE-º1500º
53001,CPS0019,CONSUMO DE LAMINADO
53001,50136,LAMINADO CINTA P/LAMINAR  PP TRANSP. 320MM OLPP24-MATE-º1500º
53001,46118,LAMINADO 300MM PPBB60-P1-G62S
53002,43860,LAMINADO 330MM PP BCO BTE P4 38M G58 ARC
53002,CPS0019,CONSUMO DE LAMINADO
53002,50136,LAMINADO CINTA P/LAMINAR  PP TRANSP. 320MM OLPP24-MATE-º1500º
53003,43860,LAMINADO 330MM PP BCO BTE P4 38M G58 ARC
53003,CPS0019,CONSUMO DE LAMINADO
53003,50136,LAMINADO CINTA P/LAMINAR  PP TRANSP. 320MM OLPP24-MATE-º1500º
53004,CPS0019,CONSUMO DE LAMINADO
53004,46187,LAMINADO FOLIA ORO COLDFOIL 320MM DGCF-613-OP
53004,45856,LAMINADO 330MM PAPEL SEMIBRILLO 6770 80 GR AP 904 RI
53005,43860,LAMINADO 330MM PP BCO BTE P4 38M G58 ARC
53005,CPS0019,CONSUMO DE LAMINADO
53005,50136,LAMINADO CINTA P/LAMINAR  PP TRANSP. 320MM OLPP24-MATE-º1500º
53006,CPS0019,CONSUMO DE LAMINADO
53006,45856,LAMINADO 330MM PAPEL SEMIBRILLO 6770 80 GR AP 904 RI
53007,45856,LAMINADO 330MM PAPEL SEMIBRILLO 6770 80 GR AP 904 RI
53007,CPS0019,CONSUMO DE LAMINADO
53008,CPS0019,CONSUMO DE LAMINADO
53008,45856,LAMINADO 330MM PAPEL SEMIBRILLO 6770 80 GR AP 904 RI
53009,45856,LAMINADO 330MM PAPEL SEMIBRILLO 6770 80 GR AP 904 RI
53009,CPS0019,CONSUMO DE LAMINADO
53010,CPS0019,CONSUMO DE LAMINADO
53010,52915,LAMINADO 333MM PP TRANSP. RP37 SY105C UPM RAFLATAC
53011,CPS0019,CONSUMO DE LAMINADO
53011,52915,LAMINADO 333MM PP TRANSP. RP37 SY105C UPM RAFLATAC
53012,CPS0019,CONSUMO DE LAMINADO
53012,49339,LAMINADO 158 WINEGLASS (AUTOMATICO) PT220 ECO
53013,CPS0019,CONSUMO DE LAMINADO
53013,49339,LAMINADO 158 WINEGLASS (AUTOMATICO) PT220 ECO
53014,CPS0019,CONSUMO DE LAMINADO
53014,49339,LAMINADO 158 WINEGLASS (AUTOMATICO) PT220 ECO
53017,CPS0019,CONSUMO DE LAMINADO
53017,48308,LAMINADO 330MM TERMAL  TOP HS AP903 YG60
53018,CPS0019,CONSUMO DE LAMINADO
53018,45856,LAMINADO 330MM PAPEL SEMIBRILLO 6770 80 GR AP 904 RI
53019,CPS0019,CONSUMO DE LAMINADO
53019,45856,LAMINADO 330MM PAPEL SEMIBRILLO 6770 80 GR AP 904 RI
53020,CPS0019,CONSUMO DE LAMINADO
53020,45856,LAMINADO 330MM PAPEL SEMIBRILLO 6770 80 GR AP 904 RI
53021,CPS0019,CONSUMO DE LAMINADO
53021,51556,LAMINADO FILM PETG 300 MM 45 MIC
53022,44928,LAMINADO 300MM PAPEL SEMIBRILLO L80-PH-G62S Exacto ARP
53022,CPS0019,CONSUMO DE LAMINADO
53023,CPS0019,CONSUMO DE LAMINADO
53023,45856,LAMINADO 330MM PAPEL SEMIBRILLO 6770 80 GR AP 904 RI
53024,CPS0019,CONSUMO DE LAMINADO
53024,45856,LAMINADO 330MM PAPEL SEMIBRILLO 6770 80 GR AP 904 RI
53025,CPS0019,CONSUMO DE LAMINADO
53025,52915,LAMINADO 333MM PP TRANSP. RP37 SY105C UPM RAFLATAC
53026,CPS0019,CONSUMO DE LAMINADO
53026,52915,LAMINADO 333MM PP TRANSP. RP37 SY105C UPM RAFLATAC
53027,CPS0019,CONSUMO DE LAMINADO
53027,46452,LAMINADO 300MM PAPEL SEMIBRILLO 6770 80 GR AP 904 RI
53029,CPS0019,CONSUMO DE LAMINADO
53029,45856,LAMINADO 330MM PAPEL SEMIBRILLO 6770 80 GR AP 904 RI
53029,46169,LAMINADO FOLIA ORO COLDFOIL 290MM DGCF-613-OP
53030,CPS0019,CONSUMO DE LAMINADO
53030,46452,LAMINADO 300MM PAPEL SEMIBRILLO 6770 80 GR AP 904 RI
53032,44928,LAMINADO 300MM PAPEL SEMIBRILLO L80-PH-G62S Exacto ARP
53032,CPS0019,CONSUMO DE LAMINADO
53033,CPS0019,CONSUMO DE LAMINADO
53033,45856,LAMINADO 330MM PAPEL SEMIBRILLO 6770 80 GR AP 904 RI
53034,CPS0019,CONSUMO DE LAMINADO
53034,50360,LAMINADO FILM PETG 300 MM 45 MIC
53035,CPS0019,CONSUMO DE LAMINADO
53035,51556,LAMINADO FILM PETG 300 MM 45 MIC
53037,42817,LAMINADO 300MM BOPP BCO. BRILLANTE 60 TC (08065)
53037,CPS0019,CONSUMO DE LAMINADO
53041,CPS0019,CONSUMO DE LAMINADO
53041,709,LAMINADO 110MM PAPEL SEMIBRILLO 6770 80G AP 904 RI
53042,CPS0019,CONSUMO DE LAMINADO
53042,45887,LAMINADO 300MM PAPEL SEMIBRILLO RP48AT 80G DIP
53043,CPS0019,CONSUMO DE LAMINADO
53043,45887,LAMINADO 300MM PAPEL SEMIBRILLO RP48AT 80G DIP
53044,CPS0019,CONSUMO DE LAMINADO
53044,45887,LAMINADO 300MM PAPEL SEMIBRILLO RP48AT 80G DIP
53045,45856,LAMINADO 330MM PAPEL SEMIBRILLO 6770 80 GR AP 904 RI
53045,CPS0019,CONSUMO DE LAMINADO
53049,CPS0019,CONSUMO DE LAMINADO
53049,711,LAMINADO 160MM PAPEL SEMIBRILLO 6770 80G AP 904 RI
53050,CPS0019,CONSUMO DE LAMINADO
53050,44928,LAMINADO 300MM PAPEL SEMIBRILLO L80-PH-G62S Exacto ARP
53054,CPS0019,CONSUMO DE LAMINADO
53054,50356,LAMINADO FILM PVC 250 MM 40 MIC
53055,CPS0019,CONSUMO DE LAMINADO
53055,51614,LAMINADO 330MM PP TRANSPARENTE 50TC S0208 BG62B
53056,CPS0019,CONSUMO DE LAMINADO
53056,51614,LAMINADO 330MM PP TRANSPARENTE 50TC S0208 BG62B
53058,CPS0019,CONSUMO DE LAMINADO
53058,50359,LAMINADO FILM PETG 240 MM 45 MIC
53059,CPS0019,CONSUMO DE LAMINADO
53059,48724,LAMINADO 250MM BOPP  BLACO. 60 UTC RI 707/BL 8065
53060,CPS0019,CONSUMO DE LAMINADO
53060,45856,LAMINADO 330MM PAPEL SEMIBRILLO 6770 80 GR AP 904 RI
53062,CPS0019,CONSUMO DE LAMINADO
53062,709,LAMINADO 110MM PAPEL SEMIBRILLO 6770 80G AP 904 RI
53068,45856,LAMINADO 330MM PAPEL SEMIBRILLO 6770 80 GR AP 904 RI
53068,CPS0019,CONSUMO DE LAMINADO
53069,CPS0019,CONSUMO DE LAMINADO
53069,46452,LAMINADO 300MM PAPEL SEMIBRILLO 6770 80 GR AP 904 RI
53070,CPS0019,CONSUMO DE LAMINADO
53070,52756,LAMINADO 330MM PAPEL SEMIBRILLO 80G-RP48AT-68G UPM
53071,44928,LAMINADO 300MM PAPEL SEMIBRILLO L80-PH-G62S Exacto ARP
53071,CPS0019,CONSUMO DE LAMINADO
53073,CPS0019,CONSUMO DE LAMINADO
53073,45856,LAMINADO 330MM PAPEL SEMIBRILLO 6770 80 GR AP 904 RI
53076,CPS0019,CONSUMO DE LAMINADO
53076,46148,LAMINADO 330MM PPBB60-P1-G62S
53076,46219,LAMINADO CINTA P/LAMINAR PP TRANSP. 320MM AA-LABR-LA-SL-BPT-QSW DIP
53077,CPS0019,CONSUMO DE LAMINADO
53077,46148,LAMINADO 330MM PPBB60-P1-G62S
53077,46219,LAMINADO CINTA P/LAMINAR PP TRANSP. 320MM AA-LABR-LA-SL-BPT-QSW DIP
53078,46148,LAMINADO 330MM PPBB60-P1-G62S
53078,CPS0019,CONSUMO DE LAMINADO
53078,46219,LAMINADO CINTA P/LAMINAR PP TRANSP. 320MM AA-LABR-LA-SL-BPT-QSW DIP
53079,CPS0019,CONSUMO DE LAMINADO
53079,52915,LAMINADO 333MM PP TRANSP. RP37 SY105C UPM RAFLATAC
53080,CPS0019,CONSUMO DE LAMINADO
53080,52915,LAMINADO 333MM PP TRANSP. RP37 SY105C UPM RAFLATAC
53081,CPS0019,CONSUMO DE LAMINADO
53081,46452,LAMINADO 300MM PAPEL SEMIBRILLO 6770 80 GR AP 904 RI
53082,CPS0019,CONSUMO DE LAMINADO
53082,46452,LAMINADO 300MM PAPEL SEMIBRILLO 6770 80 GR AP 904 RI
53083,CPS0019,CONSUMO DE LAMINADO
53083,52915,LAMINADO 333MM PP TRANSP. RP37 SY105C UPM RAFLATAC
53084,CPS0019,CONSUMO DE LAMINADO
53084,52915,LAMINADO 333MM PP TRANSP. RP37 SY105C UPM RAFLATAC
53085,CPS0019,CONSUMO DE LAMINADO
53085,52915,LAMINADO 333MM PP TRANSP. RP37 SY105C UPM RAFLATAC
53086,CPS0019,CONSUMO DE LAMINADO
53086,52915,LAMINADO 333MM PP TRANSP. RP37 SY105C UPM RAFLATAC
53087,45856,LAMINADO 330MM PAPEL SEMIBRILLO 6770 80 GR AP 904 RI
53087,CPS0019,CONSUMO DE LAMINADO
53088,CPS0019,CONSUMO DE LAMINADO
53088,50802,LAMINADO FILM PETG 424 MM TERMOCONTRAIBLE 40 MIC (QUIMATIC S.A.)
53090,CPS0019,CONSUMO DE LAMINADO
53090,52915,LAMINADO 333MM PP TRANSP. RP37 SY105C UPM RAFLATAC
53091,CPS0019,CONSUMO DE LAMINADO
53091,46192,LAMINADO 330MM PPBB60-P4-G62S
53091,46219,LAMINADO CINTA P/LAMINAR PP TRANSP. 320MM AA-LABR-LA-SL-BPT-QSW DIP
53093,CPS0019,CONSUMO DE LAMINADO
53093,45856,LAMINADO 330MM PAPEL SEMIBRILLO 6770 80 GR AP 904 RI
53094,45856,LAMINADO 330MM PAPEL SEMIBRILLO 6770 80 GR AP 904 RI
53094,CPS0019,CONSUMO DE LAMINADO
53095,CPS0019,CONSUMO DE LAMINADO
53095,45856,LAMINADO 330MM PAPEL SEMIBRILLO 6770 80 GR AP 904 RI
53096,CPS0019,CONSUMO DE LAMINADO
53096,46148,LAMINADO 330MM PPBB60-P1-G62S
53097,CPS0019,CONSUMO DE LAMINADO
53097,46148,LAMINADO 330MM PPBB60-P1-G62S
53098,45856,LAMINADO 330MM PAPEL SEMIBRILLO 6770 80 GR AP 904 RI
53098,CPS0019,CONSUMO DE LAMINADO
53099,CPS0019,CONSUMO DE LAMINADO
53099,45856,LAMINADO 330MM PAPEL SEMIBRILLO 6770 80 GR AP 904 RI
53100,43484,LAMINADO 300MM BOPP  METALIZADO PLATA BRILLANTE RI 717/50
53100,CPS0019,CONSUMO DE LAMINADO
53102,CPS0019,CONSUMO DE LAMINADO
53102,48890,LAMINADO 115MM HG FASCOVER AT20 7636
53104,CPS0019,CONSUMO DE LAMINADO
53104,46148,LAMINADO 330MM PPBB60-P1-G62S
53105,CPS0019,CONSUMO DE LAMINADO
53105,46148,LAMINADO 330MM PPBB60-P1-G62S
53107,44927,LAMINADO 330MM PAPEL SEMIBRILLO L80-PH-G62S ( EXACTO) ARP
53107,CPS0019,CONSUMO DE LAMINADO
53109,CPS0019,CONSUMO DE LAMINADO
53109,46148,LAMINADO 330MM PPBB60-P1-G62S
53110,CPS0019,CONSUMO DE LAMINADO
53110,709,LAMINADO 110MM PAPEL SEMIBRILLO 6770 80G AP 904 RI
53111,44928,LAMINADO 300MM PAPEL SEMIBRILLO L80-PH-G62S Exacto ARP
53111,CPS0019,CONSUMO DE LAMINADO
53112,CPS0019,CONSUMO DE LAMINADO
53112,44928,LAMINADO 300MM PAPEL SEMIBRILLO L80-PH-G62S Exacto ARP
53113,44927,LAMINADO 330MM PAPEL SEMIBRILLO L80-PH-G62S ( EXACTO) ARP
53113,CPS0019,CONSUMO DE LAMINADO
53114,CPS0019,CONSUMO DE LAMINADO
53114,46452,LAMINADO 300MM PAPEL SEMIBRILLO 6770 80 GR AP 904 RI
53117,40500,LAMINADO 160MM BOPP  BLACO. 60 UTC RI 707/BL 8065 EXACTO
53117,CPS0019,CONSUMO DE LAMINADO
53118,40500,LAMINADO 160MM BOPP  BLACO. 60 UTC RI 707/BL 8065 EXACTO
53118,CPS0019,CONSUMO DE LAMINADO
53119,40500,LAMINADO 160MM BOPP  BLACO. 60 UTC RI 707/BL 8065 EXACTO
53119,CPS0019,CONSUMO DE LAMINADO
53120,40500,LAMINADO 160MM BOPP  BLACO. 60 UTC RI 707/BL 8065 EXACTO
53120,CPS0019,CONSUMO DE LAMINADO
53123,44928,LAMINADO 300MM PAPEL SEMIBRILLO L80-PH-G62S Exacto ARP
53123,CPS0019,CONSUMO DE LAMINADO
53124,CPS0019,CONSUMO DE LAMINADO
53124,44928,LAMINADO 300MM PAPEL SEMIBRILLO L80-PH-G62S Exacto ARP
53128,CPS0019,CONSUMO DE LAMINADO
53128,52915,LAMINADO 333MM PP TRANSP. RP37 SY105C UPM RAFLATAC
53129,CPS0019,CONSUMO DE LAMINADO
53129,52915,LAMINADO 333MM PP TRANSP. RP37 SY105C UPM RAFLATAC
53130,46036,LAMINADO 110MM PAPEL SEMIBRILLO L80-PH-G62S (EXACTO) ARP
53130,CPS0019,CONSUMO DE LAMINADO
53131,CPS0019,CONSUMO DE LAMINADO
53131,46036,LAMINADO 110MM PAPEL SEMIBRILLO L80-PH-G62S (EXACTO) ARP
53132,CPS0019,CONSUMO DE LAMINADO
53132,52915,LAMINADO 333MM PP TRANSP. RP37 SY105C UPM RAFLATAC
53133,CPS0019,CONSUMO DE LAMINADO
53133,52915,LAMINADO 333MM PP TRANSP. RP37 SY105C UPM RAFLATAC
53134,CPS0019,CONSUMO DE LAMINADO
53134,52915,LAMINADO 333MM PP TRANSP. RP37 SY105C UPM RAFLATAC
53135,CPS0019,CONSUMO DE LAMINADO
53135,52915,LAMINADO 333MM PP TRANSP. RP37 SY105C UPM RAFLATAC
53136,CPS0019,CONSUMO DE LAMINADO
53136,44927,LAMINADO 330MM PAPEL SEMIBRILLO L80-PH-G62S ( EXACTO) ARP
53137,44927,LAMINADO 330MM PAPEL SEMIBRILLO L80-PH-G62S ( EXACTO) ARP
53137,CPS0019,CONSUMO DE LAMINADO
53148,CPS0019,CONSUMO DE LAMINADO
53148,44927,LAMINADO 330MM PAPEL SEMIBRILLO L80-PH-G62S ( EXACTO) ARP
53149,CPS0019,CONSUMO DE LAMINADO
53149,711,LAMINADO 160MM PAPEL SEMIBRILLO 6770 80G AP 904 RI
53150,CPS0019,CONSUMO DE LAMINADO
53150,44927,LAMINADO 330MM PAPEL SEMIBRILLO L80-PH-G62S ( EXACTO) ARP
53151,44927,LAMINADO 330MM PAPEL SEMIBRILLO L80-PH-G62S ( EXACTO) ARP
53151,CPS0019,CONSUMO DE LAMINADO
53152,CPS0019,CONSUMO DE LAMINADO
53152,44927,LAMINADO 330MM PAPEL SEMIBRILLO L80-PH-G62S ( EXACTO) ARP
53153,CPS0019,CONSUMO DE LAMINADO
53153,44927,LAMINADO 330MM PAPEL SEMIBRILLO L80-PH-G62S ( EXACTO) ARP
53154,CPS0019,CONSUMO DE LAMINADO
53154,50754,LAMINADO 320MM PPDL54P4 OPTIMA MATE 2 G60 (F9CG3 ) MIC
53155,CPS0019,CONSUMO DE LAMINADO
53155,46452,LAMINADO 300MM PAPEL SEMIBRILLO 6770 80 GR AP 904 RI
53156,CPS0019,CONSUMO DE LAMINADO
53156,46452,LAMINADO 300MM PAPEL SEMIBRILLO 6770 80 GR AP 904 RI
53157,CPS0019,CONSUMO DE LAMINADO
53157,46452,LAMINADO 300MM PAPEL SEMIBRILLO 6770 80 GR AP 904 RI
53158,CPS0019,CONSUMO DE LAMINADO
53158,46452,LAMINADO 300MM PAPEL SEMIBRILLO 6770 80 GR AP 904 RI
53159,CPS0019,CONSUMO DE LAMINADO
53159,46452,LAMINADO 300MM PAPEL SEMIBRILLO 6770 80 GR AP 904 RI
53162,CPS0019,CONSUMO DE LAMINADO
53162,52915,LAMINADO 333MM PP TRANSP. RP37 SY105C UPM RAFLATAC
53163,44927,LAMINADO 330MM PAPEL SEMIBRILLO L80-PH-G62S ( EXACTO) ARP
53163,CPS0019,CONSUMO DE LAMINADO
53164,CPS0019,CONSUMO DE LAMINADO
53164,48647,LAMINADO FILM PETG 330 MM 45 MIC
53166,CPS0019,CONSUMO DE LAMINADO
53166,44927,LAMINADO 330MM PAPEL SEMIBRILLO L80-PH-G62S ( EXACTO) ARP
53167,CPS0019,CONSUMO DE LAMINADO
53167,44927,LAMINADO 330MM PAPEL SEMIBRILLO L80-PH-G62S ( EXACTO) ARP
53168,CPS0019,CONSUMO DE LAMINADO
53168,44927,LAMINADO 330MM PAPEL SEMIBRILLO L80-PH-G62S ( EXACTO) ARP
53171,CPS0019,CONSUMO DE LAMINADO
53171,46036,LAMINADO 110MM PAPEL SEMIBRILLO L80-PH-G62S (EXACTO) ARP
53196,CPS0019,CONSUMO DE LAMINADO
53196,52915,LAMINADO 333MM PP TRANSP. RP37 SY105C UPM RAFLATAC
53202,44928,LAMINADO 300MM PAPEL SEMIBRILLO L80-PH-G62S Exacto ARP
53202,CPS0019,CONSUMO DE LAMINADO
53203,CPS0019,CONSUMO DE LAMINADO
53203,44928,LAMINADO 300MM PAPEL SEMIBRILLO L80-PH-G62S Exacto ARP
53204,CPS0019,CONSUMO DE LAMINADO
53204,44927,LAMINADO 330MM PAPEL SEMIBRILLO L80-PH-G62S ( EXACTO) ARP
53205,CPS0019,CONSUMO DE LAMINADO
53205,44927,LAMINADO 330MM PAPEL SEMIBRILLO L80-PH-G62S ( EXACTO) ARP
53206,44927,LAMINADO 330MM PAPEL SEMIBRILLO L80-PH-G62S ( EXACTO) ARP
53206,CPS0019,CONSUMO DE LAMINADO
53207,CPS0019,CONSUMO DE LAMINADO
53207,50359,LAMINADO FILM PETG 240 MM 45 MIC
53209,44927,LAMINADO 330MM PAPEL SEMIBRILLO L80-PH-G62S ( EXACTO) ARP
53209,CPS0019,CONSUMO DE LAMINADO
53210,CPS0019,CONSUMO DE LAMINADO
53210,45856,LAMINADO 330MM PAPEL SEMIBRILLO 6770 80 GR AP 904 RI
53211,CPS0019,CONSUMO DE LAMINADO
53211,44927,LAMINADO 330MM PAPEL SEMIBRILLO L80-PH-G62S ( EXACTO) ARP
53212,44927,LAMINADO 330MM PAPEL SEMIBRILLO L80-PH-G62S ( EXACTO) ARP
53212,CPS0019,CONSUMO DE LAMINADO
53213,CPS0019,CONSUMO DE LAMINADO
53213,50359,LAMINADO FILM PETG 240 MM 45 MIC
53214,CPS0019,CONSUMO DE LAMINADO
53214,50359,LAMINADO FILM PETG 240 MM 45 MIC
53215,CPS0019,CONSUMO DE LAMINADO
53215,50359,LAMINADO FILM PETG 240 MM 45 MIC
53216,CPS0019,CONSUMO DE LAMINADO
53216,45856,LAMINADO 330MM PAPEL SEMIBRILLO 6770 80 GR AP 904 RI
53217,CPS0019,CONSUMO DE LAMINADO
53217,48447,LAMINADO 110MM PPBB60-P4-G62S
53218,CPS0019,CONSUMO DE LAMINADO
53218,46452,LAMINADO 300MM PAPEL SEMIBRILLO 6770 80 GR AP 904 RI
53219,CPS0019,CONSUMO DE LAMINADO
53219,50359,LAMINADO FILM PETG 240 MM 45 MIC
53220,CPS0019,CONSUMO DE LAMINADO
53220,50359,LAMINADO FILM PETG 240 MM 45 MIC
53221,CPS0019,CONSUMO DE LAMINADO
53221,50359,LAMINADO FILM PETG 240 MM 45 MIC
53222,CPS0019,CONSUMO DE LAMINADO
53222,50753,LAMINADO 330MM PPDL54P4 OPTIMA MATE 2 G60 MIC
53223,44828,LAMINADO 250MM PPBB60-P1-G62S
53223,CPS0019,CONSUMO DE LAMINADO
53224,CPS0019,CONSUMO DE LAMINADO
53224,44828,LAMINADO 250MM PPBB60-P1-G62S
53225,44928,LAMINADO 300MM PAPEL SEMIBRILLO L80-PH-G62S Exacto ARP
53225,CPS0019,CONSUMO DE LAMINADO
53226,46118,LAMINADO 300MM PPBB60-P1-G62S
53226,CPS0019,CONSUMO DE LAMINADO
53227,CPS0019,CONSUMO DE LAMINADO
53227,46118,LAMINADO 300MM PPBB60-P1-G62S
53228,CPS0019,CONSUMO DE LAMINADO
53228,46118,LAMINADO 300MM PPBB60-P1-G62S
53229,CPS0019,CONSUMO DE LAMINADO
53229,46118,LAMINADO 300MM PPBB60-P1-G62S
53230,CPS0019,CONSUMO DE LAMINADO
53230,46118,LAMINADO 300MM PPBB60-P1-G62S
53231,CPS0019,CONSUMO DE LAMINADO
53231,46118,LAMINADO 300MM PPBB60-P1-G62S
53232,44828,LAMINADO 250MM PPBB60-P1-G62S
53232,CPS0019,CONSUMO DE LAMINADO
53233,44828,LAMINADO 250MM PPBB60-P1-G62S
53233,CPS0019,CONSUMO DE LAMINADO
53234,CPS0019,CONSUMO DE LAMINADO
53234,52915,LAMINADO 333MM PP TRANSP. RP37 SY105C UPM RAFLATAC
53235,40500,LAMINADO 160MM BOPP  BLACO. 60 UTC RI 707/BL 8065 EXACTO
53235,CPS0019,CONSUMO DE LAMINADO
53236,40500,LAMINADO 160MM BOPP  BLACO. 60 UTC RI 707/BL 8065 EXACTO
53236,CPS0019,CONSUMO DE LAMINADO
53237,40500,LAMINADO 160MM BOPP  BLACO. 60 UTC RI 707/BL 8065 EXACTO
53237,CPS0019,CONSUMO DE LAMINADO
53238,44927,LAMINADO 330MM PAPEL SEMIBRILLO L80-PH-G62S ( EXACTO) ARP
53238,CPS0019,CONSUMO DE LAMINADO
53239,CPS0019,CONSUMO DE LAMINADO
53239,44928,LAMINADO 300MM PAPEL SEMIBRILLO L80-PH-G62S Exacto ARP
53241,CPS0019,CONSUMO DE LAMINADO
53241,45856,LAMINADO 330MM PAPEL SEMIBRILLO 6770 80 GR AP 904 RI
53242,CPS0019,CONSUMO DE LAMINADO
53242,46452,LAMINADO 300MM PAPEL SEMIBRILLO 6770 80 GR AP 904 RI
53243,CPS0019,CONSUMO DE LAMINADO
53243,50359,LAMINADO FILM PETG 240 MM 45 MIC
53244,CPS0019,CONSUMO DE LAMINADO
53244,50359,LAMINADO FILM PETG 240 MM 45 MIC
53245,46148,LAMINADO 330MM PPBB60-P1-G62S
53245,CPS0019,CONSUMO DE LAMINADO
53245,46219,LAMINADO CINTA P/LAMINAR PP TRANSP. 320MM AA-LABR-LA-SL-BPT-QSW DIP
53246,CPS0019,CONSUMO DE LAMINADO
53246,50359,LAMINADO FILM PETG 240 MM 45 MIC
53247,CPS0019,CONSUMO DE LAMINADO
53247,50359,LAMINADO FILM PETG 240 MM 45 MIC
53248,CPS0019,CONSUMO DE LAMINADO
53248,50359,LAMINADO FILM PETG 240 MM 45 MIC
53249,CPS0019,CONSUMO DE LAMINADO
53249,50359,LAMINADO FILM PETG 240 MM 45 MIC
53250,CPS0019,CONSUMO DE LAMINADO
53250,50359,LAMINADO FILM PETG 240 MM 45 MIC
53251,CPS0019,CONSUMO DE LAMINADO
53251,46888,LAMINADO 160MM GREEN PAPER 120µ HP 2300/GL62 INNO
53252,CPS0019,CONSUMO DE LAMINADO
53252,46888,LAMINADO 160MM GREEN PAPER 120µ HP 2300/GL62 INNO
53255,CPS0019,CONSUMO DE LAMINADO
53255,46452,LAMINADO 300MM PAPEL SEMIBRILLO 6770 80 GR AP 904 RI
53256,CPS0019,CONSUMO DE LAMINADO
53256,46452,LAMINADO 300MM PAPEL SEMIBRILLO 6770 80 GR AP 904 RI
53257,CPS0019,CONSUMO DE LAMINADO
53257,46888,LAMINADO 160MM GREEN PAPER 120µ HP 2300/GL62 INNO
53258,CPS0019,CONSUMO DE LAMINADO
53258,46888,LAMINADO 160MM GREEN PAPER 120µ HP 2300/GL62 INNO
53259,CPS0019,CONSUMO DE LAMINADO
53259,46036,LAMINADO 110MM PAPEL SEMIBRILLO L80-PH-G62S (EXACTO) ARP
53260,46036,LAMINADO 110MM PAPEL SEMIBRILLO L80-PH-G62S (EXACTO) ARP
53260,CPS0019,CONSUMO DE LAMINADO
53261,CPS0019,CONSUMO DE LAMINADO
53261,46036,LAMINADO 110MM PAPEL SEMIBRILLO L80-PH-G62S (EXACTO) ARP
53262,CPS0019,CONSUMO DE LAMINADO
53262,46036,LAMINADO 110MM PAPEL SEMIBRILLO L80-PH-G62S (EXACTO) ARP
53263,CPS0019,CONSUMO DE LAMINADO
53263,46036,LAMINADO 110MM PAPEL SEMIBRILLO L80-PH-G62S (EXACTO) ARP
53264,CPS0019,CONSUMO DE LAMINADO
53264,46036,LAMINADO 110MM PAPEL SEMIBRILLO L80-PH-G62S (EXACTO) ARP
53265,46036,LAMINADO 110MM PAPEL SEMIBRILLO L80-PH-G62S (EXACTO) ARP
53265,CPS0019,CONSUMO DE LAMINADO
53266,CPS0019,CONSUMO DE LAMINADO
53266,46036,LAMINADO 110MM PAPEL SEMIBRILLO L80-PH-G62S (EXACTO) ARP
53267,CPS0019,CONSUMO DE LAMINADO
53267,46036,LAMINADO 110MM PAPEL SEMIBRILLO L80-PH-G62S (EXACTO) ARP
53268,CPS0019,CONSUMO DE LAMINADO
53268,44928,LAMINADO 300MM PAPEL SEMIBRILLO L80-PH-G62S Exacto ARP
53269,CPS0019,CONSUMO DE LAMINADO
53269,44928,LAMINADO 300MM PAPEL SEMIBRILLO L80-PH-G62S Exacto ARP
53272,44928,LAMINADO 300MM PAPEL SEMIBRILLO L80-PH-G62S Exacto ARP
53272,CPS0019,CONSUMO DE LAMINADO
53273,CPS0019,CONSUMO DE LAMINADO
53273,46452,LAMINADO 300MM PAPEL SEMIBRILLO 6770 80 GR AP 904 RI
53274,43431,LAMINADO 160MM PAPEL SEMIBRILLO L80-PH-G62S ( EXACTO) ARP
53274,CPS0019,CONSUMO DE LAMINADO
53275,CPS0019,CONSUMO DE LAMINADO
53275,46036,LAMINADO 110MM PAPEL SEMIBRILLO L80-PH-G62S (EXACTO) ARP
53276,CPS0019,CONSUMO DE LAMINADO
53276,46452,LAMINADO 300MM PAPEL SEMIBRILLO 6770 80 GR AP 904 RI
53277,46452,LAMINADO 300MM PAPEL SEMIBRILLO 6770 80 GR AP 904 RI
53277,CPS0019,CONSUMO DE LAMINADO
53278,44927,LAMINADO 330MM PAPEL SEMIBRILLO L80-PH-G62S ( EXACTO) ARP
53278,CPS0019,CONSUMO DE LAMINADO
53279,44927,LAMINADO 330MM PAPEL SEMIBRILLO L80-PH-G62S ( EXACTO) ARP
53279,CPS0019,CONSUMO DE LAMINADO
53281,45856,LAMINADO 330MM PAPEL SEMIBRILLO 6770 80 GR AP 904 RI
53281,CPS0019,CONSUMO DE LAMINADO
53282,45856,LAMINADO 330MM PAPEL SEMIBRILLO 6770 80 GR AP 904 RI
53282,CPS0019,CONSUMO DE LAMINADO
53283,CPS0019,CONSUMO DE LAMINADO
53283,52915,LAMINADO 333MM PP TRANSP. RP37 SY105C UPM RAFLATAC
53285,44927,LAMINADO 330MM PAPEL SEMIBRILLO L80-PH-G62S ( EXACTO) ARP
53285,CPS0019,CONSUMO DE LAMINADO
53286,44927,LAMINADO 330MM PAPEL SEMIBRILLO L80-PH-G62S ( EXACTO) ARP
53286,CPS0019,CONSUMO DE LAMINADO
53289,CPS0019,CONSUMO DE LAMINADO
53289,50755,LAMINADO 110MM PPDL54P4 OPTIMA MATE 2 G60 ( F9CG3 ) SINOPAPEL
53290,CPS0019,CONSUMO DE LAMINADO
53290,50755,LAMINADO 110MM PPDL54P4 OPTIMA MATE 2 G60 ( F9CG3 ) SINOPAPEL
53291,56328,LAMINADO 340MM PAPEL COUCHE BLANCO MATE 90 GRS DIMAR
53291,49712,LAMINADO 340MM GLASSINE 60G SILICONADO
53293,44928,LAMINADO 300MM PAPEL SEMIBRILLO L80-PH-G62S Exacto ARP
53293,CPS0019,CONSUMO DE LAMINADO
53294,CPS0019,CONSUMO DE LAMINADO
53294,44928,LAMINADO 300MM PAPEL SEMIBRILLO L80-PH-G62S Exacto ARP
53296,46036,LAMINADO 110MM PAPEL SEMIBRILLO L80-PH-G62S (EXACTO) ARP
53296,CPS0019,CONSUMO DE LAMINADO
53297,CPS0019,CONSUMO DE LAMINADO
53297,46452,LAMINADO 300MM PAPEL SEMIBRILLO 6770 80 GR AP 904 RI
53298,44927,LAMINADO 330MM PAPEL SEMIBRILLO L80-PH-G62S ( EXACTO) ARP
53298,CPS0019,CONSUMO DE LAMINADO
53301,CPS0019,CONSUMO DE LAMINADO
53301,46452,LAMINADO 300MM PAPEL SEMIBRILLO 6770 80 GR AP 904 RI
53302,CPS0019,CONSUMO DE LAMINADO
53302,46036,LAMINADO 110MM PAPEL SEMIBRILLO L80-PH-G62S (EXACTO) ARP
53303,CPS0019,CONSUMO DE LAMINADO
53303,46452,LAMINADO 300MM PAPEL SEMIBRILLO 6770 80 GR AP 904 RI
53308,CPS0019,CONSUMO DE LAMINADO
53308,46452,LAMINADO 300MM PAPEL SEMIBRILLO 6770 80 GR AP 904 RI
53309,CPS0019,CONSUMO DE LAMINADO
53309,46452,LAMINADO 300MM PAPEL SEMIBRILLO 6770 80 GR AP 904 RI
53310,CPS0019,CONSUMO DE LAMINADO
53310,52691,LAMINADO 330 MM BOPP TRANSP F4180 52 UTC -ACR -GL 60
53311,CPS0019,CONSUMO DE LAMINADO
53311,46036,LAMINADO 110MM PAPEL SEMIBRILLO L80-PH-G62S (EXACTO) ARP
53312,CPS0019,CONSUMO DE LAMINADO
53312,50754,LAMINADO 320MM PPDL54P4 OPTIMA MATE 2 G60 (F9CG3 ) MIC
53313,CPS0019,CONSUMO DE LAMINADO
53313,53314,LAMINADO 320 MM GREEN PAPER TD ADH REMOVIBLE GL62 INNO
53314,52155,LAMINADO 340 MM PAPEL INNOLINER
53314,49039,LAMINADO 333MM GREEN PAPER TD S/ADHESIVO
53315,CPS0019,CONSUMO DE LAMINADO
53315,44928,LAMINADO 300MM PAPEL SEMIBRILLO L80-PH-G62S Exacto ARP
53316,CPS0019,CONSUMO DE LAMINADO
53316,50754,LAMINADO 320MM PPDL54P4 OPTIMA MATE 2 G60 (F9CG3 ) MIC
53316,50136,LAMINADO CINTA P/LAMINAR  PP TRANSP. 320MM OLPP24-MATE-º1500º
53317,CPS0019,CONSUMO DE LAMINADO
53317,50754,LAMINADO 320MM PPDL54P4 OPTIMA MATE 2 G60 (F9CG3 ) MIC
53317,50136,LAMINADO CINTA P/LAMINAR  PP TRANSP. 320MM OLPP24-MATE-º1500º
53318,CPS0019,CONSUMO DE LAMINADO
53318,50136,LAMINADO CINTA P/LAMINAR  PP TRANSP. 320MM OLPP24-MATE-º1500º
53318,50754,LAMINADO 320MM PPDL54P4 OPTIMA MATE 2 G60 (F9CG3 ) MIC
53319,40500,LAMINADO 160MM BOPP  BLACO. 60 UTC RI 707/BL 8065 EXACTO
53319,CPS0019,CONSUMO DE LAMINADO
53320,40500,LAMINADO 160MM BOPP  BLACO. 60 UTC RI 707/BL 8065 EXACTO
53320,CPS0019,CONSUMO DE LAMINADO
53321,40500,LAMINADO 160MM BOPP  BLACO. 60 UTC RI 707/BL 8065 EXACTO
53321,CPS0019,CONSUMO DE LAMINADO
53322,40500,LAMINADO 160MM BOPP  BLACO. 60 UTC RI 707/BL 8065 EXACTO
53322,CPS0019,CONSUMO DE LAMINADO
53323,40500,LAMINADO 160MM BOPP  BLACO. 60 UTC RI 707/BL 8065 EXACTO
53323,CPS0019,CONSUMO DE LAMINADO
53324,40500,LAMINADO 160MM BOPP  BLACO. 60 UTC RI 707/BL 8065 EXACTO
53324,CPS0019,CONSUMO DE LAMINADO
53325,40500,LAMINADO 160MM BOPP  BLACO. 60 UTC RI 707/BL 8065 EXACTO
53325,CPS0019,CONSUMO DE LAMINADO
53326,44822,LAMINADO 160MM PP TRANSP. PPT50P-P1-G62S ARC
53326,CPS0019,CONSUMO DE LAMINADO
53327,CPS0019,CONSUMO DE LAMINADO
53327,46036,LAMINADO 110MM PAPEL SEMIBRILLO L80-PH-G62S (EXACTO) ARP
53328,44927,LAMINADO 330MM PAPEL SEMIBRILLO L80-PH-G62S ( EXACTO) ARP
53328,CPS0019,CONSUMO DE LAMINADO
53329,CPS0019,CONSUMO DE LAMINADO
53329,50359,LAMINADO FILM PETG 240 MM 45 MIC
53330,CPS0019,CONSUMO DE LAMINADO
53330,44927,LAMINADO 330MM PAPEL SEMIBRILLO L80-PH-G62S ( EXACTO) ARP
53331,CPS0019,CONSUMO DE LAMINADO
53331,44927,LAMINADO 330MM PAPEL SEMIBRILLO L80-PH-G62S ( EXACTO) ARP
53332,CPS0019,CONSUMO DE LAMINADO
53332,50360,LAMINADO FILM PETG 300 MM 45 MIC
53333,44927,LAMINADO 330MM PAPEL SEMIBRILLO L80-PH-G62S ( EXACTO) ARP
53333,CPS0019,CONSUMO DE LAMINADO
53334,44928,LAMINADO 300MM PAPEL SEMIBRILLO L80-PH-G62S Exacto ARP
53334,CPS0019,CONSUMO DE LAMINADO
53337,CPS0019,CONSUMO DE LAMINADO
53337,46148,LAMINADO 330MM PPBB60-P1-G62S
53338,CPS0019,CONSUMO DE LAMINADO
53338,44927,LAMINADO 330MM PAPEL SEMIBRILLO L80-PH-G62S ( EXACTO) ARP
53340,40500,LAMINADO 160MM BOPP  BLACO. 60 UTC RI 707/BL 8065 EXACTO
53340,CPS0019,CONSUMO DE LAMINADO
53341,46036,LAMINADO 110MM PAPEL SEMIBRILLO L80-PH-G62S (EXACTO) ARP
53341,CPS0019,CONSUMO DE LAMINADO
53342,CPS0019,CONSUMO DE LAMINADO
53342,46036,LAMINADO 110MM PAPEL SEMIBRILLO L80-PH-G62S (EXACTO) ARP
53343,CPS0019,CONSUMO DE LAMINADO
53343,46036,LAMINADO 110MM PAPEL SEMIBRILLO L80-PH-G62S (EXACTO) ARP
53344,CPS0019,CONSUMO DE LAMINADO
53344,52691,LAMINADO 330 MM BOPP TRANSP F4180 52 UTC -ACR -GL 60
53345,CPS0019,CONSUMO DE LAMINADO
53345,52691,LAMINADO 330 MM BOPP TRANSP F4180 52 UTC -ACR -GL 60
53346,CPS0019,CONSUMO DE LAMINADO
53346,52691,LAMINADO 330 MM BOPP TRANSP F4180 52 UTC -ACR -GL 60
53347,CPS0019,CONSUMO DE LAMINADO
53347,58114,LAMINADO 110MM PAPEL TRANSFER PH G58 TT62 ARC
53348,CPS0019,CONSUMO DE LAMINADO
53348,45856,LAMINADO 330MM PAPEL SEMIBRILLO 6770 80 GR AP 904 RI
53349,CPS0019,CONSUMO DE LAMINADO
53349,46452,LAMINADO 300MM PAPEL SEMIBRILLO 6770 80 GR AP 904 RI
53350,CPS0019,CONSUMO DE LAMINADO
53350,46452,LAMINADO 300MM PAPEL SEMIBRILLO 6770 80 GR AP 904 RI
53351,CPS0019,CONSUMO DE LAMINADO
53351,45856,LAMINADO 330MM PAPEL SEMIBRILLO 6770 80 GR AP 904 RI
53352,CPS0019,CONSUMO DE LAMINADO
53352,52691,LAMINADO 330 MM BOPP TRANSP F4180 52 UTC -ACR -GL 60
53353,CPS0019,CONSUMO DE LAMINADO
53353,52691,LAMINADO 330 MM BOPP TRANSP F4180 52 UTC -ACR -GL 60
53354,CPS0019,CONSUMO DE LAMINADO
53354,46888,LAMINADO 160MM GREEN PAPER 120µ HP 2300/GL62 INNO
53355,CPS0019,CONSUMO DE LAMINADO
53355,46888,LAMINADO 160MM GREEN PAPER 120µ HP 2300/GL62 INNO
53356,CPS0019,CONSUMO DE LAMINADO
53356,46888,LAMINADO 160MM GREEN PAPER 120µ HP 2300/GL62 INNO
53358,CPS0019,CONSUMO DE LAMINADO
53358,53366,LAMINADO 300MM PAPEL SEMIBRILLO 80 GR AP 904 PET30 6611 RI
53360,CPS0019,CONSUMO DE LAMINADO
53360,52691,LAMINADO 330 MM BOPP TRANSP F4180 52 UTC -ACR -GL 60
53365,CPS0019,CONSUMO DE LAMINADO
53365,52689,LAMINADO 330MM TERMICO PROTEGIDO S2670 TC 75 GR-FR-GL 60
53367,CPS0019,CONSUMO DE LAMINADO
53367,48308,LAMINADO 330MM TERMAL  TOP HS AP903 YG60
53368,CPS0019,CONSUMO DE LAMINADO
53368,46452,LAMINADO 300MM PAPEL SEMIBRILLO 6770 80 GR AP 904 RI
53369,CPS0019,CONSUMO DE LAMINADO
53369,46036,LAMINADO 110MM PAPEL SEMIBRILLO L80-PH-G62S (EXACTO) ARP
53372,CPS0019,CONSUMO DE LAMINADO
53372,44928,LAMINADO 300MM PAPEL SEMIBRILLO L80-PH-G62S Exacto ARP
53374,CPS0019,CONSUMO DE LAMINADO
53374,52915,LAMINADO 333MM PP TRANSP. RP37 SY105C UPM RAFLATAC
53375,CPS0019,CONSUMO DE LAMINADO
53375,57557,LAMINADO 300MM PAPEL SEMIBRILLO L80-PH-G60 ARP
53376,CPS0019,CONSUMO DE LAMINADO
53376,51556,LAMINADO FILM PETG 300 MM 45 MIC
53377,CPS0019,CONSUMO DE LAMINADO
53377,51556,LAMINADO FILM PETG 300 MM 45 MIC
53378,CPS0019,CONSUMO DE LAMINADO
53378,51556,LAMINADO FILM PETG 300 MM 45 MIC
53379,CPS0019,CONSUMO DE LAMINADO
53379,51556,LAMINADO FILM PETG 300 MM 45 MIC
53380,CPS0019,CONSUMO DE LAMINADO
53380,51556,LAMINADO FILM PETG 300 MM 45 MIC
53381,CPS0019,CONSUMO DE LAMINADO
53381,51556,LAMINADO FILM PETG 300 MM 45 MIC
53382,CPS0019,CONSUMO DE LAMINADO
53382,46452,LAMINADO 300MM PAPEL SEMIBRILLO 6770 80 GR AP 904 RI
53383,40508,LAMINADO 330MM BOPP  BLACO. 60 UTC RI 707/BL 8065 EXACTO
53383,43860,LAMINADO 330MM PP BCO BTE P4 38M G58 ARC
53383,CPS0019,CONSUMO DE LAMINADO
53384,40508,LAMINADO 330MM BOPP  BLACO. 60 UTC RI 707/BL 8065 EXACTO
53384,43860,LAMINADO 330MM PP BCO BTE P4 38M G58 ARC
53384,CPS0019,CONSUMO DE LAMINADO
53385,40508,LAMINADO 330MM BOPP  BLACO. 60 UTC RI 707/BL 8065 EXACTO
53385,43860,LAMINADO 330MM PP BCO BTE P4 38M G58 ARC
53385,CPS0019,CONSUMO DE LAMINADO
53386,40508,LAMINADO 330MM BOPP  BLACO. 60 UTC RI 707/BL 8065 EXACTO
53386,43860,LAMINADO 330MM PP BCO BTE P4 38M G58 ARC
53386,CPS0019,CONSUMO DE LAMINADO
53387,40508,LAMINADO 330MM BOPP  BLACO. 60 UTC RI 707/BL 8065 EXACTO
53387,43860,LAMINADO 330MM PP BCO BTE P4 38M G58 ARC
53387,CPS0019,CONSUMO DE LAMINADO
53388,40508,LAMINADO 330MM BOPP  BLACO. 60 UTC RI 707/BL 8065 EXACTO
53388,CPS0019,CONSUMO DE LAMINADO
53388,43860,LAMINADO 330MM PP BCO BTE P4 38M G58 ARC
53389,42817,LAMINADO 300MM BOPP BCO. BRILLANTE 60 TC (08065)
53389,CPS0019,CONSUMO DE LAMINADO
53390,40508,LAMINADO 330MM BOPP  BLACO. 60 UTC RI 707/BL 8065 EXACTO
53390,CPS0019,CONSUMO DE LAMINADO
53390,43860,LAMINADO 330MM PP BCO BTE P4 38M G58 ARC
53391,40508,LAMINADO 330MM BOPP  BLACO. 60 UTC RI 707/BL 8065 EXACTO
53391,43860,LAMINADO 330MM PP BCO BTE P4 38M G58 ARC
53391,CPS0019,CONSUMO DE LAMINADO
53392,40508,LAMINADO 330MM BOPP  BLACO. 60 UTC RI 707/BL 8065 EXACTO
53392,43860,LAMINADO 330MM PP BCO BTE P4 38M G58 ARC
53392,CPS0019,CONSUMO DE LAMINADO
53394,CPS0019,CONSUMO DE LAMINADO
53394,57557,LAMINADO 300MM PAPEL SEMIBRILLO L80-PH-G60 ARP
53395,44928,LAMINADO 300MM PAPEL SEMIBRILLO L80-PH-G62S Exacto ARP
53395,CPS0019,CONSUMO DE LAMINADO
53396,44928,LAMINADO 300MM PAPEL SEMIBRILLO L80-PH-G62S Exacto ARP
53396,CPS0019,CONSUMO DE LAMINADO
53397,CPS0019,CONSUMO DE LAMINADO
53397,44928,LAMINADO 300MM PAPEL SEMIBRILLO L80-PH-G62S Exacto ARP
53398,44928,LAMINADO 300MM PAPEL SEMIBRILLO L80-PH-G62S Exacto ARP
53398,CPS0019,CONSUMO DE LAMINADO
53399,44928,LAMINADO 300MM PAPEL SEMIBRILLO L80-PH-G62S Exacto ARP
53399,CPS0019,CONSUMO DE LAMINADO
53400,CPS0019,CONSUMO DE LAMINADO
53400,44928,LAMINADO 300MM PAPEL SEMIBRILLO L80-PH-G62S Exacto ARP
53401,CPS0019,CONSUMO DE LAMINADO
53401,44927,LAMINADO 330MM PAPEL SEMIBRILLO L80-PH-G62S ( EXACTO) ARP
53405,CPS0019,CONSUMO DE LAMINADO
53405,45856,LAMINADO 330MM PAPEL SEMIBRILLO 6770 80 GR AP 904 RI
53406,CPS0019,CONSUMO DE LAMINADO
53406,46452,LAMINADO 300MM PAPEL SEMIBRILLO 6770 80 GR AP 904 RI
53407,CPS0019,CONSUMO DE LAMINADO
53407,45856,LAMINADO 330MM PAPEL SEMIBRILLO 6770 80 GR AP 904 RI
53408,CPS0019,CONSUMO DE LAMINADO
53408,46036,LAMINADO 110MM PAPEL SEMIBRILLO L80-PH-G62S (EXACTO) ARP
53409,CPS0019,CONSUMO DE LAMINADO
53409,46036,LAMINADO 110MM PAPEL SEMIBRILLO L80-PH-G62S (EXACTO) ARP
53410,44928,LAMINADO 300MM PAPEL SEMIBRILLO L80-PH-G62S Exacto ARP
53410,CPS0019,CONSUMO DE LAMINADO
53413,CPS0019,CONSUMO DE LAMINADO
53413,46757,LAMINADO BOPP LINERLESS BOBINE 100 MM X 900 MT (9.000 ETIQ. X ROLLO) MP
53414,CPS0019,CONSUMO DE LAMINADO
53414,44927,LAMINADO 330MM PAPEL SEMIBRILLO L80-PH-G62S ( EXACTO) ARP
53415,CPS0019,CONSUMO DE LAMINADO
53415,44927,LAMINADO 330MM PAPEL SEMIBRILLO L80-PH-G62S ( EXACTO) ARP
53416,CPS0019,CONSUMO DE LAMINADO
53416,51556,LAMINADO FILM PETG 300 MM 45 MIC
53417,CPS0019,CONSUMO DE LAMINADO
53417,51556,LAMINADO FILM PETG 300 MM 45 MIC
53418,CPS0019,CONSUMO DE LAMINADO
53418,46452,LAMINADO 300MM PAPEL SEMIBRILLO 6770 80 GR AP 904 RI
53419,CPS0019,CONSUMO DE LAMINADO
53419,44928,LAMINADO 300MM PAPEL SEMIBRILLO L80-PH-G62S Exacto ARP
53420,CPS0019,CONSUMO DE LAMINADO
53420,51557,LAMINADO FILM PETG 280 MM 45 MIC
53421,CPS0019,CONSUMO DE LAMINADO
53421,51557,LAMINADO FILM PETG 280 MM 45 MIC
53423,CPS0019,CONSUMO DE LAMINADO
53423,46036,LAMINADO 110MM PAPEL SEMIBRILLO L80-PH-G62S (EXACTO) ARP
53424,CPS0019,CONSUMO DE LAMINADO
53424,44927,LAMINADO 330MM PAPEL SEMIBRILLO L80-PH-G62S ( EXACTO) ARP
53425,44927,LAMINADO 330MM PAPEL SEMIBRILLO L80-PH-G62S ( EXACTO) ARP
53425,CPS0019,CONSUMO DE LAMINADO
53426,CPS0019,CONSUMO DE LAMINADO
53426,44927,LAMINADO 330MM PAPEL SEMIBRILLO L80-PH-G62S ( EXACTO) ARP
53427,CPS0019,CONSUMO DE LAMINADO
53427,44927,LAMINADO 330MM PAPEL SEMIBRILLO L80-PH-G62S ( EXACTO) ARP
53428,CPS0019,CONSUMO DE LAMINADO
53428,44927,LAMINADO 330MM PAPEL SEMIBRILLO L80-PH-G62S ( EXACTO) ARP
53429,44927,LAMINADO 330MM PAPEL SEMIBRILLO L80-PH-G62S ( EXACTO) ARP
53429,CPS0019,CONSUMO DE LAMINADO
53430,CPS0019,CONSUMO DE LAMINADO
53430,44927,LAMINADO 330MM PAPEL SEMIBRILLO L80-PH-G62S ( EXACTO) ARP
53431,44927,LAMINADO 330MM PAPEL SEMIBRILLO L80-PH-G62S ( EXACTO) ARP
53431,CPS0019,CONSUMO DE LAMINADO
53432,44927,LAMINADO 330MM PAPEL SEMIBRILLO L80-PH-G62S ( EXACTO) ARP
53432,CPS0019,CONSUMO DE LAMINADO
53433,44927,LAMINADO 330MM PAPEL SEMIBRILLO L80-PH-G62S ( EXACTO) ARP
53433,CPS0019,CONSUMO DE LAMINADO
53434,44927,LAMINADO 330MM PAPEL SEMIBRILLO L80-PH-G62S ( EXACTO) ARP
53434,CPS0019,CONSUMO DE LAMINADO
53435,44927,LAMINADO 330MM PAPEL SEMIBRILLO L80-PH-G62S ( EXACTO) ARP
53435,CPS0019,CONSUMO DE LAMINADO
53436,42817,LAMINADO 300MM BOPP BCO. BRILLANTE 60 TC (08065)
53436,CPS0019,CONSUMO DE LAMINADO
53437,42817,LAMINADO 300MM BOPP BCO. BRILLANTE 60 TC (08065)
53437,CPS0019,CONSUMO DE LAMINADO
53439,44927,LAMINADO 330MM PAPEL SEMIBRILLO L80-PH-G62S ( EXACTO) ARP
53439,CPS0019,CONSUMO DE LAMINADO
53440,44927,LAMINADO 330MM PAPEL SEMIBRILLO L80-PH-G62S ( EXACTO) ARP
53440,CPS0019,CONSUMO DE LAMINADO
53441,CPS0019,CONSUMO DE LAMINADO
53441,51556,LAMINADO FILM PETG 300 MM 45 MIC
53442,CPS0019,CONSUMO DE LAMINADO
53442,46888,LAMINADO 160MM GREEN PAPER 120µ HP 2300/GL62 INNO
53443,CPS0019,CONSUMO DE LAMINADO
53443,46888,LAMINADO 160MM GREEN PAPER 120µ HP 2300/GL62 INNO
53444,CPS0019,CONSUMO DE LAMINADO
53444,46888,LAMINADO 160MM GREEN PAPER 120µ HP 2300/GL62 INNO
53445,CPS0019,CONSUMO DE LAMINADO
53445,44927,LAMINADO 330MM PAPEL SEMIBRILLO L80-PH-G62S ( EXACTO) ARP
53447,CPS0019,CONSUMO DE LAMINADO
53447,51556,LAMINADO FILM PETG 300 MM 45 MIC
53448,CPS0019,CONSUMO DE LAMINADO
53448,45997,LAMINADO 160MM PAPEL SEMIBRILLO L80-PH-G62S (EXACTO) ARP
53449,CPS0019,CONSUMO DE LAMINADO
53449,51558,LAMINADO FILM PETG 360 MM 45 MIC
53451,44927,LAMINADO 330MM PAPEL SEMIBRILLO L80-PH-G62S ( EXACTO) ARP
53451,CPS0019,CONSUMO DE LAMINADO
53452,CPS0019,CONSUMO DE LAMINADO
53452,44927,LAMINADO 330MM PAPEL SEMIBRILLO L80-PH-G62S ( EXACTO) ARP
53453,CPS0019,CONSUMO DE LAMINADO
53453,46888,LAMINADO 160MM GREEN PAPER 120µ HP 2300/GL62 INNO
53454,40500,LAMINADO 160MM BOPP  BLACO. 60 UTC RI 707/BL 8065 EXACTO
53454,CPS0019,CONSUMO DE LAMINADO
53457,CPS0019,CONSUMO DE LAMINADO
53457,50136,LAMINADO CINTA P/LAMINAR  PP TRANSP. 320MM OLPP24-MATE-º1500º
53457,50754,LAMINADO 320MM PPDL54P4 OPTIMA MATE 2 G60 (F9CG3 ) MIC
53458,44928,LAMINADO 300MM PAPEL SEMIBRILLO L80-PH-G62S Exacto ARP
53458,CPS0019,CONSUMO DE LAMINADO
53459,CPS0019,CONSUMO DE LAMINADO
53459,50754,LAMINADO 320MM PPDL54P4 OPTIMA MATE 2 G60 (F9CG3 ) MIC
53460,CPS0019,CONSUMO DE LAMINADO
53460,50754,LAMINADO 320MM PPDL54P4 OPTIMA MATE 2 G60 (F9CG3 ) MIC
53461,CPS0019,CONSUMO DE LAMINADO
53461,50754,LAMINADO 320MM PPDL54P4 OPTIMA MATE 2 G60 (F9CG3 ) MIC
53462,CPS0019,CONSUMO DE LAMINADO
53462,50754,LAMINADO 320MM PPDL54P4 OPTIMA MATE 2 G60 (F9CG3 ) MIC
53463,CPS0019,CONSUMO DE LAMINADO
53463,50754,LAMINADO 320MM PPDL54P4 OPTIMA MATE 2 G60 (F9CG3 ) MIC
53466,CPS0019,CONSUMO DE LAMINADO
53466,50359,LAMINADO FILM PETG 240 MM 45 MIC
53467,CPS0019,CONSUMO DE LAMINADO
53467,46452,LAMINADO 300MM PAPEL SEMIBRILLO 6770 80 GR AP 904 RI
53468,CPS0019,CONSUMO DE LAMINADO
53468,46452,LAMINADO 300MM PAPEL SEMIBRILLO 6770 80 GR AP 904 RI
53469,CPS0019,CONSUMO DE LAMINADO
53469,52691,LAMINADO 330 MM BOPP TRANSP F4180 52 UTC -ACR -GL 60
53470,40500,LAMINADO 160MM BOPP  BLACO. 60 UTC RI 707/BL 8065 EXACTO
53470,CPS0019,CONSUMO DE LAMINADO
53472,40500,LAMINADO 160MM BOPP  BLACO. 60 UTC RI 707/BL 8065 EXACTO
53472,CPS0019,CONSUMO DE LAMINADO
53473,CPS0019,CONSUMO DE LAMINADO
53473,48261,LAMINADO 330MM TERMICO PROTEGIDO 7836 THERMAL TC /80 GR GL/60 RI
53474,46384,LAMINADO 330 MM PAPEL TERMICO PROTEGIDO T77 PH G62 ARC
53474,CPS0019,CONSUMO DE LAMINADO
53475,CPS0019,CONSUMO DE LAMINADO
53475,51557,LAMINADO FILM PETG 280 MM 45 MIC
53476,CPS0019,CONSUMO DE LAMINADO
53476,51557,LAMINADO FILM PETG 280 MM 45 MIC
53477,40500,LAMINADO 160MM BOPP  BLACO. 60 UTC RI 707/BL 8065 EXACTO
53477,CPS0019,CONSUMO DE LAMINADO
53478,40500,LAMINADO 160MM BOPP  BLACO. 60 UTC RI 707/BL 8065 EXACTO
53478,CPS0019,CONSUMO DE LAMINADO
53479,CPS0019,CONSUMO DE LAMINADO
53479,45997,LAMINADO 160MM PAPEL SEMIBRILLO L80-PH-G62S (EXACTO) ARP
53480,CPS0019,CONSUMO DE LAMINADO
53480,52915,LAMINADO 333MM PP TRANSP. RP37 SY105C UPM RAFLATAC
53481,CPS0019,CONSUMO DE LAMINADO
53481,44927,LAMINADO 330MM PAPEL SEMIBRILLO L80-PH-G62S ( EXACTO) ARP
53482,44927,LAMINADO 330MM PAPEL SEMIBRILLO L80-PH-G62S ( EXACTO) ARP
53482,CPS0019,CONSUMO DE LAMINADO
53483,44927,LAMINADO 330MM PAPEL SEMIBRILLO L80-PH-G62S ( EXACTO) ARP
53483,CPS0019,CONSUMO DE LAMINADO
53484,CPS0019,CONSUMO DE LAMINADO
53484,44927,LAMINADO 330MM PAPEL SEMIBRILLO L80-PH-G62S ( EXACTO) ARP
53486,CPS0019,CONSUMO DE LAMINADO
53486,44928,LAMINADO 300MM PAPEL SEMIBRILLO L80-PH-G62S Exacto ARP
53487,44928,LAMINADO 300MM PAPEL SEMIBRILLO L80-PH-G62S Exacto ARP
53487,CPS0019,CONSUMO DE LAMINADO
53488,CPS0019,CONSUMO DE LAMINADO
53488,46148,LAMINADO 330MM PPBB60-P1-G62S
53490,44928,LAMINADO 300MM PAPEL SEMIBRILLO L80-PH-G62S Exacto ARP
53490,CPS0019,CONSUMO DE LAMINADO
53491,CPS0019,CONSUMO DE LAMINADO
53491,44927,LAMINADO 330MM PAPEL SEMIBRILLO L80-PH-G62S ( EXACTO) ARP
53492,CPS0019,CONSUMO DE LAMINADO
53492,44927,LAMINADO 330MM PAPEL SEMIBRILLO L80-PH-G62S ( EXACTO) ARP
53494,CPS0019,CONSUMO DE LAMINADO
53494,53511,LAMINADO 330 MM PPDL54P1 OPTIMA MATE G60 ARC
53494,46148,LAMINADO 330MM PPBB60-P1-G62S
53495,CPS0019,CONSUMO DE LAMINADO
53495,53511,LAMINADO 330 MM PPDL54P1 OPTIMA MATE G60 ARC
53495,56502,LAMINADO 330MM PPBB57-P1-G62S ARC
53496,CPS0019,CONSUMO DE LAMINADO
53496,46148,LAMINADO 330MM PPBB60-P1-G62S
53496,50754,LAMINADO 320MM PPDL54P4 OPTIMA MATE 2 G60 (F9CG3 ) MIC
53497,CPS0019,CONSUMO DE LAMINADO
53497,50754,LAMINADO 320MM PPDL54P4 OPTIMA MATE 2 G60 (F9CG3 ) MIC
53497,46148,LAMINADO 330MM PPBB60-P1-G62S
53498,CPS0019,CONSUMO DE LAMINADO
53498,50754,LAMINADO 320MM PPDL54P4 OPTIMA MATE 2 G60 (F9CG3 ) MIC
53498,46148,LAMINADO 330MM PPBB60-P1-G62S
53499,46344,LAMINADO 160MM PPBB60-P1-G62S (Samson)
53499,CPS0019,CONSUMO DE LAMINADO
53500,CPS0019,CONSUMO DE LAMINADO
53500,51557,LAMINADO FILM PETG 280 MM 45 MIC
53501,CPS0019,CONSUMO DE LAMINADO
53501,46148,LAMINADO 330MM PPBB60-P1-G62S
53501,50754,LAMINADO 320MM PPDL54P4 OPTIMA MATE 2 G60 (F9CG3 ) MIC
53502,CPS0019,CONSUMO DE LAMINADO
53502,46148,LAMINADO 330MM PPBB60-P1-G62S
53502,53511,LAMINADO 330 MM PPDL54P1 OPTIMA MATE G60 ARC
53503,46148,LAMINADO 330MM PPBB60-P1-G62S
53503,CPS0019,CONSUMO DE LAMINADO
53503,53511,LAMINADO 330 MM PPDL54P1 OPTIMA MATE G60 ARC
53504,46148,LAMINADO 330MM PPBB60-P1-G62S
53504,CPS0019,CONSUMO DE LAMINADO
53504,53511,LAMINADO 330 MM PPDL54P1 OPTIMA MATE G60 ARC
53505,46148,LAMINADO 330MM PPBB60-P1-G62S
53505,CPS0019,CONSUMO DE LAMINADO
53505,50754,LAMINADO 320MM PPDL54P4 OPTIMA MATE 2 G60 (F9CG3 ) MIC
53506,CPS0019,CONSUMO DE LAMINADO
53506,50356,LAMINADO FILM PVC 250 MM 40 MIC
53507,CPS0019,CONSUMO DE LAMINADO
53507,53590,LAMINADO 110MM BLACKCOVER II 90 GR AE500 GL62 INNO
53508,CPS0019,CONSUMO DE LAMINADO
53508,51558,LAMINADO FILM PETG 360 MM 45 MIC
53509,CPS0019,CONSUMO DE LAMINADO
53509,51558,LAMINADO FILM PETG 360 MM 45 MIC
53510,CPS0019,CONSUMO DE LAMINADO
53510,44928,LAMINADO 300MM PAPEL SEMIBRILLO L80-PH-G62S Exacto ARP
53512,CPS0019,CONSUMO DE LAMINADO
53512,45939,LAMINADO FOLIA PLATA COLDFOIL 160MM DSCF613-OP COR
53512,48724,LAMINADO 250MM BOPP  BLACO. 60 UTC RI 707/BL 8065
53513,44928,LAMINADO 300MM PAPEL SEMIBRILLO L80-PH-G62S Exacto ARP
53513,CPS0019,CONSUMO DE LAMINADO
53514,CPS0019,CONSUMO DE LAMINADO
53514,44927,LAMINADO 330MM PAPEL SEMIBRILLO L80-PH-G62S ( EXACTO) ARP
53515,CPS0019,CONSUMO DE LAMINADO
53515,44927,LAMINADO 330MM PAPEL SEMIBRILLO L80-PH-G62S ( EXACTO) ARP
53516,44927,LAMINADO 330MM PAPEL SEMIBRILLO L80-PH-G62S ( EXACTO) ARP
53516,CPS0019,CONSUMO DE LAMINADO
53519,CPS0019,CONSUMO DE LAMINADO
53519,53558,LAMINADO FOLIA PLATA COLDFOIL 280MM DSCF620-OP COR
53519,44928,LAMINADO 300MM PAPEL SEMIBRILLO L80-PH-G62S Exacto ARP
53520,44928,LAMINADO 300MM PAPEL SEMIBRILLO L80-PH-G62S Exacto ARP
53520,CPS0019,CONSUMO DE LAMINADO
53520,53558,LAMINADO FOLIA PLATA COLDFOIL 280MM DSCF620-OP COR
53521,44928,LAMINADO 300MM PAPEL SEMIBRILLO L80-PH-G62S Exacto ARP
53521,CPS0019,CONSUMO DE LAMINADO
53521,53558,LAMINADO FOLIA PLATA COLDFOIL 280MM DSCF620-OP COR
53522,CPS0019,CONSUMO DE LAMINADO
53522,53558,LAMINADO FOLIA PLATA COLDFOIL 280MM DSCF620-OP COR
53522,44928,LAMINADO 300MM PAPEL SEMIBRILLO L80-PH-G62S Exacto ARP
53523,CPS0019,CONSUMO DE LAMINADO
53523,44927,LAMINADO 330MM PAPEL SEMIBRILLO L80-PH-G62S ( EXACTO) ARP
53524,CPS0019,CONSUMO DE LAMINADO
53524,44928,LAMINADO 300MM PAPEL SEMIBRILLO L80-PH-G62S Exacto ARP
53525,CPS0019,CONSUMO DE LAMINADO
53525,50067,LAMINADO FOLIA ORO COLDFOIL 256MM
53525,46452,LAMINADO 300MM PAPEL SEMIBRILLO 6770 80 GR AP 904 RI
53526,CPS0019,CONSUMO DE LAMINADO
53526,52915,LAMINADO 333MM PP TRANSP. RP37 SY105C UPM RAFLATAC
53527,CPS0019,CONSUMO DE LAMINADO
53527,49745,LAMINADO 330MM POLIETILENO BLANCO BRILLANTE 80m –  GL60
53528,CPS0019,CONSUMO DE LAMINADO
53528,52915,LAMINADO 333MM PP TRANSP. RP37 SY105C UPM RAFLATAC
53532,44927,LAMINADO 330MM PAPEL SEMIBRILLO L80-PH-G62S ( EXACTO) ARP
53532,CPS0019,CONSUMO DE LAMINADO
53533,44927,LAMINADO 330MM PAPEL SEMIBRILLO L80-PH-G62S ( EXACTO) ARP
53533,CPS0019,CONSUMO DE LAMINADO
53535,CPS0019,CONSUMO DE LAMINADO
53535,45876,LAMINADO 111MM PAPEL TERMICO T70-PH-G62 ARC
53536,40500,LAMINADO 160MM BOPP  BLACO. 60 UTC RI 707/BL 8065 EXACTO
53536,CPS0019,CONSUMO DE LAMINADO
53537,CPS0019,CONSUMO DE LAMINADO
53537,57559,LAMINADO 330MM PAPEL SEMIBRILLO L80-PH-G60 ARP
53538,CPS0019,CONSUMO DE LAMINADO
53538,46148,LAMINADO 330MM PPBB60-P1-G62S
53538,46219,LAMINADO CINTA P/LAMINAR PP TRANSP. 320MM AA-LABR-LA-SL-BPT-QSW DIP
53539,CPS0019,CONSUMO DE LAMINADO
53539,46148,LAMINADO 330MM PPBB60-P1-G62S
53539,46219,LAMINADO CINTA P/LAMINAR PP TRANSP. 320MM AA-LABR-LA-SL-BPT-QSW DIP
53540,CPS0019,CONSUMO DE LAMINADO
53540,46036,LAMINADO 110MM PAPEL SEMIBRILLO L80-PH-G62S (EXACTO) ARP
53542,43973,LAMINADO 110MM PAPEL SINTETICO 200 micras MIC
53542,CPS0019,CONSUMO DE LAMINADO
53544,44927,LAMINADO 330MM PAPEL SEMIBRILLO L80-PH-G62S ( EXACTO) ARP
53544,CPS0019,CONSUMO DE LAMINADO
53546,CPS0019,CONSUMO DE LAMINADO
53546,44928,LAMINADO 300MM PAPEL SEMIBRILLO L80-PH-G62S Exacto ARP
53549,40508,LAMINADO 330MM BOPP  BLACO. 60 UTC RI 707/BL 8065 EXACTO
53549,43860,LAMINADO 330MM PP BCO BTE P4 38M G58 ARC
53549,CPS0019,CONSUMO DE LAMINADO
53550,40508,LAMINADO 330MM BOPP  BLACO. 60 UTC RI 707/BL 8065 EXACTO
53550,43860,LAMINADO 330MM PP BCO BTE P4 38M G58 ARC
53550,CPS0019,CONSUMO DE LAMINADO
53551,40508,LAMINADO 330MM BOPP  BLACO. 60 UTC RI 707/BL 8065 EXACTO
53551,CPS0019,CONSUMO DE LAMINADO
53551,43860,LAMINADO 330MM PP BCO BTE P4 38M G58 ARC
53552,40508,LAMINADO 330MM BOPP  BLACO. 60 UTC RI 707/BL 8065 EXACTO
53552,CPS0019,CONSUMO DE LAMINADO
53552,43860,LAMINADO 330MM PP BCO BTE P4 38M G58 ARC
53554,CPS0019,CONSUMO DE LAMINADO
53554,46036,LAMINADO 110MM PAPEL SEMIBRILLO L80-PH-G62S (EXACTO) ARP
53557,44928,LAMINADO 300MM PAPEL SEMIBRILLO L80-PH-G62S Exacto ARP
53557,CPS0019,CONSUMO DE LAMINADO
53561,51556,LAMINADO FILM PETG 300 MM 45 MIC
53561,CPS0019,CONSUMO DE LAMINADO
53563,CPS0019,CONSUMO DE LAMINADO
53563,53366,LAMINADO 300MM PAPEL SEMIBRILLO 80 GR AP 904 PET30 6611 RI
53564,CPS0019,CONSUMO DE LAMINADO
53564,53366,LAMINADO 300MM PAPEL SEMIBRILLO 80 GR AP 904 PET30 6611 RI
53565,CPS0019,CONSUMO DE LAMINADO
53565,53366,LAMINADO 300MM PAPEL SEMIBRILLO 80 GR AP 904 PET30 6611 RI
53566,CPS0019,CONSUMO DE LAMINADO
53566,53366,LAMINADO 300MM PAPEL SEMIBRILLO 80 GR AP 904 PET30 6611 RI
53567,CPS0019,CONSUMO DE LAMINADO
53567,53366,LAMINADO 300MM PAPEL SEMIBRILLO 80 GR AP 904 PET30 6611 RI
53568,CPS0019,CONSUMO DE LAMINADO
53568,53366,LAMINADO 300MM PAPEL SEMIBRILLO 80 GR AP 904 PET30 6611 RI
53569,CPS0019,CONSUMO DE LAMINADO
53569,53366,LAMINADO 300MM PAPEL SEMIBRILLO 80 GR AP 904 PET30 6611 RI
53570,CPS0019,CONSUMO DE LAMINADO
53570,53366,LAMINADO 300MM PAPEL SEMIBRILLO 80 GR AP 904 PET30 6611 RI
53571,CPS0019,CONSUMO DE LAMINADO
53571,53366,LAMINADO 300MM PAPEL SEMIBRILLO 80 GR AP 904 PET30 6611 RI
53572,CPS0019,CONSUMO DE LAMINADO
53572,53366,LAMINADO 300MM PAPEL SEMIBRILLO 80 GR AP 904 PET30 6611 RI
53573,CPS0019,CONSUMO DE LAMINADO
53573,53366,LAMINADO 300MM PAPEL SEMIBRILLO 80 GR AP 904 PET30 6611 RI
53574,CPS0019,CONSUMO DE LAMINADO
53574,53366,LAMINADO 300MM PAPEL SEMIBRILLO 80 GR AP 904 PET30 6611 RI
53575,CPS0019,CONSUMO DE LAMINADO
53575,53366,LAMINADO 300MM PAPEL SEMIBRILLO 80 GR AP 904 PET30 6611 RI
53576,CPS0019,CONSUMO DE LAMINADO
53576,51192,LAMINADO 320MM BLACKCOVER 80 GR AE500 GL62 INNO
53577,44927,LAMINADO 330MM PAPEL SEMIBRILLO L80-PH-G62S ( EXACTO) ARP
53577,CPS0019,CONSUMO DE LAMINADO
53578,CPS0019,CONSUMO DE LAMINADO
53578,46036,LAMINADO 110MM PAPEL SEMIBRILLO L80-PH-G62S (EXACTO) ARP
53579,CPS0019,CONSUMO DE LAMINADO
53579,45780,LAMINADO 300MM PPBB60-P4-G62S
53580,CPS0019,CONSUMO DE LAMINADO
53580,51556,LAMINADO FILM PETG 300 MM 45 MIC
53581,CPS0019,CONSUMO DE LAMINADO
53581,44928,LAMINADO 300MM PAPEL SEMIBRILLO L80-PH-G62S Exacto ARP
53582,44828,LAMINADO 250MM PPBB60-P1-G62S
53582,CPS0019,CONSUMO DE LAMINADO
53583,44928,LAMINADO 300MM PAPEL SEMIBRILLO L80-PH-G62S Exacto ARP
53583,CPS0019,CONSUMO DE LAMINADO
53584,CPS0019,CONSUMO DE LAMINADO
53584,50067,LAMINADO FOLIA ORO COLDFOIL 256MM
53584,57557,LAMINADO 300MM PAPEL SEMIBRILLO L80-PH-G60 ARP
53585,CPS0019,CONSUMO DE LAMINADO
53585,46192,LAMINADO 330MM PPBB60-P4-G62S
53586,CPS0019,CONSUMO DE LAMINADO
53586,57755,LAMINADO 160MM PP BCO BTE PPBB60-P ARP (SAMSON/ARP)
53587,46036,LAMINADO 110MM PAPEL SEMIBRILLO L80-PH-G62S (EXACTO) ARP
53587,CPS0019,CONSUMO DE LAMINADO
53588,43299,LAMINADO 110MM PAPEL TRANSFER TT64/PH
53588,CPS0019,CONSUMO DE LAMINADO
53591,CPS0019,CONSUMO DE LAMINADO
53591,46452,LAMINADO 300MM PAPEL SEMIBRILLO 6770 80 GR AP 904 RI
53592,CPS0019,CONSUMO DE LAMINADO
53592,46452,LAMINADO 300MM PAPEL SEMIBRILLO 6770 80 GR AP 904 RI
53593,44828,LAMINADO 250MM PPBB60-P1-G62S
53593,CPS0019,CONSUMO DE LAMINADO
53594,CPS0019,CONSUMO DE LAMINADO
53594,44828,LAMINADO 250MM PPBB60-P1-G62S
53596,40500,LAMINADO 160MM BOPP  BLACO. 60 UTC RI 707/BL 8065 EXACTO
53596,CPS0019,CONSUMO DE LAMINADO
53597,40500,LAMINADO 160MM BOPP  BLACO. 60 UTC RI 707/BL 8065 EXACTO
53597,CPS0019,CONSUMO DE LAMINADO
53598,44928,LAMINADO 300MM PAPEL SEMIBRILLO L80-PH-G62S Exacto ARP
53598,CPS0019,CONSUMO DE LAMINADO
53599,CPS0019,CONSUMO DE LAMINADO
53599,56777,LAMINADO 300MM PAPEL SEMIBRILLO L80-P6H-G62S ARC
53600,CPS0019,CONSUMO DE LAMINADO
53600,44928,LAMINADO 300MM PAPEL SEMIBRILLO L80-PH-G62S Exacto ARP
53601,CPS0019,CONSUMO DE LAMINADO
53601,52691,LAMINADO 330 MM BOPP TRANSP F4180 52 UTC -ACR -GL 60
53605,40500,LAMINADO 160MM BOPP  BLACO. 60 UTC RI 707/BL 8065 EXACTO
53605,CPS0019,CONSUMO DE LAMINADO
53610,CPS0019,CONSUMO DE LAMINADO
53610,45856,LAMINADO 330MM PAPEL SEMIBRILLO 6770 80 GR AP 904 RI
53611,CPS0019,CONSUMO DE LAMINADO
53611,45856,LAMINADO 330MM PAPEL SEMIBRILLO 6770 80 GR AP 904 RI
53614,CPS0019,CONSUMO DE LAMINADO
53614,52693,LAMINADO 330MM BOPP BLANCO BRILLANTE F1180 60 UTC -ACR- GL 60 MICROGEO
53615,CPS0019,CONSUMO DE LAMINADO
53615,52693,LAMINADO 330MM BOPP BLANCO BRILLANTE F1180 60 UTC -ACR- GL 60 MICROGEO
53616,CPS0019,CONSUMO DE LAMINADO
53616,52693,LAMINADO 330MM BOPP BLANCO BRILLANTE F1180 60 UTC -ACR- GL 60 MICROGEO
53617,CPS0019,CONSUMO DE LAMINADO
53617,52693,LAMINADO 330MM BOPP BLANCO BRILLANTE F1180 60 UTC -ACR- GL 60 MICROGEO
53622,44927,LAMINADO 330MM PAPEL SEMIBRILLO L80-PH-G62S ( EXACTO) ARP
53622,CPS0019,CONSUMO DE LAMINADO
53623,43573,LAMINADO 200MM PPBB60-P1-G62S
53623,CPS0019,CONSUMO DE LAMINADO
53624,CPS0019,CONSUMO DE LAMINADO
53624,46118,LAMINADO 300MM PPBB60-P1-G62S
53630,CPS0019,CONSUMO DE LAMINADO
53630,51556,LAMINADO FILM PETG 300 MM 45 MIC
53631,CPS0019,CONSUMO DE LAMINADO
53631,51556,LAMINADO FILM PETG 300 MM 45 MIC
53632,CPS0019,CONSUMO DE LAMINADO
53632,46036,LAMINADO 110MM PAPEL SEMIBRILLO L80-PH-G62S (EXACTO) ARP
53633,CPS0019,CONSUMO DE LAMINADO
53633,52915,LAMINADO 333MM PP TRANSP. RP37 SY105C UPM RAFLATAC
53635,CPS0019,CONSUMO DE LAMINADO
53635,44927,LAMINADO 330MM PAPEL SEMIBRILLO L80-PH-G62S ( EXACTO) ARP
53636,40500,LAMINADO 160MM BOPP  BLACO. 60 UTC RI 707/BL 8065 EXACTO
53636,CPS0019,CONSUMO DE LAMINADO
53637,45856,LAMINADO 330MM PAPEL SEMIBRILLO 6770 80 GR AP 904 RI
53637,CPS0019,CONSUMO DE LAMINADO
53639,CPS0019,CONSUMO DE LAMINADO
53639,48311,LAMINADO 160MM PPBB60-P4-G62S
53641,42252,LAMINADO CINTA P/LAM  PP TRANSP. 300MM BRILLANTE 24M
53641,CPS0019,CONSUMO DE LAMINADO
53641,52752,LAMINADO 300MM PAPEL SEMIBRILLO 80G-RP48AT-68G UPM
53644,44927,LAMINADO 330MM PAPEL SEMIBRILLO L80-PH-G62S ( EXACTO) ARP
53644,CPS0019,CONSUMO DE LAMINADO
53648,45997,LAMINADO 160MM PAPEL SEMIBRILLO L80-PH-G62S (EXACTO) ARP
53648,CPS0019,CONSUMO DE LAMINADO
53649,CPS0019,CONSUMO DE LAMINADO
53649,52915,LAMINADO 333MM PP TRANSP. RP37 SY105C UPM RAFLATAC
53650,45780,LAMINADO 300MM PPBB60-P4-G62S
53650,CPS0019,CONSUMO DE LAMINADO
53651,45780,LAMINADO 300MM PPBB60-P4-G62S
53651,CPS0019,CONSUMO DE LAMINADO
53652,CPS0019,CONSUMO DE LAMINADO
53652,45780,LAMINADO 300MM PPBB60-P4-G62S
53653,45780,LAMINADO 300MM PPBB60-P4-G62S
53653,CPS0019,CONSUMO DE LAMINADO
53654,45780,LAMINADO 300MM PPBB60-P4-G62S
53654,CPS0019,CONSUMO DE LAMINADO
53655,CPS0019,CONSUMO DE LAMINADO
53655,45780,LAMINADO 300MM PPBB60-P4-G62S
53656,CPS0019,CONSUMO DE LAMINADO
53656,45780,LAMINADO 300MM PPBB60-P4-G62S
53657,CPS0019,CONSUMO DE LAMINADO
53657,45780,LAMINADO 300MM PPBB60-P4-G62S
53658,CPS0019,CONSUMO DE LAMINADO
53658,45780,LAMINADO 300MM PPBB60-P4-G62S
53659,CPS0019,CONSUMO DE LAMINADO
53659,45780,LAMINADO 300MM PPBB60-P4-G62S
53660,CPS0019,CONSUMO DE LAMINADO
53660,46192,LAMINADO 330MM PPBB60-P4-G62S
53661,CPS0019,CONSUMO DE LAMINADO
53661,46192,LAMINADO 330MM PPBB60-P4-G62S
53662,CPS0019,CONSUMO DE LAMINADO
53662,46192,LAMINADO 330MM PPBB60-P4-G62S
53663,CPS0019,CONSUMO DE LAMINADO
53663,46192,LAMINADO 330MM PPBB60-P4-G62S
53664,CPS0019,CONSUMO DE LAMINADO
53664,46192,LAMINADO 330MM PPBB60-P4-G62S
53665,46192,LAMINADO 330MM PPBB60-P4-G62S
53665,CPS0019,CONSUMO DE LAMINADO
53666,CPS0019,CONSUMO DE LAMINADO
53666,46192,LAMINADO 330MM PPBB60-P4-G62S
53667,CPS0019,CONSUMO DE LAMINADO
53667,46192,LAMINADO 330MM PPBB60-P4-G62S
53668,CPS0019,CONSUMO DE LAMINADO
53668,46192,LAMINADO 330MM PPBB60-P4-G62S
53669,CPS0019,CONSUMO DE LAMINADO
53669,46192,LAMINADO 330MM PPBB60-P4-G62S
53670,CPS0019,CONSUMO DE LAMINADO
53670,51556,LAMINADO FILM PETG 300 MM 45 MIC
53672,40500,LAMINADO 160MM BOPP  BLACO. 60 UTC RI 707/BL 8065 EXACTO
53672,CPS0019,CONSUMO DE LAMINADO
53673,40500,LAMINADO 160MM BOPP  BLACO. 60 UTC RI 707/BL 8065 EXACTO
53673,CPS0019,CONSUMO DE LAMINADO
53674,CPS0019,CONSUMO DE LAMINADO
53674,46036,LAMINADO 110MM PAPEL SEMIBRILLO L80-PH-G62S (EXACTO) ARP
53675,CPS0019,CONSUMO DE LAMINADO
53675,45051,LAMINADO 330MM PAPEL TRANSFER TT64/PH
53676,43299,LAMINADO 110MM PAPEL TRANSFER TT64/PH
53676,CPS0019,CONSUMO DE LAMINADO
53677,CPS0019,CONSUMO DE LAMINADO
53677,47516,LAMINADO 260MM PAPEL SEMIBRILLO 80/P4 ARC
53678,CPS0019,CONSUMO DE LAMINADO
53678,47516,LAMINADO 260MM PAPEL SEMIBRILLO 80/P4 ARC
53679,CPS0019,CONSUMO DE LAMINADO
53679,47516,LAMINADO 260MM PAPEL SEMIBRILLO 80/P4 ARC
53680,44927,LAMINADO 330MM PAPEL SEMIBRILLO L80-PH-G62S ( EXACTO) ARP
53680,CPS0019,CONSUMO DE LAMINADO
53681,CPS0019,CONSUMO DE LAMINADO
53681,44927,LAMINADO 330MM PAPEL SEMIBRILLO L80-PH-G62S ( EXACTO) ARP
53682,44927,LAMINADO 330MM PAPEL SEMIBRILLO L80-PH-G62S ( EXACTO) ARP
53682,CPS0019,CONSUMO DE LAMINADO
53683,CPS0019,CONSUMO DE LAMINADO
53683,44927,LAMINADO 330MM PAPEL SEMIBRILLO L80-PH-G62S ( EXACTO) ARP
53684,CPS0019,CONSUMO DE LAMINADO
53684,54314,LAMINADO 167 WINEGLASS (MANUAL) 10939 RI
53685,40500,LAMINADO 160MM BOPP  BLACO. 60 UTC RI 707/BL 8065 EXACTO
53685,CPS0019,CONSUMO DE LAMINADO
53686,CPS0019,CONSUMO DE LAMINADO
53686,46192,LAMINADO 330MM PPBB60-P4-G62S
53687,CPS0019,CONSUMO DE LAMINADO
53687,53511,LAMINADO 330 MM PPDL54P1 OPTIMA MATE G60 ARC
53687,46148,LAMINADO 330MM PPBB60-P1-G62S
53688,CPS0019,CONSUMO DE LAMINADO
53688,46148,LAMINADO 330MM PPBB60-P1-G62S
53688,50754,LAMINADO 320MM PPDL54P4 OPTIMA MATE 2 G60 (F9CG3 ) MIC
53689,CPS0019,CONSUMO DE LAMINADO
53689,52756,LAMINADO 330MM PAPEL SEMIBRILLO 80G-RP48AT-68G UPM
53690,CPS0019,CONSUMO DE LAMINADO
53690,52756,LAMINADO 330MM PAPEL SEMIBRILLO 80G-RP48AT-68G UPM
53691,40500,LAMINADO 160MM BOPP  BLACO. 60 UTC RI 707/BL 8065 EXACTO
53691,CPS0019,CONSUMO DE LAMINADO
53692,40500,LAMINADO 160MM BOPP  BLACO. 60 UTC RI 707/BL 8065 EXACTO
53692,CPS0019,CONSUMO DE LAMINADO
53693,CPS0019,CONSUMO DE LAMINADO
53693,54314,LAMINADO 167 WINEGLASS (MANUAL) 10939 RI
53694,CPS0019,CONSUMO DE LAMINADO
53694,57755,LAMINADO 160MM PP BCO BTE PPBB60-P ARP (SAMSON/ARP)
53695,40500,LAMINADO 160MM BOPP  BLACO. 60 UTC RI 707/BL 8065 EXACTO
53695,CPS0019,CONSUMO DE LAMINADO
53696,CPS0019,CONSUMO DE LAMINADO
53696,52915,LAMINADO 333MM PP TRANSP. RP37 SY105C UPM RAFLATAC
53697,CPS0019,CONSUMO DE LAMINADO
53697,52915,LAMINADO 333MM PP TRANSP. RP37 SY105C UPM RAFLATAC
53698,CPS0019,CONSUMO DE LAMINADO
53698,46630,LAMINADO 300MM TERMICO PROTEGIDO 7836 THERMAL TC /80 GR GL/60
53699,CPS0019,CONSUMO DE LAMINADO
53699,46630,LAMINADO 300MM TERMICO PROTEGIDO 7836 THERMAL TC /80 GR GL/60
53700,CPS0019,CONSUMO DE LAMINADO
53700,46630,LAMINADO 300MM TERMICO PROTEGIDO 7836 THERMAL TC /80 GR GL/60
53701,CPS0019,CONSUMO DE LAMINADO
53701,46630,LAMINADO 300MM TERMICO PROTEGIDO 7836 THERMAL TC /80 GR GL/60
53702,46630,LAMINADO 300MM TERMICO PROTEGIDO 7836 THERMAL TC /80 GR GL/60
53702,CPS0019,CONSUMO DE LAMINADO
53703,CPS0019,CONSUMO DE LAMINADO
53703,46630,LAMINADO 300MM TERMICO PROTEGIDO 7836 THERMAL TC /80 GR GL/60
53704,CPS0019,CONSUMO DE LAMINADO
53704,46630,LAMINADO 300MM TERMICO PROTEGIDO 7836 THERMAL TC /80 GR GL/60
53705,CPS0019,CONSUMO DE LAMINADO
53705,46630,LAMINADO 300MM TERMICO PROTEGIDO 7836 THERMAL TC /80 GR GL/60
53706,CPS0019,CONSUMO DE LAMINADO
53706,46630,LAMINADO 300MM TERMICO PROTEGIDO 7836 THERMAL TC /80 GR GL/60
53707,CPS0019,CONSUMO DE LAMINADO
53707,45997,LAMINADO 160MM PAPEL SEMIBRILLO L80-PH-G62S (EXACTO) ARP
53708,40500,LAMINADO 160MM BOPP  BLACO. 60 UTC RI 707/BL 8065 EXACTO
53708,CPS0019,CONSUMO DE LAMINADO
53710,40500,LAMINADO 160MM BOPP  BLACO. 60 UTC RI 707/BL 8065 EXACTO
53710,CPS0019,CONSUMO DE LAMINADO
53711,CPS0019,CONSUMO DE LAMINADO
53711,54314,LAMINADO 167 WINEGLASS (MANUAL) 10939 RI
53712,CPS0019,CONSUMO DE LAMINADO
53712,50094,LAMINADO 333MM PP BLANCO MATE TRANSFER C2075 F8212B
53714,CPS0019,CONSUMO DE LAMINADO
53714,52465,LAMINADO 300MM BOPP PERLADO( 03239 ) RI 757/PR PET 30 AP901
53715,CPS0019,CONSUMO DE LAMINADO
53715,51557,LAMINADO FILM PETG 280 MM 45 MIC
53716,CPS0019,CONSUMO DE LAMINADO
53716,51557,LAMINADO FILM PETG 280 MM 45 MIC
53717,CPS0019,CONSUMO DE LAMINADO
53717,52915,LAMINADO 333MM PP TRANSP. RP37 SY105C UPM RAFLATAC
53718,CPS0019,CONSUMO DE LAMINADO
53718,52915,LAMINADO 333MM PP TRANSP. RP37 SY105C UPM RAFLATAC
53719,CPS0019,CONSUMO DE LAMINADO
53719,52915,LAMINADO 333MM PP TRANSP. RP37 SY105C UPM RAFLATAC
53720,CPS0019,CONSUMO DE LAMINADO
53720,52915,LAMINADO 333MM PP TRANSP. RP37 SY105C UPM RAFLATAC
53721,CPS0019,CONSUMO DE LAMINADO
53721,51698,LAMINADO FOLIA PLATA COLDFOIL 305 MM
53721,44927,LAMINADO 330MM PAPEL SEMIBRILLO L80-PH-G62S ( EXACTO) ARP
53722,44927,LAMINADO 330MM PAPEL SEMIBRILLO L80-PH-G62S ( EXACTO) ARP
53722,CPS0019,CONSUMO DE LAMINADO
53722,46187,LAMINADO FOLIA ORO COLDFOIL 320MM DGCF-613-OP
53723,44533,LAMINADO 320MM PPDL54P4 OPTIMA MATE AF1000 G60 ARC
53723,CPS0019,CONSUMO DE LAMINADO
53723,50136,LAMINADO CINTA P/LAMINAR  PP TRANSP. 320MM OLPP24-MATE-º1500º
53724,44927,LAMINADO 330MM PAPEL SEMIBRILLO L80-PH-G62S ( EXACTO) ARP
53724,CPS0019,CONSUMO DE LAMINADO
53726,42684,LAMINADO 300MM PP TRANSP. (7559) 50TC S0208 BG62B
53726,CPS0019,CONSUMO DE LAMINADO
53727,40500,LAMINADO 160MM BOPP  BLACO. 60 UTC RI 707/BL 8065 EXACTO
53727,CPS0019,CONSUMO DE LAMINADO
53728,CPS0019,CONSUMO DE LAMINADO
53728,43193,LAMINADO 330MM PAPEL SEMIBRILLO 80/P4 ARC
53729,44927,LAMINADO 330MM PAPEL SEMIBRILLO L80-PH-G62S ( EXACTO) ARP
53729,CPS0019,CONSUMO DE LAMINADO
53730,CPS0019,CONSUMO DE LAMINADO
53730,44927,LAMINADO 330MM PAPEL SEMIBRILLO L80-PH-G62S ( EXACTO) ARP
53731,CPS0019,CONSUMO DE LAMINADO
53731,51557,LAMINADO FILM PETG 280 MM 45 MIC
53732,CPS0019,CONSUMO DE LAMINADO
53732,51557,LAMINADO FILM PETG 280 MM 45 MIC
53733,CPS0019,CONSUMO DE LAMINADO
53733,51557,LAMINADO FILM PETG 280 MM 45 MIC
53734,CPS0019,CONSUMO DE LAMINADO
53734,51557,LAMINADO FILM PETG 280 MM 45 MIC
53735,CPS0019,CONSUMO DE LAMINADO
53735,51557,LAMINADO FILM PETG 280 MM 45 MIC
53736,CPS0019,CONSUMO DE LAMINADO
53736,51557,LAMINADO FILM PETG 280 MM 45 MIC
53737,CPS0019,CONSUMO DE LAMINADO
53737,54314,LAMINADO 167 WINEGLASS (MANUAL) 10939 RI
53740,CPS0019,CONSUMO DE LAMINADO
53740,51192,LAMINADO 320MM BLACKCOVER 80 GR AE500 GL62 INNO
53741,CPS0019,CONSUMO DE LAMINADO
53741,44533,LAMINADO 320MM PPDL54P4 OPTIMA MATE AF1000 G60 ARC
53744,CPS0019,CONSUMO DE LAMINADO
53744,44533,LAMINADO 320MM PPDL54P4 OPTIMA MATE AF1000 G60 ARC
53745,CPS0019,CONSUMO DE LAMINADO
53745,46036,LAMINADO 110MM PAPEL SEMIBRILLO L80-PH-G62S (EXACTO) ARP
53746,CPS0019,CONSUMO DE LAMINADO
53746,45856,LAMINADO 330MM PAPEL SEMIBRILLO 6770 80 GR AP 904 RI
53747,CPS0019,CONSUMO DE LAMINADO
53747,45997,LAMINADO 160MM PAPEL SEMIBRILLO L80-PH-G62S (EXACTO) ARP
53750,CPS0019,CONSUMO DE LAMINADO
53750,46452,LAMINADO 300MM PAPEL SEMIBRILLO 6770 80 GR AP 904 RI
53751,CPS0019,CONSUMO DE LAMINADO
53751,44928,LAMINADO 300MM PAPEL SEMIBRILLO L80-PH-G62S Exacto ARP
53752,CPS0019,CONSUMO DE LAMINADO
53752,44533,LAMINADO 320MM PPDL54P4 OPTIMA MATE AF1000 G60 ARC
53753,43453,LAMINADO 160MM PAPEL TRANSFER TT64/PH
53753,CPS0019,CONSUMO DE LAMINADO
53754,45585,LAMINADO 330MM BOPP  METALIZADO PLATA BRILLANTE RI 717/50
53754,CPS0019,CONSUMO DE LAMINADO
53755,CPS0019,CONSUMO DE LAMINADO
53755,46036,LAMINADO 110MM PAPEL SEMIBRILLO L80-PH-G62S (EXACTO) ARP
53756,CPS0019,CONSUMO DE LAMINADO
53756,46036,LAMINADO 110MM PAPEL SEMIBRILLO L80-PH-G62S (EXACTO) ARP
53757,CPS0019,CONSUMO DE LAMINADO
53757,46036,LAMINADO 110MM PAPEL SEMIBRILLO L80-PH-G62S (EXACTO) ARP
53758,CPS0019,CONSUMO DE LAMINADO
53758,46036,LAMINADO 110MM PAPEL SEMIBRILLO L80-PH-G62S (EXACTO) ARP
53759,CPS0019,CONSUMO DE LAMINADO
53759,46036,LAMINADO 110MM PAPEL SEMIBRILLO L80-PH-G62S (EXACTO) ARP
53760,CPS0019,CONSUMO DE LAMINADO
53760,46036,LAMINADO 110MM PAPEL SEMIBRILLO L80-PH-G62S (EXACTO) ARP
53761,CPS0019,CONSUMO DE LAMINADO
53761,46036,LAMINADO 110MM PAPEL SEMIBRILLO L80-PH-G62S (EXACTO) ARP
53762,CPS0019,CONSUMO DE LAMINADO
53762,46036,LAMINADO 110MM PAPEL SEMIBRILLO L80-PH-G62S (EXACTO) ARP
53764,CPS0019,CONSUMO DE LAMINADO
53764,58293,LAMINADO 230MM PP BCO MATE PPDL54-FH G60 ARP
53765,40500,LAMINADO 160MM BOPP  BLACO. 60 UTC RI 707/BL 8065 EXACTO
53765,CPS0019,CONSUMO DE LAMINADO
53766,40500,LAMINADO 160MM BOPP  BLACO. 60 UTC RI 707/BL 8065 EXACTO
53766,CPS0019,CONSUMO DE LAMINADO
53767,CPS0019,CONSUMO DE LAMINADO
53767,58293,LAMINADO 230MM PP BCO MATE PPDL54-FH G60 ARP
53768,CPS0019,CONSUMO DE LAMINADO
53768,58293,LAMINADO 230MM PP BCO MATE PPDL54-FH G60 ARP
53769,CPS0019,CONSUMO DE LAMINADO
53769,58293,LAMINADO 230MM PP BCO MATE PPDL54-FH G60 ARP
53770,40500,LAMINADO 160MM BOPP  BLACO. 60 UTC RI 707/BL 8065 EXACTO
53770,CPS0019,CONSUMO DE LAMINADO
53771,40500,LAMINADO 160MM BOPP  BLACO. 60 UTC RI 707/BL 8065 EXACTO
53771,CPS0019,CONSUMO DE LAMINADO
53772,CPS0019,CONSUMO DE LAMINADO
53772,44928,LAMINADO 300MM PAPEL SEMIBRILLO L80-PH-G62S Exacto ARP
53773,CPS0019,CONSUMO DE LAMINADO
53773,53075,LAMINADO 158 WINEGLASS (AUTOMATICO) PT235 ECO
53776,CPS0019,CONSUMO DE LAMINADO
53776,44928,LAMINADO 300MM PAPEL SEMIBRILLO L80-PH-G62S Exacto ARP
53777,CPS0019,CONSUMO DE LAMINADO
53777,52915,LAMINADO 333MM PP TRANSP. RP37 SY105C UPM RAFLATAC
53778,CPS0019,CONSUMO DE LAMINADO
53778,52756,LAMINADO 330MM PAPEL SEMIBRILLO 80G-RP48AT-68G UPM
53779,CPS0019,CONSUMO DE LAMINADO
53779,52756,LAMINADO 330MM PAPEL SEMIBRILLO 80G-RP48AT-68G UPM
53780,CPS0019,CONSUMO DE LAMINADO
53780,52756,LAMINADO 330MM PAPEL SEMIBRILLO 80G-RP48AT-68G UPM
53781,CPS0019,CONSUMO DE LAMINADO
53781,51556,LAMINADO FILM PETG 300 MM 45 MIC
53782,CPS0019,CONSUMO DE LAMINADO
53782,51556,LAMINADO FILM PETG 300 MM 45 MIC
53783,CPS0019,CONSUMO DE LAMINADO
53783,51556,LAMINADO FILM PETG 300 MM 45 MIC
53784,CPS0019,CONSUMO DE LAMINADO
53784,51557,LAMINADO FILM PETG 280 MM 45 MIC
53785,CPS0019,CONSUMO DE LAMINADO
53785,50359,LAMINADO FILM PETG 240 MM 45 MIC
53786,CPS0019,CONSUMO DE LAMINADO
53786,50359,LAMINADO FILM PETG 240 MM 45 MIC
53788,CPS0019,CONSUMO DE LAMINADO
53788,51557,LAMINADO FILM PETG 280 MM 45 MIC
53789,CPS0019,CONSUMO DE LAMINADO
53789,51557,LAMINADO FILM PETG 280 MM 45 MIC
53790,CPS0019,CONSUMO DE LAMINADO
53790,51557,LAMINADO FILM PETG 280 MM 45 MIC
53791,CPS0019,CONSUMO DE LAMINADO
53791,51557,LAMINADO FILM PETG 280 MM 45 MIC
53792,CPS0019,CONSUMO DE LAMINADO
53792,51557,LAMINADO FILM PETG 280 MM 45 MIC
53793,46036,LAMINADO 110MM PAPEL SEMIBRILLO L80-PH-G62S (EXACTO) ARP
53793,CPS0019,CONSUMO DE LAMINADO
53794,CPS0019,CONSUMO DE LAMINADO
53794,58293,LAMINADO 230MM PP BCO MATE PPDL54-FH G60 ARP
53795,40500,LAMINADO 160MM BOPP  BLACO. 60 UTC RI 707/BL 8065 EXACTO
53795,CPS0019,CONSUMO DE LAMINADO
53796,CPS0019,CONSUMO DE LAMINADO
53796,53075,LAMINADO 158 WINEGLASS (AUTOMATICO) PT235 ECO
53805,45997,LAMINADO 160MM PAPEL SEMIBRILLO L80-PH-G62S (EXACTO) ARP
53805,CPS0019,CONSUMO DE LAMINADO
53807,CPS0019,CONSUMO DE LAMINADO
53807,46148,LAMINADO 330MM PPBB60-P1-G62S
53808,46148,LAMINADO 330MM PPBB60-P1-G62S
53808,CPS0019,CONSUMO DE LAMINADO
53809,CPS0019,CONSUMO DE LAMINADO
53809,46148,LAMINADO 330MM PPBB60-P1-G62S
53810,46148,LAMINADO 330MM PPBB60-P1-G62S
53810,CPS0019,CONSUMO DE LAMINADO
53811,CPS0019,CONSUMO DE LAMINADO
53811,46148,LAMINADO 330MM PPBB60-P1-G62S
53812,CPS0019,CONSUMO DE LAMINADO
53812,46148,LAMINADO 330MM PPBB60-P1-G62S
53813,CPS0019,CONSUMO DE LAMINADO
53813,46148,LAMINADO 330MM PPBB60-P1-G62S
53814,CPS0019,CONSUMO DE LAMINADO
53814,46148,LAMINADO 330MM PPBB60-P1-G62S
53815,46148,LAMINADO 330MM PPBB60-P1-G62S
53815,CPS0019,CONSUMO DE LAMINADO
53816,CPS0019,CONSUMO DE LAMINADO
53816,46148,LAMINADO 330MM PPBB60-P1-G62S
53817,CPS0019,CONSUMO DE LAMINADO
53817,46148,LAMINADO 330MM PPBB60-P1-G62S
53818,CPS0019,CONSUMO DE LAMINADO
53818,46148,LAMINADO 330MM PPBB60-P1-G62S
53819,CPS0019,CONSUMO DE LAMINADO
53819,46148,LAMINADO 330MM PPBB60-P1-G62S
53820,CPS0019,CONSUMO DE LAMINADO
53820,46148,LAMINADO 330MM PPBB60-P1-G62S
53821,CPS0019,CONSUMO DE LAMINADO
53821,46148,LAMINADO 330MM PPBB60-P1-G62S
53822,44927,LAMINADO 330MM PAPEL SEMIBRILLO L80-PH-G62S ( EXACTO) ARP
53822,CPS0019,CONSUMO DE LAMINADO
53823,40500,LAMINADO 160MM BOPP  BLACO. 60 UTC RI 707/BL 8065 EXACTO
53823,CPS0019,CONSUMO DE LAMINADO
53824,CPS0019,CONSUMO DE LAMINADO
53824,44980,LAMINADO 160MM PPDL54P4 OPTIMA MATE AF1000 G60 ARC
53825,CPS0019,CONSUMO DE LAMINADO
53825,58682,LAMINADO 160MM PP BCO 60 UTC 2102  707/BL 8065 PERU RI
53826,40500,LAMINADO 160MM BOPP  BLACO. 60 UTC RI 707/BL 8065 EXACTO
53826,CPS0019,CONSUMO DE LAMINADO
53827,40500,LAMINADO 160MM BOPP  BLACO. 60 UTC RI 707/BL 8065 EXACTO
53827,CPS0019,CONSUMO DE LAMINADO
53829,CPS0019,CONSUMO DE LAMINADO
53829,46036,LAMINADO 110MM PAPEL SEMIBRILLO L80-PH-G62S (EXACTO) ARP
53830,CPS0019,CONSUMO DE LAMINADO
53830,46452,LAMINADO 300MM PAPEL SEMIBRILLO 6770 80 GR AP 904 RI
53831,CPS0019,CONSUMO DE LAMINADO
53831,53075,LAMINADO 158 WINEGLASS (AUTOMATICO) PT235 ECO
53832,44980,LAMINADO 160MM PPDL54P4 OPTIMA MATE AF1000 G60 ARC
53832,CPS0019,CONSUMO DE LAMINADO
53833,43389,LAMINADO 75MM SEGURIDAD ARSEAL AZUL
53833,CPS0019,CONSUMO DE LAMINADO
53834,CPS0019,CONSUMO DE LAMINADO
53834,50359,LAMINADO FILM PETG 240 MM 45 MIC
53835,CPS0019,CONSUMO DE LAMINADO
53835,44927,LAMINADO 330MM PAPEL SEMIBRILLO L80-PH-G62S ( EXACTO) ARP
53836,CPS0019,CONSUMO DE LAMINADO
53836,52694,LAMINADO 110 MM BOPP BLANCO BRILLANTE F1180 60 UTC -ACR- GL 60
53837,CPS0019,CONSUMO DE LAMINADO
53837,52694,LAMINADO 110 MM BOPP BLANCO BRILLANTE F1180 60 UTC -ACR- GL 60
53838,CPS0019,CONSUMO DE LAMINADO
53838,52694,LAMINADO 110 MM BOPP BLANCO BRILLANTE F1180 60 UTC -ACR- GL 60
53839,CPS0019,CONSUMO DE LAMINADO
53839,52694,LAMINADO 110 MM BOPP BLANCO BRILLANTE F1180 60 UTC -ACR- GL 60
53840,CPS0019,CONSUMO DE LAMINADO
53840,52694,LAMINADO 110 MM BOPP BLANCO BRILLANTE F1180 60 UTC -ACR- GL 60
53841,CPS0019,CONSUMO DE LAMINADO
53841,51557,LAMINADO FILM PETG 280 MM 45 MIC
53842,46036,LAMINADO 110MM PAPEL SEMIBRILLO L80-PH-G62S (EXACTO) ARP
53842,CPS0019,CONSUMO DE LAMINADO
53845,44544,LAMINADO 200MM PPDL54P4 OPTIMA MATE AF1000 G60 ARC
53845,CPS0019,CONSUMO DE LAMINADO
53846,44544,LAMINADO 200MM PPDL54P4 OPTIMA MATE AF1000 G60 ARC
53846,CPS0019,CONSUMO DE LAMINADO
53847,CPS0019,CONSUMO DE LAMINADO
53847,44927,LAMINADO 330MM PAPEL SEMIBRILLO L80-PH-G62S ( EXACTO) ARP
53848,44544,LAMINADO 200MM PPDL54P4 OPTIMA MATE AF1000 G60 ARC
53848,CPS0019,CONSUMO DE LAMINADO
53849,CPS0019,CONSUMO DE LAMINADO
53849,44544,LAMINADO 200MM PPDL54P4 OPTIMA MATE AF1000 G60 ARC
53850,44544,LAMINADO 200MM PPDL54P4 OPTIMA MATE AF1000 G60 ARC
53850,CPS0019,CONSUMO DE LAMINADO
53851,CPS0019,CONSUMO DE LAMINADO
53851,44544,LAMINADO 200MM PPDL54P4 OPTIMA MATE AF1000 G60 ARC
53852,44544,LAMINADO 200MM PPDL54P4 OPTIMA MATE AF1000 G60 ARC
53852,CPS0019,CONSUMO DE LAMINADO
53853,44544,LAMINADO 200MM PPDL54P4 OPTIMA MATE AF1000 G60 ARC
53853,CPS0019,CONSUMO DE LAMINADO
53854,CPS0019,CONSUMO DE LAMINADO
53854,44544,LAMINADO 200MM PPDL54P4 OPTIMA MATE AF1000 G60 ARC
53855,44544,LAMINADO 200MM PPDL54P4 OPTIMA MATE AF1000 G60 ARC
53855,CPS0019,CONSUMO DE LAMINADO
53856,44544,LAMINADO 200MM PPDL54P4 OPTIMA MATE AF1000 G60 ARC
53856,CPS0019,CONSUMO DE LAMINADO
53857,CPS0019,CONSUMO DE LAMINADO
53857,44544,LAMINADO 200MM PPDL54P4 OPTIMA MATE AF1000 G60 ARC
53858,44544,LAMINADO 200MM PPDL54P4 OPTIMA MATE AF1000 G60 ARC
53858,CPS0019,CONSUMO DE LAMINADO
53859,CPS0019,CONSUMO DE LAMINADO
53859,44544,LAMINADO 200MM PPDL54P4 OPTIMA MATE AF1000 G60 ARC
53860,44544,LAMINADO 200MM PPDL54P4 OPTIMA MATE AF1000 G60 ARC
53860,CPS0019,CONSUMO DE LAMINADO
53861,44544,LAMINADO 200MM PPDL54P4 OPTIMA MATE AF1000 G60 ARC
53861,CPS0019,CONSUMO DE LAMINADO
53862,CPS0019,CONSUMO DE LAMINADO
53862,44544,LAMINADO 200MM PPDL54P4 OPTIMA MATE AF1000 G60 ARC
53863,CPS0019,CONSUMO DE LAMINADO
53863,44927,LAMINADO 330MM PAPEL SEMIBRILLO L80-PH-G62S ( EXACTO) ARP
53864,CPS0019,CONSUMO DE LAMINADO
53864,53882,LAMINADO 320 MM PPDL54P1 OPTIMA MATE G60 ARC
53865,CPS0019,CONSUMO DE LAMINADO
53865,53366,LAMINADO 300MM PAPEL SEMIBRILLO 80 GR AP 904 PET30 6611 RI
53867,40500,LAMINADO 160MM BOPP  BLACO. 60 UTC RI 707/BL 8065 EXACTO
53867,42718,LAMINADO FOLIA ORO COLDFOIL 160MM
53867,CPS0019,CONSUMO DE LAMINADO
53869,40500,LAMINADO 160MM BOPP  BLACO. 60 UTC RI 707/BL 8065 EXACTO
53869,CPS0019,CONSUMO DE LAMINADO
53870,CPS0019,CONSUMO DE LAMINADO
53870,53511,LAMINADO 330 MM PPDL54P1 OPTIMA MATE G60 ARC
53870,46148,LAMINADO 330MM PPBB60-P1-G62S
53871,CPS0019,CONSUMO DE LAMINADO
53871,53511,LAMINADO 330 MM PPDL54P1 OPTIMA MATE G60 ARC
53871,46148,LAMINADO 330MM PPBB60-P1-G62S
53872,46148,LAMINADO 330MM PPBB60-P1-G62S
53872,CPS0019,CONSUMO DE LAMINADO
53872,53511,LAMINADO 330 MM PPDL54P1 OPTIMA MATE G60 ARC
53873,CPS0019,CONSUMO DE LAMINADO
53873,53511,LAMINADO 330 MM PPDL54P1 OPTIMA MATE G60 ARC
53873,46148,LAMINADO 330MM PPBB60-P1-G62S
53874,CPS0019,CONSUMO DE LAMINADO
53874,53511,LAMINADO 330 MM PPDL54P1 OPTIMA MATE G60 ARC
53874,46148,LAMINADO 330MM PPBB60-P1-G62S
53875,CPS0019,CONSUMO DE LAMINADO
53875,46148,LAMINADO 330MM PPBB60-P1-G62S
53875,53511,LAMINADO 330 MM PPDL54P1 OPTIMA MATE G60 ARC
53876,CPS0019,CONSUMO DE LAMINADO
53876,53511,LAMINADO 330 MM PPDL54P1 OPTIMA MATE G60 ARC
53878,CPS0019,CONSUMO DE LAMINADO
53878,52915,LAMINADO 333MM PP TRANSP. RP37 SY105C UPM RAFLATAC
53883,44927,LAMINADO 330MM PAPEL SEMIBRILLO L80-PH-G62S ( EXACTO) ARP
53883,CPS0019,CONSUMO DE LAMINADO
53884,44928,LAMINADO 300MM PAPEL SEMIBRILLO L80-PH-G62S Exacto ARP
53884,CPS0019,CONSUMO DE LAMINADO
53885,44927,LAMINADO 330MM PAPEL SEMIBRILLO L80-PH-G62S ( EXACTO) ARP
53885,CPS0019,CONSUMO DE LAMINADO
53886,42817,LAMINADO 300MM BOPP BCO. BRILLANTE 60 TC (08065)
53886,CPS0019,CONSUMO DE LAMINADO
53887,40500,LAMINADO 160MM BOPP  BLACO. 60 UTC RI 707/BL 8065 EXACTO
53887,CPS0019,CONSUMO DE LAMINADO
53888,40500,LAMINADO 160MM BOPP  BLACO. 60 UTC RI 707/BL 8065 EXACTO
53888,CPS0019,CONSUMO DE LAMINADO
53889,CPS0019,CONSUMO DE LAMINADO
53889,50359,LAMINADO FILM PETG 240 MM 45 MIC
53891,CPS0019,CONSUMO DE LAMINADO
53891,50359,LAMINADO FILM PETG 240 MM 45 MIC
53892,CPS0019,CONSUMO DE LAMINADO
53892,50360,LAMINADO FILM PETG 300 MM 45 MIC
53893,CPS0019,CONSUMO DE LAMINADO
53893,44928,LAMINADO 300MM PAPEL SEMIBRILLO L80-PH-G62S Exacto ARP
53895,CPS0019,CONSUMO DE LAMINADO
53895,52756,LAMINADO 330MM PAPEL SEMIBRILLO 80G-RP48AT-68G UPM
53896,CPS0019,CONSUMO DE LAMINADO
53896,50753,LAMINADO 330MM PPDL54P4 OPTIMA MATE 2 G60 MIC
53897,CPS0019,CONSUMO DE LAMINADO
53897,52756,LAMINADO 330MM PAPEL SEMIBRILLO 80G-RP48AT-68G UPM
53898,CPS0019,CONSUMO DE LAMINADO
53898,52756,LAMINADO 330MM PAPEL SEMIBRILLO 80G-RP48AT-68G UPM
53899,CPS0019,CONSUMO DE LAMINADO
53899,44927,LAMINADO 330MM PAPEL SEMIBRILLO L80-PH-G62S ( EXACTO) ARP
53900,CPS0019,CONSUMO DE LAMINADO
53900,50359,LAMINADO FILM PETG 240 MM 45 MIC
53901,CPS0019,CONSUMO DE LAMINADO
53901,50359,LAMINADO FILM PETG 240 MM 45 MIC
53902,CPS0019,CONSUMO DE LAMINADO
53902,50359,LAMINADO FILM PETG 240 MM 45 MIC
53903,50359,LAMINADO FILM PETG 240 MM 45 MIC
53903,CPS0019,CONSUMO DE LAMINADO
53904,CPS0019,CONSUMO DE LAMINADO
53904,50359,LAMINADO FILM PETG 240 MM 45 MIC
53905,CPS0019,CONSUMO DE LAMINADO
53905,50359,LAMINADO FILM PETG 240 MM 45 MIC
53906,CPS0019,CONSUMO DE LAMINADO
53906,50359,LAMINADO FILM PETG 240 MM 45 MIC
53907,CPS0019,CONSUMO DE LAMINADO
53907,50359,LAMINADO FILM PETG 240 MM 45 MIC
53908,CPS0019,CONSUMO DE LAMINADO
53908,50359,LAMINADO FILM PETG 240 MM 45 MIC
53909,CPS0019,CONSUMO DE LAMINADO
53909,50359,LAMINADO FILM PETG 240 MM 45 MIC
53912,CPS0019,CONSUMO DE LAMINADO
53912,50359,LAMINADO FILM PETG 240 MM 45 MIC
53913,CPS0019,CONSUMO DE LAMINADO
53913,50359,LAMINADO FILM PETG 240 MM 45 MIC
53918,CPS0019,CONSUMO DE LAMINADO
53918,54314,LAMINADO 167 WINEGLASS (MANUAL) 10939 RI
53919,40500,LAMINADO 160MM BOPP  BLACO. 60 UTC RI 707/BL 8065 EXACTO
53919,CPS0019,CONSUMO DE LAMINADO
53920,CPS0019,CONSUMO DE LAMINADO
53920,45744,LAMINADO 300MM PP TRANSP. PPT50P-P1-G62S ARC
53921,CPS0019,CONSUMO DE LAMINADO
53921,52915,LAMINADO 333MM PP TRANSP. RP37 SY105C UPM RAFLATAC
53922,CPS0019,CONSUMO DE LAMINADO
53922,45744,LAMINADO 300MM PP TRANSP. PPT50P-P1-G62S ARC
53923,44927,LAMINADO 330MM PAPEL SEMIBRILLO L80-PH-G62S ( EXACTO) ARP
53923,CPS0019,CONSUMO DE LAMINADO
53925,CPS0019,CONSUMO DE LAMINADO
53925,50359,LAMINADO FILM PETG 240 MM 45 MIC
53928,CPS0019,CONSUMO DE LAMINADO
53928,50359,LAMINADO FILM PETG 240 MM 45 MIC
53929,CPS0019,CONSUMO DE LAMINADO
53929,50359,LAMINADO FILM PETG 240 MM 45 MIC
53930,CPS0019,CONSUMO DE LAMINADO
53930,50359,LAMINADO FILM PETG 240 MM 45 MIC
53931,CPS0019,CONSUMO DE LAMINADO
53931,46148,LAMINADO 330MM PPBB60-P1-G62S
53932,CPS0019,CONSUMO DE LAMINADO
53932,46148,LAMINADO 330MM PPBB60-P1-G62S
53933,CPS0019,CONSUMO DE LAMINADO
53933,46148,LAMINADO 330MM PPBB60-P1-G62S
53934,CPS0019,CONSUMO DE LAMINADO
53934,46148,LAMINADO 330MM PPBB60-P1-G62S
53935,CPS0019,CONSUMO DE LAMINADO
53935,46148,LAMINADO 330MM PPBB60-P1-G62S
53936,46148,LAMINADO 330MM PPBB60-P1-G62S
53936,CPS0019,CONSUMO DE LAMINADO
53937,CPS0019,CONSUMO DE LAMINADO
53937,46148,LAMINADO 330MM PPBB60-P1-G62S
53938,CPS0019,CONSUMO DE LAMINADO
53938,52689,LAMINADO 330MM TERMICO PROTEGIDO S2670 TC 75 GR-FR-GL 60
53939,42817,LAMINADO 300MM BOPP BCO. BRILLANTE 60 TC (08065)
53939,CPS0019,CONSUMO DE LAMINADO
53940,42817,LAMINADO 300MM BOPP BCO. BRILLANTE 60 TC (08065)
53940,CPS0019,CONSUMO DE LAMINADO
53941,42817,LAMINADO 300MM BOPP BCO. BRILLANTE 60 TC (08065)
53941,CPS0019,CONSUMO DE LAMINADO
53942,42817,LAMINADO 300MM BOPP BCO. BRILLANTE 60 TC (08065)
53942,CPS0019,CONSUMO DE LAMINADO
53943,42817,LAMINADO 300MM BOPP BCO. BRILLANTE 60 TC (08065)
53943,CPS0019,CONSUMO DE LAMINADO
53944,42817,LAMINADO 300MM BOPP BCO. BRILLANTE 60 TC (08065)
53944,CPS0019,CONSUMO DE LAMINADO
53945,42817,LAMINADO 300MM BOPP BCO. BRILLANTE 60 TC (08065)
53945,CPS0019,CONSUMO DE LAMINADO
53946,42817,LAMINADO 300MM BOPP BCO. BRILLANTE 60 TC (08065)
53946,CPS0019,CONSUMO DE LAMINADO
53947,42817,LAMINADO 300MM BOPP BCO. BRILLANTE 60 TC (08065)
53947,CPS0019,CONSUMO DE LAMINADO
53948,42817,LAMINADO 300MM BOPP BCO. BRILLANTE 60 TC (08065)
53948,CPS0019,CONSUMO DE LAMINADO
53949,42817,LAMINADO 300MM BOPP BCO. BRILLANTE 60 TC (08065)
53949,CPS0019,CONSUMO DE LAMINADO
53950,42817,LAMINADO 300MM BOPP BCO. BRILLANTE 60 TC (08065)
53950,CPS0019,CONSUMO DE LAMINADO
53951,42817,LAMINADO 300MM BOPP BCO. BRILLANTE 60 TC (08065)
53951,CPS0019,CONSUMO DE LAMINADO
53952,42817,LAMINADO 300MM BOPP BCO. BRILLANTE 60 TC (08065)
53952,CPS0019,CONSUMO DE LAMINADO
53953,CPS0019,CONSUMO DE LAMINADO
53953,46148,LAMINADO 330MM PPBB60-P1-G62S
53956,44980,LAMINADO 160MM PPDL54P4 OPTIMA MATE AF1000 G60 ARC
53956,CPS0019,CONSUMO DE LAMINADO
53959,40500,LAMINADO 160MM BOPP  BLACO. 60 UTC RI 707/BL 8065 EXACTO
53959,CPS0019,CONSUMO DE LAMINADO
53960,40500,LAMINADO 160MM BOPP  BLACO. 60 UTC RI 707/BL 8065 EXACTO
53960,CPS0019,CONSUMO DE LAMINADO
53961,CPS0019,CONSUMO DE LAMINADO
53961,46145,LAMINADO 110MM PPBB60-P1-G62S
53962,46145,LAMINADO 110MM PPBB60-P1-G62S
53962,CPS0019,CONSUMO DE LAMINADO
53969,CPS0019,CONSUMO DE LAMINADO
53969,46148,LAMINADO 330MM PPBB60-P1-G62S
53971,CPS0019,CONSUMO DE LAMINADO
53971,46145,LAMINADO 110MM PPBB60-P1-G62S
53972,CPS0019,CONSUMO DE LAMINADO
53972,51558,LAMINADO FILM PETG 360 MM 45 MIC
53973,CPS0019,CONSUMO DE LAMINADO
53973,46148,LAMINADO 330MM PPBB60-P1-G62S
53974,CPS0019,CONSUMO DE LAMINADO
53974,46148,LAMINADO 330MM PPBB60-P1-G62S
53975,CPS0019,CONSUMO DE LAMINADO
53975,46148,LAMINADO 330MM PPBB60-P1-G62S
53979,40500,LAMINADO 160MM BOPP  BLACO. 60 UTC RI 707/BL 8065 EXACTO
53979,CPS0019,CONSUMO DE LAMINADO
53980,40500,LAMINADO 160MM BOPP  BLACO. 60 UTC RI 707/BL 8065 EXACTO
53980,CPS0019,CONSUMO DE LAMINADO
53981,CPS0019,CONSUMO DE LAMINADO
53981,52756,LAMINADO 330MM PAPEL SEMIBRILLO 80G-RP48AT-68G UPM
53982,CPS0019,CONSUMO DE LAMINADO
53982,52756,LAMINADO 330MM PAPEL SEMIBRILLO 80G-RP48AT-68G UPM
53983,CPS0019,CONSUMO DE LAMINADO
53983,52756,LAMINADO 330MM PAPEL SEMIBRILLO 80G-RP48AT-68G UPM
53984,CPS0019,CONSUMO DE LAMINADO
53984,45856,LAMINADO 330MM PAPEL SEMIBRILLO 6770 80 GR AP 904 RI
53984,46187,LAMINADO FOLIA ORO COLDFOIL 320MM DGCF-613-OP
53989,CPS0019,CONSUMO DE LAMINADO
53989,54071,LAMINADO FILM PETG 240 MM TERMOCONTRAIBLE 40 MIC (QUIMATIC S.A.)
53990,CPS0019,CONSUMO DE LAMINADO
53990,54071,LAMINADO FILM PETG 240 MM TERMOCONTRAIBLE 40 MIC (QUIMATIC S.A.)
53991,CPS0019,CONSUMO DE LAMINADO
53991,52756,LAMINADO 330MM PAPEL SEMIBRILLO 80G-RP48AT-68G UPM
53992,CPS0019,CONSUMO DE LAMINADO
53992,48724,LAMINADO 250MM BOPP  BLACO. 60 UTC RI 707/BL 8065
53993,44955,LAMINADO 280MM BOPP BLCO. BRITE. RITRAMA (8065)
53993,CPS0019,CONSUMO DE LAMINADO
53994,CPS0019,CONSUMO DE LAMINADO
53994,50359,LAMINADO FILM PETG 240 MM 45 MIC
54006,43695,LAMINADO 333MM PP TRANSP. PPT50P-P1-G62S ARC
54006,CPS0019,CONSUMO DE LAMINADO
54007,43695,LAMINADO 333MM PP TRANSP. PPT50P-P1-G62S ARC
54007,CPS0019,CONSUMO DE LAMINADO
54008,43695,LAMINADO 333MM PP TRANSP. PPT50P-P1-G62S ARC
54008,CPS0019,CONSUMO DE LAMINADO
54009,43695,LAMINADO 333MM PP TRANSP. PPT50P-P1-G62S ARC
54009,CPS0019,CONSUMO DE LAMINADO
54010,43695,LAMINADO 333MM PP TRANSP. PPT50P-P1-G62S ARC
54010,CPS0019,CONSUMO DE LAMINADO
54011,CPS0019,CONSUMO DE LAMINADO
54011,43695,LAMINADO 333MM PP TRANSP. PPT50P-P1-G62S ARC
54014,CPS0019,CONSUMO DE LAMINADO
54014,51557,LAMINADO FILM PETG 280 MM 45 MIC
54015,CPS0019,CONSUMO DE LAMINADO
54015,46036,LAMINADO 110MM PAPEL SEMIBRILLO L80-PH-G62S (EXACTO) ARP
54017,CPS0019,CONSUMO DE LAMINADO
54017,50356,LAMINADO FILM PVC 250 MM 40 MIC
54018,CPS0019,CONSUMO DE LAMINADO
54018,50356,LAMINADO FILM PVC 250 MM 40 MIC
54019,CPS0019,CONSUMO DE LAMINADO
54019,46036,LAMINADO 110MM PAPEL SEMIBRILLO L80-PH-G62S (EXACTO) ARP
54025,CPS0019,CONSUMO DE LAMINADO
54025,50359,LAMINADO FILM PETG 240 MM 45 MIC
54030,CPS0019,CONSUMO DE LAMINADO
54030,50359,LAMINADO FILM PETG 240 MM 45 MIC
54031,CPS0019,CONSUMO DE LAMINADO
54031,50359,LAMINADO FILM PETG 240 MM 45 MIC
54032,CPS0019,CONSUMO DE LAMINADO
54032,50359,LAMINADO FILM PETG 240 MM 45 MIC
54033,CPS0019,CONSUMO DE LAMINADO
54033,50359,LAMINADO FILM PETG 240 MM 45 MIC
54034,CPS0019,CONSUMO DE LAMINADO
54034,50359,LAMINADO FILM PETG 240 MM 45 MIC
54035,CPS0019,CONSUMO DE LAMINADO
54035,46036,LAMINADO 110MM PAPEL SEMIBRILLO L80-PH-G62S (EXACTO) ARP
54036,CPS0019,CONSUMO DE LAMINADO
54036,50359,LAMINADO FILM PETG 240 MM 45 MIC
54038,40508,LAMINADO 330MM BOPP  BLACO. 60 UTC RI 707/BL 8065 EXACTO
54038,43860,LAMINADO 330MM PP BCO BTE P4 38M G58 ARC
54038,CPS0019,CONSUMO DE LAMINADO
54039,CPS0019,CONSUMO DE LAMINADO
54039,53511,LAMINADO 330 MM PPDL54P1 OPTIMA MATE G60 ARC
54039,46148,LAMINADO 330MM PPBB60-P1-G62S
54042,CPS0019,CONSUMO DE LAMINADO
54042,51558,LAMINADO FILM PETG 360 MM 45 MIC
54043,CPS0019,CONSUMO DE LAMINADO
54043,51558,LAMINADO FILM PETG 360 MM 45 MIC
54044,CPS0019,CONSUMO DE LAMINADO
54044,51558,LAMINADO FILM PETG 360 MM 45 MIC
54045,CPS0019,CONSUMO DE LAMINADO
54045,58293,LAMINADO 230MM PP BCO MATE PPDL54-FH G60 ARP
54046,CPS0019,CONSUMO DE LAMINADO
54046,58293,LAMINADO 230MM PP BCO MATE PPDL54-FH G60 ARP
54047,CPS0019,CONSUMO DE LAMINADO
54047,46036,LAMINADO 110MM PAPEL SEMIBRILLO L80-PH-G62S (EXACTO) ARP
54048,CPS0019,CONSUMO DE LAMINADO
54048,46036,LAMINADO 110MM PAPEL SEMIBRILLO L80-PH-G62S (EXACTO) ARP
54049,CPS0019,CONSUMO DE LAMINADO
54049,46036,LAMINADO 110MM PAPEL SEMIBRILLO L80-PH-G62S (EXACTO) ARP
54050,46036,LAMINADO 110MM PAPEL SEMIBRILLO L80-PH-G62S (EXACTO) ARP
54050,CPS0019,CONSUMO DE LAMINADO
54051,CPS0019,CONSUMO DE LAMINADO
54051,46036,LAMINADO 110MM PAPEL SEMIBRILLO L80-PH-G62S (EXACTO) ARP
54052,CPS0019,CONSUMO DE LAMINADO
54052,46036,LAMINADO 110MM PAPEL SEMIBRILLO L80-PH-G62S (EXACTO) ARP
54053,CPS0019,CONSUMO DE LAMINADO
54053,46036,LAMINADO 110MM PAPEL SEMIBRILLO L80-PH-G62S (EXACTO) ARP
54054,46036,LAMINADO 110MM PAPEL SEMIBRILLO L80-PH-G62S (EXACTO) ARP
54054,CPS0019,CONSUMO DE LAMINADO
54055,CPS0019,CONSUMO DE LAMINADO
54055,46036,LAMINADO 110MM PAPEL SEMIBRILLO L80-PH-G62S (EXACTO) ARP
54056,CPS0019,CONSUMO DE LAMINADO
54056,46036,LAMINADO 110MM PAPEL SEMIBRILLO L80-PH-G62S (EXACTO) ARP
54057,CPS0019,CONSUMO DE LAMINADO
54057,46036,LAMINADO 110MM PAPEL SEMIBRILLO L80-PH-G62S (EXACTO) ARP
54058,CPS0019,CONSUMO DE LAMINADO
54058,57553,LAMINADO 110MM PAPEL SEMIBRILLO L80-PH-G60 ARP
54059,CPS0019,CONSUMO DE LAMINADO
54059,46036,LAMINADO 110MM PAPEL SEMIBRILLO L80-PH-G62S (EXACTO) ARP
54060,46036,LAMINADO 110MM PAPEL SEMIBRILLO L80-PH-G62S (EXACTO) ARP
54060,CPS0019,CONSUMO DE LAMINADO
54061,46036,LAMINADO 110MM PAPEL SEMIBRILLO L80-PH-G62S (EXACTO) ARP
54061,CPS0019,CONSUMO DE LAMINADO
54062,CPS0019,CONSUMO DE LAMINADO
54062,46036,LAMINADO 110MM PAPEL SEMIBRILLO L80-PH-G62S (EXACTO) ARP
54063,CPS0019,CONSUMO DE LAMINADO
54063,54080,LAMINADO 200MM PP METALIZADO PLATA BRILLANTE RP37 UPM
54064,CPS0019,CONSUMO DE LAMINADO
54064,54082,LAMINADO 300MM BOPP  METALIZADO PLATA BRILLANTE RP37UPM
54065,CPS0019,CONSUMO DE LAMINADO
54065,54080,LAMINADO 200MM PP METALIZADO PLATA BRILLANTE RP37 UPM
54066,CPS0019,CONSUMO DE LAMINADO
54066,54082,LAMINADO 300MM BOPP  METALIZADO PLATA BRILLANTE RP37UPM
54067,CPS0019,CONSUMO DE LAMINADO
54067,54082,LAMINADO 300MM BOPP  METALIZADO PLATA BRILLANTE RP37UPM
54068,CPS0019,CONSUMO DE LAMINADO
54068,54081,LAMINADO 250MM BOPP  METALIZADO PLATA BRILLANTE RP37UPM
54069,CPS0019,CONSUMO DE LAMINADO
54069,54081,LAMINADO 250MM BOPP  METALIZADO PLATA BRILLANTE RP37UPM
54070,CPS0019,CONSUMO DE LAMINADO
54070,54082,LAMINADO 300MM BOPP  METALIZADO PLATA BRILLANTE RP37UPM
54077,CPS0019,CONSUMO DE LAMINADO
54077,54082,LAMINADO 300MM BOPP  METALIZADO PLATA BRILLANTE RP37UPM
54078,CPS0019,CONSUMO DE LAMINADO
54078,46036,LAMINADO 110MM PAPEL SEMIBRILLO L80-PH-G62S (EXACTO) ARP
54091,42817,LAMINADO 300MM BOPP BCO. BRILLANTE 60 TC (08065)
54091,CPS0019,CONSUMO DE LAMINADO
54092,CPS0019,CONSUMO DE LAMINADO
54092,50452,LAMINADO 330MM BOPP PERLADO( 03239 ) RI 757/PR PET 30 AP901
54092,46219,LAMINADO CINTA P/LAMINAR PP TRANSP. 320MM AA-LABR-LA-SL-BPT-QSW DIP
54093,46036,LAMINADO 110MM PAPEL SEMIBRILLO L80-PH-G62S (EXACTO) ARP
54093,CPS0019,CONSUMO DE LAMINADO
54094,43695,LAMINADO 333MM PP TRANSP. PPT50P-P1-G62S ARC
54094,CPS0019,CONSUMO DE LAMINADO
54097,CPS0019,CONSUMO DE LAMINADO
54097,53894,LAMINADO 300MM PP TRANSP. RP37 SY105C UPM RAFLATAC
54100,CPS0019,CONSUMO DE LAMINADO
54100,50360,LAMINADO FILM PETG 300 MM 45 MIC
54101,40500,LAMINADO 160MM BOPP  BLACO. 60 UTC RI 707/BL 8065 EXACTO
54101,CPS0019,CONSUMO DE LAMINADO
54102,CPS0019,CONSUMO DE LAMINADO
54102,52753,LAMINADO 110MM PAPEL SEMIBRILLO 80G-RP48AT-68G UPM
54103,CPS0019,CONSUMO DE LAMINADO
54103,48801,LAMINADO 333MM PAPEL BLANCO SB REMOVIBLE 80G/R3/SK60
54106,CPS0019,CONSUMO DE LAMINADO
54106,57844,LAMINADO 330MM PAPEL SEMIBRILLO L80 -P - G60 AR
54107,CPS0019,CONSUMO DE LAMINADO
54107,50356,LAMINADO FILM PVC 250 MM 40 MIC
54108,40500,LAMINADO 160MM BOPP  BLACO. 60 UTC RI 707/BL 8065 EXACTO
54108,CPS0019,CONSUMO DE LAMINADO
54109,CPS0019,CONSUMO DE LAMINADO
54109,45051,LAMINADO 330MM PAPEL TRANSFER TT64/PH
54110,40500,LAMINADO 160MM BOPP  BLACO. 60 UTC RI 707/BL 8065 EXACTO
54110,CPS0019,CONSUMO DE LAMINADO
54114,53926,LAMINADO 330MM PAPEL COUCHE BLANCO MATE 90 GRS DIPISA
54114,49712,LAMINADO 340MM GLASSINE 60G SILICONADO
54115,CPS0019,CONSUMO DE LAMINADO
54115,50359,LAMINADO FILM PETG 240 MM 45 MIC
54116,40500,LAMINADO 160MM BOPP  BLACO. 60 UTC RI 707/BL 8065 EXACTO
54116,CPS0019,CONSUMO DE LAMINADO
54117,CPS0019,CONSUMO DE LAMINADO
54117,52753,LAMINADO 110MM PAPEL SEMIBRILLO 80G-RP48AT-68G UPM
54118,CPS0019,CONSUMO DE LAMINADO
54118,54071,LAMINADO FILM PETG 240 MM TERMOCONTRAIBLE 40 MIC (QUIMATIC S.A.)
54119,CPS0019,CONSUMO DE LAMINADO
54119,54071,LAMINADO FILM PETG 240 MM TERMOCONTRAIBLE 40 MIC (QUIMATIC S.A.)
54121,CPS0019,CONSUMO DE LAMINADO
54121,50136,LAMINADO CINTA P/LAMINAR  PP TRANSP. 320MM OLPP24-MATE-º1500º
54121,50753,LAMINADO 330MM PPDL54P4 OPTIMA MATE 2 G60 MIC
54122,40500,LAMINADO 160MM BOPP  BLACO. 60 UTC RI 707/BL 8065 EXACTO
54122,CPS0019,CONSUMO DE LAMINADO
54123,CPS0019,CONSUMO DE LAMINADO
54123,45875,LAMINADO 333MM PAPEL TERMICO T70-PH-G62 ARC
54125,CPS0019,CONSUMO DE LAMINADO
54125,53511,LAMINADO 330 MM PPDL54P1 OPTIMA MATE G60 ARC
54125,46148,LAMINADO 330MM PPBB60-P1-G62S
54126,CPS0019,CONSUMO DE LAMINADO
54126,51558,LAMINADO FILM PETG 360 MM 45 MIC
54127,CPS0019,CONSUMO DE LAMINADO
54127,46148,LAMINADO 330MM PPBB60-P1-G62S
54137,CPS0019,CONSUMO DE LAMINADO
54137,48724,LAMINADO 250MM BOPP  BLACO. 60 UTC RI 707/BL 8065
54139,40500,LAMINADO 160MM BOPP  BLACO. 60 UTC RI 707/BL 8065 EXACTO
54139,CPS0019,CONSUMO DE LAMINADO
54140,CPS0019,CONSUMO DE LAMINADO
54140,54353,LAMINADO 330MM PPDL54P4 OPTIMA MATE AF1000 G60 ARC
54142,40500,LAMINADO 160MM BOPP  BLACO. 60 UTC RI 707/BL 8065 EXACTO
54142,CPS0019,CONSUMO DE LAMINADO
54143,40500,LAMINADO 160MM BOPP  BLACO. 60 UTC RI 707/BL 8065 EXACTO
54143,CPS0019,CONSUMO DE LAMINADO
54144,40500,LAMINADO 160MM BOPP  BLACO. 60 UTC RI 707/BL 8065 EXACTO
54144,CPS0019,CONSUMO DE LAMINADO
54145,40500,LAMINADO 160MM BOPP  BLACO. 60 UTC RI 707/BL 8065 EXACTO
54145,CPS0019,CONSUMO DE LAMINADO
54149,CPS0019,CONSUMO DE LAMINADO
54149,46888,LAMINADO 160MM GREEN PAPER 120µ HP 2300/GL62 INNO
54150,CPS0019,CONSUMO DE LAMINADO
54150,44927,LAMINADO 330MM PAPEL SEMIBRILLO L80-PH-G62S ( EXACTO) ARP
54151,44927,LAMINADO 330MM PAPEL SEMIBRILLO L80-PH-G62S ( EXACTO) ARP
54151,CPS0019,CONSUMO DE LAMINADO
54152,CPS0019,CONSUMO DE LAMINADO
54152,46344,LAMINADO 160MM PPBB60-P1-G62S (Samson)
54153,43573,LAMINADO 200MM PPBB60-P1-G62S
54153,CPS0019,CONSUMO DE LAMINADO
54154,43573,LAMINADO 200MM PPBB60-P1-G62S
54154,CPS0019,CONSUMO DE LAMINADO
54157,CPS0019,CONSUMO DE LAMINADO
54157,46344,LAMINADO 160MM PPBB60-P1-G62S (Samson)
54158,CPS0019,CONSUMO DE LAMINADO
54158,709,LAMINADO 110MM PAPEL SEMIBRILLO 6770 80G AP 904 RI
54165,44928,LAMINADO 300MM PAPEL SEMIBRILLO L80-PH-G62S Exacto ARP
54165,CPS0019,CONSUMO DE LAMINADO
54166,CPS0019,CONSUMO DE LAMINADO
54166,50359,LAMINADO FILM PETG 240 MM 45 MIC
54167,CPS0019,CONSUMO DE LAMINADO
54167,45856,LAMINADO 330MM PAPEL SEMIBRILLO 6770 80 GR AP 904 RI
54168,CPS0019,CONSUMO DE LAMINADO
54168,45856,LAMINADO 330MM PAPEL SEMIBRILLO 6770 80 GR AP 904 RI
54169,CPS0019,CONSUMO DE LAMINADO
54169,45856,LAMINADO 330MM PAPEL SEMIBRILLO 6770 80 GR AP 904 RI
54170,CPS0019,CONSUMO DE LAMINADO
54170,45856,LAMINADO 330MM PAPEL SEMIBRILLO 6770 80 GR AP 904 RI
54171,CPS0019,CONSUMO DE LAMINADO
54171,46036,LAMINADO 110MM PAPEL SEMIBRILLO L80-PH-G62S (EXACTO) ARP
54172,CPS0019,CONSUMO DE LAMINADO
54172,50359,LAMINADO FILM PETG 240 MM 45 MIC
54173,CPS0019,CONSUMO DE LAMINADO
54173,50359,LAMINADO FILM PETG 240 MM 45 MIC
54174,CPS0019,CONSUMO DE LAMINADO
54174,50359,LAMINADO FILM PETG 240 MM 45 MIC
54175,CPS0019,CONSUMO DE LAMINADO
54175,50359,LAMINADO FILM PETG 240 MM 45 MIC
54176,43431,LAMINADO 160MM PAPEL SEMIBRILLO L80-PH-G62S ( EXACTO) ARP
54176,CPS0019,CONSUMO DE LAMINADO
54177,43431,LAMINADO 160MM PAPEL SEMIBRILLO L80-PH-G62S ( EXACTO) ARP
54177,CPS0019,CONSUMO DE LAMINADO
54178,CPS0019,CONSUMO DE LAMINADO
54178,48647,LAMINADO FILM PETG 330 MM 45 MIC
54179,CPS0019,CONSUMO DE LAMINADO
54179,48647,LAMINADO FILM PETG 330 MM 45 MIC
54180,CPS0019,CONSUMO DE LAMINADO
54180,48647,LAMINADO FILM PETG 330 MM 45 MIC
54181,CPS0019,CONSUMO DE LAMINADO
54181,48647,LAMINADO FILM PETG 330 MM 45 MIC
54182,CPS0019,CONSUMO DE LAMINADO
54182,50359,LAMINADO FILM PETG 240 MM 45 MIC
54183,CPS0019,CONSUMO DE LAMINADO
54183,50359,LAMINADO FILM PETG 240 MM 45 MIC
54184,CPS0019,CONSUMO DE LAMINADO
54184,50359,LAMINADO FILM PETG 240 MM 45 MIC
54184,45939,LAMINADO FOLIA PLATA COLDFOIL 160MM DSCF613-OP COR
54185,CPS0019,CONSUMO DE LAMINADO
54185,46192,LAMINADO 330MM PPBB60-P4-G62S
54186,53926,LAMINADO 330MM PAPEL COUCHE BLANCO MATE 90 GRS DIPISA
54186,49712,LAMINADO 340MM GLASSINE 60G SILICONADO
54187,CPS0019,CONSUMO DE LAMINADO
54187,45939,LAMINADO FOLIA PLATA COLDFOIL 160MM DSCF613-OP COR
54187,46193,LAMINADO 250MM PPBB60-P4-G62S
54188,CPS0019,CONSUMO DE LAMINADO
54188,45939,LAMINADO FOLIA PLATA COLDFOIL 160MM DSCF613-OP COR
54188,46193,LAMINADO 250MM PPBB60-P4-G62S
54189,CPS0019,CONSUMO DE LAMINADO
54189,51556,LAMINADO FILM PETG 300 MM 45 MIC
54190,CPS0019,CONSUMO DE LAMINADO
54190,52465,LAMINADO 300MM BOPP PERLADO( 03239 ) RI 757/PR PET 30 AP901
54194,CPS0019,CONSUMO DE LAMINADO
54194,50360,LAMINADO FILM PETG 300 MM 45 MIC
54195,42817,LAMINADO 300MM BOPP BCO. BRILLANTE 60 TC (08065)
54195,CPS0019,CONSUMO DE LAMINADO
54195,45939,LAMINADO FOLIA PLATA COLDFOIL 160MM DSCF613-OP COR
54196,42817,LAMINADO 300MM BOPP BCO. BRILLANTE 60 TC (08065)
54196,CPS0019,CONSUMO DE LAMINADO
54196,45939,LAMINADO FOLIA PLATA COLDFOIL 160MM DSCF613-OP COR
54197,CPS0019,CONSUMO DE LAMINADO
54197,46148,LAMINADO 330MM PPBB60-P1-G62S
54198,CPS0019,CONSUMO DE LAMINADO
54198,46148,LAMINADO 330MM PPBB60-P1-G62S
54199,CPS0019,CONSUMO DE LAMINADO
54199,46452,LAMINADO 300MM PAPEL SEMIBRILLO 6770 80 GR AP 904 RI
54201,CPS0019,CONSUMO DE LAMINADO
54201,46192,LAMINADO 330MM PPBB60-P4-G62S
54202,CPS0019,CONSUMO DE LAMINADO
54202,46192,LAMINADO 330MM PPBB60-P4-G62S
54203,CPS0019,CONSUMO DE LAMINADO
54203,46192,LAMINADO 330MM PPBB60-P4-G62S
54204,CPS0019,CONSUMO DE LAMINADO
54204,46192,LAMINADO 330MM PPBB60-P4-G62S
54205,CPS0019,CONSUMO DE LAMINADO
54205,46192,LAMINADO 330MM PPBB60-P4-G62S
54206,CPS0019,CONSUMO DE LAMINADO
54206,46192,LAMINADO 330MM PPBB60-P4-G62S
54207,40500,LAMINADO 160MM BOPP  BLACO. 60 UTC RI 707/BL 8065 EXACTO
54207,CPS0019,CONSUMO DE LAMINADO
54208,44236,LAMINADO 250MM TERMICO PROTEGIDO 7836 THERMAL TC /80 GR GL/60 RI
54208,CPS0019,CONSUMO DE LAMINADO
54209,44236,LAMINADO 250MM TERMICO PROTEGIDO 7836 THERMAL TC /80 GR GL/60 RI
54209,CPS0019,CONSUMO DE LAMINADO
54210,44236,LAMINADO 250MM TERMICO PROTEGIDO 7836 THERMAL TC /80 GR GL/60 RI
54210,CPS0019,CONSUMO DE LAMINADO
54211,44236,LAMINADO 250MM TERMICO PROTEGIDO 7836 THERMAL TC /80 GR GL/60 RI
54211,CPS0019,CONSUMO DE LAMINADO
54212,44236,LAMINADO 250MM TERMICO PROTEGIDO 7836 THERMAL TC /80 GR GL/60 RI
54212,CPS0019,CONSUMO DE LAMINADO
54213,CPS0019,CONSUMO DE LAMINADO
54213,46344,LAMINADO 160MM PPBB60-P1-G62S (Samson)
54214,CPS0019,CONSUMO DE LAMINADO
54214,51558,LAMINADO FILM PETG 360 MM 45 MIC
54215,CPS0019,CONSUMO DE LAMINADO
54215,50359,LAMINADO FILM PETG 240 MM 45 MIC
54216,50359,LAMINADO FILM PETG 240 MM 45 MIC
54216,CPS0019,CONSUMO DE LAMINADO
54217,CPS0019,CONSUMO DE LAMINADO
54217,50359,LAMINADO FILM PETG 240 MM 45 MIC
54218,CPS0019,CONSUMO DE LAMINADO
54218,50359,LAMINADO FILM PETG 240 MM 45 MIC
54219,CPS0019,CONSUMO DE LAMINADO
54219,50359,LAMINADO FILM PETG 240 MM 45 MIC
54220,CPS0019,CONSUMO DE LAMINADO
54220,51558,LAMINADO FILM PETG 360 MM 45 MIC
54221,CPS0019,CONSUMO DE LAMINADO
54221,50359,LAMINADO FILM PETG 240 MM 45 MIC
54222,CPS0019,CONSUMO DE LAMINADO
54222,50359,LAMINADO FILM PETG 240 MM 45 MIC
54223,CPS0019,CONSUMO DE LAMINADO
54223,50359,LAMINADO FILM PETG 240 MM 45 MIC
54224,CPS0019,CONSUMO DE LAMINADO
54224,50359,LAMINADO FILM PETG 240 MM 45 MIC
54225,CPS0019,CONSUMO DE LAMINADO
54225,50359,LAMINADO FILM PETG 240 MM 45 MIC
54227,CPS0019,CONSUMO DE LAMINADO
54227,54314,LAMINADO 167 WINEGLASS (MANUAL) 10939 RI
54228,CPS0019,CONSUMO DE LAMINADO
54228,50754,LAMINADO 320MM PPDL54P4 OPTIMA MATE 2 G60 (F9CG3 ) MIC
54229,CPS0019,CONSUMO DE LAMINADO
54229,48647,LAMINADO FILM PETG 330 MM 45 MIC
54230,CPS0019,CONSUMO DE LAMINADO
54230,50359,LAMINADO FILM PETG 240 MM 45 MIC
54234,CPS0019,CONSUMO DE LAMINADO
54234,58044,LAMINADO FILM PETG 300 MM 45 MIC JIANGSU
54235,CPS0019,CONSUMO DE LAMINADO
54235,50359,LAMINADO FILM PETG 240 MM 45 MIC
54237,CPS0019,CONSUMO DE LAMINADO
54237,50360,LAMINADO FILM PETG 300 MM 45 MIC
54238,CPS0019,CONSUMO DE LAMINADO
54238,50359,LAMINADO FILM PETG 240 MM 45 MIC
54239,CPS0019,CONSUMO DE LAMINADO
54239,50359,LAMINADO FILM PETG 240 MM 45 MIC
54243,CPS0019,CONSUMO DE LAMINADO
54243,54186,LAMINADO 320MM BLACKCOVER 90 GR/REMOV/GL CELESTE
54244,CPS0019,CONSUMO DE LAMINADO
54244,46888,LAMINADO 160MM GREEN PAPER 120µ HP 2300/GL62 INNO
54245,40500,LAMINADO 160MM BOPP  BLACO. 60 UTC RI 707/BL 8065 EXACTO
54245,CPS0019,CONSUMO DE LAMINADO
54246,CPS0019,CONSUMO DE LAMINADO
54246,50359,LAMINADO FILM PETG 240 MM 45 MIC
54247,CPS0019,CONSUMO DE LAMINADO
54247,52465,LAMINADO 300MM BOPP PERLADO( 03239 ) RI 757/PR PET 30 AP901
54248,CPS0019,CONSUMO DE LAMINADO
54248,52465,LAMINADO 300MM BOPP PERLADO( 03239 ) RI 757/PR PET 30 AP901
54250,CPS0019,CONSUMO DE LAMINADO
54250,46148,LAMINADO 330MM PPBB60-P1-G62S
54251,42252,LAMINADO CINTA P/LAM  PP TRANSP. 300MM BRILLANTE 24M
54251,CPS0019,CONSUMO DE LAMINADO
54251,56777,LAMINADO 300MM PAPEL SEMIBRILLO L80-P6H-G62S ARC
54252,CPS0019,CONSUMO DE LAMINADO
54252,46148,LAMINADO 330MM PPBB60-P1-G62S
54261,CPS0019,CONSUMO DE LAMINADO
54261,50359,LAMINADO FILM PETG 240 MM 45 MIC
54262,CPS0019,CONSUMO DE LAMINADO
54262,51556,LAMINADO FILM PETG 300 MM 45 MIC
54263,CPS0019,CONSUMO DE LAMINADO
54263,50359,LAMINADO FILM PETG 240 MM 45 MIC
54264,CPS0019,CONSUMO DE LAMINADO
54264,50360,LAMINADO FILM PETG 300 MM 45 MIC
54265,CPS0019,CONSUMO DE LAMINADO
54265,50360,LAMINADO FILM PETG 300 MM 45 MIC
54266,44892,LAMINADO 200MM PPBB60-P4-G62S
54266,CPS0019,CONSUMO DE LAMINADO
54267,CPS0019,CONSUMO DE LAMINADO
54267,46148,LAMINADO 330MM PPBB60-P1-G62S
54268,CPS0019,CONSUMO DE LAMINADO
54268,46148,LAMINADO 330MM PPBB60-P1-G62S
54279,CPS0019,CONSUMO DE LAMINADO
54279,52465,LAMINADO 300MM BOPP PERLADO( 03239 ) RI 757/PR PET 30 AP901
54280,CPS0019,CONSUMO DE LAMINADO
54280,52465,LAMINADO 300MM BOPP PERLADO( 03239 ) RI 757/PR PET 30 AP901
54282,CPS0019,CONSUMO DE LAMINADO
54282,52465,LAMINADO 300MM BOPP PERLADO( 03239 ) RI 757/PR PET 30 AP901
54286,CPS0019,CONSUMO DE LAMINADO
54286,45051,LAMINADO 330MM PAPEL TRANSFER TT64/PH
54291,CPS0019,CONSUMO DE LAMINADO
54291,45856,LAMINADO 330MM PAPEL SEMIBRILLO 6770 80 GR AP 904 RI
54291,46187,LAMINADO FOLIA ORO COLDFOIL 320MM DGCF-613-OP
54292,CPS0019,CONSUMO DE LAMINADO
54292,46187,LAMINADO FOLIA ORO COLDFOIL 320MM DGCF-613-OP
54292,45856,LAMINADO 330MM PAPEL SEMIBRILLO 6770 80 GR AP 904 RI
54294,CPS0019,CONSUMO DE LAMINADO
54294,46036,LAMINADO 110MM PAPEL SEMIBRILLO L80-PH-G62S (EXACTO) ARP
54295,CPS0019,CONSUMO DE LAMINADO
54295,54314,LAMINADO 167 WINEGLASS (MANUAL) 10939 RI
54296,CPS0019,CONSUMO DE LAMINADO
54296,45856,LAMINADO 330MM PAPEL SEMIBRILLO 6770 80 GR AP 904 RI
54297,43431,LAMINADO 160MM PAPEL SEMIBRILLO L80-PH-G62S ( EXACTO) ARP
54297,CPS0019,CONSUMO DE LAMINADO
54298,45856,LAMINADO 330MM PAPEL SEMIBRILLO 6770 80 GR AP 904 RI
54298,CPS0019,CONSUMO DE LAMINADO
54299,43431,LAMINADO 160MM PAPEL SEMIBRILLO L80-PH-G62S ( EXACTO) ARP
54299,CPS0019,CONSUMO DE LAMINADO
54300,43431,LAMINADO 160MM PAPEL SEMIBRILLO L80-PH-G62S ( EXACTO) ARP
54300,CPS0019,CONSUMO DE LAMINADO
54301,CPS0019,CONSUMO DE LAMINADO
54301,46036,LAMINADO 110MM PAPEL SEMIBRILLO L80-PH-G62S (EXACTO) ARP
54302,CPS0019,CONSUMO DE LAMINADO
54302,46344,LAMINADO 160MM PPBB60-P1-G62S (Samson)
54303,44892,LAMINADO 200MM PPBB60-P4-G62S
54303,CPS0019,CONSUMO DE LAMINADO
54304,CPS0019,CONSUMO DE LAMINADO
54304,44892,LAMINADO 200MM PPBB60-P4-G62S
54305,44892,LAMINADO 200MM PPBB60-P4-G62S
54305,CPS0019,CONSUMO DE LAMINADO
54306,44927,LAMINADO 330MM PAPEL SEMIBRILLO L80-PH-G62S ( EXACTO) ARP
54306,CPS0019,CONSUMO DE LAMINADO
54308,CPS0019,CONSUMO DE LAMINADO
54308,52915,LAMINADO 333MM PP TRANSP. RP37 SY105C UPM RAFLATAC
54309,CPS0019,CONSUMO DE LAMINADO
54309,52915,LAMINADO 333MM PP TRANSP. RP37 SY105C UPM RAFLATAC
54310,CPS0019,CONSUMO DE LAMINADO
54310,52915,LAMINADO 333MM PP TRANSP. RP37 SY105C UPM RAFLATAC
54311,CPS0019,CONSUMO DE LAMINADO
54311,52915,LAMINADO 333MM PP TRANSP. RP37 SY105C UPM RAFLATAC
54313,53926,LAMINADO 330MM PAPEL COUCHE BLANCO MATE 90 GRS DIPISA
54313,49712,LAMINADO 340MM GLASSINE 60G SILICONADO
54315,CPS0019,CONSUMO DE LAMINADO
54315,709,LAMINADO 110MM PAPEL SEMIBRILLO 6770 80G AP 904 RI
54316,40508,LAMINADO 330MM BOPP  BLACO. 60 UTC RI 707/BL 8065 EXACTO
54316,43860,LAMINADO 330MM PP BCO BTE P4 38M G58 ARC
54316,CPS0019,CONSUMO DE LAMINADO
54317,40508,LAMINADO 330MM BOPP  BLACO. 60 UTC RI 707/BL 8065 EXACTO
54317,43860,LAMINADO 330MM PP BCO BTE P4 38M G58 ARC
54317,CPS0019,CONSUMO DE LAMINADO
54319,CPS0019,CONSUMO DE LAMINADO
54319,46002,LAMINADO 110MM TERMICO PROTEGIDO 7836 THERMAL TC 80GR
54321,43299,LAMINADO 110MM PAPEL TRANSFER TT64/PH
54321,CPS0019,CONSUMO DE LAMINADO
54322,43299,LAMINADO 110MM PAPEL TRANSFER TT64/PH
54322,CPS0019,CONSUMO DE LAMINADO
54323,CPS0019,CONSUMO DE LAMINADO
54323,50359,LAMINADO FILM PETG 240 MM 45 MIC
54324,CPS0019,CONSUMO DE LAMINADO
54324,50359,LAMINADO FILM PETG 240 MM 45 MIC
54325,CPS0019,CONSUMO DE LAMINADO
54325,50359,LAMINADO FILM PETG 240 MM 45 MIC
54326,CPS0019,CONSUMO DE LAMINADO
54326,46192,LAMINADO 330MM PPBB60-P4-G62S
54327,CPS0019,CONSUMO DE LAMINADO
54327,46192,LAMINADO 330MM PPBB60-P4-G62S
54328,CPS0019,CONSUMO DE LAMINADO
54328,46192,LAMINADO 330MM PPBB60-P4-G62S
54329,CPS0019,CONSUMO DE LAMINADO
54329,46192,LAMINADO 330MM PPBB60-P4-G62S
54331,CPS0019,CONSUMO DE LAMINADO
54331,52465,LAMINADO 300MM BOPP PERLADO( 03239 ) RI 757/PR PET 30 AP901
54335,CPS0019,CONSUMO DE LAMINADO
54335,51656,LAMINADO 110MM PPDL54P4 OPTIMA MATE 2 G60 MIC
54337,44892,LAMINADO 200MM PPBB60-P4-G62S
54337,CPS0019,CONSUMO DE LAMINADO
54338,42252,LAMINADO CINTA P/LAM  PP TRANSP. 300MM BRILLANTE 24M
54338,CPS0019,CONSUMO DE LAMINADO
54338,56777,LAMINADO 300MM PAPEL SEMIBRILLO L80-P6H-G62S ARC
54339,CPS0019,CONSUMO DE LAMINADO
54339,46036,LAMINADO 110MM PAPEL SEMIBRILLO L80-PH-G62S (EXACTO) ARP
54340,CPS0019,CONSUMO DE LAMINADO
54340,46036,LAMINADO 110MM PAPEL SEMIBRILLO L80-PH-G62S (EXACTO) ARP
54341,CPS0019,CONSUMO DE LAMINADO
54341,46036,LAMINADO 110MM PAPEL SEMIBRILLO L80-PH-G62S (EXACTO) ARP
54342,CPS0019,CONSUMO DE LAMINADO
54342,46036,LAMINADO 110MM PAPEL SEMIBRILLO L80-PH-G62S (EXACTO) ARP
54344,CPS0019,CONSUMO DE LAMINADO
54344,44928,LAMINADO 300MM PAPEL SEMIBRILLO L80-PH-G62S Exacto ARP
54344,46187,LAMINADO FOLIA ORO COLDFOIL 320MM DGCF-613-OP
54345,CPS0019,CONSUMO DE LAMINADO
54345,44928,LAMINADO 300MM PAPEL SEMIBRILLO L80-PH-G62S Exacto ARP
54345,46187,LAMINADO FOLIA ORO COLDFOIL 320MM DGCF-613-OP
54346,CPS0019,CONSUMO DE LAMINADO
54346,48647,LAMINADO FILM PETG 330 MM 45 MIC
54347,CPS0019,CONSUMO DE LAMINADO
54347,48647,LAMINADO FILM PETG 330 MM 45 MIC
54348,CPS0019,CONSUMO DE LAMINADO
54348,48647,LAMINADO FILM PETG 330 MM 45 MIC
54349,CPS0019,CONSUMO DE LAMINADO
54349,50754,LAMINADO 320MM PPDL54P4 OPTIMA MATE 2 G60 (F9CG3 ) MIC
54350,CPS0019,CONSUMO DE LAMINADO
54350,50754,LAMINADO 320MM PPDL54P4 OPTIMA MATE 2 G60 (F9CG3 ) MIC
54351,CPS0019,CONSUMO DE LAMINADO
54351,50359,LAMINADO FILM PETG 240 MM 45 MIC
54352,CPS0019,CONSUMO DE LAMINADO
54352,46192,LAMINADO 330MM PPBB60-P4-G62S
54354,CPS0019,CONSUMO DE LAMINADO
54354,51263,LAMINADO FILM PETG 360 MM TERMOCONTRAIBLE 45 MIC (BONSET)
54357,CPS0019,CONSUMO DE LAMINADO
54357,50359,LAMINADO FILM PETG 240 MM 45 MIC
54359,CPS0019,CONSUMO DE LAMINADO
54359,46036,LAMINADO 110MM PAPEL SEMIBRILLO L80-PH-G62S (EXACTO) ARP
54360,CPS0019,CONSUMO DE LAMINADO
54360,44927,LAMINADO 330MM PAPEL SEMIBRILLO L80-PH-G62S ( EXACTO) ARP
54361,44927,LAMINADO 330MM PAPEL SEMIBRILLO L80-PH-G62S ( EXACTO) ARP
54361,CPS0019,CONSUMO DE LAMINADO
54362,44927,LAMINADO 330MM PAPEL SEMIBRILLO L80-PH-G62S ( EXACTO) ARP
54362,CPS0019,CONSUMO DE LAMINADO
54363,CPS0019,CONSUMO DE LAMINADO
54363,46452,LAMINADO 300MM PAPEL SEMIBRILLO 6770 80 GR AP 904 RI
54364,CPS0019,CONSUMO DE LAMINADO
54364,46452,LAMINADO 300MM PAPEL SEMIBRILLO 6770 80 GR AP 904 RI
54365,44927,LAMINADO 330MM PAPEL SEMIBRILLO L80-PH-G62S ( EXACTO) ARP
54365,CPS0019,CONSUMO DE LAMINADO
54366,44927,LAMINADO 330MM PAPEL SEMIBRILLO L80-PH-G62S ( EXACTO) ARP
54366,CPS0019,CONSUMO DE LAMINADO
54368,CPS0019,CONSUMO DE LAMINADO
54368,51556,LAMINADO FILM PETG 300 MM 45 MIC
54369,43348,LAMINADO 111MM PAPEL TERMICO T70/P ARC
54369,CPS0019,CONSUMO DE LAMINADO
54370,CPS0019,CONSUMO DE LAMINADO
54370,46036,LAMINADO 110MM PAPEL SEMIBRILLO L80-PH-G62S (EXACTO) ARP
54371,CPS0019,CONSUMO DE LAMINADO
54371,44928,LAMINADO 300MM PAPEL SEMIBRILLO L80-PH-G62S Exacto ARP
54372,42817,LAMINADO 300MM BOPP BCO. BRILLANTE 60 TC (08065)
54372,CPS0019,CONSUMO DE LAMINADO
54373,CPS0019,CONSUMO DE LAMINADO
54373,50047,LAMINADO 330MM PAPEL BRILLANTE INKJET 7978 AP904
54374,CPS0019,CONSUMO DE LAMINADO
54374,44928,LAMINADO 300MM PAPEL SEMIBRILLO L80-PH-G62S Exacto ARP
54375,CPS0019,CONSUMO DE LAMINADO
54375,44928,LAMINADO 300MM PAPEL SEMIBRILLO L80-PH-G62S Exacto ARP
54376,CPS0019,CONSUMO DE LAMINADO
54376,44928,LAMINADO 300MM PAPEL SEMIBRILLO L80-PH-G62S Exacto ARP
54377,44928,LAMINADO 300MM PAPEL SEMIBRILLO L80-PH-G62S Exacto ARP
54377,CPS0019,CONSUMO DE LAMINADO
54378,CPS0019,CONSUMO DE LAMINADO
54378,44928,LAMINADO 300MM PAPEL SEMIBRILLO L80-PH-G62S Exacto ARP
54379,CPS0019,CONSUMO DE LAMINADO
54379,50359,LAMINADO FILM PETG 240 MM 45 MIC
54380,CPS0019,CONSUMO DE LAMINADO
54380,46192,LAMINADO 330MM PPBB60-P4-G62S
54381,CPS0019,CONSUMO DE LAMINADO
54381,50359,LAMINADO FILM PETG 240 MM 45 MIC
54382,CPS0019,CONSUMO DE LAMINADO
54382,50359,LAMINADO FILM PETG 240 MM 45 MIC
54383,CPS0019,CONSUMO DE LAMINADO
54383,50359,LAMINADO FILM PETG 240 MM 45 MIC
54384,CPS0019,CONSUMO DE LAMINADO
54384,46192,LAMINADO 330MM PPBB60-P4-G62S
54385,CPS0019,CONSUMO DE LAMINADO
54385,52915,LAMINADO 333MM PP TRANSP. RP37 SY105C UPM RAFLATAC
54386,CPS0019,CONSUMO DE LAMINADO
54386,45856,LAMINADO 330MM PAPEL SEMIBRILLO 6770 80 GR AP 904 RI
54389,CPS0019,CONSUMO DE LAMINADO
54389,50359,LAMINADO FILM PETG 240 MM 45 MIC
54390,CPS0019,CONSUMO DE LAMINADO
54390,50359,LAMINADO FILM PETG 240 MM 45 MIC
54391,CPS0019,CONSUMO DE LAMINADO
54391,50359,LAMINADO FILM PETG 240 MM 45 MIC
54392,CPS0019,CONSUMO DE LAMINADO
54392,50359,LAMINADO FILM PETG 240 MM 45 MIC
54393,CPS0019,CONSUMO DE LAMINADO
54393,50047,LAMINADO 330MM PAPEL BRILLANTE INKJET 7978 AP904
54396,CPS0019,CONSUMO DE LAMINADO
54396,51556,LAMINADO FILM PETG 300 MM 45 MIC
54397,44927,LAMINADO 330MM PAPEL SEMIBRILLO L80-PH-G62S ( EXACTO) ARP
54397,CPS0019,CONSUMO DE LAMINADO
54399,CPS0019,CONSUMO DE LAMINADO
54399,46036,LAMINADO 110MM PAPEL SEMIBRILLO L80-PH-G62S (EXACTO) ARP
54401,CPS0019,CONSUMO DE LAMINADO
54401,51556,LAMINADO FILM PETG 300 MM 45 MIC
54402,44927,LAMINADO 330MM PAPEL SEMIBRILLO L80-PH-G62S ( EXACTO) ARP
54402,CPS0019,CONSUMO DE LAMINADO
54403,CPS0019,CONSUMO DE LAMINADO
54403,44928,LAMINADO 300MM PAPEL SEMIBRILLO L80-PH-G62S Exacto ARP
54404,CPS0019,CONSUMO DE LAMINADO
54404,44927,LAMINADO 330MM PAPEL SEMIBRILLO L80-PH-G62S ( EXACTO) ARP
54405,44928,LAMINADO 300MM PAPEL SEMIBRILLO L80-PH-G62S Exacto ARP
54405,CPS0019,CONSUMO DE LAMINADO
54406,44927,LAMINADO 330MM PAPEL SEMIBRILLO L80-PH-G62S ( EXACTO) ARP
54406,CPS0019,CONSUMO DE LAMINADO
54407,CPS0019,CONSUMO DE LAMINADO
54407,44928,LAMINADO 300MM PAPEL SEMIBRILLO L80-PH-G62S Exacto ARP
54411,CPS0019,CONSUMO DE LAMINADO
54411,50359,LAMINADO FILM PETG 240 MM 45 MIC
54412,CPS0019,CONSUMO DE LAMINADO
54412,50359,LAMINADO FILM PETG 240 MM 45 MIC
54413,CPS0019,CONSUMO DE LAMINADO
54413,50359,LAMINADO FILM PETG 240 MM 45 MIC
54414,CPS0019,CONSUMO DE LAMINADO
54414,48647,LAMINADO FILM PETG 330 MM 45 MIC
54415,CPS0019,CONSUMO DE LAMINADO
54415,50359,LAMINADO FILM PETG 240 MM 45 MIC
54416,44927,LAMINADO 330MM PAPEL SEMIBRILLO L80-PH-G62S ( EXACTO) ARP
54416,CPS0019,CONSUMO DE LAMINADO
54417,42817,LAMINADO 300MM BOPP BCO. BRILLANTE 60 TC (08065)
54417,CPS0019,CONSUMO DE LAMINADO
54418,CPS0019,CONSUMO DE LAMINADO
54418,46148,LAMINADO 330MM PPBB60-P1-G62S
54418,46219,LAMINADO CINTA P/LAMINAR PP TRANSP. 320MM AA-LABR-LA-SL-BPT-QSW DIP
54419,CPS0019,CONSUMO DE LAMINADO
54419,51558,LAMINADO FILM PETG 360 MM 45 MIC
54420,CPS0019,CONSUMO DE LAMINADO
54420,51558,LAMINADO FILM PETG 360 MM 45 MIC
54421,CPS0019,CONSUMO DE LAMINADO
54421,46452,LAMINADO 300MM PAPEL SEMIBRILLO 6770 80 GR AP 904 RI
54421,46187,LAMINADO FOLIA ORO COLDFOIL 320MM DGCF-613-OP
54422,CPS0019,CONSUMO DE LAMINADO
54422,46187,LAMINADO FOLIA ORO COLDFOIL 320MM DGCF-613-OP
54422,46452,LAMINADO 300MM PAPEL SEMIBRILLO 6770 80 GR AP 904 RI
54423,43860,LAMINADO 330MM PP BCO BTE P4 38M G58 ARC
54423,CPS0019,CONSUMO DE LAMINADO
54423,46192,LAMINADO 330MM PPBB60-P4-G62S
54425,CPS0019,CONSUMO DE LAMINADO
54425,50359,LAMINADO FILM PETG 240 MM 45 MIC
54426,CPS0019,CONSUMO DE LAMINADO
54426,50359,LAMINADO FILM PETG 240 MM 45 MIC
54427,CPS0019,CONSUMO DE LAMINADO
54427,50359,LAMINADO FILM PETG 240 MM 45 MIC
54428,43860,LAMINADO 330MM PP BCO BTE P4 38M G58 ARC
54428,CPS0019,CONSUMO DE LAMINADO
54428,57374,LAMINADO 330MM PP BCO BTE PPBB60-P ARP
54429,40500,LAMINADO 160MM BOPP  BLACO. 60 UTC RI 707/BL 8065 EXACTO
54429,43452,LAMINADO 160MM PP BCO BTE P4 38M G58 ARC
54429,CPS0019,CONSUMO DE LAMINADO
54440,43860,LAMINADO 330MM PP BCO BTE P4 38M G58 ARC
54440,CPS0019,CONSUMO DE LAMINADO
54440,46192,LAMINADO 330MM PPBB60-P4-G62S
54441,43860,LAMINADO 330MM PP BCO BTE P4 38M G58 ARC
54441,CPS0019,CONSUMO DE LAMINADO
54441,46192,LAMINADO 330MM PPBB60-P4-G62S
54442,43860,LAMINADO 330MM PP BCO BTE P4 38M G58 ARC
54442,CPS0019,CONSUMO DE LAMINADO
54442,46192,LAMINADO 330MM PPBB60-P4-G62S
54443,CPS0019,CONSUMO DE LAMINADO
54443,50360,LAMINADO FILM PETG 300 MM 45 MIC
54444,CPS0019,CONSUMO DE LAMINADO
54444,50360,LAMINADO FILM PETG 300 MM 45 MIC
54446,45856,LAMINADO 330MM PAPEL SEMIBRILLO 6770 80 GR AP 904 RI
54446,CPS0019,CONSUMO DE LAMINADO
54447,45856,LAMINADO 330MM PAPEL SEMIBRILLO 6770 80 GR AP 904 RI
54447,CPS0019,CONSUMO DE LAMINADO
54450,CPS0019,CONSUMO DE LAMINADO
54450,45856,LAMINADO 330MM PAPEL SEMIBRILLO 6770 80 GR AP 904 RI
54451,CPS0019,CONSUMO DE LAMINADO
54451,50359,LAMINADO FILM PETG 240 MM 45 MIC
54452,CPS0019,CONSUMO DE LAMINADO
54452,50359,LAMINADO FILM PETG 240 MM 45 MIC
54453,CPS0019,CONSUMO DE LAMINADO
54453,50359,LAMINADO FILM PETG 240 MM 45 MIC
54454,CPS0019,CONSUMO DE LAMINADO
54454,50359,LAMINADO FILM PETG 240 MM 45 MIC
54455,CPS0019,CONSUMO DE LAMINADO
54455,46192,LAMINADO 330MM PPBB60-P4-G62S
54455,43860,LAMINADO 330MM PP BCO BTE P4 38M G58 ARC
54456,43860,LAMINADO 330MM PP BCO BTE P4 38M G58 ARC
54456,CPS0019,CONSUMO DE LAMINADO
54456,46192,LAMINADO 330MM PPBB60-P4-G62S
54457,43860,LAMINADO 330MM PP BCO BTE P4 38M G58 ARC
54457,CPS0019,CONSUMO DE LAMINADO
54457,46192,LAMINADO 330MM PPBB60-P4-G62S
54458,43860,LAMINADO 330MM PP BCO BTE P4 38M G58 ARC
54458,CPS0019,CONSUMO DE LAMINADO
54458,46192,LAMINADO 330MM PPBB60-P4-G62S
54459,CPS0019,CONSUMO DE LAMINADO
54459,48261,LAMINADO 330MM TERMICO PROTEGIDO 7836 THERMAL TC /80 GR GL/60 RI
54463,43573,LAMINADO 200MM PPBB60-P1-G62S
54463,CPS0019,CONSUMO DE LAMINADO
54464,CPS0019,CONSUMO DE LAMINADO
54464,46148,LAMINADO 330MM PPBB60-P1-G62S
54468,44927,LAMINADO 330MM PAPEL SEMIBRILLO L80-PH-G62S ( EXACTO) ARP
54468,CPS0019,CONSUMO DE LAMINADO
54469,CPS0019,CONSUMO DE LAMINADO
54469,50359,LAMINADO FILM PETG 240 MM 45 MIC
54470,CPS0019,CONSUMO DE LAMINADO
54470,44928,LAMINADO 300MM PAPEL SEMIBRILLO L80-PH-G62S Exacto ARP
54471,CPS0019,CONSUMO DE LAMINADO
54471,44928,LAMINADO 300MM PAPEL SEMIBRILLO L80-PH-G62S Exacto ARP
54473,44927,LAMINADO 330MM PAPEL SEMIBRILLO L80-PH-G62S ( EXACTO) ARP
54473,CPS0019,CONSUMO DE LAMINADO
54474,44927,LAMINADO 330MM PAPEL SEMIBRILLO L80-PH-G62S ( EXACTO) ARP
54474,CPS0019,CONSUMO DE LAMINADO
54475,CPS0019,CONSUMO DE LAMINADO
54475,57559,LAMINADO 330MM PAPEL SEMIBRILLO L80-PH-G60 ARP
54476,CPS0019,CONSUMO DE LAMINADO
54476,57559,LAMINADO 330MM PAPEL SEMIBRILLO L80-PH-G60 ARP
54480,44928,LAMINADO 300MM PAPEL SEMIBRILLO L80-PH-G62S Exacto ARP
54480,CPS0019,CONSUMO DE LAMINADO
54481,CPS0019,CONSUMO DE LAMINADO
54481,44928,LAMINADO 300MM PAPEL SEMIBRILLO L80-PH-G62S Exacto ARP
54482,44927,LAMINADO 330MM PAPEL SEMIBRILLO L80-PH-G62S ( EXACTO) ARP
54482,CPS0019,CONSUMO DE LAMINADO
54483,44927,LAMINADO 330MM PAPEL SEMIBRILLO L80-PH-G62S ( EXACTO) ARP
54483,CPS0019,CONSUMO DE LAMINADO
54484,CPS0019,CONSUMO DE LAMINADO
54484,44927,LAMINADO 330MM PAPEL SEMIBRILLO L80-PH-G62S ( EXACTO) ARP
54485,45856,LAMINADO 330MM PAPEL SEMIBRILLO 6770 80 GR AP 904 RI
54485,CPS0019,CONSUMO DE LAMINADO
54490,CPS0019,CONSUMO DE LAMINADO
54490,50359,LAMINADO FILM PETG 240 MM 45 MIC
54491,CPS0019,CONSUMO DE LAMINADO
54491,46344,LAMINADO 160MM PPBB60-P1-G62S (Samson)
54493,CPS0019,CONSUMO DE LAMINADO
54493,50359,LAMINADO FILM PETG 240 MM 45 MIC
54494,CPS0019,CONSUMO DE LAMINADO
54494,53103,LAMINADO 111MM PP TRANSP. RP37 SY105C UPM RAFLATAC
54495,CPS0019,CONSUMO DE LAMINADO
54495,50359,LAMINADO FILM PETG 240 MM 45 MIC
54497,CPS0019,CONSUMO DE LAMINADO
54497,709,LAMINADO 110MM PAPEL SEMIBRILLO 6770 80G AP 904 RI
54498,42282,LAMINADO 110MM PAPEL TRANSFER  AT20 F13600
54498,CPS0019,CONSUMO DE LAMINADO
54499,CPS0019,CONSUMO DE LAMINADO
54499,709,LAMINADO 110MM PAPEL SEMIBRILLO 6770 80G AP 904 RI
54500,CPS0019,CONSUMO DE LAMINADO
54500,709,LAMINADO 110MM PAPEL SEMIBRILLO 6770 80G AP 904 RI
54501,43299,LAMINADO 110MM PAPEL TRANSFER TT64/PH
54501,CPS0019,CONSUMO DE LAMINADO
54502,CPS0019,CONSUMO DE LAMINADO
54502,703,LAMINADO 111MM PAPEL TRANSTERM PREM 80G/ADC240/LN52M
54503,46384,LAMINADO 330 MM PAPEL TERMICO PROTEGIDO T77 PH G62 ARC
54503,CPS0019,CONSUMO DE LAMINADO
54510,44927,LAMINADO 330MM PAPEL SEMIBRILLO L80-PH-G62S ( EXACTO) ARP
54510,CPS0019,CONSUMO DE LAMINADO
54511,43299,LAMINADO 110MM PAPEL TRANSFER TT64/PH
54511,CPS0019,CONSUMO DE LAMINADO
54512,CPS0019,CONSUMO DE LAMINADO
54512,44533,LAMINADO 320MM PPDL54P4 OPTIMA MATE AF1000 G60 ARC
54513,42282,LAMINADO 110MM PAPEL TRANSFER  AT20 F13600
54513,CPS0019,CONSUMO DE LAMINADO
54514,44626,LAMINADO 110MM PPDL54P4 OPTIMA MATE AF1000 G60 ARC
54514,CPS0019,CONSUMO DE LAMINADO
54515,CPS0019,CONSUMO DE LAMINADO
54515,709,LAMINADO 110MM PAPEL SEMIBRILLO 6770 80G AP 904 RI
54516,43299,LAMINADO 110MM PAPEL TRANSFER TT64/PH
54516,CPS0019,CONSUMO DE LAMINADO
54517,CPS0019,CONSUMO DE LAMINADO
54517,51656,LAMINADO 110MM PPDL54P4 OPTIMA MATE 2 G60 MIC
54518,CPS0019,CONSUMO DE LAMINADO
54518,44927,LAMINADO 330MM PAPEL SEMIBRILLO L80-PH-G62S ( EXACTO) ARP
54519,45051,LAMINADO 330MM PAPEL TRANSFER TT64/PH
54519,CPS0019,CONSUMO DE LAMINADO
54520,CPS0019,CONSUMO DE LAMINADO
54520,44533,LAMINADO 320MM PPDL54P4 OPTIMA MATE AF1000 G60 ARC
54521,CPS0019,CONSUMO DE LAMINADO
54521,709,LAMINADO 110MM PAPEL SEMIBRILLO 6770 80G AP 904 RI
54522,CPS0019,CONSUMO DE LAMINADO
54522,709,LAMINADO 110MM PAPEL SEMIBRILLO 6770 80G AP 904 RI
54523,42282,LAMINADO 110MM PAPEL TRANSFER  AT20 F13600
54523,CPS0019,CONSUMO DE LAMINADO
54524,CPS0019,CONSUMO DE LAMINADO
54524,52915,LAMINADO 333MM PP TRANSP. RP37 SY105C UPM RAFLATAC
54525,40500,LAMINADO 160MM BOPP  BLACO. 60 UTC RI 707/BL 8065 EXACTO
54525,CPS0019,CONSUMO DE LAMINADO
54526,42817,LAMINADO 300MM BOPP BCO. BRILLANTE 60 TC (08065)
54526,CPS0019,CONSUMO DE LAMINADO
54527,CPS0019,CONSUMO DE LAMINADO
54527,51557,LAMINADO FILM PETG 280 MM 45 MIC
54528,CPS0019,CONSUMO DE LAMINADO
54528,51557,LAMINADO FILM PETG 280 MM 45 MIC
54529,CPS0019,CONSUMO DE LAMINADO
54529,51557,LAMINADO FILM PETG 280 MM 45 MIC
54530,CPS0019,CONSUMO DE LAMINADO
54530,51556,LAMINADO FILM PETG 300 MM 45 MIC
54531,CPS0019,CONSUMO DE LAMINADO
54531,45206,LAMINADO 160MM PAPEL TERMICO T70/P ARC
54532,43573,LAMINADO 200MM PPBB60-P1-G62S
54532,CPS0019,CONSUMO DE LAMINADO
54532,45939,LAMINADO FOLIA PLATA COLDFOIL 160MM DSCF613-OP COR
54533,44533,LAMINADO 320MM PPDL54P4 OPTIMA MATE AF1000 G60 ARC
54533,CPS0019,CONSUMO DE LAMINADO
54534,42814,LAMINADO 200MM BOPP  BLACO. 60 UTC RI 707/BL 8065
54534,CPS0019,CONSUMO DE LAMINADO
54535,CPS0019,CONSUMO DE LAMINADO
54535,46452,LAMINADO 300MM PAPEL SEMIBRILLO 6770 80 GR AP 904 RI
54536,CPS0019,CONSUMO DE LAMINADO
54536,50928,"LAMINADO 330MM PP BLANCO S7400ER/PET23 "" EASY MOVE"" CLEAN FLAKE AD"
54537,CPS0019,CONSUMO DE LAMINADO
54537,50928,"LAMINADO 330MM PP BLANCO S7400ER/PET23 "" EASY MOVE"" CLEAN FLAKE AD"
54540,CPS0019,CONSUMO DE LAMINADO
54540,52689,LAMINADO 330MM TERMICO PROTEGIDO S2670 TC 75 GR-FR-GL 60
54543,CPS0019,CONSUMO DE LAMINADO
54543,53894,LAMINADO 300MM PP TRANSP. RP37 SY105C UPM RAFLATAC
54544,CPS0019,CONSUMO DE LAMINADO
54544,46452,LAMINADO 300MM PAPEL SEMIBRILLO 6770 80 GR AP 904 RI
54545,CPS0019,CONSUMO DE LAMINADO
54545,46344,LAMINADO 160MM PPBB60-P1-G62S (Samson)
54546,CPS0019,CONSUMO DE LAMINADO
54546,46452,LAMINADO 300MM PAPEL SEMIBRILLO 6770 80 GR AP 904 RI
54547,45856,LAMINADO 330MM PAPEL SEMIBRILLO 6770 80 GR AP 904 RI
54547,CPS0019,CONSUMO DE LAMINADO
54549,CPS0019,CONSUMO DE LAMINADO
54549,46452,LAMINADO 300MM PAPEL SEMIBRILLO 6770 80 GR AP 904 RI
54550,CPS0019,CONSUMO DE LAMINADO
54550,51556,LAMINADO FILM PETG 300 MM 45 MIC
54551,CPS0019,CONSUMO DE LAMINADO
54551,44928,LAMINADO 300MM PAPEL SEMIBRILLO L80-PH-G62S Exacto ARP
54552,CPS0019,CONSUMO DE LAMINADO
54552,45856,LAMINADO 330MM PAPEL SEMIBRILLO 6770 80 GR AP 904 RI
54553,CPS0019,CONSUMO DE LAMINADO
54553,44928,LAMINADO 300MM PAPEL SEMIBRILLO L80-PH-G62S Exacto ARP
54555,43860,LAMINADO 330MM PP BCO BTE P4 38M G58 ARC
54555,CPS0019,CONSUMO DE LAMINADO
54555,50136,LAMINADO CINTA P/LAMINAR  PP TRANSP. 320MM OLPP24-MATE-º1500º
54556,43860,LAMINADO 330MM PP BCO BTE P4 38M G58 ARC
54556,CPS0019,CONSUMO DE LAMINADO
54556,50136,LAMINADO CINTA P/LAMINAR  PP TRANSP. 320MM OLPP24-MATE-º1500º
54557,43860,LAMINADO 330MM PP BCO BTE P4 38M G58 ARC
54557,CPS0019,CONSUMO DE LAMINADO
54557,50136,LAMINADO CINTA P/LAMINAR  PP TRANSP. 320MM OLPP24-MATE-º1500º
54558,43860,LAMINADO 330MM PP BCO BTE P4 38M G58 ARC
54558,CPS0019,CONSUMO DE LAMINADO
54558,50136,LAMINADO CINTA P/LAMINAR  PP TRANSP. 320MM OLPP24-MATE-º1500º
54559,43860,LAMINADO 330MM PP BCO BTE P4 38M G58 ARC
54559,CPS0019,CONSUMO DE LAMINADO
54559,50136,LAMINADO CINTA P/LAMINAR  PP TRANSP. 320MM OLPP24-MATE-º1500º
54560,43860,LAMINADO 330MM PP BCO BTE P4 38M G58 ARC
54560,CPS0019,CONSUMO DE LAMINADO
54560,50136,LAMINADO CINTA P/LAMINAR  PP TRANSP. 320MM OLPP24-MATE-º1500º
54561,45856,LAMINADO 330MM PAPEL SEMIBRILLO 6770 80 GR AP 904 RI
54561,CPS0019,CONSUMO DE LAMINADO
54562,CPS0019,CONSUMO DE LAMINADO
54562,45856,LAMINADO 330MM PAPEL SEMIBRILLO 6770 80 GR AP 904 RI
54563,CPS0019,CONSUMO DE LAMINADO
54563,45856,LAMINADO 330MM PAPEL SEMIBRILLO 6770 80 GR AP 904 RI
54564,44928,LAMINADO 300MM PAPEL SEMIBRILLO L80-PH-G62S Exacto ARP
54564,CPS0019,CONSUMO DE LAMINADO
54565,CPS0019,CONSUMO DE LAMINADO
54565,46148,LAMINADO 330MM PPBB60-P1-G62S
54566,44927,LAMINADO 330MM PAPEL SEMIBRILLO L80-PH-G62S ( EXACTO) ARP
54566,CPS0019,CONSUMO DE LAMINADO
54568,CPS0019,CONSUMO DE LAMINADO
54568,45206,LAMINADO 160MM PAPEL TERMICO T70/P ARC
54569,CPS0019,CONSUMO DE LAMINADO
54569,53511,LAMINADO 330 MM PPDL54P1 OPTIMA MATE G60 ARC
54569,46148,LAMINADO 330MM PPBB60-P1-G62S
54570,CPS0019,CONSUMO DE LAMINADO
54570,53511,LAMINADO 330 MM PPDL54P1 OPTIMA MATE G60 ARC
54570,46148,LAMINADO 330MM PPBB60-P1-G62S
54571,CPS0019,CONSUMO DE LAMINADO
54571,53511,LAMINADO 330 MM PPDL54P1 OPTIMA MATE G60 ARC
54571,46148,LAMINADO 330MM PPBB60-P1-G62S
54572,CPS0019,CONSUMO DE LAMINADO
54572,46192,LAMINADO 330MM PPBB60-P4-G62S
54572,46219,LAMINADO CINTA P/LAMINAR PP TRANSP. 320MM AA-LABR-LA-SL-BPT-QSW DIP
54575,CPS0019,CONSUMO DE LAMINADO
54575,52915,LAMINADO 333MM PP TRANSP. RP37 SY105C UPM RAFLATAC
54576,CPS0019,CONSUMO DE LAMINADO
54576,46036,LAMINADO 110MM PAPEL SEMIBRILLO L80-PH-G62S (EXACTO) ARP
54577,CPS0019,CONSUMO DE LAMINADO
54577,46036,LAMINADO 110MM PAPEL SEMIBRILLO L80-PH-G62S (EXACTO) ARP
54578,CPS0019,CONSUMO DE LAMINADO
54578,54081,LAMINADO 250MM BOPP  METALIZADO PLATA BRILLANTE RP37UPM
54579,CPS0019,CONSUMO DE LAMINADO
54579,50359,LAMINADO FILM PETG 240 MM 45 MIC
54580,CPS0019,CONSUMO DE LAMINADO
54580,50359,LAMINADO FILM PETG 240 MM 45 MIC
54581,CPS0019,CONSUMO DE LAMINADO
54581,50359,LAMINADO FILM PETG 240 MM 45 MIC
54582,CPS0019,CONSUMO DE LAMINADO
54582,50359,LAMINADO FILM PETG 240 MM 45 MIC
54583,CPS0019,CONSUMO DE LAMINADO
54583,50359,LAMINADO FILM PETG 240 MM 45 MIC
54584,CPS0019,CONSUMO DE LAMINADO
54584,50359,LAMINADO FILM PETG 240 MM 45 MIC
54585,50359,LAMINADO FILM PETG 240 MM 45 MIC
54585,CPS0019,CONSUMO DE LAMINADO
54586,CPS0019,CONSUMO DE LAMINADO
54586,46452,LAMINADO 300MM PAPEL SEMIBRILLO 6770 80 GR AP 904 RI
54587,46452,LAMINADO 300MM PAPEL SEMIBRILLO 6770 80 GR AP 904 RI
54587,CPS0019,CONSUMO DE LAMINADO
54588,CPS0019,CONSUMO DE LAMINADO
54588,46452,LAMINADO 300MM PAPEL SEMIBRILLO 6770 80 GR AP 904 RI
54589,CPS0019,CONSUMO DE LAMINADO
54589,51557,LAMINADO FILM PETG 280 MM 45 MIC
54590,CPS0019,CONSUMO DE LAMINADO
54590,51557,LAMINADO FILM PETG 280 MM 45 MIC
54591,CPS0019,CONSUMO DE LAMINADO
54591,51557,LAMINADO FILM PETG 280 MM 45 MIC
54592,CPS0019,CONSUMO DE LAMINADO
54592,51557,LAMINADO FILM PETG 280 MM 45 MIC
54594,CPS0019,CONSUMO DE LAMINADO
54594,45997,LAMINADO 160MM PAPEL SEMIBRILLO L80-PH-G62S (EXACTO) ARP
54595,CPS0019,CONSUMO DE LAMINADO
54595,44980,LAMINADO 160MM PPDL54P4 OPTIMA MATE AF1000 G60 ARC
54596,44980,LAMINADO 160MM PPDL54P4 OPTIMA MATE AF1000 G60 ARC
54596,CPS0019,CONSUMO DE LAMINADO
54597,CPS0019,CONSUMO DE LAMINADO
54597,50359,LAMINADO FILM PETG 240 MM 45 MIC
54598,46192,LAMINADO 330MM PPBB60-P4-G62S
54598,CPS0019,CONSUMO DE LAMINADO
54599,45206,LAMINADO 160MM PAPEL TERMICO T70/P ARC
54599,CPS0019,CONSUMO DE LAMINADO
54602,CPS0019,CONSUMO DE LAMINADO
54602,56304,LAMINADO 300MM PP  BCO. SY1071H RP37 EXACTO UPM
54603,45780,LAMINADO 300MM PPBB60-P4-G62S
54603,CPS0019,CONSUMO DE LAMINADO
54604,45780,LAMINADO 300MM PPBB60-P4-G62S
54604,CPS0019,CONSUMO DE LAMINADO
54605,CPS0019,CONSUMO DE LAMINADO
54605,45780,LAMINADO 300MM PPBB60-P4-G62S
54606,45780,LAMINADO 300MM PPBB60-P4-G62S
54606,CPS0019,CONSUMO DE LAMINADO
54607,CPS0019,CONSUMO DE LAMINADO
54607,45780,LAMINADO 300MM PPBB60-P4-G62S
54608,CPS0019,CONSUMO DE LAMINADO
54608,57602,LAMINADO 100MM BLACKCOVER 90 GR AE500 GL62 INNO
54609,CPS0019,CONSUMO DE LAMINADO
54609,57602,LAMINADO 100MM BLACKCOVER 90 GR AE500 GL62 INNO
54610,CPS0019,CONSUMO DE LAMINADO
54610,57602,LAMINADO 100MM BLACKCOVER 90 GR AE500 GL62 INNO
54612,CPS0019,CONSUMO DE LAMINADO
54612,50136,LAMINADO CINTA P/LAMINAR  PP TRANSP. 320MM OLPP24-MATE-º1500º
54612,50754,LAMINADO 320MM PPDL54P4 OPTIMA MATE 2 G60 (F9CG3 ) MIC
54613,43348,LAMINADO 111MM PAPEL TERMICO T70/P ARC
54613,CPS0019,CONSUMO DE LAMINADO
54614,CPS0019,CONSUMO DE LAMINADO
54614,46148,LAMINADO 330MM PPBB60-P1-G62S
54615,CPS0019,CONSUMO DE LAMINADO
54615,46148,LAMINADO 330MM PPBB60-P1-G62S
54616,CPS0019,CONSUMO DE LAMINADO
54616,46148,LAMINADO 330MM PPBB60-P1-G62S
54617,CPS0019,CONSUMO DE LAMINADO
54617,46148,LAMINADO 330MM PPBB60-P1-G62S
54618,CPS0019,CONSUMO DE LAMINADO
54618,46148,LAMINADO 330MM PPBB60-P1-G62S
54619,CPS0019,CONSUMO DE LAMINADO
54619,46148,LAMINADO 330MM PPBB60-P1-G62S
54620,CPS0019,CONSUMO DE LAMINADO
54620,46148,LAMINADO 330MM PPBB60-P1-G62S
54621,CPS0019,CONSUMO DE LAMINADO
54621,51556,LAMINADO FILM PETG 300 MM 45 MIC
54624,CPS0019,CONSUMO DE LAMINADO
54624,44928,LAMINADO 300MM PAPEL SEMIBRILLO L80-PH-G62S Exacto ARP
54625,CPS0019,CONSUMO DE LAMINADO
54625,57557,LAMINADO 300MM PAPEL SEMIBRILLO L80-PH-G60 ARP
54626,CPS0019,CONSUMO DE LAMINADO
54626,44928,LAMINADO 300MM PAPEL SEMIBRILLO L80-PH-G62S Exacto ARP
54627,43299,LAMINADO 110MM PAPEL TRANSFER TT64/PH
54627,CPS0019,CONSUMO DE LAMINADO
54629,CPS0019,CONSUMO DE LAMINADO
54629,46187,LAMINADO FOLIA ORO COLDFOIL 320MM DGCF-613-OP
54629,44928,LAMINADO 300MM PAPEL SEMIBRILLO L80-PH-G62S Exacto ARP
54630,CPS0019,CONSUMO DE LAMINADO
54630,57557,LAMINADO 300MM PAPEL SEMIBRILLO L80-PH-G60 ARP
54630,46187,LAMINADO FOLIA ORO COLDFOIL 320MM DGCF-613-OP
54634,CPS0019,CONSUMO DE LAMINADO
54634,45856,LAMINADO 330MM PAPEL SEMIBRILLO 6770 80 GR AP 904 RI
54635,CPS0019,CONSUMO DE LAMINADO
54635,46452,LAMINADO 300MM PAPEL SEMIBRILLO 6770 80 GR AP 904 RI
54636,CPS0019,CONSUMO DE LAMINADO
54636,46452,LAMINADO 300MM PAPEL SEMIBRILLO 6770 80 GR AP 904 RI
54637,46036,LAMINADO 110MM PAPEL SEMIBRILLO L80-PH-G62S (EXACTO) ARP
54637,CPS0019,CONSUMO DE LAMINADO
54638,CPS0019,CONSUMO DE LAMINADO
54638,46036,LAMINADO 110MM PAPEL SEMIBRILLO L80-PH-G62S (EXACTO) ARP
54639,CPS0019,CONSUMO DE LAMINADO
54639,711,LAMINADO 160MM PAPEL SEMIBRILLO 6770 80G AP 904 RI
54640,CPS0019,CONSUMO DE LAMINADO
54640,46036,LAMINADO 110MM PAPEL SEMIBRILLO L80-PH-G62S (EXACTO) ARP
54641,CPS0019,CONSUMO DE LAMINADO
54641,46452,LAMINADO 300MM PAPEL SEMIBRILLO 6770 80 GR AP 904 RI
54642,CPS0019,CONSUMO DE LAMINADO
54642,46452,LAMINADO 300MM PAPEL SEMIBRILLO 6770 80 GR AP 904 RI
54643,44927,LAMINADO 330MM PAPEL SEMIBRILLO L80-PH-G62S ( EXACTO) ARP
54643,CPS0019,CONSUMO DE LAMINADO
54646,CPS0019,CONSUMO DE LAMINADO
54646,57559,LAMINADO 330MM PAPEL SEMIBRILLO L80-PH-G60 ARP
54648,CPS0019,CONSUMO DE LAMINADO
54648,57559,LAMINADO 330MM PAPEL SEMIBRILLO L80-PH-G60 ARP
54649,CPS0019,CONSUMO DE LAMINADO
54649,53894,LAMINADO 300MM PP TRANSP. RP37 SY105C UPM RAFLATAC
54651,CPS0019,CONSUMO DE LAMINADO
54651,50359,LAMINADO FILM PETG 240 MM 45 MIC
54652,CPS0019,CONSUMO DE LAMINADO
54652,50359,LAMINADO FILM PETG 240 MM 45 MIC
54653,CPS0019,CONSUMO DE LAMINADO
54653,50359,LAMINADO FILM PETG 240 MM 45 MIC
54656,43973,LAMINADO 110MM PAPEL SINTETICO 200 micras MIC
54656,CPS0019,CONSUMO DE LAMINADO
54657,CPS0019,CONSUMO DE LAMINADO
54657,50359,LAMINADO FILM PETG 240 MM 45 MIC
54658,CPS0019,CONSUMO DE LAMINADO
54658,50359,LAMINADO FILM PETG 240 MM 45 MIC
54659,CPS0019,CONSUMO DE LAMINADO
54659,50359,LAMINADO FILM PETG 240 MM 45 MIC
54660,CPS0019,CONSUMO DE LAMINADO
54660,50359,LAMINADO FILM PETG 240 MM 45 MIC
54661,CPS0019,CONSUMO DE LAMINADO
54661,51556,LAMINADO FILM PETG 300 MM 45 MIC
54662,CPS0019,CONSUMO DE LAMINADO
54662,50360,LAMINADO FILM PETG 300 MM 45 MIC
54663,CPS0019,CONSUMO DE LAMINADO
54663,50360,LAMINADO FILM PETG 300 MM 45 MIC
54664,CPS0019,CONSUMO DE LAMINADO
54664,44928,LAMINADO 300MM PAPEL SEMIBRILLO L80-PH-G62S Exacto ARP
54665,CPS0019,CONSUMO DE LAMINADO
54665,50047,LAMINADO 330MM PAPEL BRILLANTE INKJET 7978 AP904
54666,CPS0019,CONSUMO DE LAMINADO
54666,50047,LAMINADO 330MM PAPEL BRILLANTE INKJET 7978 AP904
54668,CPS0019,CONSUMO DE LAMINADO
54668,56502,LAMINADO 330MM PPBB57-P1-G62S ARC
54668,53511,LAMINADO 330 MM PPDL54P1 OPTIMA MATE G60 ARC
54669,CPS0019,CONSUMO DE LAMINADO
54669,53511,LAMINADO 330 MM PPDL54P1 OPTIMA MATE G60 ARC
54669,46148,LAMINADO 330MM PPBB60-P1-G62S
54670,CPS0019,CONSUMO DE LAMINADO
54670,46344,LAMINADO 160MM PPBB60-P1-G62S (Samson)
54673,CPS0019,CONSUMO DE LAMINADO
54673,50928,"LAMINADO 330MM PP BLANCO S7400ER/PET23 "" EASY MOVE"" CLEAN FLAKE AD"
54674,CPS0019,CONSUMO DE LAMINADO
54674,50928,"LAMINADO 330MM PP BLANCO S7400ER/PET23 "" EASY MOVE"" CLEAN FLAKE AD"
54675,CPS0019,CONSUMO DE LAMINADO
54675,46036,LAMINADO 110MM PAPEL SEMIBRILLO L80-PH-G62S (EXACTO) ARP
54676,CPS0019,CONSUMO DE LAMINADO
54676,52915,LAMINADO 333MM PP TRANSP. RP37 SY105C UPM RAFLATAC
54677,45206,LAMINADO 160MM PAPEL TERMICO T70/P ARC
54677,CPS0019,CONSUMO DE LAMINADO
54678,CPS0019,CONSUMO DE LAMINADO
54678,52915,LAMINADO 333MM PP TRANSP. RP37 SY105C UPM RAFLATAC
551,CPS0019,CONSUMO DE LAMINADO
551,709,LAMINADO 110MM PAPEL SEMIBRILLO 6770 80G AP 904 RI
552,CPS0019,CONSUMO DE LAMINADO
552,57559,LAMINADO 330MM PAPEL SEMIBRILLO L80-PH-G60 ARP
553,CPS0019,CONSUMO DE LAMINADO
553,46036,LAMINADO 110MM PAPEL SEMIBRILLO L80-PH-G62S (EXACTO) ARP
554,CPS0019,CONSUMO DE LAMINADO
554,57559,LAMINADO 330MM PAPEL SEMIBRILLO L80-PH-G60 ARP
555,CPS0019,CONSUMO DE LAMINADO
555,57559,LAMINADO 330MM PAPEL SEMIBRILLO L80-PH-G60 ARP
55557,CPS0019,CONSUMO DE LAMINADO
55557,50360,LAMINADO FILM PETG 300 MM 45 MIC
55557,45939,LAMINADO FOLIA PLATA COLDFOIL 160MM DSCF613-OP COR
55558,CPS0019,CONSUMO DE LAMINADO
55558,50360,LAMINADO FILM PETG 300 MM 45 MIC
55558,45939,LAMINADO FOLIA PLATA COLDFOIL 160MM DSCF613-OP COR
55559,CPS0019,CONSUMO DE LAMINADO
55559,44928,LAMINADO 300MM PAPEL SEMIBRILLO L80-PH-G62S Exacto ARP
55560,45051,LAMINADO 330MM PAPEL TRANSFER TT64/PH
55560,CPS0019,CONSUMO DE LAMINADO
55566,CPS0019,CONSUMO DE LAMINADO
55566,57559,LAMINADO 330MM PAPEL SEMIBRILLO L80-PH-G60 ARP
55567,CPS0019,CONSUMO DE LAMINADO
55567,57559,LAMINADO 330MM PAPEL SEMIBRILLO L80-PH-G60 ARP
55568,CPS0019,CONSUMO DE LAMINADO
55568,57559,LAMINADO 330MM PAPEL SEMIBRILLO L80-PH-G60 ARP
55569,44927,LAMINADO 330MM PAPEL SEMIBRILLO L80-PH-G62S ( EXACTO) ARP
55569,CPS0019,CONSUMO DE LAMINADO
55577,44928,LAMINADO 300MM PAPEL SEMIBRILLO L80-PH-G62S Exacto ARP
55577,CPS0019,CONSUMO DE LAMINADO
55583,CPS0019,CONSUMO DE LAMINADO
55583,44927,LAMINADO 330MM PAPEL SEMIBRILLO L80-PH-G62S ( EXACTO) ARP
55584,44927,LAMINADO 330MM PAPEL SEMIBRILLO L80-PH-G62S ( EXACTO) ARP
55584,CPS0019,CONSUMO DE LAMINADO
55585,44927,LAMINADO 330MM PAPEL SEMIBRILLO L80-PH-G62S ( EXACTO) ARP
55585,CPS0019,CONSUMO DE LAMINADO
55586,CPS0019,CONSUMO DE LAMINADO
55586,50359,LAMINADO FILM PETG 240 MM 45 MIC
55589,CPS0019,CONSUMO DE LAMINADO
55589,46888,LAMINADO 160MM GREEN PAPER 120µ HP 2300/GL62 INNO
55590,CPS0019,CONSUMO DE LAMINADO
55590,50359,LAMINADO FILM PETG 240 MM 45 MIC
55591,CPS0019,CONSUMO DE LAMINADO
55591,58175,LAMINADO 160MM SY2040S PP BCO TC60  RP37 UPM SAMSON
55592,CPS0019,CONSUMO DE LAMINADO
55592,48647,LAMINADO FILM PETG 330 MM 45 MIC
55593,CPS0019,CONSUMO DE LAMINADO
55593,48647,LAMINADO FILM PETG 330 MM 45 MIC
55594,CPS0019,CONSUMO DE LAMINADO
55594,48647,LAMINADO FILM PETG 330 MM 45 MIC
55595,CPS0019,CONSUMO DE LAMINADO
55595,48647,LAMINADO FILM PETG 330 MM 45 MIC
55597,CPS0019,CONSUMO DE LAMINADO
55597,44892,LAMINADO 200MM PPBB60-P4-G62S
55598,44927,LAMINADO 330MM PAPEL SEMIBRILLO L80-PH-G62S ( EXACTO) ARP
55598,CPS0019,CONSUMO DE LAMINADO
55599,CPS0019,CONSUMO DE LAMINADO
55599,44927,LAMINADO 330MM PAPEL SEMIBRILLO L80-PH-G62S ( EXACTO) ARP
556,CPS0019,CONSUMO DE LAMINADO
556,709,LAMINADO 110MM PAPEL SEMIBRILLO 6770 80G AP 904 RI
55600,CPS0019,CONSUMO DE LAMINADO
55600,44927,LAMINADO 330MM PAPEL SEMIBRILLO L80-PH-G62S ( EXACTO) ARP
55603,CPS0019,CONSUMO DE LAMINADO
55603,44928,LAMINADO 300MM PAPEL SEMIBRILLO L80-PH-G62S Exacto ARP
55613,43573,LAMINADO 200MM PPBB60-P1-G62S
55613,CPS0019,CONSUMO DE LAMINADO
55614,43573,LAMINADO 200MM PPBB60-P1-G62S
55614,CPS0019,CONSUMO DE LAMINADO
55615,43573,LAMINADO 200MM PPBB60-P1-G62S
55615,CPS0019,CONSUMO DE LAMINADO
55616,CPS0019,CONSUMO DE LAMINADO
55616,46148,LAMINADO 330MM PPBB60-P1-G62S
55617,CPS0019,CONSUMO DE LAMINADO
55617,46148,LAMINADO 330MM PPBB60-P1-G62S
55618,CPS0019,CONSUMO DE LAMINADO
55618,46148,LAMINADO 330MM PPBB60-P1-G62S
55619,CPS0019,CONSUMO DE LAMINADO
55619,49494,LAMINADO 110MM PAPEL SEMIBRILLO RAPIDJET 7978 AP904 RI
55620,CPS0019,CONSUMO DE LAMINADO
55620,49494,LAMINADO 110MM PAPEL SEMIBRILLO RAPIDJET 7978 AP904 RI
55621,CPS0019,CONSUMO DE LAMINADO
55621,49494,LAMINADO 110MM PAPEL SEMIBRILLO RAPIDJET 7978 AP904 RI
55623,CPS0019,CONSUMO DE LAMINADO
55623,49494,LAMINADO 110MM PAPEL SEMIBRILLO RAPIDJET 7978 AP904 RI
55625,CPS0019,CONSUMO DE LAMINADO
55625,46452,LAMINADO 300MM PAPEL SEMIBRILLO 6770 80 GR AP 904 RI
55626,CPS0019,CONSUMO DE LAMINADO
55626,711,LAMINADO 160MM PAPEL SEMIBRILLO 6770 80G AP 904 RI
55627,45876,LAMINADO 111MM PAPEL TERMICO T70-PH-G62 ARC
55627,CPS0019,CONSUMO DE LAMINADO
55628,CPS0019,CONSUMO DE LAMINADO
55628,46888,LAMINADO 160MM GREEN PAPER 120µ HP 2300/GL62 INNO
55629,45856,LAMINADO 330MM PAPEL SEMIBRILLO 6770 80 GR AP 904 RI
55629,CPS0019,CONSUMO DE LAMINADO
55630,44927,LAMINADO 330MM PAPEL SEMIBRILLO L80-PH-G62S ( EXACTO) ARP
55630,CPS0019,CONSUMO DE LAMINADO
55631,44927,LAMINADO 330MM PAPEL SEMIBRILLO L80-PH-G62S ( EXACTO) ARP
55631,CPS0019,CONSUMO DE LAMINADO
55632,CPS0019,CONSUMO DE LAMINADO
55632,44927,LAMINADO 330MM PAPEL SEMIBRILLO L80-PH-G62S ( EXACTO) ARP
55633,44927,LAMINADO 330MM PAPEL SEMIBRILLO L80-PH-G62S ( EXACTO) ARP
55633,CPS0019,CONSUMO DE LAMINADO
55634,CPS0019,CONSUMO DE LAMINADO
55634,50359,LAMINADO FILM PETG 240 MM 45 MIC
55635,CPS0019,CONSUMO DE LAMINADO
55635,50359,LAMINADO FILM PETG 240 MM 45 MIC
55636,CPS0019,CONSUMO DE LAMINADO
55636,48311,LAMINADO 160MM PPBB60-P4-G62S
55637,CPS0019,CONSUMO DE LAMINADO
55637,45856,LAMINADO 330MM PAPEL SEMIBRILLO 6770 80 GR AP 904 RI
55638,CPS0019,CONSUMO DE LAMINADO
55638,45856,LAMINADO 330MM PAPEL SEMIBRILLO 6770 80 GR AP 904 RI
55639,CPS0019,CONSUMO DE LAMINADO
55639,44928,LAMINADO 300MM PAPEL SEMIBRILLO L80-PH-G62S Exacto ARP
55641,CPS0019,CONSUMO DE LAMINADO
55641,46036,LAMINADO 110MM PAPEL SEMIBRILLO L80-PH-G62S (EXACTO) ARP
55644,45856,LAMINADO 330MM PAPEL SEMIBRILLO 6770 80 GR AP 904 RI
55644,CPS0019,CONSUMO DE LAMINADO
55645,45856,LAMINADO 330MM PAPEL SEMIBRILLO 6770 80 GR AP 904 RI
55645,CPS0019,CONSUMO DE LAMINADO
55646,45856,LAMINADO 330MM PAPEL SEMIBRILLO 6770 80 GR AP 904 RI
55646,CPS0019,CONSUMO DE LAMINADO
55647,46036,LAMINADO 110MM PAPEL SEMIBRILLO L80-PH-G62S (EXACTO) ARP
55647,CPS0019,CONSUMO DE LAMINADO
55648,CPS0019,CONSUMO DE LAMINADO
55648,46036,LAMINADO 110MM PAPEL SEMIBRILLO L80-PH-G62S (EXACTO) ARP
55649,CPS0019,CONSUMO DE LAMINADO
55649,46036,LAMINADO 110MM PAPEL SEMIBRILLO L80-PH-G62S (EXACTO) ARP
55650,CPS0019,CONSUMO DE LAMINADO
55650,46452,LAMINADO 300MM PAPEL SEMIBRILLO 6770 80 GR AP 904 RI
55658,CPS0019,CONSUMO DE LAMINADO
55658,711,LAMINADO 160MM PAPEL SEMIBRILLO 6770 80G AP 904 RI
55659,CPS0019,CONSUMO DE LAMINADO
55659,50359,LAMINADO FILM PETG 240 MM 45 MIC
55660,42817,LAMINADO 300MM BOPP BCO. BRILLANTE 60 TC (08065)
55660,CPS0019,CONSUMO DE LAMINADO
55661,40508,LAMINADO 330MM BOPP  BLACO. 60 UTC RI 707/BL 8065 EXACTO
55661,CPS0019,CONSUMO DE LAMINADO
55662,43432,LAMINADO 200MM PAPEL SEMIBRILLO L80-PH-G62S ARP
55662,CPS0019,CONSUMO DE LAMINADO
55665,CPS0019,CONSUMO DE LAMINADO
55665,46036,LAMINADO 110MM PAPEL SEMIBRILLO L80-PH-G62S (EXACTO) ARP
55666,CPS0019,CONSUMO DE LAMINADO
55666,46148,LAMINADO 330MM PPBB60-P1-G62S
55667,CPS0019,CONSUMO DE LAMINADO
55667,46148,LAMINADO 330MM PPBB60-P1-G62S
55668,CPS0019,CONSUMO DE LAMINADO
55668,50360,LAMINADO FILM PETG 300 MM 45 MIC
55669,46187,LAMINADO FOLIA ORO COLDFOIL 320MM DGCF-613-OP
55669,CPS0019,CONSUMO DE LAMINADO
55669,46452,LAMINADO 300MM PAPEL SEMIBRILLO 6770 80 GR AP 904 RI
55670,CPS0019,CONSUMO DE LAMINADO
55670,46187,LAMINADO FOLIA ORO COLDFOIL 320MM DGCF-613-OP
55670,46452,LAMINADO 300MM PAPEL SEMIBRILLO 6770 80 GR AP 904 RI
55673,CPS0019,CONSUMO DE LAMINADO
55673,51558,LAMINADO FILM PETG 360 MM 45 MIC
55675,CPS0019,CONSUMO DE LAMINADO
55675,45876,LAMINADO 111MM PAPEL TERMICO T70-PH-G62 ARC
55676,50359,LAMINADO FILM PETG 240 MM 45 MIC
55676,CPS0019,CONSUMO DE LAMINADO
55680,CPS0019,CONSUMO DE LAMINADO
55680,51677,LAMINADO 300MM PP BCO BTE P4 38M G58 ARC
55680,46118,LAMINADO 300MM PPBB60-P1-G62S
55681,CPS0019,CONSUMO DE LAMINADO
55681,51677,LAMINADO 300MM PP BCO BTE P4 38M G58 ARC
55681,46118,LAMINADO 300MM PPBB60-P1-G62S
55682,CPS0019,CONSUMO DE LAMINADO
55682,46344,LAMINADO 160MM PPBB60-P1-G62S (Samson)
55686,CPS0019,CONSUMO DE LAMINADO
55686,44927,LAMINADO 330MM PAPEL SEMIBRILLO L80-PH-G62S ( EXACTO) ARP
55687,CPS0019,CONSUMO DE LAMINADO
55687,46148,LAMINADO 330MM PPBB60-P1-G62S
55692,CPS0019,CONSUMO DE LAMINADO
55692,59428,LAMINADO 333MM PAPEL TERMICO T70-P-ECO-G60 ARP
55693,CPS0019,CONSUMO DE LAMINADO
55693,53802,LAMINADO CINTA P/LAMINAR  PP TRANSP. 330MM OLPP24-B-1500
55693,46192,LAMINADO 330MM PPBB60-P4-G62S
55699,CPS0019,CONSUMO DE LAMINADO
55699,46036,LAMINADO 110MM PAPEL SEMIBRILLO L80-PH-G62S (EXACTO) ARP
557,CPS0019,CONSUMO DE LAMINADO
557,57559,LAMINADO 330MM PAPEL SEMIBRILLO L80-PH-G60 ARP
55707,CPS0019,CONSUMO DE LAMINADO
55707,44928,LAMINADO 300MM PAPEL SEMIBRILLO L80-PH-G62S Exacto ARP
55708,CPS0019,CONSUMO DE LAMINADO
55708,44928,LAMINADO 300MM PAPEL SEMIBRILLO L80-PH-G62S Exacto ARP
55709,CPS0019,CONSUMO DE LAMINADO
55709,44928,LAMINADO 300MM PAPEL SEMIBRILLO L80-PH-G62S Exacto ARP
55710,43348,LAMINADO 111MM PAPEL TERMICO T70/P ARC
55710,CPS0019,CONSUMO DE LAMINADO
55711,CPS0019,CONSUMO DE LAMINADO
55711,50753,LAMINADO 330MM PPDL54P4 OPTIMA MATE 2 G60 MIC
55711,50136,LAMINADO CINTA P/LAMINAR  PP TRANSP. 320MM OLPP24-MATE-º1500º
55713,CPS0019,CONSUMO DE LAMINADO
55713,50360,LAMINADO FILM PETG 300 MM 45 MIC
55716,CPS0019,CONSUMO DE LAMINADO
55716,55734,LAMINADO FOLIA PLATA COLDFOIL 120 MM COR
55716,48647,LAMINADO FILM PETG 330 MM 45 MIC
55718,44927,LAMINADO 330MM PAPEL SEMIBRILLO L80-PH-G62S ( EXACTO) ARP
55718,CPS0019,CONSUMO DE LAMINADO
55719,CPS0019,CONSUMO DE LAMINADO
55719,44980,LAMINADO 160MM PPDL54P4 OPTIMA MATE AF1000 G60 ARC
55722,42817,LAMINADO 300MM BOPP BCO. BRILLANTE 60 TC (08065)
55722,CPS0019,CONSUMO DE LAMINADO
55723,42817,LAMINADO 300MM BOPP BCO. BRILLANTE 60 TC (08065)
55723,CPS0019,CONSUMO DE LAMINADO
55724,42817,LAMINADO 300MM BOPP BCO. BRILLANTE 60 TC (08065)
55724,CPS0019,CONSUMO DE LAMINADO
55725,42817,LAMINADO 300MM BOPP BCO. BRILLANTE 60 TC (08065)
55725,CPS0019,CONSUMO DE LAMINADO
55726,42817,LAMINADO 300MM BOPP BCO. BRILLANTE 60 TC (08065)
55726,CPS0019,CONSUMO DE LAMINADO
55727,42817,LAMINADO 300MM BOPP BCO. BRILLANTE 60 TC (08065)
55727,CPS0019,CONSUMO DE LAMINADO
55728,42817,LAMINADO 300MM BOPP BCO. BRILLANTE 60 TC (08065)
55728,CPS0019,CONSUMO DE LAMINADO
55729,42817,LAMINADO 300MM BOPP BCO. BRILLANTE 60 TC (08065)
55729,CPS0019,CONSUMO DE LAMINADO
55730,42817,LAMINADO 300MM BOPP BCO. BRILLANTE 60 TC (08065)
55730,CPS0019,CONSUMO DE LAMINADO
55731,CPS0019,CONSUMO DE LAMINADO
55731,55734,LAMINADO FOLIA PLATA COLDFOIL 120 MM COR
55731,48647,LAMINADO FILM PETG 330 MM 45 MIC
55732,CPS0019,CONSUMO DE LAMINADO
55732,55734,LAMINADO FOLIA PLATA COLDFOIL 120 MM COR
55732,48647,LAMINADO FILM PETG 330 MM 45 MIC
55733,CPS0019,CONSUMO DE LAMINADO
55733,55734,LAMINADO FOLIA PLATA COLDFOIL 120 MM COR
55733,48647,LAMINADO FILM PETG 330 MM 45 MIC
55738,CPS0019,CONSUMO DE LAMINADO
55738,51557,LAMINADO FILM PETG 280 MM 45 MIC
55739,CPS0019,CONSUMO DE LAMINADO
55739,51557,LAMINADO FILM PETG 280 MM 45 MIC
55740,CPS0019,CONSUMO DE LAMINADO
55740,51557,LAMINADO FILM PETG 280 MM 45 MIC
55741,CPS0019,CONSUMO DE LAMINADO
55741,51557,LAMINADO FILM PETG 280 MM 45 MIC
55742,CPS0019,CONSUMO DE LAMINADO
55742,46148,LAMINADO 330MM PPBB60-P1-G62S
55743,CPS0019,CONSUMO DE LAMINADO
55743,50359,LAMINADO FILM PETG 240 MM 45 MIC
55744,CPS0019,CONSUMO DE LAMINADO
55744,50359,LAMINADO FILM PETG 240 MM 45 MIC
55745,CPS0019,CONSUMO DE LAMINADO
55745,50359,LAMINADO FILM PETG 240 MM 45 MIC
55746,CPS0019,CONSUMO DE LAMINADO
55746,44828,LAMINADO 250MM PPBB60-P1-G62S
55747,44927,LAMINADO 330MM PAPEL SEMIBRILLO L80-PH-G62S ( EXACTO) ARP
55747,CPS0019,CONSUMO DE LAMINADO
55747,54408,LAMINADO FOLIA ORO COLDFOIL KFR220 320 MM ANT
55748,CPS0019,CONSUMO DE LAMINADO
55748,54314,LAMINADO 167 WINEGLASS (MANUAL) 10939 RI
55749,CPS0019,CONSUMO DE LAMINADO
55749,51557,LAMINADO FILM PETG 280 MM 45 MIC
55750,CPS0019,CONSUMO DE LAMINADO
55750,53511,LAMINADO 330 MM PPDL54P1 OPTIMA MATE G60 ARC
55750,46148,LAMINADO 330MM PPBB60-P1-G62S
55751,CPS0019,CONSUMO DE LAMINADO
55751,46148,LAMINADO 330MM PPBB60-P1-G62S
55751,53511,LAMINADO 330 MM PPDL54P1 OPTIMA MATE G60 ARC
55752,45206,LAMINADO 160MM PAPEL TERMICO T70/P ARC
55752,CPS0019,CONSUMO DE LAMINADO
55753,45856,LAMINADO 330MM PAPEL SEMIBRILLO 6770 80 GR AP 904 RI
55753,CPS0019,CONSUMO DE LAMINADO
55754,CPS0019,CONSUMO DE LAMINADO
55754,50359,LAMINADO FILM PETG 240 MM 45 MIC
55755,CPS0019,CONSUMO DE LAMINADO
55755,50359,LAMINADO FILM PETG 240 MM 45 MIC
55756,45856,LAMINADO 330MM PAPEL SEMIBRILLO 6770 80 GR AP 904 RI
55756,CPS0019,CONSUMO DE LAMINADO
55757,CPS0019,CONSUMO DE LAMINADO
55757,45856,LAMINADO 330MM PAPEL SEMIBRILLO 6770 80 GR AP 904 RI
55758,46452,LAMINADO 300MM PAPEL SEMIBRILLO 6770 80 GR AP 904 RI
55758,CPS0019,CONSUMO DE LAMINADO
55759,CPS0019,CONSUMO DE LAMINADO
55759,46452,LAMINADO 300MM PAPEL SEMIBRILLO 6770 80 GR AP 904 RI
55760,CPS0019,CONSUMO DE LAMINADO
55760,50359,LAMINADO FILM PETG 240 MM 45 MIC
55761,44928,LAMINADO 300MM PAPEL SEMIBRILLO L80-PH-G62S Exacto ARP
55761,CPS0019,CONSUMO DE LAMINADO
55762,CPS0019,CONSUMO DE LAMINADO
55762,50928,"LAMINADO 330MM PP BLANCO S7400ER/PET23 "" EASY MOVE"" CLEAN FLAKE AD"
55763,CPS0019,CONSUMO DE LAMINADO
55763,50928,"LAMINADO 330MM PP BLANCO S7400ER/PET23 "" EASY MOVE"" CLEAN FLAKE AD"
55764,44928,LAMINADO 300MM PAPEL SEMIBRILLO L80-PH-G62S Exacto ARP
55764,CPS0019,CONSUMO DE LAMINADO
55765,44928,LAMINADO 300MM PAPEL SEMIBRILLO L80-PH-G62S Exacto ARP
55765,CPS0019,CONSUMO DE LAMINADO
55766,CPS0019,CONSUMO DE LAMINADO
55766,44928,LAMINADO 300MM PAPEL SEMIBRILLO L80-PH-G62S Exacto ARP
55767,44928,LAMINADO 300MM PAPEL SEMIBRILLO L80-PH-G62S Exacto ARP
55767,CPS0019,CONSUMO DE LAMINADO
55768,CPS0019,CONSUMO DE LAMINADO
55768,44928,LAMINADO 300MM PAPEL SEMIBRILLO L80-PH-G62S Exacto ARP
55769,CPS0019,CONSUMO DE LAMINADO
55769,44928,LAMINADO 300MM PAPEL SEMIBRILLO L80-PH-G62S Exacto ARP
55770,CPS0019,CONSUMO DE LAMINADO
55770,53075,LAMINADO 158 WINEGLASS (AUTOMATICO) PT235 ECO
55771,CPS0019,CONSUMO DE LAMINADO
55771,44928,LAMINADO 300MM PAPEL SEMIBRILLO L80-PH-G62S Exacto ARP
55772,CPS0019,CONSUMO DE LAMINADO
55772,46344,LAMINADO 160MM PPBB60-P1-G62S (Samson)
55777,46036,LAMINADO 110MM PAPEL SEMIBRILLO L80-PH-G62S (EXACTO) ARP
55777,CPS0019,CONSUMO DE LAMINADO
55778,CPS0019,CONSUMO DE LAMINADO
55778,46118,LAMINADO 300MM PPBB60-P1-G62S
55779,CPS0019,CONSUMO DE LAMINADO
55779,46148,LAMINADO 330MM PPBB60-P1-G62S
55780,CPS0019,CONSUMO DE LAMINADO
55780,46148,LAMINADO 330MM PPBB60-P1-G62S
55781,CPS0019,CONSUMO DE LAMINADO
55781,46148,LAMINADO 330MM PPBB60-P1-G62S
55784,44928,LAMINADO 300MM PAPEL SEMIBRILLO L80-PH-G62S Exacto ARP
55784,CPS0019,CONSUMO DE LAMINADO
55785,CPS0019,CONSUMO DE LAMINADO
55785,55818,"LAMINADO 142,2MM FOLIA PLATA COLDFOIL KFR100 PLAT"
55785,51557,LAMINADO FILM PETG 280 MM 45 MIC
55786,CPS0019,CONSUMO DE LAMINADO
55786,55818,"LAMINADO 142,2MM FOLIA PLATA COLDFOIL KFR100 PLAT"
55786,51557,LAMINADO FILM PETG 280 MM 45 MIC
55789,CPS0019,CONSUMO DE LAMINADO
55789,45856,LAMINADO 330MM PAPEL SEMIBRILLO 6770 80 GR AP 904 RI
55790,CPS0019,CONSUMO DE LAMINADO
55790,45856,LAMINADO 330MM PAPEL SEMIBRILLO 6770 80 GR AP 904 RI
55791,CPS0019,CONSUMO DE LAMINADO
55791,45856,LAMINADO 330MM PAPEL SEMIBRILLO 6770 80 GR AP 904 RI
55792,CPS0019,CONSUMO DE LAMINADO
55792,50360,LAMINADO FILM PETG 300 MM 45 MIC
558,CPS0019,CONSUMO DE LAMINADO
558,57559,LAMINADO 330MM PAPEL SEMIBRILLO L80-PH-G60 ARP
55800,CPS0019,CONSUMO DE LAMINADO
55800,57755,LAMINADO 160MM PP BCO BTE PPBB60-P ARP (SAMSON/ARP)
55806,43695,LAMINADO 333MM PP TRANSP. PPT50P-P1-G62S ARC
55806,CPS0019,CONSUMO DE LAMINADO
55807,CPS0019,CONSUMO DE LAMINADO
55807,50359,LAMINADO FILM PETG 240 MM 45 MIC
55808,CPS0019,CONSUMO DE LAMINADO
55808,51557,LAMINADO FILM PETG 280 MM 45 MIC
55809,CPS0019,CONSUMO DE LAMINADO
55809,51557,LAMINADO FILM PETG 280 MM 45 MIC
55810,CPS0019,CONSUMO DE LAMINADO
55810,51557,LAMINADO FILM PETG 280 MM 45 MIC
55811,CPS0019,CONSUMO DE LAMINADO
55811,46192,LAMINADO 330MM PPBB60-P4-G62S
55812,CPS0019,CONSUMO DE LAMINADO
55812,45856,LAMINADO 330MM PAPEL SEMIBRILLO 6770 80 GR AP 904 RI
55813,CPS0019,CONSUMO DE LAMINADO
55813,45875,LAMINADO 333MM PAPEL TERMICO T70-PH-G62 ARC
55815,CPS0019,CONSUMO DE LAMINADO
55815,52443,LAMINADO 330MM PAPEL TRANSFER TT2/SCK 60
55816,CPS0019,CONSUMO DE LAMINADO
55816,52443,LAMINADO 330MM PAPEL TRANSFER TT2/SCK 60
55817,CPS0019,CONSUMO DE LAMINADO
55817,52443,LAMINADO 330MM PAPEL TRANSFER TT2/SCK 60
55826,44927,LAMINADO 330MM PAPEL SEMIBRILLO L80-PH-G62S ( EXACTO) ARP
55826,CPS0019,CONSUMO DE LAMINADO
55826,54408,LAMINADO FOLIA ORO COLDFOIL KFR220 320 MM ANT
55827,43348,LAMINADO 111MM PAPEL TERMICO T70/P ARC
55827,CPS0019,CONSUMO DE LAMINADO
55828,43860,LAMINADO 330MM PP BCO BTE P4 38M G58 ARC
55828,CPS0019,CONSUMO DE LAMINADO
55828,51356,LAMINADO CINTA P/LAMINAR  PP TRANSP MATTE 330MM
55829,43860,LAMINADO 330MM PP BCO BTE P4 38M G58 ARC
55829,43860,LAMINADO 330MM PP BCO BTE P4 38M G58 ARC
55829,CPS0019,CONSUMO DE LAMINADO
55830,CPS0019,CONSUMO DE LAMINADO
55830,52915,LAMINADO 333MM PP TRANSP. RP37 SY105C UPM RAFLATAC
55831,46452,LAMINADO 300MM PAPEL SEMIBRILLO 6770 80 GR AP 904 RI
55831,CPS0019,CONSUMO DE LAMINADO
55832,CPS0019,CONSUMO DE LAMINADO
55832,44928,LAMINADO 300MM PAPEL SEMIBRILLO L80-PH-G62S Exacto ARP
55833,CPS0019,CONSUMO DE LAMINADO
55833,57557,LAMINADO 300MM PAPEL SEMIBRILLO L80-PH-G60 ARP
55834,CPS0019,CONSUMO DE LAMINADO
55834,57557,LAMINADO 300MM PAPEL SEMIBRILLO L80-PH-G60 ARP
55836,CPS0019,CONSUMO DE LAMINADO
55836,46192,LAMINADO 330MM PPBB60-P4-G62S
55837,CPS0019,CONSUMO DE LAMINADO
55837,44928,LAMINADO 300MM PAPEL SEMIBRILLO L80-PH-G62S Exacto ARP
55838,CPS0019,CONSUMO DE LAMINADO
55838,44927,LAMINADO 330MM PAPEL SEMIBRILLO L80-PH-G62S ( EXACTO) ARP
55840,CPS0019,CONSUMO DE LAMINADO
55840,46148,LAMINADO 330MM PPBB60-P1-G62S
55842,40500,LAMINADO 160MM BOPP  BLACO. 60 UTC RI 707/BL 8065 EXACTO
55842,CPS0019,CONSUMO DE LAMINADO
55843,40500,LAMINADO 160MM BOPP  BLACO. 60 UTC RI 707/BL 8065 EXACTO
55843,CPS0019,CONSUMO DE LAMINADO
55845,43573,LAMINADO 200MM PPBB60-P1-G62S
55845,CPS0019,CONSUMO DE LAMINADO
55846,43573,LAMINADO 200MM PPBB60-P1-G62S
55846,CPS0019,CONSUMO DE LAMINADO
55847,CPS0019,CONSUMO DE LAMINADO
55847,43573,LAMINADO 200MM PPBB60-P1-G62S
55848,45856,LAMINADO 330MM PAPEL SEMIBRILLO 6770 80 GR AP 904 RI
55848,CPS0019,CONSUMO DE LAMINADO
55849,CPS0019,CONSUMO DE LAMINADO
55849,46118,LAMINADO 300MM PPBB60-P1-G62S
55850,43573,LAMINADO 200MM PPBB60-P1-G62S
55850,CPS0019,CONSUMO DE LAMINADO
55851,43573,LAMINADO 200MM PPBB60-P1-G62S
55851,CPS0019,CONSUMO DE LAMINADO
55852,43573,LAMINADO 200MM PPBB60-P1-G62S
55852,CPS0019,CONSUMO DE LAMINADO
55853,43573,LAMINADO 200MM PPBB60-P1-G62S
55853,CPS0019,CONSUMO DE LAMINADO
55854,CPS0019,CONSUMO DE LAMINADO
55854,57755,LAMINADO 160MM PP BCO BTE PPBB60-P ARP (SAMSON/ARP)
55855,42817,LAMINADO 300MM BOPP BCO. BRILLANTE 60 TC (08065)
55855,CPS0019,CONSUMO DE LAMINADO
55856,CPS0019,CONSUMO DE LAMINADO
55856,50359,LAMINADO FILM PETG 240 MM 45 MIC
55857,CPS0019,CONSUMO DE LAMINADO
55857,50359,LAMINADO FILM PETG 240 MM 45 MIC
55858,CPS0019,CONSUMO DE LAMINADO
55858,50359,LAMINADO FILM PETG 240 MM 45 MIC
55859,40500,LAMINADO 160MM BOPP  BLACO. 60 UTC RI 707/BL 8065 EXACTO
55859,CPS0019,CONSUMO DE LAMINADO
55860,40500,LAMINADO 160MM BOPP  BLACO. 60 UTC RI 707/BL 8065 EXACTO
55860,CPS0019,CONSUMO DE LAMINADO
55861,42817,LAMINADO 300MM BOPP BCO. BRILLANTE 60 TC (08065)
55861,CPS0019,CONSUMO DE LAMINADO
55862,42817,LAMINADO 300MM BOPP BCO. BRILLANTE 60 TC (08065)
55862,CPS0019,CONSUMO DE LAMINADO
55865,CPS0019,CONSUMO DE LAMINADO
55865,46344,LAMINADO 160MM PPBB60-P1-G62S (Samson)
55866,CPS0019,CONSUMO DE LAMINADO
55866,54394,LAMINADO 333MM PP BCO. SY1071H RP37 EXACTO UPM
55867,CPS0019,CONSUMO DE LAMINADO
55867,54394,LAMINADO 333MM PP BCO. SY1071H RP37 EXACTO UPM
55869,CPS0019,CONSUMO DE LAMINADO
55869,50359,LAMINADO FILM PETG 240 MM 45 MIC
55870,CPS0019,CONSUMO DE LAMINADO
55870,50359,LAMINADO FILM PETG 240 MM 45 MIC
55871,CPS0019,CONSUMO DE LAMINADO
55871,50359,LAMINADO FILM PETG 240 MM 45 MIC
55872,CPS0019,CONSUMO DE LAMINADO
55872,51557,LAMINADO FILM PETG 280 MM 45 MIC
55873,40500,LAMINADO 160MM BOPP  BLACO. 60 UTC RI 707/BL 8065 EXACTO
55873,CPS0019,CONSUMO DE LAMINADO
55877,CPS0019,CONSUMO DE LAMINADO
55877,44927,LAMINADO 330MM PAPEL SEMIBRILLO L80-PH-G62S ( EXACTO) ARP
55878,CPS0019,CONSUMO DE LAMINADO
55878,50359,LAMINADO FILM PETG 240 MM 45 MIC
55879,CPS0019,CONSUMO DE LAMINADO
55879,50359,LAMINADO FILM PETG 240 MM 45 MIC
55883,CPS0019,CONSUMO DE LAMINADO
55883,48308,LAMINADO 330MM TERMAL  TOP HS AP903 YG60
55884,CPS0019,CONSUMO DE LAMINADO
55884,51557,LAMINADO FILM PETG 280 MM 45 MIC
55884,55818,"LAMINADO 142,2MM FOLIA PLATA COLDFOIL KFR100 PLAT"
55885,CPS0019,CONSUMO DE LAMINADO
55885,53103,LAMINADO 111MM PP TRANSP. RP37 SY105C UPM RAFLATAC
55886,CPS0019,CONSUMO DE LAMINADO
55886,56353,LAMINADO 160MM GREEN PAPER ADH ST / GL62 INNO
55887,CPS0019,CONSUMO DE LAMINADO
55887,51556,LAMINADO FILM PETG 300 MM 45 MIC
55890,CPS0019,CONSUMO DE LAMINADO
55890,51556,LAMINADO FILM PETG 300 MM 45 MIC
55891,CPS0019,CONSUMO DE LAMINADO
55891,51556,LAMINADO FILM PETG 300 MM 45 MIC
55892,CPS0019,CONSUMO DE LAMINADO
55892,51556,LAMINADO FILM PETG 300 MM 45 MIC
55893,CPS0019,CONSUMO DE LAMINADO
55893,51556,LAMINADO FILM PETG 300 MM 45 MIC
55898,44236,LAMINADO 250MM TERMICO PROTEGIDO 7836 THERMAL TC /80 GR GL/60 RI
55898,CPS0019,CONSUMO DE LAMINADO
55899,44236,LAMINADO 250MM TERMICO PROTEGIDO 7836 THERMAL TC /80 GR GL/60 RI
55899,CPS0019,CONSUMO DE LAMINADO
559,CPS0019,CONSUMO DE LAMINADO
559,56778,LAMINADO 330MM PAPEL SEMIBRILLO L80-P6H-G62S ARC
55900,CPS0019,CONSUMO DE LAMINADO
55900,44236,LAMINADO 250MM TERMICO PROTEGIDO 7836 THERMAL TC /80 GR GL/60 RI
55901,44236,LAMINADO 250MM TERMICO PROTEGIDO 7836 THERMAL TC /80 GR GL/60 RI
55901,CPS0019,CONSUMO DE LAMINADO
55902,44236,LAMINADO 250MM TERMICO PROTEGIDO 7836 THERMAL TC /80 GR GL/60 RI
55902,CPS0019,CONSUMO DE LAMINADO
55903,44236,LAMINADO 250MM TERMICO PROTEGIDO 7836 THERMAL TC /80 GR GL/60 RI
55903,CPS0019,CONSUMO DE LAMINADO
55904,44236,LAMINADO 250MM TERMICO PROTEGIDO 7836 THERMAL TC /80 GR GL/60 RI
55904,CPS0019,CONSUMO DE LAMINADO
55905,44236,LAMINADO 250MM TERMICO PROTEGIDO 7836 THERMAL TC /80 GR GL/60 RI
55905,CPS0019,CONSUMO DE LAMINADO
55906,44236,LAMINADO 250MM TERMICO PROTEGIDO 7836 THERMAL TC /80 GR GL/60 RI
55906,CPS0019,CONSUMO DE LAMINADO
55907,44236,LAMINADO 250MM TERMICO PROTEGIDO 7836 THERMAL TC /80 GR GL/60 RI
55907,CPS0019,CONSUMO DE LAMINADO
55908,CPS0019,CONSUMO DE LAMINADO
55908,44236,LAMINADO 250MM TERMICO PROTEGIDO 7836 THERMAL TC /80 GR GL/60 RI
55909,44236,LAMINADO 250MM TERMICO PROTEGIDO 7836 THERMAL TC /80 GR GL/60 RI
55909,CPS0019,CONSUMO DE LAMINADO
55910,CPS0019,CONSUMO DE LAMINADO
55910,44236,LAMINADO 250MM TERMICO PROTEGIDO 7836 THERMAL TC /80 GR GL/60 RI
55911,44236,LAMINADO 250MM TERMICO PROTEGIDO 7836 THERMAL TC /80 GR GL/60 RI
55911,CPS0019,CONSUMO DE LAMINADO
55912,44236,LAMINADO 250MM TERMICO PROTEGIDO 7836 THERMAL TC /80 GR GL/60 RI
55912,CPS0019,CONSUMO DE LAMINADO
55915,CPS0019,CONSUMO DE LAMINADO
55915,50729,LAMINADO 270MM PP TRANSP.51MC RP37
55916,CPS0019,CONSUMO DE LAMINADO
55916,50729,LAMINADO 270MM PP TRANSP.51MC RP37
55917,CPS0019,CONSUMO DE LAMINADO
55917,50729,LAMINADO 270MM PP TRANSP.51MC RP37
55919,CPS0019,CONSUMO DE LAMINADO
55919,46344,LAMINADO 160MM PPBB60-P1-G62S (Samson)
55922,CPS0019,CONSUMO DE LAMINADO
55922,51556,LAMINADO FILM PETG 300 MM 45 MIC
55923,CPS0019,CONSUMO DE LAMINADO
55923,51556,LAMINADO FILM PETG 300 MM 45 MIC
55924,CPS0019,CONSUMO DE LAMINADO
55924,51556,LAMINADO FILM PETG 300 MM 45 MIC
55925,CPS0019,CONSUMO DE LAMINADO
55925,51556,LAMINADO FILM PETG 300 MM 45 MIC
55926,43573,LAMINADO 200MM PPBB60-P1-G62S
55926,CPS0019,CONSUMO DE LAMINADO
55927,CPS0019,CONSUMO DE LAMINADO
55927,51556,LAMINADO FILM PETG 300 MM 45 MIC
55928,51557,LAMINADO FILM PETG 280 MM 45 MIC
55928,CPS0019,CONSUMO DE LAMINADO
55929,CPS0019,CONSUMO DE LAMINADO
55929,51557,LAMINADO FILM PETG 280 MM 45 MIC
55930,CPS0019,CONSUMO DE LAMINADO
55930,51557,LAMINADO FILM PETG 280 MM 45 MIC
55931,CPS0019,CONSUMO DE LAMINADO
55931,51557,LAMINADO FILM PETG 280 MM 45 MIC
55932,44927,LAMINADO 330MM PAPEL SEMIBRILLO L80-PH-G62S ( EXACTO) ARP
55932,CPS0019,CONSUMO DE LAMINADO
55933,CPS0019,CONSUMO DE LAMINADO
55933,46344,LAMINADO 160MM PPBB60-P1-G62S (Samson)
55935,CPS0019,CONSUMO DE LAMINADO
55935,53511,LAMINADO 330 MM PPDL54P1 OPTIMA MATE G60 ARC
55935,46148,LAMINADO 330MM PPBB60-P1-G62S
55936,CPS0019,CONSUMO DE LAMINADO
55936,49668,LAMINADO 200MM PP TRANSP.51MC RP37
55937,CPS0019,CONSUMO DE LAMINADO
55937,46344,LAMINADO 160MM PPBB60-P1-G62S (Samson)
55938,CPS0019,CONSUMO DE LAMINADO
55938,57557,LAMINADO 300MM PAPEL SEMIBRILLO L80-PH-G60 ARP
55939,CPS0019,CONSUMO DE LAMINADO
55939,54024,LAMINADO 330MM PAPEL TRANSFER PREMIUM EXTRA / RP51 / WHITE KRAFT 65 UPM
55942,CPS0019,CONSUMO DE LAMINADO
55942,51556,LAMINADO FILM PETG 300 MM 45 MIC
55943,CPS0019,CONSUMO DE LAMINADO
55943,46344,LAMINADO 160MM PPBB60-P1-G62S (Samson)
55944,CPS0019,CONSUMO DE LAMINADO
55944,54394,LAMINADO 333MM PP BCO. SY1071H RP37 EXACTO UPM
55944,46187,LAMINADO FOLIA ORO COLDFOIL 320MM DGCF-613-OP
55945,CPS0019,CONSUMO DE LAMINADO
55945,54394,LAMINADO 333MM PP BCO. SY1071H RP37 EXACTO UPM
55946,CPS0019,CONSUMO DE LAMINADO
55946,54394,LAMINADO 333MM PP BCO. SY1071H RP37 EXACTO UPM
55948,CPS0019,CONSUMO DE LAMINADO
55948,46344,LAMINADO 160MM PPBB60-P1-G62S (Samson)
55949,CPS0019,CONSUMO DE LAMINADO
55949,46344,LAMINADO 160MM PPBB60-P1-G62S (Samson)
55950,CPS0019,CONSUMO DE LAMINADO
55950,53366,LAMINADO 300MM PAPEL SEMIBRILLO 80 GR AP 904 PET30 6611 RI
55951,CPS0019,CONSUMO DE LAMINADO
55951,44927,LAMINADO 330MM PAPEL SEMIBRILLO L80-PH-G62S ( EXACTO) ARP
55952,CPS0019,CONSUMO DE LAMINADO
55952,44927,LAMINADO 330MM PAPEL SEMIBRILLO L80-PH-G62S ( EXACTO) ARP
55955,CPS0019,CONSUMO DE LAMINADO
55955,50359,LAMINADO FILM PETG 240 MM 45 MIC
55956,CPS0019,CONSUMO DE LAMINADO
55956,46344,LAMINADO 160MM PPBB60-P1-G62S (Samson)
55957,CPS0019,CONSUMO DE LAMINADO
55957,46344,LAMINADO 160MM PPBB60-P1-G62S (Samson)
55958,CPS0019,CONSUMO DE LAMINADO
55958,46344,LAMINADO 160MM PPBB60-P1-G62S (Samson)
55959,CPS0019,CONSUMO DE LAMINADO
55959,57755,LAMINADO 160MM PP BCO BTE PPBB60-P ARP (SAMSON/ARP)
55960,CPS0019,CONSUMO DE LAMINADO
55960,57755,LAMINADO 160MM PP BCO BTE PPBB60-P ARP (SAMSON/ARP)
55964,CPS0019,CONSUMO DE LAMINADO
55964,46344,LAMINADO 160MM PPBB60-P1-G62S (Samson)
55965,CPS0019,CONSUMO DE LAMINADO
55965,46344,LAMINADO 160MM PPBB60-P1-G62S (Samson)
55966,CPS0019,CONSUMO DE LAMINADO
55966,46118,LAMINADO 300MM PPBB60-P1-G62S
55967,CPS0019,CONSUMO DE LAMINADO
55967,46344,LAMINADO 160MM PPBB60-P1-G62S (Samson)
55968,CPS0019,CONSUMO DE LAMINADO
55968,46344,LAMINADO 160MM PPBB60-P1-G62S (Samson)
55969,CPS0019,CONSUMO DE LAMINADO
55969,46344,LAMINADO 160MM PPBB60-P1-G62S (Samson)
55971,CPS0019,CONSUMO DE LAMINADO
55971,57872,LAMINADO 300MM PAPEL SEMIBRILLO L80 -P - G60 ARP
55973,CPS0019,CONSUMO DE LAMINADO
55973,46192,LAMINADO 330MM PPBB60-P4-G62S
55973,43860,LAMINADO 330MM PP BCO BTE P4 38M G58 ARC
55974,CPS0019,CONSUMO DE LAMINADO
55974,46192,LAMINADO 330MM PPBB60-P4-G62S
55974,43860,LAMINADO 330MM PP BCO BTE P4 38M G58 ARC
55976,CPS0019,CONSUMO DE LAMINADO
55976,46036,LAMINADO 110MM PAPEL SEMIBRILLO L80-PH-G62S (EXACTO) ARP
55977,46036,LAMINADO 110MM PAPEL SEMIBRILLO L80-PH-G62S (EXACTO) ARP
55977,CPS0019,CONSUMO DE LAMINADO
55978,CPS0019,CONSUMO DE LAMINADO
55978,46036,LAMINADO 110MM PAPEL SEMIBRILLO L80-PH-G62S (EXACTO) ARP
55979,CPS0019,CONSUMO DE LAMINADO
55979,46036,LAMINADO 110MM PAPEL SEMIBRILLO L80-PH-G62S (EXACTO) ARP
55980,CPS0019,CONSUMO DE LAMINADO
55980,51557,LAMINADO FILM PETG 280 MM 45 MIC
55981,CPS0019,CONSUMO DE LAMINADO
55981,51557,LAMINADO FILM PETG 280 MM 45 MIC
55982,CPS0019,CONSUMO DE LAMINADO
55982,51557,LAMINADO FILM PETG 280 MM 45 MIC
55983,CPS0019,CONSUMO DE LAMINADO
55983,44892,LAMINADO 200MM PPBB60-P4-G62S
55984,CPS0019,CONSUMO DE LAMINADO
55984,51558,LAMINADO FILM PETG 360 MM 45 MIC
55985,CPS0019,CONSUMO DE LAMINADO
55985,46148,LAMINADO 330MM PPBB60-P1-G62S
55986,43299,LAMINADO 110MM PAPEL TRANSFER TT64/PH
55986,CPS0019,CONSUMO DE LAMINADO
55987,CPS0019,CONSUMO DE LAMINADO
55987,46344,LAMINADO 160MM PPBB60-P1-G62S (Samson)
55988,CPS0019,CONSUMO DE LAMINADO
55988,46344,LAMINADO 160MM PPBB60-P1-G62S (Samson)
55990,CPS0019,CONSUMO DE LAMINADO
55990,46344,LAMINADO 160MM PPBB60-P1-G62S (Samson)
55991,CPS0019,CONSUMO DE LAMINADO
55991,46344,LAMINADO 160MM PPBB60-P1-G62S (Samson)
55994,CPS0019,CONSUMO DE LAMINADO
55994,48312,LAMINADO 160MM TERMAL  TOP HS AP903 YG60
55996,44927,LAMINADO 330MM PAPEL SEMIBRILLO L80-PH-G62S ( EXACTO) ARP
55996,CPS0019,CONSUMO DE LAMINADO
55997,CPS0019,CONSUMO DE LAMINADO
55997,50359,LAMINADO FILM PETG 240 MM 45 MIC
55998,CPS0019,CONSUMO DE LAMINADO
55998,50359,LAMINADO FILM PETG 240 MM 45 MIC
55999,CPS0019,CONSUMO DE LAMINADO
55999,50359,LAMINADO FILM PETG 240 MM 45 MIC
56000,CPS0019,CONSUMO DE LAMINADO
56000,50359,LAMINADO FILM PETG 240 MM 45 MIC
56001,CPS0019,CONSUMO DE LAMINADO
56001,50359,LAMINADO FILM PETG 240 MM 45 MIC
56002,CPS0019,CONSUMO DE LAMINADO
56002,46148,LAMINADO 330MM PPBB60-P1-G62S
56003,CPS0019,CONSUMO DE LAMINADO
56003,50359,LAMINADO FILM PETG 240 MM 45 MIC
56004,CPS0019,CONSUMO DE LAMINADO
56004,50359,LAMINADO FILM PETG 240 MM 45 MIC
56006,CPS0019,CONSUMO DE LAMINADO
56006,44928,LAMINADO 300MM PAPEL SEMIBRILLO L80-PH-G62S Exacto ARP
56017,CPS0019,CONSUMO DE LAMINADO
56017,46344,LAMINADO 160MM PPBB60-P1-G62S (Samson)
56018,CPS0019,CONSUMO DE LAMINADO
56018,46344,LAMINADO 160MM PPBB60-P1-G62S (Samson)
56019,CPS0019,CONSUMO DE LAMINADO
56019,46344,LAMINADO 160MM PPBB60-P1-G62S (Samson)
56020,CPS0019,CONSUMO DE LAMINADO
56020,46344,LAMINADO 160MM PPBB60-P1-G62S (Samson)
56022,CPS0019,CONSUMO DE LAMINADO
56022,44927,LAMINADO 330MM PAPEL SEMIBRILLO L80-PH-G62S ( EXACTO) ARP
56023,CPS0019,CONSUMO DE LAMINADO
56023,48647,LAMINADO FILM PETG 330 MM 45 MIC
56024,CPS0019,CONSUMO DE LAMINADO
56024,48647,LAMINADO FILM PETG 330 MM 45 MIC
56025,CPS0019,CONSUMO DE LAMINADO
56025,48647,LAMINADO FILM PETG 330 MM 45 MIC
56026,CPS0019,CONSUMO DE LAMINADO
56026,51556,LAMINADO FILM PETG 300 MM 45 MIC
56027,CPS0019,CONSUMO DE LAMINADO
56027,51556,LAMINADO FILM PETG 300 MM 45 MIC
56028,CPS0019,CONSUMO DE LAMINADO
56028,51556,LAMINADO FILM PETG 300 MM 45 MIC
56032,CPS0019,CONSUMO DE LAMINADO
56032,46118,LAMINADO 300MM PPBB60-P1-G62S
56033,CPS0019,CONSUMO DE LAMINADO
56033,44928,LAMINADO 300MM PAPEL SEMIBRILLO L80-PH-G62S Exacto ARP
56034,45876,LAMINADO 111MM PAPEL TERMICO T70-PH-G62 ARC
56034,CPS0019,CONSUMO DE LAMINADO
56035,CPS0019,CONSUMO DE LAMINADO
56035,44928,LAMINADO 300MM PAPEL SEMIBRILLO L80-PH-G62S Exacto ARP
56037,CPS0019,CONSUMO DE LAMINADO
56037,51556,LAMINADO FILM PETG 300 MM 45 MIC
56038,CPS0019,CONSUMO DE LAMINADO
56038,51556,LAMINADO FILM PETG 300 MM 45 MIC
56039,CPS0019,CONSUMO DE LAMINADO
56039,51556,LAMINADO FILM PETG 300 MM 45 MIC
56040,CPS0019,CONSUMO DE LAMINADO
56040,51556,LAMINADO FILM PETG 300 MM 45 MIC
56041,CPS0019,CONSUMO DE LAMINADO
56041,51556,LAMINADO FILM PETG 300 MM 45 MIC
56042,CPS0019,CONSUMO DE LAMINADO
56042,46344,LAMINADO 160MM PPBB60-P1-G62S (Samson)
56043,44927,LAMINADO 330MM PAPEL SEMIBRILLO L80-PH-G62S ( EXACTO) ARP
56043,CPS0019,CONSUMO DE LAMINADO
56044,CPS0019,CONSUMO DE LAMINADO
56044,46452,LAMINADO 300MM PAPEL SEMIBRILLO 6770 80 GR AP 904 RI
56045,CPS0019,CONSUMO DE LAMINADO
56045,53894,LAMINADO 300MM PP TRANSP. RP37 SY105C UPM RAFLATAC
56046,CPS0019,CONSUMO DE LAMINADO
56046,53894,LAMINADO 300MM PP TRANSP. RP37 SY105C UPM RAFLATAC
56047,46344,LAMINADO 160MM PPBB60-P1-G62S (Samson)
56047,CPS0019,CONSUMO DE LAMINADO
56048,CPS0019,CONSUMO DE LAMINADO
56048,46344,LAMINADO 160MM PPBB60-P1-G62S (Samson)
56051,CPS0019,CONSUMO DE LAMINADO
56051,44927,LAMINADO 330MM PAPEL SEMIBRILLO L80-PH-G62S ( EXACTO) ARP
56052,CPS0019,CONSUMO DE LAMINADO
56052,53511,LAMINADO 330 MM PPDL54P1 OPTIMA MATE G60 ARC
56052,46148,LAMINADO 330MM PPBB60-P1-G62S
56053,CPS0019,CONSUMO DE LAMINADO
56053,46344,LAMINADO 160MM PPBB60-P1-G62S (Samson)
56054,49712,LAMINADO 340MM GLASSINE 60G SILICONADO
56054,53882,LAMINADO 320 MM PPDL54P1 OPTIMA MATE G60 ARC
56054,53926,LAMINADO 330MM PAPEL COUCHE BLANCO MATE 90 GRS DIPISA
56059,CPS0019,CONSUMO DE LAMINADO
56059,46192,LAMINADO 330MM PPBB60-P4-G62S
56060,CPS0019,CONSUMO DE LAMINADO
56060,45780,LAMINADO 300MM PPBB60-P4-G62S
56061,CPS0019,CONSUMO DE LAMINADO
56061,44236,LAMINADO 250MM TERMICO PROTEGIDO 7836 THERMAL TC /80 GR GL/60 RI
56062,44236,LAMINADO 250MM TERMICO PROTEGIDO 7836 THERMAL TC /80 GR GL/60 RI
56062,CPS0019,CONSUMO DE LAMINADO
56071,44927,LAMINADO 330MM PAPEL SEMIBRILLO L80-PH-G62S ( EXACTO) ARP
56071,CPS0019,CONSUMO DE LAMINADO
56072,44927,LAMINADO 330MM PAPEL SEMIBRILLO L80-PH-G62S ( EXACTO) ARP
56072,CPS0019,CONSUMO DE LAMINADO
56073,CPS0019,CONSUMO DE LAMINADO
56073,53511,LAMINADO 330 MM PPDL54P1 OPTIMA MATE G60 ARC
56073,56502,LAMINADO 330MM PPBB57-P1-G62S ARC
56074,CPS0019,CONSUMO DE LAMINADO
56074,53511,LAMINADO 330 MM PPDL54P1 OPTIMA MATE G60 ARC
56074,56502,LAMINADO 330MM PPBB57-P1-G62S ARC
56075,46148,LAMINADO 330MM PPBB60-P1-G62S
56075,CPS0019,CONSUMO DE LAMINADO
56077,CPS0019,CONSUMO DE LAMINADO
56077,51556,LAMINADO FILM PETG 300 MM 45 MIC
56079,CPS0019,CONSUMO DE LAMINADO
56079,43860,LAMINADO 330MM PP BCO BTE P4 38M G58 ARC
56080,43860,LAMINADO 330MM PP BCO BTE P4 38M G58 ARC
56080,CPS0019,CONSUMO DE LAMINADO
56080,50136,LAMINADO CINTA P/LAMINAR  PP TRANSP. 320MM OLPP24-MATE-º1500º
56081,CPS0019,CONSUMO DE LAMINADO
56081,46344,LAMINADO 160MM PPBB60-P1-G62S (Samson)
56083,45939,LAMINADO FOLIA PLATA COLDFOIL 160MM DSCF613-OP COR
56083,CPS0019,CONSUMO DE LAMINADO
56083,50360,LAMINADO FILM PETG 300 MM 45 MIC
56084,CPS0019,CONSUMO DE LAMINADO
56084,45939,LAMINADO FOLIA PLATA COLDFOIL 160MM DSCF613-OP COR
56084,50360,LAMINADO FILM PETG 300 MM 45 MIC
56085,45939,LAMINADO FOLIA PLATA COLDFOIL 160MM DSCF613-OP COR
56085,CPS0019,CONSUMO DE LAMINADO
56085,51557,LAMINADO FILM PETG 280 MM 45 MIC
56086,45939,LAMINADO FOLIA PLATA COLDFOIL 160MM DSCF613-OP COR
56086,CPS0019,CONSUMO DE LAMINADO
56086,51557,LAMINADO FILM PETG 280 MM 45 MIC
56087,CPS0019,CONSUMO DE LAMINADO
56087,46148,LAMINADO 330MM PPBB60-P1-G62S
56088,44544,LAMINADO 200MM PPDL54P4 OPTIMA MATE AF1000 G60 ARC
56088,CPS0019,CONSUMO DE LAMINADO
56089,CPS0019,CONSUMO DE LAMINADO
56089,46036,LAMINADO 110MM PAPEL SEMIBRILLO L80-PH-G62S (EXACTO) ARP
56090,CPS0019,CONSUMO DE LAMINADO
56090,46036,LAMINADO 110MM PAPEL SEMIBRILLO L80-PH-G62S (EXACTO) ARP
56091,CPS0019,CONSUMO DE LAMINADO
56091,50360,LAMINADO FILM PETG 300 MM 45 MIC
56092,CPS0019,CONSUMO DE LAMINADO
56092,50360,LAMINADO FILM PETG 300 MM 45 MIC
56093,CPS0019,CONSUMO DE LAMINADO
56093,50360,LAMINADO FILM PETG 300 MM 45 MIC
56094,CPS0019,CONSUMO DE LAMINADO
56094,57557,LAMINADO 300MM PAPEL SEMIBRILLO L80-PH-G60 ARP
56095,46118,LAMINADO 300MM PPBB60-P1-G62S
56095,CPS0019,CONSUMO DE LAMINADO
56098,CPS0019,CONSUMO DE LAMINADO
56098,52915,LAMINADO 333MM PP TRANSP. RP37 SY105C UPM RAFLATAC
56099,CPS0019,CONSUMO DE LAMINADO
56099,50359,LAMINADO FILM PETG 240 MM 45 MIC
56100,CPS0019,CONSUMO DE LAMINADO
56100,50359,LAMINADO FILM PETG 240 MM 45 MIC
56101,CPS0019,CONSUMO DE LAMINADO
56101,50359,LAMINADO FILM PETG 240 MM 45 MIC
56102,CPS0019,CONSUMO DE LAMINADO
56102,50359,LAMINADO FILM PETG 240 MM 45 MIC
56103,CPS0019,CONSUMO DE LAMINADO
56103,51557,LAMINADO FILM PETG 280 MM 45 MIC
56105,CPS0019,CONSUMO DE LAMINADO
56105,46145,LAMINADO 110MM PPBB60-P1-G62S
56106,CPS0019,CONSUMO DE LAMINADO
56106,44626,LAMINADO 110MM PPDL54P4 OPTIMA MATE AF1000 G60 ARC
56107,CPS0019,CONSUMO DE LAMINADO
56107,54394,LAMINADO 333MM PP BCO. SY1071H RP37 EXACTO UPM
56108,CPS0019,CONSUMO DE LAMINADO
56108,54394,LAMINADO 333MM PP BCO. SY1071H RP37 EXACTO UPM
56109,CPS0019,CONSUMO DE LAMINADO
56109,54394,LAMINADO 333MM PP BCO. SY1071H RP37 EXACTO UPM
56110,CPS0019,CONSUMO DE LAMINADO
56110,54394,LAMINADO 333MM PP BCO. SY1071H RP37 EXACTO UPM
56111,CPS0019,CONSUMO DE LAMINADO
56111,45591,LAMINADO 330MM PP CLEAR ON CLEAR 2519 50M TC PET30M AP 901
56111,51698,LAMINADO FOLIA PLATA COLDFOIL 305 MM
56112,CPS0019,CONSUMO DE LAMINADO
56112,51698,LAMINADO FOLIA PLATA COLDFOIL 305 MM
56112,45591,LAMINADO 330MM PP CLEAR ON CLEAR 2519 50M TC PET30M AP 901
56113,CPS0019,CONSUMO DE LAMINADO
56113,51698,LAMINADO FOLIA PLATA COLDFOIL 305 MM
56113,45591,LAMINADO 330MM PP CLEAR ON CLEAR 2519 50M TC PET30M AP 901
56115,CPS0019,CONSUMO DE LAMINADO
56115,53366,LAMINADO 300MM PAPEL SEMIBRILLO 80 GR AP 904 PET30 6611 RI
56116,CPS0019,CONSUMO DE LAMINADO
56116,53366,LAMINADO 300MM PAPEL SEMIBRILLO 80 GR AP 904 PET30 6611 RI
56117,CPS0019,CONSUMO DE LAMINADO
56117,44980,LAMINADO 160MM PPDL54P4 OPTIMA MATE AF1000 G60 ARC
56118,44980,LAMINADO 160MM PPDL54P4 OPTIMA MATE AF1000 G60 ARC
56118,CPS0019,CONSUMO DE LAMINADO
56119,CPS0019,CONSUMO DE LAMINADO
56119,51558,LAMINADO FILM PETG 360 MM 45 MIC
56120,CPS0019,CONSUMO DE LAMINADO
56120,51558,LAMINADO FILM PETG 360 MM 45 MIC
56121,CPS0019,CONSUMO DE LAMINADO
56121,51558,LAMINADO FILM PETG 360 MM 45 MIC
56122,CPS0019,CONSUMO DE LAMINADO
56122,50359,LAMINADO FILM PETG 240 MM 45 MIC
56123,45591,LAMINADO 330MM PP CLEAR ON CLEAR 2519 50M TC PET30M AP 901
56123,CPS0019,CONSUMO DE LAMINADO
56124,45591,LAMINADO 330MM PP CLEAR ON CLEAR 2519 50M TC PET30M AP 901
56124,CPS0019,CONSUMO DE LAMINADO
56125,45591,LAMINADO 330MM PP CLEAR ON CLEAR 2519 50M TC PET30M AP 901
56125,CPS0019,CONSUMO DE LAMINADO
56126,CPS0019,CONSUMO DE LAMINADO
56126,50359,LAMINADO FILM PETG 240 MM 45 MIC
56127,45051,LAMINADO 330MM PAPEL TRANSFER TT64/PH
56127,CPS0019,CONSUMO DE LAMINADO
56132,CPS0019,CONSUMO DE LAMINADO
56132,46148,LAMINADO 330MM PPBB60-P1-G62S
56133,46148,LAMINADO 330MM PPBB60-P1-G62S
56133,CPS0019,CONSUMO DE LAMINADO
56134,45682,LAMINADO 333MM PAPEL TERMICO T70/P ARC
56134,CPS0019,CONSUMO DE LAMINADO
56135,45682,LAMINADO 333MM PAPEL TERMICO T70/P ARC
56135,CPS0019,CONSUMO DE LAMINADO
56136,CPS0019,CONSUMO DE LAMINADO
56136,50359,LAMINADO FILM PETG 240 MM 45 MIC
56137,CPS0019,CONSUMO DE LAMINADO
56137,46036,LAMINADO 110MM PAPEL SEMIBRILLO L80-PH-G62S (EXACTO) ARP
56138,CPS0019,CONSUMO DE LAMINADO
56138,50359,LAMINADO FILM PETG 240 MM 45 MIC
56139,CPS0019,CONSUMO DE LAMINADO
56139,50359,LAMINADO FILM PETG 240 MM 45 MIC
56140,CPS0019,CONSUMO DE LAMINADO
56140,50359,LAMINADO FILM PETG 240 MM 45 MIC
56163,CPS0019,CONSUMO DE LAMINADO
56163,56305,LAMINADO 250MM PP  BCO. SY1071H RP37 EXACTO UPM
56164,CPS0019,CONSUMO DE LAMINADO
56164,56305,LAMINADO 250MM PP  BCO. SY1071H RP37 EXACTO UPM
56165,CPS0019,CONSUMO DE LAMINADO
56165,56305,LAMINADO 250MM PP  BCO. SY1071H RP37 EXACTO UPM
56166,CPS0019,CONSUMO DE LAMINADO
56166,54314,LAMINADO 167 WINEGLASS (MANUAL) 10939 RI
56168,CPS0019,CONSUMO DE LAMINADO
56168,56305,LAMINADO 250MM PP  BCO. SY1071H RP37 EXACTO UPM
56170,CPS0019,CONSUMO DE LAMINADO
56170,56305,LAMINADO 250MM PP  BCO. SY1071H RP37 EXACTO UPM
56184,CPS0019,CONSUMO DE LAMINADO
56184,54081,LAMINADO 250MM BOPP  METALIZADO PLATA BRILLANTE RP37UPM
56187,CPS0019,CONSUMO DE LAMINADO
56187,50047,LAMINADO 330MM PAPEL BRILLANTE INKJET 7978 AP904
56188,CPS0019,CONSUMO DE LAMINADO
56188,50359,LAMINADO FILM PETG 240 MM 45 MIC
56189,CPS0019,CONSUMO DE LAMINADO
56189,50359,LAMINADO FILM PETG 240 MM 45 MIC
56190,CPS0019,CONSUMO DE LAMINADO
56190,50359,LAMINADO FILM PETG 240 MM 45 MIC
56191,CPS0019,CONSUMO DE LAMINADO
56191,50359,LAMINADO FILM PETG 240 MM 45 MIC
56192,CPS0019,CONSUMO DE LAMINADO
56192,46036,LAMINADO 110MM PAPEL SEMIBRILLO L80-PH-G62S (EXACTO) ARP
56193,CPS0019,CONSUMO DE LAMINADO
56193,46036,LAMINADO 110MM PAPEL SEMIBRILLO L80-PH-G62S (EXACTO) ARP
56194,CPS0019,CONSUMO DE LAMINADO
56194,46036,LAMINADO 110MM PAPEL SEMIBRILLO L80-PH-G62S (EXACTO) ARP
56195,CPS0019,CONSUMO DE LAMINADO
56195,46036,LAMINADO 110MM PAPEL SEMIBRILLO L80-PH-G62S (EXACTO) ARP
56196,CPS0019,CONSUMO DE LAMINADO
56196,46036,LAMINADO 110MM PAPEL SEMIBRILLO L80-PH-G62S (EXACTO) ARP
56197,CPS0019,CONSUMO DE LAMINADO
56197,46036,LAMINADO 110MM PAPEL SEMIBRILLO L80-PH-G62S (EXACTO) ARP
56198,CPS0019,CONSUMO DE LAMINADO
56198,46036,LAMINADO 110MM PAPEL SEMIBRILLO L80-PH-G62S (EXACTO) ARP
56199,CPS0019,CONSUMO DE LAMINADO
56199,46036,LAMINADO 110MM PAPEL SEMIBRILLO L80-PH-G62S (EXACTO) ARP
56200,CPS0019,CONSUMO DE LAMINADO
56200,46036,LAMINADO 110MM PAPEL SEMIBRILLO L80-PH-G62S (EXACTO) ARP
56201,CPS0019,CONSUMO DE LAMINADO
56201,46036,LAMINADO 110MM PAPEL SEMIBRILLO L80-PH-G62S (EXACTO) ARP
56202,CPS0019,CONSUMO DE LAMINADO
56202,46036,LAMINADO 110MM PAPEL SEMIBRILLO L80-PH-G62S (EXACTO) ARP
56203,CPS0019,CONSUMO DE LAMINADO
56203,46036,LAMINADO 110MM PAPEL SEMIBRILLO L80-PH-G62S (EXACTO) ARP
56204,46036,LAMINADO 110MM PAPEL SEMIBRILLO L80-PH-G62S (EXACTO) ARP
56204,CPS0019,CONSUMO DE LAMINADO
56205,46036,LAMINADO 110MM PAPEL SEMIBRILLO L80-PH-G62S (EXACTO) ARP
56205,CPS0019,CONSUMO DE LAMINADO
56206,46036,LAMINADO 110MM PAPEL SEMIBRILLO L80-PH-G62S (EXACTO) ARP
56206,CPS0019,CONSUMO DE LAMINADO
56207,CPS0019,CONSUMO DE LAMINADO
56207,46036,LAMINADO 110MM PAPEL SEMIBRILLO L80-PH-G62S (EXACTO) ARP
56210,43860,LAMINADO 330MM PP BCO BTE P4 38M G58 ARC
56210,CPS0019,CONSUMO DE LAMINADO
56210,46192,LAMINADO 330MM PPBB60-P4-G62S
56211,CPS0019,CONSUMO DE LAMINADO
56211,46344,LAMINADO 160MM PPBB60-P1-G62S (Samson)
56214,43860,LAMINADO 330MM PP BCO BTE P4 38M G58 ARC
56214,46192,LAMINADO 330MM PPBB60-P4-G62S
56214,CPS0019,CONSUMO DE LAMINADO
56215,43860,LAMINADO 330MM PP BCO BTE P4 38M G58 ARC
56215,46192,LAMINADO 330MM PPBB60-P4-G62S
56215,CPS0019,CONSUMO DE LAMINADO
56216,43860,LAMINADO 330MM PP BCO BTE P4 38M G58 ARC
56216,CPS0019,CONSUMO DE LAMINADO
56216,46192,LAMINADO 330MM PPBB60-P4-G62S
56217,42817,LAMINADO 300MM BOPP BCO. BRILLANTE 60 TC (08065)
56217,CPS0019,CONSUMO DE LAMINADO
56219,46148,LAMINADO 330MM PPBB60-P1-G62S
56219,CPS0019,CONSUMO DE LAMINADO
56223,CPS0019,CONSUMO DE LAMINADO
56223,44928,LAMINADO 300MM PAPEL SEMIBRILLO L80-PH-G62S Exacto ARP
56224,CPS0019,CONSUMO DE LAMINADO
56224,44928,LAMINADO 300MM PAPEL SEMIBRILLO L80-PH-G62S Exacto ARP
56225,CPS0019,CONSUMO DE LAMINADO
56225,50359,LAMINADO FILM PETG 240 MM 45 MIC
56226,CPS0019,CONSUMO DE LAMINADO
56226,50359,LAMINADO FILM PETG 240 MM 45 MIC
56227,CPS0019,CONSUMO DE LAMINADO
56227,50359,LAMINADO FILM PETG 240 MM 45 MIC
56228,CPS0019,CONSUMO DE LAMINADO
56228,50359,LAMINADO FILM PETG 240 MM 45 MIC
56229,CPS0019,CONSUMO DE LAMINADO
56229,50359,LAMINADO FILM PETG 240 MM 45 MIC
56230,45008,LAMINADO FOLIA PLATA COLDFOIL 160  MM ANTALIS
56230,CPS0019,CONSUMO DE LAMINADO
56230,50359,LAMINADO FILM PETG 240 MM 45 MIC
56231,45008,LAMINADO FOLIA PLATA COLDFOIL 160  MM ANTALIS
56231,CPS0019,CONSUMO DE LAMINADO
56231,50359,LAMINADO FILM PETG 240 MM 45 MIC
56234,CPS0019,CONSUMO DE LAMINADO
56234,54022,LAMINADO 110MM PAPEL TRANSFER PREMIUM EXTRA / RP51 / WHITE KRAFT 65 UPM
56243,45682,LAMINADO 333MM PAPEL TERMICO T70/P ARC
56243,CPS0019,CONSUMO DE LAMINADO
56244,CPS0019,CONSUMO DE LAMINADO
56244,50359,LAMINADO FILM PETG 240 MM 45 MIC
56245,CPS0019,CONSUMO DE LAMINADO
56245,50359,LAMINADO FILM PETG 240 MM 45 MIC
56246,CPS0019,CONSUMO DE LAMINADO
56246,50359,LAMINADO FILM PETG 240 MM 45 MIC
56247,CPS0019,CONSUMO DE LAMINADO
56247,52689,LAMINADO 330MM TERMICO PROTEGIDO S2670 TC 75 GR-FR-GL 60
56248,CPS0019,CONSUMO DE LAMINADO
56248,46145,LAMINADO 110MM PPBB60-P1-G62S
56249,CPS0019,CONSUMO DE LAMINADO
56249,53882,LAMINADO 320 MM PPDL54P1 OPTIMA MATE G60 ARC
56249,46148,LAMINADO 330MM PPBB60-P1-G62S
56250,38688,LAMINADO 100MM PAPEL SINTETICO 250 micras MIC
56250,CPS0019,CONSUMO DE LAMINADO
56252,43573,LAMINADO 200MM PPBB60-P1-G62S
56252,CPS0019,CONSUMO DE LAMINADO
56256,CPS0019,CONSUMO DE LAMINADO
56256,50359,LAMINADO FILM PETG 240 MM 45 MIC
56257,CPS0019,CONSUMO DE LAMINADO
56257,53103,LAMINADO 111MM PP TRANSP. RP37 SY105C UPM RAFLATAC
56260,CPS0019,CONSUMO DE LAMINADO
56260,53366,LAMINADO 300MM PAPEL SEMIBRILLO 80 GR AP 904 PET30 6611 RI
56262,CPS0019,CONSUMO DE LAMINADO
56262,54394,LAMINADO 333MM PP BCO. SY1071H RP37 EXACTO UPM
56263,CPS0019,CONSUMO DE LAMINADO
56263,46344,LAMINADO 160MM PPBB60-P1-G62S (Samson)
56264,CPS0019,CONSUMO DE LAMINADO
56264,46344,LAMINADO 160MM PPBB60-P1-G62S (Samson)
56268,CPS0019,CONSUMO DE LAMINADO
56268,46344,LAMINADO 160MM PPBB60-P1-G62S (Samson)
56269,46344,LAMINADO 160MM PPBB60-P1-G62S (Samson)
56269,CPS0019,CONSUMO DE LAMINADO
56279,CPS0019,CONSUMO DE LAMINADO
56279,56305,LAMINADO 250MM PP  BCO. SY1071H RP37 EXACTO UPM
56283,CPS0019,CONSUMO DE LAMINADO
56283,56304,LAMINADO 300MM PP  BCO. SY1071H RP37 EXACTO UPM
56284,CPS0019,CONSUMO DE LAMINADO
56284,56304,LAMINADO 300MM PP  BCO. SY1071H RP37 EXACTO UPM
56300,46036,LAMINADO 110MM PAPEL SEMIBRILLO L80-PH-G62S (EXACTO) ARP
56300,CPS0019,CONSUMO DE LAMINADO
56302,44236,LAMINADO 250MM TERMICO PROTEGIDO 7836 THERMAL TC /80 GR GL/60 RI
56302,CPS0019,CONSUMO DE LAMINADO
56303,44236,LAMINADO 250MM TERMICO PROTEGIDO 7836 THERMAL TC /80 GR GL/60 RI
56303,CPS0019,CONSUMO DE LAMINADO
56306,CPS0019,CONSUMO DE LAMINADO
56306,56308,LAMINADO 330MM 200 MICRAS
56308,55819,"LAMINADO 327,27MM PAPEL SINTETICO 200 micras"
56308,45875,LAMINADO 333MM PAPEL TERMICO T70-PH-G62 ARC
56309,CPS0019,CONSUMO DE LAMINADO
56309,46344,LAMINADO 160MM PPBB60-P1-G62S (Samson)
56310,CPS0019,CONSUMO DE LAMINADO
56310,46344,LAMINADO 160MM PPBB60-P1-G62S (Samson)
56311,CPS0019,CONSUMO DE LAMINADO
56311,46344,LAMINADO 160MM PPBB60-P1-G62S (Samson)
56312,CPS0019,CONSUMO DE LAMINADO
56312,46344,LAMINADO 160MM PPBB60-P1-G62S (Samson)
56313,CPS0019,CONSUMO DE LAMINADO
56313,46344,LAMINADO 160MM PPBB60-P1-G62S (Samson)
56314,CPS0019,CONSUMO DE LAMINADO
56314,46344,LAMINADO 160MM PPBB60-P1-G62S (Samson)
56315,57998,LAMINADO 330MM PAPEL SINTETICO 180 micras
56315,59937,LAMINADO 330MM PAPEL TERMICO T70-PH-ECO-G60 ARP
56321,43860,LAMINADO 330MM PP BCO BTE P4 38M G58 ARC
56321,CPS0019,CONSUMO DE LAMINADO
56321,46192,LAMINADO 330MM PPBB60-P4-G62S
56322,CPS0019,CONSUMO DE LAMINADO
56322,50359,LAMINADO FILM PETG 240 MM 45 MIC
56323,43860,LAMINADO 330MM PP BCO BTE P4 38M G58 ARC
56323,CPS0019,CONSUMO DE LAMINADO
56323,46192,LAMINADO 330MM PPBB60-P4-G62S
56326,44955,LAMINADO 280MM BOPP BLCO. BRITE. RITRAMA (8065)
56326,CPS0019,CONSUMO DE LAMINADO
56327,53926,LAMINADO 330MM PAPEL COUCHE BLANCO MATE 90 GRS DIPISA
56327,49712,LAMINADO 340MM GLASSINE 60G SILICONADO
56329,CPS0019,CONSUMO DE LAMINADO
56329,48648,LAMINADO FILM PETG 408 MM 45 MIC
56330,CPS0019,CONSUMO DE LAMINADO
56330,44955,LAMINADO 280MM BOPP BLCO. BRITE. RITRAMA (8065)
56332,CPS0019,CONSUMO DE LAMINADO
56332,711,LAMINADO 160MM PAPEL SEMIBRILLO 6770 80G AP 904 RI
56334,42718,LAMINADO FOLIA ORO COLDFOIL 160MM
56334,43573,LAMINADO 200MM PPBB60-P1-G62S
56334,CPS0019,CONSUMO DE LAMINADO
56336,CPS0019,CONSUMO DE LAMINADO
56336,54394,LAMINADO 333MM PP BCO. SY1071H RP37 EXACTO UPM
56336,46187,LAMINADO FOLIA ORO COLDFOIL 320MM DGCF-613-OP
56337,CPS0019,CONSUMO DE LAMINADO
56337,50359,LAMINADO FILM PETG 240 MM 45 MIC
56338,44533,LAMINADO 320MM PPDL54P4 OPTIMA MATE AF1000 G60 ARC
56338,CPS0019,CONSUMO DE LAMINADO
56338,50136,LAMINADO CINTA P/LAMINAR  PP TRANSP. 320MM OLPP24-MATE-º1500º
56341,CPS0019,CONSUMO DE LAMINADO
56341,53291,LAMINADO 320MM BLACKCOVER II  80 GR AE500 GL62 INNO 2
56342,CPS0019,CONSUMO DE LAMINADO
56342,45051,LAMINADO 330MM PAPEL TRANSFER TT64/PH
56343,CPS0019,CONSUMO DE LAMINADO
56343,50359,LAMINADO FILM PETG 240 MM 45 MIC
56346,CPS0019,CONSUMO DE LAMINADO
56346,46344,LAMINADO 160MM PPBB60-P1-G62S (Samson)
56348,CPS0019,CONSUMO DE LAMINADO
56348,44928,LAMINADO 300MM PAPEL SEMIBRILLO L80-PH-G62S Exacto ARP
56349,44928,LAMINADO 300MM PAPEL SEMIBRILLO L80-PH-G62S Exacto ARP
56349,CPS0019,CONSUMO DE LAMINADO
56350,44928,LAMINADO 300MM PAPEL SEMIBRILLO L80-PH-G62S Exacto ARP
56350,CPS0019,CONSUMO DE LAMINADO
56351,CPS0019,CONSUMO DE LAMINADO
56351,44928,LAMINADO 300MM PAPEL SEMIBRILLO L80-PH-G62S Exacto ARP
56353,54336,LAMINADO 340 MM STONE PAPER FRONTAL S/ADHESIVO
56353,49712,LAMINADO 340MM GLASSINE 60G SILICONADO
56354,42817,LAMINADO 300MM BOPP BCO. BRILLANTE 60 TC (08065)
56354,CPS0019,CONSUMO DE LAMINADO
56355,CPS0019,CONSUMO DE LAMINADO
56355,46118,LAMINADO 300MM PPBB60-P1-G62S
56356,CPS0019,CONSUMO DE LAMINADO
56356,46118,LAMINADO 300MM PPBB60-P1-G62S
56357,CPS0019,CONSUMO DE LAMINADO
56357,46118,LAMINADO 300MM PPBB60-P1-G62S
56358,CPS0019,CONSUMO DE LAMINADO
56358,56384,LAMINADO 333MM BOPP  METALIZADO PLATA BRILLANTE RP37 UPM
56359,CPS0019,CONSUMO DE LAMINADO
56359,46192,LAMINADO 330MM PPBB60-P4-G62S
56360,CPS0019,CONSUMO DE LAMINADO
56360,56384,LAMINADO 333MM BOPP  METALIZADO PLATA BRILLANTE RP37 UPM
56361,CPS0019,CONSUMO DE LAMINADO
56361,46192,LAMINADO 330MM PPBB60-P4-G62S
56362,CPS0019,CONSUMO DE LAMINADO
56362,46118,LAMINADO 300MM PPBB60-P1-G62S
56363,44928,LAMINADO 300MM PAPEL SEMIBRILLO L80-PH-G62S Exacto ARP
56363,CPS0019,CONSUMO DE LAMINADO
56364,45856,LAMINADO 330MM PAPEL SEMIBRILLO 6770 80 GR AP 904 RI
56364,CPS0019,CONSUMO DE LAMINADO
56365,CPS0019,CONSUMO DE LAMINADO
56365,56315,LAMINADO 160MM INNOGLASS
56366,CPS0019,CONSUMO DE LAMINADO
56366,45744,LAMINADO 300MM PP TRANSP. PPT50P-P1-G62S ARC
56367,CPS0019,CONSUMO DE LAMINADO
56367,45744,LAMINADO 300MM PP TRANSP. PPT50P-P1-G62S ARC
56368,CPS0019,CONSUMO DE LAMINADO
56368,45744,LAMINADO 300MM PP TRANSP. PPT50P-P1-G62S ARC
56369,CPS0019,CONSUMO DE LAMINADO
56369,56377,LAMINADO 280MM PAPEL SEMIBRILLO L80-PH-G62S ARP
56370,CPS0019,CONSUMO DE LAMINADO
56370,46137,LAMINADO 320MM PAPEL SEMIBRILLO L80-PH-G62S (EXACTO) ARP
56371,CPS0019,CONSUMO DE LAMINADO
56371,56377,LAMINADO 280MM PAPEL SEMIBRILLO L80-PH-G62S ARP
56372,CPS0019,CONSUMO DE LAMINADO
56372,56378,LAMINADO 110MM PAPEL SEMIBRILLO L80-P6H-G62S ARC
56391,CPS0019,CONSUMO DE LAMINADO
56391,56377,LAMINADO 280MM PAPEL SEMIBRILLO L80-PH-G62S ARP
56392,56328,LAMINADO 340MM PAPEL COUCHE BLANCO MATE 90 GRS DIMAR
56392,58357,LAMINADO 340MM GLASSINE 60G SILICONADO GUANGDONG
56393,CPS0019,CONSUMO DE LAMINADO
56393,48442,LAMINADO 100MM PAPEL TRANSFER TT64/PH
56394,CPS0019,CONSUMO DE LAMINADO
56394,43453,LAMINADO 160MM PAPEL TRANSFER TT64/PH
56395,CPS0019,CONSUMO DE LAMINADO
56395,58892,LAMINADO 330MM PPBB57-P4-G58 ARC
56397,CPS0019,CONSUMO DE LAMINADO
56397,44927,LAMINADO 330MM PAPEL SEMIBRILLO L80-PH-G62S ( EXACTO) ARP
56398,45682,LAMINADO 333MM PAPEL TERMICO T70/P ARC
56398,CPS0019,CONSUMO DE LAMINADO
56399,45682,LAMINADO 333MM PAPEL TERMICO T70/P ARC
56399,CPS0019,CONSUMO DE LAMINADO
56400,CPS0019,CONSUMO DE LAMINADO
56400,46169,LAMINADO FOLIA ORO COLDFOIL 290MM DGCF-613-OP
56400,46452,LAMINADO 300MM PAPEL SEMIBRILLO 6770 80 GR AP 904 RI
56401,CPS0019,CONSUMO DE LAMINADO
56401,46169,LAMINADO FOLIA ORO COLDFOIL 290MM DGCF-613-OP
56401,46452,LAMINADO 300MM PAPEL SEMIBRILLO 6770 80 GR AP 904 RI
56403,CPS0019,CONSUMO DE LAMINADO
56403,48647,LAMINADO FILM PETG 330 MM 45 MIC
56404,CPS0019,CONSUMO DE LAMINADO
56404,44928,LAMINADO 300MM PAPEL SEMIBRILLO L80-PH-G62S Exacto ARP
56405,CPS0019,CONSUMO DE LAMINADO
56405,44928,LAMINADO 300MM PAPEL SEMIBRILLO L80-PH-G62S Exacto ARP
56406,44928,LAMINADO 300MM PAPEL SEMIBRILLO L80-PH-G62S Exacto ARP
56406,CPS0019,CONSUMO DE LAMINADO
56407,CPS0019,CONSUMO DE LAMINADO
56407,56431,LAMINADO 250MM PAPEL SEMIBRILLO L80-PH-G60 ARP
56408,CPS0019,CONSUMO DE LAMINADO
56408,44929,LAMINADO 250MM SEMIBRILLO 80/PH ARC
56409,44929,LAMINADO 250MM SEMIBRILLO 80/PH ARC
56409,CPS0019,CONSUMO DE LAMINADO
56410,CPS0019,CONSUMO DE LAMINADO
56410,56431,LAMINADO 250MM PAPEL SEMIBRILLO L80-PH-G60 ARP
56411,CPS0019,CONSUMO DE LAMINADO
56411,48647,LAMINADO FILM PETG 330 MM 45 MIC
56412,CPS0019,CONSUMO DE LAMINADO
56412,48647,LAMINADO FILM PETG 330 MM 45 MIC
56413,48647,LAMINADO FILM PETG 330 MM 45 MIC
56413,CPS0019,CONSUMO DE LAMINADO
56414,CPS0019,CONSUMO DE LAMINADO
56414,48647,LAMINADO FILM PETG 330 MM 45 MIC
56415,CPS0019,CONSUMO DE LAMINADO
56415,46192,LAMINADO 330MM PPBB60-P4-G62S
56415,43860,LAMINADO 330MM PP BCO BTE P4 38M G58 ARC
56416,43860,LAMINADO 330MM PP BCO BTE P4 38M G58 ARC
56416,CPS0019,CONSUMO DE LAMINADO
56416,46192,LAMINADO 330MM PPBB60-P4-G62S
56417,CPS0019,CONSUMO DE LAMINADO
56417,46148,LAMINADO 330MM PPBB60-P1-G62S
56418,46148,LAMINADO 330MM PPBB60-P1-G62S
56418,CPS0019,CONSUMO DE LAMINADO
56418,53511,LAMINADO 330 MM PPDL54P1 OPTIMA MATE G60 ARC
56419,CPS0019,CONSUMO DE LAMINADO
56419,44927,LAMINADO 330MM PAPEL SEMIBRILLO L80-PH-G62S ( EXACTO) ARP
56420,CPS0019,CONSUMO DE LAMINADO
56420,44533,LAMINADO 320MM PPDL54P4 OPTIMA MATE AF1000 G60 ARC
56421,CPS0019,CONSUMO DE LAMINADO
56421,44533,LAMINADO 320MM PPDL54P4 OPTIMA MATE AF1000 G60 ARC
56422,CPS0019,CONSUMO DE LAMINADO
56422,54024,LAMINADO 330MM PAPEL TRANSFER PREMIUM EXTRA / RP51 / WHITE KRAFT 65 UPM
56423,44533,LAMINADO 320MM PPDL54P4 OPTIMA MATE AF1000 G60 ARC
56423,CPS0019,CONSUMO DE LAMINADO
56424,CPS0019,CONSUMO DE LAMINADO
56424,46148,LAMINADO 330MM PPBB60-P1-G62S
56425,CPS0019,CONSUMO DE LAMINADO
56425,44927,LAMINADO 330MM PAPEL SEMIBRILLO L80-PH-G62S ( EXACTO) ARP
56426,CPS0019,CONSUMO DE LAMINADO
56426,44927,LAMINADO 330MM PAPEL SEMIBRILLO L80-PH-G62S ( EXACTO) ARP
56430,CPS0019,CONSUMO DE LAMINADO
56430,57557,LAMINADO 300MM PAPEL SEMIBRILLO L80-PH-G60 ARP
56434,CPS0019,CONSUMO DE LAMINADO
56434,50359,LAMINADO FILM PETG 240 MM 45 MIC
56435,CPS0019,CONSUMO DE LAMINADO
56435,50359,LAMINADO FILM PETG 240 MM 45 MIC
56436,CPS0019,CONSUMO DE LAMINADO
56436,50359,LAMINADO FILM PETG 240 MM 45 MIC
56437,CPS0019,CONSUMO DE LAMINADO
56437,50359,LAMINADO FILM PETG 240 MM 45 MIC
56438,CPS0019,CONSUMO DE LAMINADO
56438,49360,LAMINADO 250MM PP TRANSP.51MC RP37
56439,CPS0019,CONSUMO DE LAMINADO
56439,50359,LAMINADO FILM PETG 240 MM 45 MIC
56440,CPS0019,CONSUMO DE LAMINADO
56440,50359,LAMINADO FILM PETG 240 MM 45 MIC
56441,CPS0019,CONSUMO DE LAMINADO
56441,50359,LAMINADO FILM PETG 240 MM 45 MIC
56442,CPS0019,CONSUMO DE LAMINADO
56442,50359,LAMINADO FILM PETG 240 MM 45 MIC
56443,CPS0019,CONSUMO DE LAMINADO
56443,50359,LAMINADO FILM PETG 240 MM 45 MIC
56446,CPS0019,CONSUMO DE LAMINADO
56446,48724,LAMINADO 250MM BOPP  BLACO. 60 UTC RI 707/BL 8065
56447,CPS0019,CONSUMO DE LAMINADO
56447,48724,LAMINADO 250MM BOPP  BLACO. 60 UTC RI 707/BL 8065
56448,CPS0019,CONSUMO DE LAMINADO
56448,47978,LAMINADO 180MM PAPEL SINTETICO 80micras
56449,CPS0019,CONSUMO DE LAMINADO
56449,47978,LAMINADO 180MM PAPEL SINTETICO 80micras
56450,CPS0019,CONSUMO DE LAMINADO
56450,52693,LAMINADO 330MM BOPP BLANCO BRILLANTE F1180 60 UTC -ACR- GL 60 MICROGEO
56451,52693,LAMINADO 330MM BOPP BLANCO BRILLANTE F1180 60 UTC -ACR- GL 60 MICROGEO
56451,CPS0019,CONSUMO DE LAMINADO
56452,CPS0019,CONSUMO DE LAMINADO
56452,52693,LAMINADO 330MM BOPP BLANCO BRILLANTE F1180 60 UTC -ACR- GL 60 MICROGEO
56453,CPS0019,CONSUMO DE LAMINADO
56453,57374,LAMINADO 330MM PP BCO BTE PPBB60-P ARP
56454,CPS0019,CONSUMO DE LAMINADO
56454,57557,LAMINADO 300MM PAPEL SEMIBRILLO L80-PH-G60 ARP
56455,36705,LAMINADO 110MM FOAMTAC II AD
56455,CPS0019,CONSUMO DE LAMINADO
56458,CPS0019,CONSUMO DE LAMINADO
56458,53882,LAMINADO 320 MM PPDL54P1 OPTIMA MATE G60 ARC
56458,56502,LAMINADO 330MM PPBB57-P1-G62S ARC
56460,CPS0019,CONSUMO DE LAMINADO
56460,46148,LAMINADO 330MM PPBB60-P1-G62S
56461,CPS0019,CONSUMO DE LAMINADO
56461,46148,LAMINADO 330MM PPBB60-P1-G62S
56462,CPS0019,CONSUMO DE LAMINADO
56462,46148,LAMINADO 330MM PPBB60-P1-G62S
56463,CPS0019,CONSUMO DE LAMINADO
56463,46148,LAMINADO 330MM PPBB60-P1-G62S
56464,CPS0019,CONSUMO DE LAMINADO
56464,46148,LAMINADO 330MM PPBB60-P1-G62S
56465,CPS0019,CONSUMO DE LAMINADO
56465,50360,LAMINADO FILM PETG 300 MM 45 MIC
56466,CPS0019,CONSUMO DE LAMINADO
56466,43573,LAMINADO 200MM PPBB60-P1-G62S
56468,CPS0019,CONSUMO DE LAMINADO
56468,54353,LAMINADO 330MM PPDL54P4 OPTIMA MATE AF1000 G60 ARC
56469,CPS0019,CONSUMO DE LAMINADO
56469,46192,LAMINADO 330MM PPBB60-P4-G62S
56470,46192,LAMINADO 330MM PPBB60-P4-G62S
56470,CPS0019,CONSUMO DE LAMINADO
56471,CPS0019,CONSUMO DE LAMINADO
56471,46192,LAMINADO 330MM PPBB60-P4-G62S
56472,46192,LAMINADO 330MM PPBB60-P4-G62S
56472,CPS0019,CONSUMO DE LAMINADO
56473,CPS0019,CONSUMO DE LAMINADO
56473,46192,LAMINADO 330MM PPBB60-P4-G62S
56474,CPS0019,CONSUMO DE LAMINADO
56474,46192,LAMINADO 330MM PPBB60-P4-G62S
56475,CPS0019,CONSUMO DE LAMINADO
56475,46192,LAMINADO 330MM PPBB60-P4-G62S
56478,CPS0019,CONSUMO DE LAMINADO
56478,48724,LAMINADO 250MM BOPP  BLACO. 60 UTC RI 707/BL 8065
56478,46828,LAMINADO 250 MM BOPP BLANCO 38 M/P4
56479,38978,LAMINADO 333MM PP TRANSPARENTE 50TC S0208 BG62B
56479,CPS0019,CONSUMO DE LAMINADO
56480,CPS0019,CONSUMO DE LAMINADO
56480,48724,LAMINADO 250MM BOPP  BLACO. 60 UTC RI 707/BL 8065
56481,42252,LAMINADO CINTA P/LAM  PP TRANSP. 300MM BRILLANTE 24M
56481,CPS0019,CONSUMO DE LAMINADO
56481,56777,LAMINADO 300MM PAPEL SEMIBRILLO L80-P6H-G62S ARC
56482,CPS0019,CONSUMO DE LAMINADO
56482,50359,LAMINADO FILM PETG 240 MM 45 MIC
56483,CPS0019,CONSUMO DE LAMINADO
56483,50359,LAMINADO FILM PETG 240 MM 45 MIC
56486,CPS0019,CONSUMO DE LAMINADO
56486,53894,LAMINADO 300MM PP TRANSP. RP37 SY105C UPM RAFLATAC
56487,CPS0019,CONSUMO DE LAMINADO
56487,44927,LAMINADO 330MM PAPEL SEMIBRILLO L80-PH-G62S ( EXACTO) ARP
56488,44927,LAMINADO 330MM PAPEL SEMIBRILLO L80-PH-G62S ( EXACTO) ARP
56488,CPS0019,CONSUMO DE LAMINADO
56489,CPS0019,CONSUMO DE LAMINADO
56489,44927,LAMINADO 330MM PAPEL SEMIBRILLO L80-PH-G62S ( EXACTO) ARP
56490,CPS0019,CONSUMO DE LAMINADO
56490,56389,LAMINADO 333MM PAPEL SEMIBRILLO BG62 ECOPRINT S2045 AD
56493,CPS0019,CONSUMO DE LAMINADO
56493,46118,LAMINADO 300MM PPBB60-P1-G62S
56494,CPS0019,CONSUMO DE LAMINADO
56494,46145,LAMINADO 110MM PPBB60-P1-G62S
56495,CPS0019,CONSUMO DE LAMINADO
56495,57374,LAMINADO 330MM PP BCO BTE PPBB60-P ARP
56498,45856,LAMINADO 330MM PAPEL SEMIBRILLO 6770 80 GR AP 904 RI
56498,CPS0019,CONSUMO DE LAMINADO
56499,CPS0019,CONSUMO DE LAMINADO
56499,45856,LAMINADO 330MM PAPEL SEMIBRILLO 6770 80 GR AP 904 RI
56504,44928,LAMINADO 300MM PAPEL SEMIBRILLO L80-PH-G62S Exacto ARP
56504,CPS0019,CONSUMO DE LAMINADO
56505,CPS0019,CONSUMO DE LAMINADO
56505,50359,LAMINADO FILM PETG 240 MM 45 MIC
56506,CPS0019,CONSUMO DE LAMINADO
56506,50359,LAMINADO FILM PETG 240 MM 45 MIC
56508,CPS0019,CONSUMO DE LAMINADO
56508,50359,LAMINADO FILM PETG 240 MM 45 MIC
56509,CPS0019,CONSUMO DE LAMINADO
56509,50359,LAMINADO FILM PETG 240 MM 45 MIC
56510,44928,LAMINADO 300MM PAPEL SEMIBRILLO L80-PH-G62S Exacto ARP
56510,CPS0019,CONSUMO DE LAMINADO
56511,CPS0019,CONSUMO DE LAMINADO
56511,54394,LAMINADO 333MM PP BCO. SY1071H RP37 EXACTO UPM
56512,CPS0019,CONSUMO DE LAMINADO
56512,54394,LAMINADO 333MM PP BCO. SY1071H RP37 EXACTO UPM
56513,CPS0019,CONSUMO DE LAMINADO
56513,54394,LAMINADO 333MM PP BCO. SY1071H RP37 EXACTO UPM
56514,CPS0019,CONSUMO DE LAMINADO
56514,54394,LAMINADO 333MM PP BCO. SY1071H RP37 EXACTO UPM
56516,CPS0019,CONSUMO DE LAMINADO
56516,45856,LAMINADO 330MM PAPEL SEMIBRILLO 6770 80 GR AP 904 RI
56517,CPS0019,CONSUMO DE LAMINADO
56517,54314,LAMINADO 167 WINEGLASS (MANUAL) 10939 RI
56518,CPS0019,CONSUMO DE LAMINADO
56518,52915,LAMINADO 333MM PP TRANSP. RP37 SY105C UPM RAFLATAC
56519,CPS0019,CONSUMO DE LAMINADO
56519,45997,LAMINADO 160MM PAPEL SEMIBRILLO L80-PH-G62S (EXACTO) ARP
56520,CPS0019,CONSUMO DE LAMINADO
56520,45997,LAMINADO 160MM PAPEL SEMIBRILLO L80-PH-G62S (EXACTO) ARP
56521,CPS0019,CONSUMO DE LAMINADO
56521,45997,LAMINADO 160MM PAPEL SEMIBRILLO L80-PH-G62S (EXACTO) ARP
56522,CPS0019,CONSUMO DE LAMINADO
56522,45997,LAMINADO 160MM PAPEL SEMIBRILLO L80-PH-G62S (EXACTO) ARP
56523,CPS0019,CONSUMO DE LAMINADO
56523,45997,LAMINADO 160MM PAPEL SEMIBRILLO L80-PH-G62S (EXACTO) ARP
56527,CPS0019,CONSUMO DE LAMINADO
56527,49188,LAMINADO 333MM GREEN PAPER TD AE500 GL62 INNO
56528,CPS0019,CONSUMO DE LAMINADO
56528,51558,LAMINADO FILM PETG 360 MM 45 MIC
56530,CPS0019,CONSUMO DE LAMINADO
56530,46148,LAMINADO 330MM PPBB60-P1-G62S
56531,CPS0019,CONSUMO DE LAMINADO
56531,46148,LAMINADO 330MM PPBB60-P1-G62S
56532,CPS0019,CONSUMO DE LAMINADO
56532,46148,LAMINADO 330MM PPBB60-P1-G62S
56533,CPS0019,CONSUMO DE LAMINADO
56533,45856,LAMINADO 330MM PAPEL SEMIBRILLO 6770 80 GR AP 904 RI
56534,CPS0019,CONSUMO DE LAMINADO
56534,45856,LAMINADO 330MM PAPEL SEMIBRILLO 6770 80 GR AP 904 RI
56535,CPS0019,CONSUMO DE LAMINADO
56535,45856,LAMINADO 330MM PAPEL SEMIBRILLO 6770 80 GR AP 904 RI
56536,CPS0019,CONSUMO DE LAMINADO
56536,45856,LAMINADO 330MM PAPEL SEMIBRILLO 6770 80 GR AP 904 RI
56538,46452,LAMINADO 300MM PAPEL SEMIBRILLO 6770 80 GR AP 904 RI
56538,CPS0019,CONSUMO DE LAMINADO
56539,CPS0019,CONSUMO DE LAMINADO
56539,46452,LAMINADO 300MM PAPEL SEMIBRILLO 6770 80 GR AP 904 RI
56540,CPS0019,CONSUMO DE LAMINADO
56540,44927,LAMINADO 330MM PAPEL SEMIBRILLO L80-PH-G62S ( EXACTO) ARP
56545,CPS0019,CONSUMO DE LAMINADO
56545,46148,LAMINADO 330MM PPBB60-P1-G62S
56547,CPS0019,CONSUMO DE LAMINADO
56547,46137,LAMINADO 320MM PAPEL SEMIBRILLO L80-PH-G62S (EXACTO) ARP
56548,CPS0019,CONSUMO DE LAMINADO
56548,57755,LAMINADO 160MM PP BCO BTE PPBB60-P ARP (SAMSON/ARP)
56552,CPS0019,CONSUMO DE LAMINADO
56552,45856,LAMINADO 330MM PAPEL SEMIBRILLO 6770 80 GR AP 904 RI
56553,CPS0019,CONSUMO DE LAMINADO
56553,45856,LAMINADO 330MM PAPEL SEMIBRILLO 6770 80 GR AP 904 RI
56554,CPS0019,CONSUMO DE LAMINADO
56554,50359,LAMINADO FILM PETG 240 MM 45 MIC
56555,44928,LAMINADO 300MM PAPEL SEMIBRILLO L80-PH-G62S Exacto ARP
56555,CPS0019,CONSUMO DE LAMINADO
56556,CPS0019,CONSUMO DE LAMINADO
56556,50359,LAMINADO FILM PETG 240 MM 45 MIC
56557,CPS0019,CONSUMO DE LAMINADO
56557,50359,LAMINADO FILM PETG 240 MM 45 MIC
56558,CPS0019,CONSUMO DE LAMINADO
56558,50359,LAMINADO FILM PETG 240 MM 45 MIC
56559,CPS0019,CONSUMO DE LAMINADO
56559,50359,LAMINADO FILM PETG 240 MM 45 MIC
56564,CPS0019,CONSUMO DE LAMINADO
56564,46344,LAMINADO 160MM PPBB60-P1-G62S (Samson)
56565,42817,LAMINADO 300MM BOPP BCO. BRILLANTE 60 TC (08065)
56565,CPS0019,CONSUMO DE LAMINADO
56566,42817,LAMINADO 300MM BOPP BCO. BRILLANTE 60 TC (08065)
56566,CPS0019,CONSUMO DE LAMINADO
56567,42817,LAMINADO 300MM BOPP BCO. BRILLANTE 60 TC (08065)
56567,CPS0019,CONSUMO DE LAMINADO
56568,42817,LAMINADO 300MM BOPP BCO. BRILLANTE 60 TC (08065)
56568,CPS0019,CONSUMO DE LAMINADO
56569,42817,LAMINADO 300MM BOPP BCO. BRILLANTE 60 TC (08065)
56569,CPS0019,CONSUMO DE LAMINADO
56570,44828,LAMINADO 250MM PPBB60-P1-G62S
56570,CPS0019,CONSUMO DE LAMINADO
56571,CPS0019,CONSUMO DE LAMINADO
56571,46148,LAMINADO 330MM PPBB60-P1-G62S
56572,CPS0019,CONSUMO DE LAMINADO
56572,52915,LAMINADO 333MM PP TRANSP. RP37 SY105C UPM RAFLATAC
56573,CPS0019,CONSUMO DE LAMINADO
56573,44928,LAMINADO 300MM PAPEL SEMIBRILLO L80-PH-G62S Exacto ARP
56578,CPS0019,CONSUMO DE LAMINADO
56578,50753,LAMINADO 330MM PPDL54P4 OPTIMA MATE 2 G60 MIC
56578,50136,LAMINADO CINTA P/LAMINAR  PP TRANSP. 320MM OLPP24-MATE-º1500º
56579,CPS0019,CONSUMO DE LAMINADO
56579,53511,LAMINADO 330 MM PPDL54P1 OPTIMA MATE G60 ARC
56579,46148,LAMINADO 330MM PPBB60-P1-G62S
56581,CPS0019,CONSUMO DE LAMINADO
56581,57559,LAMINADO 330MM PAPEL SEMIBRILLO L80-PH-G60 ARP
56582,CPS0019,CONSUMO DE LAMINADO
56582,51557,LAMINADO FILM PETG 280 MM 45 MIC
56582,45939,LAMINADO FOLIA PLATA COLDFOIL 160MM DSCF613-OP COR
56583,45939,LAMINADO FOLIA PLATA COLDFOIL 160MM DSCF613-OP COR
56583,CPS0019,CONSUMO DE LAMINADO
56583,50360,LAMINADO FILM PETG 300 MM 45 MIC
56584,CPS0019,CONSUMO DE LAMINADO
56584,44927,LAMINADO 330MM PAPEL SEMIBRILLO L80-PH-G62S ( EXACTO) ARP
56585,CPS0019,CONSUMO DE LAMINADO
56585,46344,LAMINADO 160MM PPBB60-P1-G62S (Samson)
56590,45856,LAMINADO 330MM PAPEL SEMIBRILLO 6770 80 GR AP 904 RI
56590,CPS0019,CONSUMO DE LAMINADO
56591,CPS0019,CONSUMO DE LAMINADO
56591,45856,LAMINADO 330MM PAPEL SEMIBRILLO 6770 80 GR AP 904 RI
56592,CPS0019,CONSUMO DE LAMINADO
56592,45856,LAMINADO 330MM PAPEL SEMIBRILLO 6770 80 GR AP 904 RI
56593,CPS0019,CONSUMO DE LAMINADO
56593,45856,LAMINADO 330MM PAPEL SEMIBRILLO 6770 80 GR AP 904 RI
56594,CPS0019,CONSUMO DE LAMINADO
56594,46036,LAMINADO 110MM PAPEL SEMIBRILLO L80-PH-G62S (EXACTO) ARP
56595,CPS0019,CONSUMO DE LAMINADO
56595,55734,LAMINADO FOLIA PLATA COLDFOIL 120 MM COR
56595,48647,LAMINADO FILM PETG 330 MM 45 MIC
56597,CPS0019,CONSUMO DE LAMINADO
56597,57559,LAMINADO 330MM PAPEL SEMIBRILLO L80-PH-G60 ARP
56599,44928,LAMINADO 300MM PAPEL SEMIBRILLO L80-PH-G62S Exacto ARP
56599,CPS0019,CONSUMO DE LAMINADO
56600,CPS0019,CONSUMO DE LAMINADO
56600,44928,LAMINADO 300MM PAPEL SEMIBRILLO L80-PH-G62S Exacto ARP
56601,44928,LAMINADO 300MM PAPEL SEMIBRILLO L80-PH-G62S Exacto ARP
56601,CPS0019,CONSUMO DE LAMINADO
56602,44927,LAMINADO 330MM PAPEL SEMIBRILLO L80-PH-G62S ( EXACTO) ARP
56602,CPS0019,CONSUMO DE LAMINADO
56603,CPS0019,CONSUMO DE LAMINADO
56603,44927,LAMINADO 330MM PAPEL SEMIBRILLO L80-PH-G62S ( EXACTO) ARP
56605,CPS0019,CONSUMO DE LAMINADO
56605,50360,LAMINADO FILM PETG 300 MM 45 MIC
56606,44927,LAMINADO 330MM PAPEL SEMIBRILLO L80-PH-G62S ( EXACTO) ARP
56606,CPS0019,CONSUMO DE LAMINADO
56607,CPS0019,CONSUMO DE LAMINADO
56607,46452,LAMINADO 300MM PAPEL SEMIBRILLO 6770 80 GR AP 904 RI
56608,43860,LAMINADO 330MM PP BCO BTE P4 38M G58 ARC
56608,CPS0019,CONSUMO DE LAMINADO
56608,46192,LAMINADO 330MM PPBB60-P4-G62S
56609,CPS0019,CONSUMO DE LAMINADO
56609,45997,LAMINADO 160MM PAPEL SEMIBRILLO L80-PH-G62S (EXACTO) ARP
56610,CPS0019,CONSUMO DE LAMINADO
56610,44927,LAMINADO 330MM PAPEL SEMIBRILLO L80-PH-G62S ( EXACTO) ARP
56611,43860,LAMINADO 330MM PP BCO BTE P4 38M G58 ARC
56611,CPS0019,CONSUMO DE LAMINADO
56611,46192,LAMINADO 330MM PPBB60-P4-G62S
56615,CPS0019,CONSUMO DE LAMINADO
56615,57844,LAMINADO 330MM PAPEL SEMIBRILLO L80 -P - G60 AR
56616,CPS0019,CONSUMO DE LAMINADO
56616,49360,LAMINADO 250MM PP TRANSP.51MC RP37
56617,CPS0019,CONSUMO DE LAMINADO
56617,45856,LAMINADO 330MM PAPEL SEMIBRILLO 6770 80 GR AP 904 RI
56618,CPS0019,CONSUMO DE LAMINADO
56618,45856,LAMINADO 330MM PAPEL SEMIBRILLO 6770 80 GR AP 904 RI
56620,CPS0019,CONSUMO DE LAMINADO
56620,50359,LAMINADO FILM PETG 240 MM 45 MIC
56621,CPS0019,CONSUMO DE LAMINADO
56621,50359,LAMINADO FILM PETG 240 MM 45 MIC
56622,CPS0019,CONSUMO DE LAMINADO
56622,50359,LAMINADO FILM PETG 240 MM 45 MIC
56624,44927,LAMINADO 330MM PAPEL SEMIBRILLO L80-PH-G62S ( EXACTO) ARP
56624,CPS0019,CONSUMO DE LAMINADO
56625,44927,LAMINADO 330MM PAPEL SEMIBRILLO L80-PH-G62S ( EXACTO) ARP
56625,CPS0019,CONSUMO DE LAMINADO
56628,CPS0019,CONSUMO DE LAMINADO
56628,46452,LAMINADO 300MM PAPEL SEMIBRILLO 6770 80 GR AP 904 RI
56629,CPS0019,CONSUMO DE LAMINADO
56629,46452,LAMINADO 300MM PAPEL SEMIBRILLO 6770 80 GR AP 904 RI
56631,46118,LAMINADO 300MM PPBB60-P1-G62S
56631,CPS0019,CONSUMO DE LAMINADO
56632,46118,LAMINADO 300MM PPBB60-P1-G62S
56632,CPS0019,CONSUMO DE LAMINADO
56633,CPS0019,CONSUMO DE LAMINADO
56633,46118,LAMINADO 300MM PPBB60-P1-G62S
56634,CPS0019,CONSUMO DE LAMINADO
56634,46118,LAMINADO 300MM PPBB60-P1-G62S
56635,CPS0019,CONSUMO DE LAMINADO
56635,49668,LAMINADO 200MM PP TRANSP.51MC RP37
56637,42252,LAMINADO CINTA P/LAM  PP TRANSP. 300MM BRILLANTE 24M
56637,CPS0019,CONSUMO DE LAMINADO
56637,57872,LAMINADO 300MM PAPEL SEMIBRILLO L80 -P - G60 ARP
56638,42252,LAMINADO CINTA P/LAM  PP TRANSP. 300MM BRILLANTE 24M
56638,CPS0019,CONSUMO DE LAMINADO
56638,45856,LAMINADO 330MM PAPEL SEMIBRILLO 6770 80 GR AP 904 RI
56639,CPS0019,CONSUMO DE LAMINADO
56639,46452,LAMINADO 300MM PAPEL SEMIBRILLO 6770 80 GR AP 904 RI
56640,CPS0019,CONSUMO DE LAMINADO
56640,46148,LAMINADO 330MM PPBB60-P1-G62S
56644,CPS0019,CONSUMO DE LAMINADO
56644,52915,LAMINADO 333MM PP TRANSP. RP37 SY105C UPM RAFLATAC
56645,CPS0019,CONSUMO DE LAMINADO
56645,45856,LAMINADO 330MM PAPEL SEMIBRILLO 6770 80 GR AP 904 RI
56646,CPS0019,CONSUMO DE LAMINADO
56646,57755,LAMINADO 160MM PP BCO BTE PPBB60-P ARP (SAMSON/ARP)
56647,CPS0019,CONSUMO DE LAMINADO
56647,46344,LAMINADO 160MM PPBB60-P1-G62S (Samson)
56650,CPS0019,CONSUMO DE LAMINADO
56650,44533,LAMINADO 320MM PPDL54P4 OPTIMA MATE AF1000 G60 ARC
56651,44533,LAMINADO 320MM PPDL54P4 OPTIMA MATE AF1000 G60 ARC
56651,CPS0019,CONSUMO DE LAMINADO
56652,CPS0019,CONSUMO DE LAMINADO
56652,50047,LAMINADO 330MM PAPEL BRILLANTE INKJET 7978 AP904
56653,CPS0019,CONSUMO DE LAMINADO
56653,46036,LAMINADO 110MM PAPEL SEMIBRILLO L80-PH-G62S (EXACTO) ARP
56654,CPS0019,CONSUMO DE LAMINADO
56654,46036,LAMINADO 110MM PAPEL SEMIBRILLO L80-PH-G62S (EXACTO) ARP
56655,CPS0019,CONSUMO DE LAMINADO
56655,50359,LAMINADO FILM PETG 240 MM 45 MIC
56656,CPS0019,CONSUMO DE LAMINADO
56656,54082,LAMINADO 300MM BOPP  METALIZADO PLATA BRILLANTE RP37UPM
56657,CPS0019,CONSUMO DE LAMINADO
56657,52915,LAMINADO 333MM PP TRANSP. RP37 SY105C UPM RAFLATAC
56659,44928,LAMINADO 300MM PAPEL SEMIBRILLO L80-PH-G62S Exacto ARP
56659,CPS0019,CONSUMO DE LAMINADO
56660,44928,LAMINADO 300MM PAPEL SEMIBRILLO L80-PH-G62S Exacto ARP
56660,CPS0019,CONSUMO DE LAMINADO
56661,44928,LAMINADO 300MM PAPEL SEMIBRILLO L80-PH-G62S Exacto ARP
56661,CPS0019,CONSUMO DE LAMINADO
56662,CPS0019,CONSUMO DE LAMINADO
56662,44533,LAMINADO 320MM PPDL54P4 OPTIMA MATE AF1000 G60 ARC
56663,CPS0019,CONSUMO DE LAMINADO
56663,46148,LAMINADO 330MM PPBB60-P1-G62S
56664,CPS0019,CONSUMO DE LAMINADO
56664,45682,LAMINADO 333MM PAPEL TERMICO T70/P ARC
56665,CPS0019,CONSUMO DE LAMINADO
56665,44928,LAMINADO 300MM PAPEL SEMIBRILLO L80-PH-G62S Exacto ARP
56666,CPS0019,CONSUMO DE LAMINADO
56666,46452,LAMINADO 300MM PAPEL SEMIBRILLO 6770 80 GR AP 904 RI
56667,CPS0019,CONSUMO DE LAMINADO
56667,46452,LAMINADO 300MM PAPEL SEMIBRILLO 6770 80 GR AP 904 RI
56668,CPS0019,CONSUMO DE LAMINADO
56668,52915,LAMINADO 333MM PP TRANSP. RP37 SY105C UPM RAFLATAC
56672,CPS0019,CONSUMO DE LAMINADO
56672,46344,LAMINADO 160MM PPBB60-P1-G62S (Samson)
56673,CPS0019,CONSUMO DE LAMINADO
56673,46344,LAMINADO 160MM PPBB60-P1-G62S (Samson)
56674,CPS0019,CONSUMO DE LAMINADO
56674,46344,LAMINADO 160MM PPBB60-P1-G62S (Samson)
56675,CPS0019,CONSUMO DE LAMINADO
56675,51656,LAMINADO 110MM PPDL54P4 OPTIMA MATE 2 G60 MIC
56676,CPS0019,CONSUMO DE LAMINADO
56676,45856,LAMINADO 330MM PAPEL SEMIBRILLO 6770 80 GR AP 904 RI
56677,CPS0019,CONSUMO DE LAMINADO
56677,45856,LAMINADO 330MM PAPEL SEMIBRILLO 6770 80 GR AP 904 RI
56678,CPS0019,CONSUMO DE LAMINADO
56678,45856,LAMINADO 330MM PAPEL SEMIBRILLO 6770 80 GR AP 904 RI
56679,CPS0019,CONSUMO DE LAMINADO
56679,46344,LAMINADO 160MM PPBB60-P1-G62S (Samson)
56680,CPS0019,CONSUMO DE LAMINADO
56680,46344,LAMINADO 160MM PPBB60-P1-G62S (Samson)
56681,CPS0019,CONSUMO DE LAMINADO
56681,46344,LAMINADO 160MM PPBB60-P1-G62S (Samson)
56682,CPS0019,CONSUMO DE LAMINADO
56682,46344,LAMINADO 160MM PPBB60-P1-G62S (Samson)
56684,CPS0019,CONSUMO DE LAMINADO
56684,50359,LAMINADO FILM PETG 240 MM 45 MIC
56685,CPS0019,CONSUMO DE LAMINADO
56685,50359,LAMINADO FILM PETG 240 MM 45 MIC
56686,CPS0019,CONSUMO DE LAMINADO
56686,50359,LAMINADO FILM PETG 240 MM 45 MIC
56687,CPS0019,CONSUMO DE LAMINADO
56687,46148,LAMINADO 330MM PPBB60-P1-G62S
56688,CPS0019,CONSUMO DE LAMINADO
56688,46148,LAMINADO 330MM PPBB60-P1-G62S
56689,CPS0019,CONSUMO DE LAMINADO
56689,46148,LAMINADO 330MM PPBB60-P1-G62S
56690,CPS0019,CONSUMO DE LAMINADO
56690,46148,LAMINADO 330MM PPBB60-P1-G62S
56691,46118,LAMINADO 300MM PPBB60-P1-G62S
56691,CPS0019,CONSUMO DE LAMINADO
56692,CPS0019,CONSUMO DE LAMINADO
56692,46118,LAMINADO 300MM PPBB60-P1-G62S
56693,45997,LAMINADO 160MM PAPEL SEMIBRILLO L80-PH-G62S (EXACTO) ARP
56693,CPS0019,CONSUMO DE LAMINADO
56694,CPS0019,CONSUMO DE LAMINADO
56694,45997,LAMINADO 160MM PAPEL SEMIBRILLO L80-PH-G62S (EXACTO) ARP
56695,CPS0019,CONSUMO DE LAMINADO
56695,45856,LAMINADO 330MM PAPEL SEMIBRILLO 6770 80 GR AP 904 RI
56696,CPS0019,CONSUMO DE LAMINADO
56696,45856,LAMINADO 330MM PAPEL SEMIBRILLO 6770 80 GR AP 904 RI
56697,45856,LAMINADO 330MM PAPEL SEMIBRILLO 6770 80 GR AP 904 RI
56697,CPS0019,CONSUMO DE LAMINADO
56698,CPS0019,CONSUMO DE LAMINADO
56698,50359,LAMINADO FILM PETG 240 MM 45 MIC
56699,CPS0019,CONSUMO DE LAMINADO
56699,50359,LAMINADO FILM PETG 240 MM 45 MIC
567,CPS0019,CONSUMO DE LAMINADO
567,58514,LAMINADO 330MM PAPEL TERMICO T70-PH-TOP-G60 ARP
56705,CPS0019,CONSUMO DE LAMINADO
56705,56304,LAMINADO 300MM PP  BCO. SY1071H RP37 EXACTO UPM
56706,CPS0019,CONSUMO DE LAMINADO
56706,52915,LAMINADO 333MM PP TRANSP. RP37 SY105C UPM RAFLATAC
56707,CPS0019,CONSUMO DE LAMINADO
56707,46148,LAMINADO 330MM PPBB60-P1-G62S
56708,CPS0019,CONSUMO DE LAMINADO
56708,50359,LAMINADO FILM PETG 240 MM 45 MIC
56709,CPS0019,CONSUMO DE LAMINADO
56709,50359,LAMINADO FILM PETG 240 MM 45 MIC
56710,CPS0019,CONSUMO DE LAMINADO
56710,50359,LAMINADO FILM PETG 240 MM 45 MIC
56711,CPS0019,CONSUMO DE LAMINADO
56711,50359,LAMINADO FILM PETG 240 MM 45 MIC
56712,CPS0019,CONSUMO DE LAMINADO
56712,50359,LAMINADO FILM PETG 240 MM 45 MIC
56713,CPS0019,CONSUMO DE LAMINADO
56713,50359,LAMINADO FILM PETG 240 MM 45 MIC
56714,CPS0019,CONSUMO DE LAMINADO
56714,50359,LAMINADO FILM PETG 240 MM 45 MIC
56715,CPS0019,CONSUMO DE LAMINADO
56715,53511,LAMINADO 330 MM PPDL54P1 OPTIMA MATE G60 ARC
56715,56502,LAMINADO 330MM PPBB57-P1-G62S ARC
56716,CPS0019,CONSUMO DE LAMINADO
56716,50359,LAMINADO FILM PETG 240 MM 45 MIC
56717,CPS0019,CONSUMO DE LAMINADO
56717,53511,LAMINADO 330 MM PPDL54P1 OPTIMA MATE G60 ARC
56717,46148,LAMINADO 330MM PPBB60-P1-G62S
56720,CPS0019,CONSUMO DE LAMINADO
56720,44927,LAMINADO 330MM PAPEL SEMIBRILLO L80-PH-G62S ( EXACTO) ARP
56722,CPS0019,CONSUMO DE LAMINADO
56722,46118,LAMINADO 300MM PPBB60-P1-G62S
56723,CPS0019,CONSUMO DE LAMINADO
56723,56392,LAMINADO 330MM WHITE COVER
56724,CPS0019,CONSUMO DE LAMINADO
56724,46148,LAMINADO 330MM PPBB60-P1-G62S
56725,CPS0019,CONSUMO DE LAMINADO
56725,52915,LAMINADO 333MM PP TRANSP. RP37 SY105C UPM RAFLATAC
56726,CPS0019,CONSUMO DE LAMINADO
56726,50257,LAMINADO 333MM PE ZZ BLANCO MATE TRANSFER C2075
56727,44236,LAMINADO 250MM TERMICO PROTEGIDO 7836 THERMAL TC /80 GR GL/60 RI
56727,CPS0019,CONSUMO DE LAMINADO
56728,CPS0019,CONSUMO DE LAMINADO
56728,44927,LAMINADO 330MM PAPEL SEMIBRILLO L80-PH-G62S ( EXACTO) ARP
56729,CPS0019,CONSUMO DE LAMINADO
56729,44892,LAMINADO 200MM PPBB60-P4-G62S
56730,CPS0019,CONSUMO DE LAMINADO
56730,44892,LAMINADO 200MM PPBB60-P4-G62S
56731,44892,LAMINADO 200MM PPBB60-P4-G62S
56731,CPS0019,CONSUMO DE LAMINADO
56732,CPS0019,CONSUMO DE LAMINADO
56732,51558,LAMINADO FILM PETG 360 MM 45 MIC
56734,CPS0019,CONSUMO DE LAMINADO
56734,56612,LAMINADO 280MM PAPEL SEMIBRILLO L80-P6H ARC
56735,CPS0019,CONSUMO DE LAMINADO
56735,56612,LAMINADO 280MM PAPEL SEMIBRILLO L80-P6H ARC
56736,CPS0019,CONSUMO DE LAMINADO
56736,56612,LAMINADO 280MM PAPEL SEMIBRILLO L80-P6H ARC
56737,CPS0019,CONSUMO DE LAMINADO
56737,56612,LAMINADO 280MM PAPEL SEMIBRILLO L80-P6H ARC
56738,CPS0019,CONSUMO DE LAMINADO
56738,56612,LAMINADO 280MM PAPEL SEMIBRILLO L80-P6H ARC
56739,CPS0019,CONSUMO DE LAMINADO
56739,56612,LAMINADO 280MM PAPEL SEMIBRILLO L80-P6H ARC
56740,CPS0019,CONSUMO DE LAMINADO
56740,46344,LAMINADO 160MM PPBB60-P1-G62S (Samson)
56741,CPS0019,CONSUMO DE LAMINADO
56741,56885,LAMINADO 320MM PAPEL SEMIBRILLO L80-P6H-G62S ARC
56742,CPS0019,CONSUMO DE LAMINADO
56742,56885,LAMINADO 320MM PAPEL SEMIBRILLO L80-P6H-G62S ARC
56743,CPS0019,CONSUMO DE LAMINADO
56743,56885,LAMINADO 320MM PAPEL SEMIBRILLO L80-P6H-G62S ARC
56744,CPS0019,CONSUMO DE LAMINADO
56744,56885,LAMINADO 320MM PAPEL SEMIBRILLO L80-P6H-G62S ARC
56745,CPS0019,CONSUMO DE LAMINADO
56745,56885,LAMINADO 320MM PAPEL SEMIBRILLO L80-P6H-G62S ARC
56747,CPS0019,CONSUMO DE LAMINADO
56747,53882,LAMINADO 320 MM PPDL54P1 OPTIMA MATE G60 ARC
56748,CPS0019,CONSUMO DE LAMINADO
56748,46148,LAMINADO 330MM PPBB60-P1-G62S
56749,CPS0019,CONSUMO DE LAMINADO
56749,46452,LAMINADO 300MM PAPEL SEMIBRILLO 6770 80 GR AP 904 RI
56751,39651,LAMINADO 200MM PAPEL SEMIBRILLO cod. 6770 RI
56751,CPS0019,CONSUMO DE LAMINADO
56753,CPS0019,CONSUMO DE LAMINADO
56753,46148,LAMINADO 330MM PPBB60-P1-G62S
56754,CPS0019,CONSUMO DE LAMINADO
56754,46148,LAMINADO 330MM PPBB60-P1-G62S
56757,CPS0019,CONSUMO DE LAMINADO
56757,46344,LAMINADO 160MM PPBB60-P1-G62S (Samson)
56758,CPS0019,CONSUMO DE LAMINADO
56758,45856,LAMINADO 330MM PAPEL SEMIBRILLO 6770 80 GR AP 904 RI
56759,CPS0019,CONSUMO DE LAMINADO
56759,50094,LAMINADO 333MM PP BLANCO MATE TRANSFER C2075 F8212B
56760,CPS0019,CONSUMO DE LAMINADO
56760,52915,LAMINADO 333MM PP TRANSP. RP37 SY105C UPM RAFLATAC
56762,CPS0019,CONSUMO DE LAMINADO
56762,46344,LAMINADO 160MM PPBB60-P1-G62S (Samson)
56763,CPS0019,CONSUMO DE LAMINADO
56763,46344,LAMINADO 160MM PPBB60-P1-G62S (Samson)
56764,CPS0019,CONSUMO DE LAMINADO
56764,45856,LAMINADO 330MM PAPEL SEMIBRILLO 6770 80 GR AP 904 RI
56765,CPS0019,CONSUMO DE LAMINADO
56765,52915,LAMINADO 333MM PP TRANSP. RP37 SY105C UPM RAFLATAC
56766,CPS0019,CONSUMO DE LAMINADO
56766,56776,LAMINADO 260MM PAPEL SEMIBRILLO L80-P6H-G62S ARC
56767,CPS0019,CONSUMO DE LAMINADO
56767,56776,LAMINADO 260MM PAPEL SEMIBRILLO L80-P6H-G62S ARC
56768,CPS0019,CONSUMO DE LAMINADO
56768,56776,LAMINADO 260MM PAPEL SEMIBRILLO L80-P6H-G62S ARC
56769,CPS0019,CONSUMO DE LAMINADO
56769,56776,LAMINADO 260MM PAPEL SEMIBRILLO L80-P6H-G62S ARC
56770,CPS0019,CONSUMO DE LAMINADO
56770,54394,LAMINADO 333MM PP BCO. SY1071H RP37 EXACTO UPM
56771,45856,LAMINADO 330MM PAPEL SEMIBRILLO 6770 80 GR AP 904 RI
56771,CPS0019,CONSUMO DE LAMINADO
56772,CPS0019,CONSUMO DE LAMINADO
56772,45856,LAMINADO 330MM PAPEL SEMIBRILLO 6770 80 GR AP 904 RI
56773,CPS0019,CONSUMO DE LAMINADO
56773,711,LAMINADO 160MM PAPEL SEMIBRILLO 6770 80G AP 904 RI
56774,CPS0019,CONSUMO DE LAMINADO
56774,52693,LAMINADO 330MM BOPP BLANCO BRILLANTE F1180 60 UTC -ACR- GL 60 MICROGEO
56792,CPS0019,CONSUMO DE LAMINADO
56792,47563,LAMINADO 250 MM PAPEL TERMICO PROTEGIDO T77 PH G62
56793,CPS0019,CONSUMO DE LAMINADO
56793,50359,LAMINADO FILM PETG 240 MM 45 MIC
56794,CPS0019,CONSUMO DE LAMINADO
56794,50359,LAMINADO FILM PETG 240 MM 45 MIC
56796,CPS0019,CONSUMO DE LAMINADO
56796,57559,LAMINADO 330MM PAPEL SEMIBRILLO L80-PH-G60 ARP
56797,CPS0019,CONSUMO DE LAMINADO
56797,46148,LAMINADO 330MM PPBB60-P1-G62S
56798,CPS0019,CONSUMO DE LAMINADO
56798,53511,LAMINADO 330 MM PPDL54P1 OPTIMA MATE G60 ARC
56799,CPS0019,CONSUMO DE LAMINADO
56799,46148,LAMINADO 330MM PPBB60-P1-G62S
56800,CPS0019,CONSUMO DE LAMINADO
56800,46148,LAMINADO 330MM PPBB60-P1-G62S
56801,CPS0019,CONSUMO DE LAMINADO
56801,46148,LAMINADO 330MM PPBB60-P1-G62S
56802,CPS0019,CONSUMO DE LAMINADO
56802,46452,LAMINADO 300MM PAPEL SEMIBRILLO 6770 80 GR AP 904 RI
56803,45856,LAMINADO 330MM PAPEL SEMIBRILLO 6770 80 GR AP 904 RI
56803,CPS0019,CONSUMO DE LAMINADO
56804,CPS0019,CONSUMO DE LAMINADO
56804,46452,LAMINADO 300MM PAPEL SEMIBRILLO 6770 80 GR AP 904 RI
56805,CPS0019,CONSUMO DE LAMINADO
56805,45856,LAMINADO 330MM PAPEL SEMIBRILLO 6770 80 GR AP 904 RI
56806,CPS0019,CONSUMO DE LAMINADO
56806,46148,LAMINADO 330MM PPBB60-P1-G62S
56807,CPS0019,CONSUMO DE LAMINADO
56807,59425,LAMINADO 330MM PP TRANSP CLEAN FLAKE PPTC/S7400ER/PET23 AD
56808,CPS0019,CONSUMO DE LAMINADO
56808,46148,LAMINADO 330MM PPBB60-P1-G62S
56809,CPS0019,CONSUMO DE LAMINADO
56809,57373,LAMINADO 300MM PP BCO BTE PPBB60-P ARP
56810,CPS0019,CONSUMO DE LAMINADO
56810,57374,LAMINADO 330MM PP BCO BTE PPBB60-P ARP
56811,CPS0019,CONSUMO DE LAMINADO
56811,57373,LAMINADO 300MM PP BCO BTE PPBB60-P ARP
56812,CPS0019,CONSUMO DE LAMINADO
56812,57374,LAMINADO 330MM PP BCO BTE PPBB60-P ARP
56813,CPS0019,CONSUMO DE LAMINADO
56813,57373,LAMINADO 300MM PP BCO BTE PPBB60-P ARP
56814,CPS0019,CONSUMO DE LAMINADO
56814,57373,LAMINADO 300MM PP BCO BTE PPBB60-P ARP
56815,CPS0019,CONSUMO DE LAMINADO
56815,57373,LAMINADO 300MM PP BCO BTE PPBB60-P ARP
56816,CPS0019,CONSUMO DE LAMINADO
56816,57373,LAMINADO 300MM PP BCO BTE PPBB60-P ARP
56817,CPS0019,CONSUMO DE LAMINADO
56817,57373,LAMINADO 300MM PP BCO BTE PPBB60-P ARP
56818,CPS0019,CONSUMO DE LAMINADO
56818,57373,LAMINADO 300MM PP BCO BTE PPBB60-P ARP
56819,CPS0019,CONSUMO DE LAMINADO
56819,57373,LAMINADO 300MM PP BCO BTE PPBB60-P ARP
56820,CPS0019,CONSUMO DE LAMINADO
56820,57373,LAMINADO 300MM PP BCO BTE PPBB60-P ARP
56821,CPS0019,CONSUMO DE LAMINADO
56821,57373,LAMINADO 300MM PP BCO BTE PPBB60-P ARP
56822,CPS0019,CONSUMO DE LAMINADO
56822,57373,LAMINADO 300MM PP BCO BTE PPBB60-P ARP
56823,CPS0019,CONSUMO DE LAMINADO
56823,48647,LAMINADO FILM PETG 330 MM 45 MIC
56824,CPS0019,CONSUMO DE LAMINADO
56824,51558,LAMINADO FILM PETG 360 MM 45 MIC
56825,CPS0019,CONSUMO DE LAMINADO
56825,51558,LAMINADO FILM PETG 360 MM 45 MIC
56826,CPS0019,CONSUMO DE LAMINADO
56826,51558,LAMINADO FILM PETG 360 MM 45 MIC
56827,CPS0019,CONSUMO DE LAMINADO
56827,57844,LAMINADO 330MM PAPEL SEMIBRILLO L80 -P - G60 AR
56829,CPS0019,CONSUMO DE LAMINADO
56829,50359,LAMINADO FILM PETG 240 MM 45 MIC
56830,CPS0019,CONSUMO DE LAMINADO
56830,50359,LAMINADO FILM PETG 240 MM 45 MIC
56833,CPS0019,CONSUMO DE LAMINADO
56833,46148,LAMINADO 330MM PPBB60-P1-G62S
56834,CPS0019,CONSUMO DE LAMINADO
56834,46148,LAMINADO 330MM PPBB60-P1-G62S
56835,CPS0019,CONSUMO DE LAMINADO
56835,46148,LAMINADO 330MM PPBB60-P1-G62S
56836,CPS0019,CONSUMO DE LAMINADO
56836,51677,LAMINADO 300MM PP BCO BTE P4 38M G58 ARC
56836,46118,LAMINADO 300MM PPBB60-P1-G62S
56837,CPS0019,CONSUMO DE LAMINADO
56837,46148,LAMINADO 330MM PPBB60-P1-G62S
56838,CPS0019,CONSUMO DE LAMINADO
56838,44955,LAMINADO 280MM BOPP BLCO. BRITE. RITRAMA (8065)
56839,44955,LAMINADO 280MM BOPP BLCO. BRITE. RITRAMA (8065)
56839,CPS0019,CONSUMO DE LAMINADO
56840,44955,LAMINADO 280MM BOPP BLCO. BRITE. RITRAMA (8065)
56840,CPS0019,CONSUMO DE LAMINADO
56841,CPS0019,CONSUMO DE LAMINADO
56841,57559,LAMINADO 330MM PAPEL SEMIBRILLO L80-PH-G60 ARP
56842,CPS0019,CONSUMO DE LAMINADO
56842,60358,LAMINADO FOLIA ORO COLDFOIL 256MM DSCF613-OP COR
56842,58078,LAMINADO 300MM PPBB57-P4-G58 ARC
56843,CPS0019,CONSUMO DE LAMINADO
56843,50754,LAMINADO 320MM PPDL54P4 OPTIMA MATE 2 G60 (F9CG3 ) MIC
56844,CPS0019,CONSUMO DE LAMINADO
56844,46148,LAMINADO 330MM PPBB60-P1-G62S
56846,CPS0019,CONSUMO DE LAMINADO
56846,44927,LAMINADO 330MM PAPEL SEMIBRILLO L80-PH-G62S ( EXACTO) ARP
56848,CPS0019,CONSUMO DE LAMINADO
56848,44927,LAMINADO 330MM PAPEL SEMIBRILLO L80-PH-G62S ( EXACTO) ARP
56849,CPS0019,CONSUMO DE LAMINADO
56849,44927,LAMINADO 330MM PAPEL SEMIBRILLO L80-PH-G62S ( EXACTO) ARP
56850,CPS0019,CONSUMO DE LAMINADO
56850,46344,LAMINADO 160MM PPBB60-P1-G62S (Samson)
56851,CPS0019,CONSUMO DE LAMINADO
56851,46344,LAMINADO 160MM PPBB60-P1-G62S (Samson)
56852,CPS0019,CONSUMO DE LAMINADO
56852,46344,LAMINADO 160MM PPBB60-P1-G62S (Samson)
56853,CPS0019,CONSUMO DE LAMINADO
56853,46344,LAMINADO 160MM PPBB60-P1-G62S (Samson)
56854,45780,LAMINADO 300MM PPBB60-P4-G62S
56854,CPS0019,CONSUMO DE LAMINADO
56855,CPS0019,CONSUMO DE LAMINADO
56855,46452,LAMINADO 300MM PAPEL SEMIBRILLO 6770 80 GR AP 904 RI
56856,CPS0019,CONSUMO DE LAMINADO
56856,46344,LAMINADO 160MM PPBB60-P1-G62S (Samson)
56857,CPS0019,CONSUMO DE LAMINADO
56857,50359,LAMINADO FILM PETG 240 MM 45 MIC
56858,CPS0019,CONSUMO DE LAMINADO
56858,50359,LAMINADO FILM PETG 240 MM 45 MIC
56859,CPS0019,CONSUMO DE LAMINADO
56859,50359,LAMINADO FILM PETG 240 MM 45 MIC
56860,CPS0019,CONSUMO DE LAMINADO
56860,50359,LAMINADO FILM PETG 240 MM 45 MIC
56861,CPS0019,CONSUMO DE LAMINADO
56861,50359,LAMINADO FILM PETG 240 MM 45 MIC
56862,CPS0019,CONSUMO DE LAMINADO
56862,50359,LAMINADO FILM PETG 240 MM 45 MIC
56863,45856,LAMINADO 330MM PAPEL SEMIBRILLO 6770 80 GR AP 904 RI
56863,CPS0019,CONSUMO DE LAMINADO
56864,CPS0019,CONSUMO DE LAMINADO
56864,45856,LAMINADO 330MM PAPEL SEMIBRILLO 6770 80 GR AP 904 RI
56865,CPS0019,CONSUMO DE LAMINADO
56865,50359,LAMINADO FILM PETG 240 MM 45 MIC
56868,CPS0019,CONSUMO DE LAMINADO
56868,46344,LAMINADO 160MM PPBB60-P1-G62S (Samson)
56869,CPS0019,CONSUMO DE LAMINADO
56869,46344,LAMINADO 160MM PPBB60-P1-G62S (Samson)
56874,CPS0019,CONSUMO DE LAMINADO
56874,54022,LAMINADO 110MM PAPEL TRANSFER PREMIUM EXTRA / RP51 / WHITE KRAFT 65 UPM
56875,43573,LAMINADO 200MM PPBB60-P1-G62S
56875,CPS0019,CONSUMO DE LAMINADO
56876,CPS0019,CONSUMO DE LAMINADO
56876,711,LAMINADO 160MM PAPEL SEMIBRILLO 6770 80G AP 904 RI
56878,CPS0019,CONSUMO DE LAMINADO
56878,45856,LAMINADO 330MM PAPEL SEMIBRILLO 6770 80 GR AP 904 RI
56879,CPS0019,CONSUMO DE LAMINADO
56879,46452,LAMINADO 300MM PAPEL SEMIBRILLO 6770 80 GR AP 904 RI
56882,CPS0019,CONSUMO DE LAMINADO
56882,44928,LAMINADO 300MM PAPEL SEMIBRILLO L80-PH-G62S Exacto ARP
56883,CPS0019,CONSUMO DE LAMINADO
56883,46452,LAMINADO 300MM PAPEL SEMIBRILLO 6770 80 GR AP 904 RI
56884,CPS0019,CONSUMO DE LAMINADO
56884,46344,LAMINADO 160MM PPBB60-P1-G62S (Samson)
56886,CPS0019,CONSUMO DE LAMINADO
56886,46344,LAMINADO 160MM PPBB60-P1-G62S (Samson)
56887,CPS0019,CONSUMO DE LAMINADO
56887,46344,LAMINADO 160MM PPBB60-P1-G62S (Samson)
56888,CPS0019,CONSUMO DE LAMINADO
56888,44928,LAMINADO 300MM PAPEL SEMIBRILLO L80-PH-G62S Exacto ARP
56889,CPS0019,CONSUMO DE LAMINADO
56889,45856,LAMINADO 330MM PAPEL SEMIBRILLO 6770 80 GR AP 904 RI
56890,CPS0019,CONSUMO DE LAMINADO
56890,45856,LAMINADO 330MM PAPEL SEMIBRILLO 6770 80 GR AP 904 RI
56891,40500,LAMINADO 160MM BOPP  BLACO. 60 UTC RI 707/BL 8065 EXACTO
56891,CPS0019,CONSUMO DE LAMINADO
56891,43452,LAMINADO 160MM PP BCO BTE P4 38M G58 ARC
56892,CPS0019,CONSUMO DE LAMINADO
56892,46452,LAMINADO 300MM PAPEL SEMIBRILLO 6770 80 GR AP 904 RI
56893,CPS0019,CONSUMO DE LAMINADO
56893,46452,LAMINADO 300MM PAPEL SEMIBRILLO 6770 80 GR AP 904 RI
56894,CPS0019,CONSUMO DE LAMINADO
56894,50754,LAMINADO 320MM PPDL54P4 OPTIMA MATE 2 G60 (F9CG3 ) MIC
56895,CPS0019,CONSUMO DE LAMINADO
56895,50754,LAMINADO 320MM PPDL54P4 OPTIMA MATE 2 G60 (F9CG3 ) MIC
56896,CPS0019,CONSUMO DE LAMINADO
56896,50754,LAMINADO 320MM PPDL54P4 OPTIMA MATE 2 G60 (F9CG3 ) MIC
56897,CPS0019,CONSUMO DE LAMINADO
56897,50754,LAMINADO 320MM PPDL54P4 OPTIMA MATE 2 G60 (F9CG3 ) MIC
56898,CPS0019,CONSUMO DE LAMINADO
56898,50754,LAMINADO 320MM PPDL54P4 OPTIMA MATE 2 G60 (F9CG3 ) MIC
56899,CPS0019,CONSUMO DE LAMINADO
56899,50754,LAMINADO 320MM PPDL54P4 OPTIMA MATE 2 G60 (F9CG3 ) MIC
569,CPS0019,CONSUMO DE LAMINADO
569,57559,LAMINADO 330MM PAPEL SEMIBRILLO L80-PH-G60 ARP
56900,CPS0019,CONSUMO DE LAMINADO
56900,50754,LAMINADO 320MM PPDL54P4 OPTIMA MATE 2 G60 (F9CG3 ) MIC
56901,CPS0019,CONSUMO DE LAMINADO
56901,50754,LAMINADO 320MM PPDL54P4 OPTIMA MATE 2 G60 (F9CG3 ) MIC
56902,CPS0019,CONSUMO DE LAMINADO
56902,50754,LAMINADO 320MM PPDL54P4 OPTIMA MATE 2 G60 (F9CG3 ) MIC
56903,CPS0019,CONSUMO DE LAMINADO
56903,50754,LAMINADO 320MM PPDL54P4 OPTIMA MATE 2 G60 (F9CG3 ) MIC
56904,CPS0019,CONSUMO DE LAMINADO
56904,50754,LAMINADO 320MM PPDL54P4 OPTIMA MATE 2 G60 (F9CG3 ) MIC
56905,CPS0019,CONSUMO DE LAMINADO
56905,50754,LAMINADO 320MM PPDL54P4 OPTIMA MATE 2 G60 (F9CG3 ) MIC
56906,CPS0019,CONSUMO DE LAMINADO
56906,50754,LAMINADO 320MM PPDL54P4 OPTIMA MATE 2 G60 (F9CG3 ) MIC
56907,CPS0019,CONSUMO DE LAMINADO
56907,50754,LAMINADO 320MM PPDL54P4 OPTIMA MATE 2 G60 (F9CG3 ) MIC
56908,CPS0019,CONSUMO DE LAMINADO
56908,50754,LAMINADO 320MM PPDL54P4 OPTIMA MATE 2 G60 (F9CG3 ) MIC
56909,CPS0019,CONSUMO DE LAMINADO
56909,50754,LAMINADO 320MM PPDL54P4 OPTIMA MATE 2 G60 (F9CG3 ) MIC
56910,CPS0019,CONSUMO DE LAMINADO
56910,50754,LAMINADO 320MM PPDL54P4 OPTIMA MATE 2 G60 (F9CG3 ) MIC
56911,CPS0019,CONSUMO DE LAMINADO
56911,50754,LAMINADO 320MM PPDL54P4 OPTIMA MATE 2 G60 (F9CG3 ) MIC
56912,CPS0019,CONSUMO DE LAMINADO
56912,50754,LAMINADO 320MM PPDL54P4 OPTIMA MATE 2 G60 (F9CG3 ) MIC
56913,CPS0019,CONSUMO DE LAMINADO
56913,50754,LAMINADO 320MM PPDL54P4 OPTIMA MATE 2 G60 (F9CG3 ) MIC
56914,CPS0019,CONSUMO DE LAMINADO
56914,50754,LAMINADO 320MM PPDL54P4 OPTIMA MATE 2 G60 (F9CG3 ) MIC
56915,CPS0019,CONSUMO DE LAMINADO
56915,50754,LAMINADO 320MM PPDL54P4 OPTIMA MATE 2 G60 (F9CG3 ) MIC
56916,CPS0019,CONSUMO DE LAMINADO
56916,50754,LAMINADO 320MM PPDL54P4 OPTIMA MATE 2 G60 (F9CG3 ) MIC
56917,CPS0019,CONSUMO DE LAMINADO
56917,50754,LAMINADO 320MM PPDL54P4 OPTIMA MATE 2 G60 (F9CG3 ) MIC
56920,CPS0019,CONSUMO DE LAMINADO
56920,56612,LAMINADO 280MM PAPEL SEMIBRILLO L80-P6H ARC
56923,CPS0019,CONSUMO DE LAMINADO
56923,53511,LAMINADO 330 MM PPDL54P1 OPTIMA MATE G60 ARC
56923,46148,LAMINADO 330MM PPBB60-P1-G62S
56924,CPS0019,CONSUMO DE LAMINADO
56924,46344,LAMINADO 160MM PPBB60-P1-G62S (Samson)
56925,CPS0019,CONSUMO DE LAMINADO
56925,50359,LAMINADO FILM PETG 240 MM 45 MIC
56940,CPS0019,CONSUMO DE LAMINADO
56940,52915,LAMINADO 333MM PP TRANSP. RP37 SY105C UPM RAFLATAC
56941,CPS0019,CONSUMO DE LAMINADO
56941,52915,LAMINADO 333MM PP TRANSP. RP37 SY105C UPM RAFLATAC
56942,CPS0019,CONSUMO DE LAMINADO
56942,52915,LAMINADO 333MM PP TRANSP. RP37 SY105C UPM RAFLATAC
56943,CPS0019,CONSUMO DE LAMINADO
56943,46452,LAMINADO 300MM PAPEL SEMIBRILLO 6770 80 GR AP 904 RI
56944,CPS0019,CONSUMO DE LAMINADO
56944,711,LAMINADO 160MM PAPEL SEMIBRILLO 6770 80G AP 904 RI
56945,CPS0019,CONSUMO DE LAMINADO
56945,56353,LAMINADO 160MM GREEN PAPER ADH ST / GL62 INNO
56947,44927,LAMINADO 330MM PAPEL SEMIBRILLO L80-PH-G62S ( EXACTO) ARP
56947,CPS0019,CONSUMO DE LAMINADO
56948,CPS0019,CONSUMO DE LAMINADO
56948,44928,LAMINADO 300MM PAPEL SEMIBRILLO L80-PH-G62S Exacto ARP
56949,CPS0019,CONSUMO DE LAMINADO
56949,46452,LAMINADO 300MM PAPEL SEMIBRILLO 6770 80 GR AP 904 RI
56950,42718,LAMINADO FOLIA ORO COLDFOIL 160MM
56950,CPS0019,CONSUMO DE LAMINADO
56950,43573,LAMINADO 200MM PPBB60-P1-G62S
56951,CPS0019,CONSUMO DE LAMINADO
56951,51558,LAMINADO FILM PETG 360 MM 45 MIC
56953,CPS0019,CONSUMO DE LAMINADO
56953,45856,LAMINADO 330MM PAPEL SEMIBRILLO 6770 80 GR AP 904 RI
56954,45856,LAMINADO 330MM PAPEL SEMIBRILLO 6770 80 GR AP 904 RI
56954,CPS0019,CONSUMO DE LAMINADO
56955,45856,LAMINADO 330MM PAPEL SEMIBRILLO 6770 80 GR AP 904 RI
56955,CPS0019,CONSUMO DE LAMINADO
56956,CPS0019,CONSUMO DE LAMINADO
56956,45856,LAMINADO 330MM PAPEL SEMIBRILLO 6770 80 GR AP 904 RI
56957,CPS0019,CONSUMO DE LAMINADO
56957,46452,LAMINADO 300MM PAPEL SEMIBRILLO 6770 80 GR AP 904 RI
56958,44927,LAMINADO 330MM PAPEL SEMIBRILLO L80-PH-G62S ( EXACTO) ARP
56958,CPS0019,CONSUMO DE LAMINADO
56959,CPS0019,CONSUMO DE LAMINADO
56959,44927,LAMINADO 330MM PAPEL SEMIBRILLO L80-PH-G62S ( EXACTO) ARP
56960,CPS0019,CONSUMO DE LAMINADO
56960,44927,LAMINADO 330MM PAPEL SEMIBRILLO L80-PH-G62S ( EXACTO) ARP
56961,CPS0019,CONSUMO DE LAMINADO
56961,46344,LAMINADO 160MM PPBB60-P1-G62S (Samson)
56963,CPS0019,CONSUMO DE LAMINADO
56963,51556,LAMINADO FILM PETG 300 MM 45 MIC
56965,CPS0019,CONSUMO DE LAMINADO
56965,56501,LAMINADO 200MM PPBB57-P1-G62S ARC
56965,47363,LAMINADO 200MM PPDL54P1 OPTIMA MATE G60
56966,CPS0019,CONSUMO DE LAMINADO
56966,53511,LAMINADO 330 MM PPDL54P1 OPTIMA MATE G60 ARC
56966,56502,LAMINADO 330MM PPBB57-P1-G62S ARC
56967,43573,LAMINADO 200MM PPBB60-P1-G62S
56967,CPS0019,CONSUMO DE LAMINADO
56967,47363,LAMINADO 200MM PPDL54P1 OPTIMA MATE G60
56968,CPS0019,CONSUMO DE LAMINADO
56968,57755,LAMINADO 160MM PP BCO BTE PPBB60-P ARP (SAMSON/ARP)
56969,45856,LAMINADO 330MM PAPEL SEMIBRILLO 6770 80 GR AP 904 RI
56969,CPS0019,CONSUMO DE LAMINADO
56971,CPS0019,CONSUMO DE LAMINADO
56971,51656,LAMINADO 110MM PPDL54P4 OPTIMA MATE 2 G60 MIC
56972,CPS0019,CONSUMO DE LAMINADO
56972,49494,LAMINADO 110MM PAPEL SEMIBRILLO RAPIDJET 7978 AP904 RI
56973,CPS0019,CONSUMO DE LAMINADO
56973,46452,LAMINADO 300MM PAPEL SEMIBRILLO 6770 80 GR AP 904 RI
56981,CPS0019,CONSUMO DE LAMINADO
56981,53103,LAMINADO 111MM PP TRANSP. RP37 SY105C UPM RAFLATAC
56982,CPS0019,CONSUMO DE LAMINADO
56982,50359,LAMINADO FILM PETG 240 MM 45 MIC
56983,CPS0019,CONSUMO DE LAMINADO
56983,50359,LAMINADO FILM PETG 240 MM 45 MIC
56985,CPS0019,CONSUMO DE LAMINADO
56985,50359,LAMINADO FILM PETG 240 MM 45 MIC
56986,CPS0019,CONSUMO DE LAMINADO
56986,50359,LAMINADO FILM PETG 240 MM 45 MIC
56992,CPS0019,CONSUMO DE LAMINADO
56992,51656,LAMINADO 110MM PPDL54P4 OPTIMA MATE 2 G60 MIC
56993,45856,LAMINADO 330MM PAPEL SEMIBRILLO 6770 80 GR AP 904 RI
56993,CPS0019,CONSUMO DE LAMINADO
56994,CPS0019,CONSUMO DE LAMINADO
56994,45856,LAMINADO 330MM PAPEL SEMIBRILLO 6770 80 GR AP 904 RI
56995,CPS0019,CONSUMO DE LAMINADO
56995,48647,LAMINADO FILM PETG 330 MM 45 MIC
56996,CPS0019,CONSUMO DE LAMINADO
56996,56885,LAMINADO 320MM PAPEL SEMIBRILLO L80-P6H-G62S ARC
56998,CPS0019,CONSUMO DE LAMINADO
56998,46452,LAMINADO 300MM PAPEL SEMIBRILLO 6770 80 GR AP 904 RI
570,43264,LAMINADO 160MM PAPEL SEMIBRILLO 80/P ARC
570,CPS0019,CONSUMO DE LAMINADO
57000,CPS0019,CONSUMO DE LAMINADO
57000,57755,LAMINADO 160MM PP BCO BTE PPBB60-P ARP (SAMSON/ARP)
57001,CPS0019,CONSUMO DE LAMINADO
57001,48080,LAMINADO 110MM BLACKCOVER 90 GR AE500 GL62 INNO
57002,CPS0019,CONSUMO DE LAMINADO
57002,50359,LAMINADO FILM PETG 240 MM 45 MIC
57004,CPS0019,CONSUMO DE LAMINADO
57004,50359,LAMINADO FILM PETG 240 MM 45 MIC
57005,CPS0019,CONSUMO DE LAMINADO
57005,50359,LAMINADO FILM PETG 240 MM 45 MIC
57006,CPS0019,CONSUMO DE LAMINADO
57006,46452,LAMINADO 300MM PAPEL SEMIBRILLO 6770 80 GR AP 904 RI
57007,46344,LAMINADO 160MM PPBB60-P1-G62S (Samson)
57007,CPS0019,CONSUMO DE LAMINADO
57008,44533,LAMINADO 320MM PPDL54P4 OPTIMA MATE AF1000 G60 ARC
57008,CPS0019,CONSUMO DE LAMINADO
57009,CPS0019,CONSUMO DE LAMINADO
57009,44533,LAMINADO 320MM PPDL54P4 OPTIMA MATE AF1000 G60 ARC
57012,CPS0019,CONSUMO DE LAMINADO
57012,52693,LAMINADO 330MM BOPP BLANCO BRILLANTE F1180 60 UTC -ACR- GL 60 MICROGEO
57013,CPS0019,CONSUMO DE LAMINADO
57013,57021,LAMINADO 330MM DULL GOLD FAO749 AD
57014,CPS0019,CONSUMO DE LAMINADO
57014,56778,LAMINADO 330MM PAPEL SEMIBRILLO L80-P6H-G62S ARC
57016,CPS0019,CONSUMO DE LAMINADO
57016,56778,LAMINADO 330MM PAPEL SEMIBRILLO L80-P6H-G62S ARC
57017,CPS0019,CONSUMO DE LAMINADO
57017,56575,LAMINADO 110MM PAPEL TRANSFER TOP PREMIUM F01212B AVERY
57018,CPS0019,CONSUMO DE LAMINADO
57018,45856,LAMINADO 330MM PAPEL SEMIBRILLO 6770 80 GR AP 904 RI
57019,CPS0019,CONSUMO DE LAMINADO
57019,52915,LAMINADO 333MM PP TRANSP. RP37 SY105C UPM RAFLATAC
57024,CPS0019,CONSUMO DE LAMINADO
57024,46118,LAMINADO 300MM PPBB60-P1-G62S
57025,CPS0019,CONSUMO DE LAMINADO
57025,46118,LAMINADO 300MM PPBB60-P1-G62S
57026,46118,LAMINADO 300MM PPBB60-P1-G62S
57026,CPS0019,CONSUMO DE LAMINADO
57027,46118,LAMINADO 300MM PPBB60-P1-G62S
57027,CPS0019,CONSUMO DE LAMINADO
57028,CPS0019,CONSUMO DE LAMINADO
57028,46452,LAMINADO 300MM PAPEL SEMIBRILLO 6770 80 GR AP 904 RI
57029,CPS0019,CONSUMO DE LAMINADO
57029,46452,LAMINADO 300MM PAPEL SEMIBRILLO 6770 80 GR AP 904 RI
57030,CPS0019,CONSUMO DE LAMINADO
57030,46452,LAMINADO 300MM PAPEL SEMIBRILLO 6770 80 GR AP 904 RI
57031,CPS0019,CONSUMO DE LAMINADO
57031,46452,LAMINADO 300MM PAPEL SEMIBRILLO 6770 80 GR AP 904 RI
57032,CPS0019,CONSUMO DE LAMINADO
57032,46452,LAMINADO 300MM PAPEL SEMIBRILLO 6770 80 GR AP 904 RI
57033,CPS0019,CONSUMO DE LAMINADO
57033,45856,LAMINADO 330MM PAPEL SEMIBRILLO 6770 80 GR AP 904 RI
57034,CPS0019,CONSUMO DE LAMINADO
57034,50136,LAMINADO CINTA P/LAMINAR  PP TRANSP. 320MM OLPP24-MATE-º1500º
57034,50754,LAMINADO 320MM PPDL54P4 OPTIMA MATE 2 G60 (F9CG3 ) MIC
57035,CPS0019,CONSUMO DE LAMINADO
57035,56847,LAMINADO 160MM PAPEL TRANSFER TOP PREMIUM F01212B AVERY
57036,CPS0019,CONSUMO DE LAMINADO
57036,56431,LAMINADO 250MM PAPEL SEMIBRILLO L80-PH-G60 ARP
57037,CPS0019,CONSUMO DE LAMINADO
57037,56431,LAMINADO 250MM PAPEL SEMIBRILLO L80-PH-G60 ARP
57038,CPS0019,CONSUMO DE LAMINADO
57038,50359,LAMINADO FILM PETG 240 MM 45 MIC
57039,CPS0019,CONSUMO DE LAMINADO
57039,50359,LAMINADO FILM PETG 240 MM 45 MIC
57040,CPS0019,CONSUMO DE LAMINADO
57040,50359,LAMINADO FILM PETG 240 MM 45 MIC
57041,CPS0019,CONSUMO DE LAMINADO
57041,50359,LAMINADO FILM PETG 240 MM 45 MIC
57042,CPS0019,CONSUMO DE LAMINADO
57042,50359,LAMINADO FILM PETG 240 MM 45 MIC
57043,CPS0019,CONSUMO DE LAMINADO
57043,50359,LAMINADO FILM PETG 240 MM 45 MIC
57044,CPS0019,CONSUMO DE LAMINADO
57044,50359,LAMINADO FILM PETG 240 MM 45 MIC
57045,CPS0019,CONSUMO DE LAMINADO
57045,50359,LAMINADO FILM PETG 240 MM 45 MIC
57046,CPS0019,CONSUMO DE LAMINADO
57046,46148,LAMINADO 330MM PPBB60-P1-G62S
57051,43860,LAMINADO 330MM PP BCO BTE P4 38M G58 ARC
57051,CPS0019,CONSUMO DE LAMINADO
57051,46192,LAMINADO 330MM PPBB60-P4-G62S
57052,CPS0019,CONSUMO DE LAMINADO
57052,54082,LAMINADO 300MM BOPP  METALIZADO PLATA BRILLANTE RP37UPM
57053,CPS0019,CONSUMO DE LAMINADO
57053,54146,LAMINADO FILM PETG 360 MM TERMOCONTRAIBLE 40 MIC (QUIMATIC S.A.)
57054,CPS0019,CONSUMO DE LAMINADO
57054,44261,LAMINADO 300MM PPDL54P4 OPTIMA MATE AF1000 G60 ARC
57055,CPS0019,CONSUMO DE LAMINADO
57055,50754,LAMINADO 320MM PPDL54P4 OPTIMA MATE 2 G60 (F9CG3 ) MIC
57056,CPS0019,CONSUMO DE LAMINADO
57056,51558,LAMINADO FILM PETG 360 MM 45 MIC
57060,CPS0019,CONSUMO DE LAMINADO
57060,50047,LAMINADO 330MM PAPEL BRILLANTE INKJET 7978 AP904
57061,CPS0019,CONSUMO DE LAMINADO
57061,45856,LAMINADO 330MM PAPEL SEMIBRILLO 6770 80 GR AP 904 RI
57062,CPS0019,CONSUMO DE LAMINADO
57062,45856,LAMINADO 330MM PAPEL SEMIBRILLO 6770 80 GR AP 904 RI
57071,CPS0019,CONSUMO DE LAMINADO
57071,46036,LAMINADO 110MM PAPEL SEMIBRILLO L80-PH-G62S (EXACTO) ARP
57075,43573,LAMINADO 200MM PPBB60-P1-G62S
57075,CPS0019,CONSUMO DE LAMINADO
57076,43573,LAMINADO 200MM PPBB60-P1-G62S
57076,CPS0019,CONSUMO DE LAMINADO
57077,43573,LAMINADO 200MM PPBB60-P1-G62S
57077,CPS0019,CONSUMO DE LAMINADO
57078,CPS0019,CONSUMO DE LAMINADO
57078,57373,LAMINADO 300MM PP BCO BTE PPBB60-P ARP
57079,CPS0019,CONSUMO DE LAMINADO
57079,57373,LAMINADO 300MM PP BCO BTE PPBB60-P ARP
57080,CPS0019,CONSUMO DE LAMINADO
57080,57373,LAMINADO 300MM PP BCO BTE PPBB60-P ARP
57081,CPS0019,CONSUMO DE LAMINADO
57081,50359,LAMINADO FILM PETG 240 MM 45 MIC
57082,CPS0019,CONSUMO DE LAMINADO
57082,50359,LAMINADO FILM PETG 240 MM 45 MIC
57084,CPS0019,CONSUMO DE LAMINADO
57084,52693,LAMINADO 330MM BOPP BLANCO BRILLANTE F1180 60 UTC -ACR- GL 60 MICROGEO
57085,CPS0019,CONSUMO DE LAMINADO
57085,57165,LAMINADO CINTA P/LAMINAR  PP TRANSP. 280MM OLPP24-B-1500
57085,52465,LAMINADO 300MM BOPP PERLADO( 03239 ) RI 757/PR PET 30 AP901
57087,CPS0019,CONSUMO DE LAMINADO
57087,45856,LAMINADO 330MM PAPEL SEMIBRILLO 6770 80 GR AP 904 RI
57088,CPS0019,CONSUMO DE LAMINADO
57088,45856,LAMINADO 330MM PAPEL SEMIBRILLO 6770 80 GR AP 904 RI
57089,CPS0019,CONSUMO DE LAMINADO
57089,45856,LAMINADO 330MM PAPEL SEMIBRILLO 6770 80 GR AP 904 RI
57090,CPS0019,CONSUMO DE LAMINADO
57090,45856,LAMINADO 330MM PAPEL SEMIBRILLO 6770 80 GR AP 904 RI
57091,CPS0019,CONSUMO DE LAMINADO
57091,46148,LAMINADO 330MM PPBB60-P1-G62S
57092,CPS0019,CONSUMO DE LAMINADO
57092,57374,LAMINADO 330MM PP BCO BTE PPBB60-P ARP
57093,CPS0019,CONSUMO DE LAMINADO
57093,44828,LAMINADO 250MM PPBB60-P1-G62S
57094,CPS0019,CONSUMO DE LAMINADO
57094,46452,LAMINADO 300MM PAPEL SEMIBRILLO 6770 80 GR AP 904 RI
57095,CPS0019,CONSUMO DE LAMINADO
57095,46452,LAMINADO 300MM PAPEL SEMIBRILLO 6770 80 GR AP 904 RI
57096,CPS0019,CONSUMO DE LAMINADO
57096,57374,LAMINADO 330MM PP BCO BTE PPBB60-P ARP
57097,CPS0019,CONSUMO DE LAMINADO
57097,57373,LAMINADO 300MM PP BCO BTE PPBB60-P ARP
57098,CPS0019,CONSUMO DE LAMINADO
57098,57374,LAMINADO 330MM PP BCO BTE PPBB60-P ARP
57099,CPS0019,CONSUMO DE LAMINADO
57099,57374,LAMINADO 330MM PP BCO BTE PPBB60-P ARP
57100,40500,LAMINADO 160MM BOPP  BLACO. 60 UTC RI 707/BL 8065 EXACTO
57100,CPS0019,CONSUMO DE LAMINADO
57103,CPS0019,CONSUMO DE LAMINADO
57103,46148,LAMINADO 330MM PPBB60-P1-G62S
57104,CPS0019,CONSUMO DE LAMINADO
57104,46148,LAMINADO 330MM PPBB60-P1-G62S
57105,CPS0019,CONSUMO DE LAMINADO
57105,46148,LAMINADO 330MM PPBB60-P1-G62S
57106,CPS0019,CONSUMO DE LAMINADO
57106,57373,LAMINADO 300MM PP BCO BTE PPBB60-P ARP
57107,CPS0019,CONSUMO DE LAMINADO
57107,57373,LAMINADO 300MM PP BCO BTE PPBB60-P ARP
57108,CPS0019,CONSUMO DE LAMINADO
57108,57373,LAMINADO 300MM PP BCO BTE PPBB60-P ARP
57109,CPS0019,CONSUMO DE LAMINADO
57109,56777,LAMINADO 300MM PAPEL SEMIBRILLO L80-P6H-G62S ARC
57110,40500,LAMINADO 160MM BOPP  BLACO. 60 UTC RI 707/BL 8065 EXACTO
57110,CPS0019,CONSUMO DE LAMINADO
57111,40500,LAMINADO 160MM BOPP  BLACO. 60 UTC RI 707/BL 8065 EXACTO
57111,CPS0019,CONSUMO DE LAMINADO
57113,CPS0019,CONSUMO DE LAMINADO
57113,51558,LAMINADO FILM PETG 360 MM 45 MIC
57114,CPS0019,CONSUMO DE LAMINADO
57114,50359,LAMINADO FILM PETG 240 MM 45 MIC
57114,56433,LAMINADO FOLIA PLATA COLDFOIL 200  MM ANT
57115,CPS0019,CONSUMO DE LAMINADO
57115,50359,LAMINADO FILM PETG 240 MM 45 MIC
57117,CPS0019,CONSUMO DE LAMINADO
57117,50359,LAMINADO FILM PETG 240 MM 45 MIC
57118,CPS0019,CONSUMO DE LAMINADO
57118,50359,LAMINADO FILM PETG 240 MM 45 MIC
57119,45008,LAMINADO FOLIA PLATA COLDFOIL 160  MM ANTALIS
57119,CPS0019,CONSUMO DE LAMINADO
57119,50359,LAMINADO FILM PETG 240 MM 45 MIC
57120,46148,LAMINADO 330MM PPBB60-P1-G62S
57120,CPS0019,CONSUMO DE LAMINADO
57121,46148,LAMINADO 330MM PPBB60-P1-G62S
57121,CPS0019,CONSUMO DE LAMINADO
57122,42817,LAMINADO 300MM BOPP BCO. BRILLANTE 60 TC (08065)
57122,CPS0019,CONSUMO DE LAMINADO
57123,42817,LAMINADO 300MM BOPP BCO. BRILLANTE 60 TC (08065)
57123,CPS0019,CONSUMO DE LAMINADO
57124,42817,LAMINADO 300MM BOPP BCO. BRILLANTE 60 TC (08065)
57124,CPS0019,CONSUMO DE LAMINADO
57125,42817,LAMINADO 300MM BOPP BCO. BRILLANTE 60 TC (08065)
57125,CPS0019,CONSUMO DE LAMINADO
57126,42817,LAMINADO 300MM BOPP BCO. BRILLANTE 60 TC (08065)
57126,CPS0019,CONSUMO DE LAMINADO
57127,42817,LAMINADO 300MM BOPP BCO. BRILLANTE 60 TC (08065)
57127,CPS0019,CONSUMO DE LAMINADO
57128,42817,LAMINADO 300MM BOPP BCO. BRILLANTE 60 TC (08065)
57128,CPS0019,CONSUMO DE LAMINADO
57129,42817,LAMINADO 300MM BOPP BCO. BRILLANTE 60 TC (08065)
57129,CPS0019,CONSUMO DE LAMINADO
57130,CPS0019,CONSUMO DE LAMINADO
57130,54024,LAMINADO 330MM PAPEL TRANSFER PREMIUM EXTRA / RP51 / WHITE KRAFT 65 UPM
57132,CPS0019,CONSUMO DE LAMINADO
57132,57023,LAMINADO 330MM PP BLANCO CAVITADO 40M FAQ849 AVERY
57132,46192,LAMINADO 330MM PPBB60-P4-G62S
57133,CPS0019,CONSUMO DE LAMINADO
57133,57023,LAMINADO 330MM PP BLANCO CAVITADO 40M FAQ849 AVERY
57133,46192,LAMINADO 330MM PPBB60-P4-G62S
57134,CPS0019,CONSUMO DE LAMINADO
57134,57023,LAMINADO 330MM PP BLANCO CAVITADO 40M FAQ849 AVERY
57134,46192,LAMINADO 330MM PPBB60-P4-G62S
57135,43573,LAMINADO 200MM PPBB60-P1-G62S
57135,CPS0019,CONSUMO DE LAMINADO
57135,54226,LAMINADO 200MM PP  BCO. SY1071H RP37 EXACTO UPM
57137,CPS0019,CONSUMO DE LAMINADO
57137,42817,LAMINADO 300MM BOPP BCO. BRILLANTE 60 TC (08065)
57138,42817,LAMINADO 300MM BOPP BCO. BRILLANTE 60 TC (08065)
57138,CPS0019,CONSUMO DE LAMINADO
57139,CPS0019,CONSUMO DE LAMINADO
57139,54314,LAMINADO 167 WINEGLASS (MANUAL) 10939 RI
57140,CPS0019,CONSUMO DE LAMINADO
57140,46452,LAMINADO 300MM PAPEL SEMIBRILLO 6770 80 GR AP 904 RI
57141,CPS0019,CONSUMO DE LAMINADO
57141,51556,LAMINADO FILM PETG 300 MM 45 MIC
57142,CPS0019,CONSUMO DE LAMINADO
57142,53511,LAMINADO 330 MM PPDL54P1 OPTIMA MATE G60 ARC
57142,46148,LAMINADO 330MM PPBB60-P1-G62S
57143,CPS0019,CONSUMO DE LAMINADO
57143,53511,LAMINADO 330 MM PPDL54P1 OPTIMA MATE G60 ARC
57143,46148,LAMINADO 330MM PPBB60-P1-G62S
57145,CPS0019,CONSUMO DE LAMINADO
57145,57374,LAMINADO 330MM PP BCO BTE PPBB60-P ARP
57146,CPS0019,CONSUMO DE LAMINADO
57146,57374,LAMINADO 330MM PP BCO BTE PPBB60-P ARP
57147,CPS0019,CONSUMO DE LAMINADO
57147,56776,LAMINADO 260MM PAPEL SEMIBRILLO L80-P6H-G62S ARC
57150,CPS0019,CONSUMO DE LAMINADO
57150,46036,LAMINADO 110MM PAPEL SEMIBRILLO L80-PH-G62S (EXACTO) ARP
57151,CPS0019,CONSUMO DE LAMINADO
57151,46452,LAMINADO 300MM PAPEL SEMIBRILLO 6770 80 GR AP 904 RI
57152,CPS0019,CONSUMO DE LAMINADO
57152,46452,LAMINADO 300MM PAPEL SEMIBRILLO 6770 80 GR AP 904 RI
57153,CPS0019,CONSUMO DE LAMINADO
57153,56885,LAMINADO 320MM PAPEL SEMIBRILLO L80-P6H-G62S ARC
57154,CPS0019,CONSUMO DE LAMINADO
57154,56885,LAMINADO 320MM PAPEL SEMIBRILLO L80-P6H-G62S ARC
57155,CPS0019,CONSUMO DE LAMINADO
57155,56885,LAMINADO 320MM PAPEL SEMIBRILLO L80-P6H-G62S ARC
57156,CPS0019,CONSUMO DE LAMINADO
57156,56885,LAMINADO 320MM PAPEL SEMIBRILLO L80-P6H-G62S ARC
57157,CPS0019,CONSUMO DE LAMINADO
57157,56612,LAMINADO 280MM PAPEL SEMIBRILLO L80-P6H ARC
57158,CPS0019,CONSUMO DE LAMINADO
57158,56612,LAMINADO 280MM PAPEL SEMIBRILLO L80-P6H ARC
57159,CPS0019,CONSUMO DE LAMINADO
57159,56612,LAMINADO 280MM PAPEL SEMIBRILLO L80-P6H ARC
57160,CPS0019,CONSUMO DE LAMINADO
57160,56612,LAMINADO 280MM PAPEL SEMIBRILLO L80-P6H ARC
57161,CPS0019,CONSUMO DE LAMINADO
57161,46344,LAMINADO 160MM PPBB60-P1-G62S (Samson)
57164,CPS0019,CONSUMO DE LAMINADO
57164,51558,LAMINADO FILM PETG 360 MM 45 MIC
57166,40500,LAMINADO 160MM BOPP  BLACO. 60 UTC RI 707/BL 8065 EXACTO
57166,CPS0019,CONSUMO DE LAMINADO
57171,CPS0019,CONSUMO DE LAMINADO
57171,50359,LAMINADO FILM PETG 240 MM 45 MIC
57172,CPS0019,CONSUMO DE LAMINADO
57172,50359,LAMINADO FILM PETG 240 MM 45 MIC
57173,CPS0019,CONSUMO DE LAMINADO
57173,50359,LAMINADO FILM PETG 240 MM 45 MIC
57174,CPS0019,CONSUMO DE LAMINADO
57174,50359,LAMINADO FILM PETG 240 MM 45 MIC
57175,CPS0019,CONSUMO DE LAMINADO
57175,50359,LAMINADO FILM PETG 240 MM 45 MIC
57176,CPS0019,CONSUMO DE LAMINADO
57176,50359,LAMINADO FILM PETG 240 MM 45 MIC
57177,CPS0019,CONSUMO DE LAMINADO
57177,50359,LAMINADO FILM PETG 240 MM 45 MIC
57178,CPS0019,CONSUMO DE LAMINADO
57178,50359,LAMINADO FILM PETG 240 MM 45 MIC
57179,CPS0019,CONSUMO DE LAMINADO
57179,57023,LAMINADO 330MM PP BLANCO CAVITADO 40M FAQ849 AVERY
57179,46192,LAMINADO 330MM PPBB60-P4-G62S
57183,CPS0019,CONSUMO DE LAMINADO
57183,46452,LAMINADO 300MM PAPEL SEMIBRILLO 6770 80 GR AP 904 RI
57184,45856,LAMINADO 330MM PAPEL SEMIBRILLO 6770 80 GR AP 904 RI
57184,CPS0019,CONSUMO DE LAMINADO
57185,CPS0019,CONSUMO DE LAMINADO
57185,45856,LAMINADO 330MM PAPEL SEMIBRILLO 6770 80 GR AP 904 RI
57186,CPS0019,CONSUMO DE LAMINADO
57186,45856,LAMINADO 330MM PAPEL SEMIBRILLO 6770 80 GR AP 904 RI
57187,CPS0019,CONSUMO DE LAMINADO
57187,45856,LAMINADO 330MM PAPEL SEMIBRILLO 6770 80 GR AP 904 RI
57189,CPS0019,CONSUMO DE LAMINADO
57189,51557,LAMINADO FILM PETG 280 MM 45 MIC
57190,CPS0019,CONSUMO DE LAMINADO
57190,48647,LAMINADO FILM PETG 330 MM 45 MIC
57191,CPS0019,CONSUMO DE LAMINADO
57191,51557,LAMINADO FILM PETG 280 MM 45 MIC
57192,CPS0019,CONSUMO DE LAMINADO
57192,51557,LAMINADO FILM PETG 280 MM 45 MIC
57193,40500,LAMINADO 160MM BOPP  BLACO. 60 UTC RI 707/BL 8065 EXACTO
57193,CPS0019,CONSUMO DE LAMINADO
57194,CPS0019,CONSUMO DE LAMINADO
57194,57559,LAMINADO 330MM PAPEL SEMIBRILLO L80-PH-G60 ARP
57198,CPS0019,CONSUMO DE LAMINADO
57198,50359,LAMINADO FILM PETG 240 MM 45 MIC
57199,CPS0019,CONSUMO DE LAMINADO
57199,51557,LAMINADO FILM PETG 280 MM 45 MIC
57200,51557,LAMINADO FILM PETG 280 MM 45 MIC
57200,CPS0019,CONSUMO DE LAMINADO
57201,CPS0019,CONSUMO DE LAMINADO
57201,51557,LAMINADO FILM PETG 280 MM 45 MIC
57202,CPS0019,CONSUMO DE LAMINADO
57202,51557,LAMINADO FILM PETG 280 MM 45 MIC
57203,CPS0019,CONSUMO DE LAMINADO
57203,51557,LAMINADO FILM PETG 280 MM 45 MIC
57204,CPS0019,CONSUMO DE LAMINADO
57204,51557,LAMINADO FILM PETG 280 MM 45 MIC
57205,CPS0019,CONSUMO DE LAMINADO
57205,51557,LAMINADO FILM PETG 280 MM 45 MIC
57206,CPS0019,CONSUMO DE LAMINADO
57206,51557,LAMINADO FILM PETG 280 MM 45 MIC
57207,CPS0019,CONSUMO DE LAMINADO
57207,48647,LAMINADO FILM PETG 330 MM 45 MIC
57208,CPS0019,CONSUMO DE LAMINADO
57208,48647,LAMINADO FILM PETG 330 MM 45 MIC
57209,CPS0019,CONSUMO DE LAMINADO
57209,48647,LAMINADO FILM PETG 330 MM 45 MIC
57210,44236,LAMINADO 250MM TERMICO PROTEGIDO 7836 THERMAL TC /80 GR GL/60 RI
57210,CPS0019,CONSUMO DE LAMINADO
57211,50359,LAMINADO FILM PETG 240 MM 45 MIC
57211,CPS0019,CONSUMO DE LAMINADO
57212,CPS0019,CONSUMO DE LAMINADO
57212,48311,LAMINADO 160MM PPBB60-P4-G62S
57213,52436,LAMINADO 330MM PAPEL COUCHE BLANCO MATE 90 GRS DIMAR
57213,52436,LAMINADO 330MM PAPEL COUCHE BLANCO MATE 90 GRS DIMAR
57215,42817,LAMINADO 300MM BOPP BCO. BRILLANTE 60 TC (08065)
57215,CPS0019,CONSUMO DE LAMINADO
57216,42817,LAMINADO 300MM BOPP BCO. BRILLANTE 60 TC (08065)
57216,CPS0019,CONSUMO DE LAMINADO
57217,42817,LAMINADO 300MM BOPP BCO. BRILLANTE 60 TC (08065)
57217,CPS0019,CONSUMO DE LAMINADO
57218,CPS0019,CONSUMO DE LAMINADO
57218,50359,LAMINADO FILM PETG 240 MM 45 MIC
57219,CPS0019,CONSUMO DE LAMINADO
57219,50359,LAMINADO FILM PETG 240 MM 45 MIC
57220,CPS0019,CONSUMO DE LAMINADO
57220,50359,LAMINADO FILM PETG 240 MM 45 MIC
57221,43431,LAMINADO 160MM PAPEL SEMIBRILLO L80-PH-G62S ( EXACTO) ARP
57221,CPS0019,CONSUMO DE LAMINADO
57222,CPS0019,CONSUMO DE LAMINADO
57222,52915,LAMINADO 333MM PP TRANSP. RP37 SY105C UPM RAFLATAC
57223,44822,LAMINADO 160MM PP TRANSP. PPT50P-P1-G62S ARC
57223,CPS0019,CONSUMO DE LAMINADO
57224,CPS0019,CONSUMO DE LAMINADO
57224,50359,LAMINADO FILM PETG 240 MM 45 MIC
57225,CPS0019,CONSUMO DE LAMINADO
57225,50359,LAMINADO FILM PETG 240 MM 45 MIC
57226,CPS0019,CONSUMO DE LAMINADO
57226,50359,LAMINADO FILM PETG 240 MM 45 MIC
57227,CPS0019,CONSUMO DE LAMINADO
57227,50359,LAMINADO FILM PETG 240 MM 45 MIC
57228,CPS0019,CONSUMO DE LAMINADO
57228,50359,LAMINADO FILM PETG 240 MM 45 MIC
57229,CPS0019,CONSUMO DE LAMINADO
57229,50359,LAMINADO FILM PETG 240 MM 45 MIC
57231,CPS0019,CONSUMO DE LAMINADO
57231,56778,LAMINADO 330MM PAPEL SEMIBRILLO L80-P6H-G62S ARC
57233,38688,LAMINADO 100MM PAPEL SINTETICO 250 micras MIC
57233,CPS0019,CONSUMO DE LAMINADO
57234,38688,LAMINADO 100MM PAPEL SINTETICO 250 micras MIC
57234,CPS0019,CONSUMO DE LAMINADO
57235,CPS0019,CONSUMO DE LAMINADO
57235,54226,LAMINADO 200MM PP  BCO. SY1071H RP37 EXACTO UPM
57236,CPS0019,CONSUMO DE LAMINADO
57236,54226,LAMINADO 200MM PP  BCO. SY1071H RP37 EXACTO UPM
57238,38688,LAMINADO 100MM PAPEL SINTETICO 250 micras MIC
57238,CPS0019,CONSUMO DE LAMINADO
57239,38688,LAMINADO 100MM PAPEL SINTETICO 250 micras MIC
57239,CPS0019,CONSUMO DE LAMINADO
57240,38688,LAMINADO 100MM PAPEL SINTETICO 250 micras MIC
57240,CPS0019,CONSUMO DE LAMINADO
57241,38688,LAMINADO 100MM PAPEL SINTETICO 250 micras MIC
57241,CPS0019,CONSUMO DE LAMINADO
57242,38688,LAMINADO 100MM PAPEL SINTETICO 250 micras MIC
57242,CPS0019,CONSUMO DE LAMINADO
57243,38688,LAMINADO 100MM PAPEL SINTETICO 250 micras MIC
57243,CPS0019,CONSUMO DE LAMINADO
57245,CPS0019,CONSUMO DE LAMINADO
57245,52915,LAMINADO 333MM PP TRANSP. RP37 SY105C UPM RAFLATAC
57246,CPS0019,CONSUMO DE LAMINADO
57246,51558,LAMINADO FILM PETG 360 MM 45 MIC
57247,CPS0019,CONSUMO DE LAMINADO
57247,51558,LAMINADO FILM PETG 360 MM 45 MIC
57249,CPS0019,CONSUMO DE LAMINADO
57249,50359,LAMINADO FILM PETG 240 MM 45 MIC
57250,CPS0019,CONSUMO DE LAMINADO
57250,50359,LAMINADO FILM PETG 240 MM 45 MIC
57251,CPS0019,CONSUMO DE LAMINADO
57251,50359,LAMINADO FILM PETG 240 MM 45 MIC
57252,CPS0019,CONSUMO DE LAMINADO
57252,50359,LAMINADO FILM PETG 240 MM 45 MIC
57253,50359,LAMINADO FILM PETG 240 MM 45 MIC
57253,CPS0019,CONSUMO DE LAMINADO
57256,43860,LAMINADO 330MM PP BCO BTE P4 38M G58 ARC
57256,CPS0019,CONSUMO DE LAMINADO
57256,50136,LAMINADO CINTA P/LAMINAR  PP TRANSP. 320MM OLPP24-MATE-º1500º
57257,CPS0019,CONSUMO DE LAMINADO
57257,58293,LAMINADO 230MM PP BCO MATE PPDL54-FH G60 ARP
57258,CPS0019,CONSUMO DE LAMINADO
57258,58293,LAMINADO 230MM PP BCO MATE PPDL54-FH G60 ARP
57259,CPS0019,CONSUMO DE LAMINADO
57259,54394,LAMINADO 333MM PP BCO. SY1071H RP37 EXACTO UPM
57260,CPS0019,CONSUMO DE LAMINADO
57260,51557,LAMINADO FILM PETG 280 MM 45 MIC
57261,CPS0019,CONSUMO DE LAMINADO
57261,51557,LAMINADO FILM PETG 280 MM 45 MIC
57262,CPS0019,CONSUMO DE LAMINADO
57262,51557,LAMINADO FILM PETG 280 MM 45 MIC
57263,CPS0019,CONSUMO DE LAMINADO
57263,51557,LAMINADO FILM PETG 280 MM 45 MIC
57264,CPS0019,CONSUMO DE LAMINADO
57264,51558,LAMINADO FILM PETG 360 MM 45 MIC
57265,CPS0019,CONSUMO DE LAMINADO
57265,51558,LAMINADO FILM PETG 360 MM 45 MIC
57266,CPS0019,CONSUMO DE LAMINADO
57266,51558,LAMINADO FILM PETG 360 MM 45 MIC
57267,CPS0019,CONSUMO DE LAMINADO
57267,51558,LAMINADO FILM PETG 360 MM 45 MIC
57269,CPS0019,CONSUMO DE LAMINADO
57269,46344,LAMINADO 160MM PPBB60-P1-G62S (Samson)
57271,CPS0019,CONSUMO DE LAMINADO
57271,51557,LAMINADO FILM PETG 280 MM 45 MIC
57273,CPS0019,CONSUMO DE LAMINADO
57273,50359,LAMINADO FILM PETG 240 MM 45 MIC
57274,CPS0019,CONSUMO DE LAMINADO
57274,50359,LAMINADO FILM PETG 240 MM 45 MIC
57275,CPS0019,CONSUMO DE LAMINADO
57275,50359,LAMINADO FILM PETG 240 MM 45 MIC
57276,CPS0019,CONSUMO DE LAMINADO
57276,50359,LAMINADO FILM PETG 240 MM 45 MIC
57277,CPS0019,CONSUMO DE LAMINADO
57277,50359,LAMINADO FILM PETG 240 MM 45 MIC
57278,CPS0019,CONSUMO DE LAMINADO
57278,57374,LAMINADO 330MM PP BCO BTE PPBB60-P ARP
57279,CPS0019,CONSUMO DE LAMINADO
57279,50360,LAMINADO FILM PETG 300 MM 45 MIC
57280,40500,LAMINADO 160MM BOPP  BLACO. 60 UTC RI 707/BL 8065 EXACTO
57280,CPS0019,CONSUMO DE LAMINADO
57281,CPS0019,CONSUMO DE LAMINADO
57281,56775,LAMINADO 160MM PAPEL SEMIBRILLO L80-P6H-G62S ARC
57282,CPS0019,CONSUMO DE LAMINADO
57282,54314,LAMINADO 167 WINEGLASS (MANUAL) 10939 RI
57283,40500,LAMINADO 160MM BOPP  BLACO. 60 UTC RI 707/BL 8065 EXACTO
57283,CPS0019,CONSUMO DE LAMINADO
57284,CPS0019,CONSUMO DE LAMINADO
57284,51557,LAMINADO FILM PETG 280 MM 45 MIC
57285,CPS0019,CONSUMO DE LAMINADO
57285,50359,LAMINADO FILM PETG 240 MM 45 MIC
57286,CPS0019,CONSUMO DE LAMINADO
57286,50359,LAMINADO FILM PETG 240 MM 45 MIC
57287,CPS0019,CONSUMO DE LAMINADO
57287,57373,LAMINADO 300MM PP BCO BTE PPBB60-P ARP
57288,CPS0019,CONSUMO DE LAMINADO
57288,57374,LAMINADO 330MM PP BCO BTE PPBB60-P ARP
57289,40500,LAMINADO 160MM BOPP  BLACO. 60 UTC RI 707/BL 8065 EXACTO
57289,CPS0019,CONSUMO DE LAMINADO
57291,CPS0019,CONSUMO DE LAMINADO
57291,57373,LAMINADO 300MM PP BCO BTE PPBB60-P ARP
57292,CPS0019,CONSUMO DE LAMINADO
57292,56775,LAMINADO 160MM PAPEL SEMIBRILLO L80-P6H-G62S ARC
57294,42252,LAMINADO CINTA P/LAM  PP TRANSP. 300MM BRILLANTE 24M
57294,CPS0019,CONSUMO DE LAMINADO
57294,56777,LAMINADO 300MM PAPEL SEMIBRILLO L80-P6H-G62S ARC
57295,42252,LAMINADO CINTA P/LAM  PP TRANSP. 300MM BRILLANTE 24M
57295,CPS0019,CONSUMO DE LAMINADO
57295,56777,LAMINADO 300MM PAPEL SEMIBRILLO L80-P6H-G62S ARC
57296,CPS0019,CONSUMO DE LAMINADO
57296,54021,LAMINADO 100MM PAPEL TRANSFER PREMIUM EXTRA / RP51 UPM
57297,CPS0019,CONSUMO DE LAMINADO
57297,54021,LAMINADO 100MM PAPEL TRANSFER PREMIUM EXTRA / RP51 UPM
57299,CPS0019,CONSUMO DE LAMINADO
57299,56778,LAMINADO 330MM PAPEL SEMIBRILLO L80-P6H-G62S ARC
57303,CPS0019,CONSUMO DE LAMINADO
57303,57373,LAMINADO 300MM PP BCO BTE PPBB60-P ARP
57304,CPS0019,CONSUMO DE LAMINADO
57304,57373,LAMINADO 300MM PP BCO BTE PPBB60-P ARP
57305,CPS0019,CONSUMO DE LAMINADO
57305,57373,LAMINADO 300MM PP BCO BTE PPBB60-P ARP
57307,50359,LAMINADO FILM PETG 240 MM 45 MIC
57307,CPS0019,CONSUMO DE LAMINADO
57308,CPS0019,CONSUMO DE LAMINADO
57308,56778,LAMINADO 330MM PAPEL SEMIBRILLO L80-P6H-G62S ARC
57311,CPS0019,CONSUMO DE LAMINADO
57311,46344,LAMINADO 160MM PPBB60-P1-G62S (Samson)
57314,CPS0019,CONSUMO DE LAMINADO
57314,46192,LAMINADO 330MM PPBB60-P4-G62S
57316,40508,LAMINADO 330MM BOPP  BLACO. 60 UTC RI 707/BL 8065 EXACTO
57316,CPS0019,CONSUMO DE LAMINADO
57316,53609,LAMINADO 330MM PP BLANCO TC 40 MICRAS  02176 RI757
57317,40500,LAMINADO 160MM BOPP  BLACO. 60 UTC RI 707/BL 8065 EXACTO
57317,CPS0019,CONSUMO DE LAMINADO
57320,40500,LAMINADO 160MM BOPP  BLACO. 60 UTC RI 707/BL 8065 EXACTO
57320,CPS0019,CONSUMO DE LAMINADO
57321,CPS0019,CONSUMO DE LAMINADO
57321,56777,LAMINADO 300MM PAPEL SEMIBRILLO L80-P6H-G62S ARC
57322,CPS0019,CONSUMO DE LAMINADO
57322,56777,LAMINADO 300MM PAPEL SEMIBRILLO L80-P6H-G62S ARC
57323,CPS0019,CONSUMO DE LAMINADO
57323,56777,LAMINADO 300MM PAPEL SEMIBRILLO L80-P6H-G62S ARC
57324,CPS0019,CONSUMO DE LAMINADO
57324,56777,LAMINADO 300MM PAPEL SEMIBRILLO L80-P6H-G62S ARC
57325,CPS0019,CONSUMO DE LAMINADO
57325,56777,LAMINADO 300MM PAPEL SEMIBRILLO L80-P6H-G62S ARC
57326,CPS0019,CONSUMO DE LAMINADO
57326,56777,LAMINADO 300MM PAPEL SEMIBRILLO L80-P6H-G62S ARC
57327,CPS0019,CONSUMO DE LAMINADO
57327,56778,LAMINADO 330MM PAPEL SEMIBRILLO L80-P6H-G62S ARC
57328,CPS0019,CONSUMO DE LAMINADO
57328,57755,LAMINADO 160MM PP BCO BTE PPBB60-P ARP (SAMSON/ARP)
57329,40500,LAMINADO 160MM BOPP  BLACO. 60 UTC RI 707/BL 8065 EXACTO
57329,CPS0019,CONSUMO DE LAMINADO
57330,CPS0019,CONSUMO DE LAMINADO
57330,50359,LAMINADO FILM PETG 240 MM 45 MIC
57336,45856,LAMINADO 330MM PAPEL SEMIBRILLO 6770 80 GR AP 904 RI
57336,CPS0019,CONSUMO DE LAMINADO
57337,CPS0019,CONSUMO DE LAMINADO
57337,45856,LAMINADO 330MM PAPEL SEMIBRILLO 6770 80 GR AP 904 RI
57338,CPS0019,CONSUMO DE LAMINADO
57338,45856,LAMINADO 330MM PAPEL SEMIBRILLO 6770 80 GR AP 904 RI
57339,CPS0019,CONSUMO DE LAMINADO
57339,50047,LAMINADO 330MM PAPEL BRILLANTE INKJET 7978 AP904
57343,CPS0019,CONSUMO DE LAMINADO
57343,56777,LAMINADO 300MM PAPEL SEMIBRILLO L80-P6H-G62S ARC
57344,CPS0019,CONSUMO DE LAMINADO
57344,56778,LAMINADO 330MM PAPEL SEMIBRILLO L80-P6H-G62S ARC
57345,CPS0019,CONSUMO DE LAMINADO
57345,56778,LAMINADO 330MM PAPEL SEMIBRILLO L80-P6H-G62S ARC
57347,40500,LAMINADO 160MM BOPP  BLACO. 60 UTC RI 707/BL 8065 EXACTO
57347,CPS0019,CONSUMO DE LAMINADO
57348,40500,LAMINADO 160MM BOPP  BLACO. 60 UTC RI 707/BL 8065 EXACTO
57348,CPS0019,CONSUMO DE LAMINADO
57349,40500,LAMINADO 160MM BOPP  BLACO. 60 UTC RI 707/BL 8065 EXACTO
57349,CPS0019,CONSUMO DE LAMINADO
57350,CPS0019,CONSUMO DE LAMINADO
57350,46036,LAMINADO 110MM PAPEL SEMIBRILLO L80-PH-G62S (EXACTO) ARP
57352,CPS0019,CONSUMO DE LAMINADO
57352,51558,LAMINADO FILM PETG 360 MM 45 MIC
57353,CPS0019,CONSUMO DE LAMINADO
57353,50359,LAMINADO FILM PETG 240 MM 45 MIC
57354,CPS0019,CONSUMO DE LAMINADO
57354,50359,LAMINADO FILM PETG 240 MM 45 MIC
57355,CPS0019,CONSUMO DE LAMINADO
57355,50359,LAMINADO FILM PETG 240 MM 45 MIC
57356,CPS0019,CONSUMO DE LAMINADO
57356,50359,LAMINADO FILM PETG 240 MM 45 MIC
57357,CPS0019,CONSUMO DE LAMINADO
57357,50359,LAMINADO FILM PETG 240 MM 45 MIC
57358,CPS0019,CONSUMO DE LAMINADO
57358,50359,LAMINADO FILM PETG 240 MM 45 MIC
57359,CPS0019,CONSUMO DE LAMINADO
57359,50359,LAMINADO FILM PETG 240 MM 45 MIC
57360,CPS0019,CONSUMO DE LAMINADO
57360,50359,LAMINADO FILM PETG 240 MM 45 MIC
57361,40500,LAMINADO 160MM BOPP  BLACO. 60 UTC RI 707/BL 8065 EXACTO
57361,CPS0019,CONSUMO DE LAMINADO
57362,44236,LAMINADO 250MM TERMICO PROTEGIDO 7836 THERMAL TC /80 GR GL/60 RI
57362,CPS0019,CONSUMO DE LAMINADO
57363,CPS0019,CONSUMO DE LAMINADO
57363,44236,LAMINADO 250MM TERMICO PROTEGIDO 7836 THERMAL TC /80 GR GL/60 RI
57364,CPS0019,CONSUMO DE LAMINADO
57364,46145,LAMINADO 110MM PPBB60-P1-G62S
57365,CPS0019,CONSUMO DE LAMINADO
57365,56305,LAMINADO 250MM PP  BCO. SY1071H RP37 EXACTO UPM
57365,50155,LAMINADO CINTA P/LAMINAR  PP TRANSP. 250MM OLPP24B
57366,CPS0019,CONSUMO DE LAMINADO
57366,50155,LAMINADO CINTA P/LAMINAR  PP TRANSP. 250MM OLPP24B
57366,56305,LAMINADO 250MM PP  BCO. SY1071H RP37 EXACTO UPM
57367,42252,LAMINADO CINTA P/LAM  PP TRANSP. 300MM BRILLANTE 24M
57367,CPS0019,CONSUMO DE LAMINADO
57367,57373,LAMINADO 300MM PP BCO BTE PPBB60-P ARP
57368,42252,LAMINADO CINTA P/LAM  PP TRANSP. 300MM BRILLANTE 24M
57368,CPS0019,CONSUMO DE LAMINADO
57368,57373,LAMINADO 300MM PP BCO BTE PPBB60-P ARP
57369,CPS0019,CONSUMO DE LAMINADO
57369,56612,LAMINADO 280MM PAPEL SEMIBRILLO L80-P6H ARC
57371,CPS0019,CONSUMO DE LAMINADO
57371,57374,LAMINADO 330MM PP BCO BTE PPBB60-P ARP
57377,CPS0019,CONSUMO DE LAMINADO
57377,48647,LAMINADO FILM PETG 330 MM 45 MIC
57378,CPS0019,CONSUMO DE LAMINADO
57378,48647,LAMINADO FILM PETG 330 MM 45 MIC
57379,CPS0019,CONSUMO DE LAMINADO
57379,48647,LAMINADO FILM PETG 330 MM 45 MIC
57380,CPS0019,CONSUMO DE LAMINADO
57380,48647,LAMINADO FILM PETG 330 MM 45 MIC
57381,CPS0019,CONSUMO DE LAMINADO
57381,48647,LAMINADO FILM PETG 330 MM 45 MIC
57382,CPS0019,CONSUMO DE LAMINADO
57382,53609,LAMINADO 330MM PP BLANCO TC 40 MICRAS  02176 RI757
57382,57374,LAMINADO 330MM PP BCO BTE PPBB60-P ARP
57383,42684,LAMINADO 300MM PP TRANSP. (7559) 50TC S0208 BG62B
57383,CPS0019,CONSUMO DE LAMINADO
57385,CPS0019,CONSUMO DE LAMINADO
57385,53609,LAMINADO 330MM PP BLANCO TC 40 MICRAS  02176 RI757
57385,57374,LAMINADO 330MM PP BCO BTE PPBB60-P ARP
57386,CPS0019,CONSUMO DE LAMINADO
57386,50754,LAMINADO 320MM PPDL54P4 OPTIMA MATE 2 G60 (F9CG3 ) MIC
57386,50136,LAMINADO CINTA P/LAMINAR  PP TRANSP. 320MM OLPP24-MATE-º1500º
57387,CPS0019,CONSUMO DE LAMINADO
57387,50359,LAMINADO FILM PETG 240 MM 45 MIC
57388,CPS0019,CONSUMO DE LAMINADO
57388,50359,LAMINADO FILM PETG 240 MM 45 MIC
57389,CPS0019,CONSUMO DE LAMINADO
57389,50359,LAMINADO FILM PETG 240 MM 45 MIC
57390,CPS0019,CONSUMO DE LAMINADO
57390,50359,LAMINADO FILM PETG 240 MM 45 MIC
57391,CPS0019,CONSUMO DE LAMINADO
57391,50359,LAMINADO FILM PETG 240 MM 45 MIC
57392,CPS0019,CONSUMO DE LAMINADO
57392,50359,LAMINADO FILM PETG 240 MM 45 MIC
57395,CPS0019,CONSUMO DE LAMINADO
57395,46630,LAMINADO 300MM TERMICO PROTEGIDO 7836 THERMAL TC /80 GR GL/60
57396,CPS0019,CONSUMO DE LAMINADO
57396,53609,LAMINADO 330MM PP BLANCO TC 40 MICRAS  02176 RI757
57396,57374,LAMINADO 330MM PP BCO BTE PPBB60-P ARP
57400,CPS0019,CONSUMO DE LAMINADO
57400,46148,LAMINADO 330MM PPBB60-P1-G62S
57401,CPS0019,CONSUMO DE LAMINADO
57401,46148,LAMINADO 330MM PPBB60-P1-G62S
57403,CPS0019,CONSUMO DE LAMINADO
57403,56778,LAMINADO 330MM PAPEL SEMIBRILLO L80-P6H-G62S ARC
57405,CPS0019,CONSUMO DE LAMINADO
57405,50359,LAMINADO FILM PETG 240 MM 45 MIC
57406,CPS0019,CONSUMO DE LAMINADO
57406,50359,LAMINADO FILM PETG 240 MM 45 MIC
57408,CPS0019,CONSUMO DE LAMINADO
57408,56304,LAMINADO 300MM PP  BCO. SY1071H RP37 EXACTO UPM
57422,CPS0019,CONSUMO DE LAMINADO
57422,57373,LAMINADO 300MM PP BCO BTE PPBB60-P ARP
57423,CPS0019,CONSUMO DE LAMINADO
57423,57373,LAMINADO 300MM PP BCO BTE PPBB60-P ARP
57425,CPS0019,CONSUMO DE LAMINADO
57425,43573,LAMINADO 200MM PPBB60-P1-G62S
57425,46802,LAMINADO 200MM PP BLANCO TC 40 MICRAS  02176 RI757
57426,CPS0019,CONSUMO DE LAMINADO
57426,53609,LAMINADO 330MM PP BLANCO TC 40 MICRAS  02176 RI757
57426,57374,LAMINADO 330MM PP BCO BTE PPBB60-P ARP
57427,CPS0019,CONSUMO DE LAMINADO
57427,56778,LAMINADO 330MM PAPEL SEMIBRILLO L80-P6H-G62S ARC
57432,CPS0019,CONSUMO DE LAMINADO
57432,45876,LAMINADO 111MM PAPEL TERMICO T70-PH-G62 ARC
57433,CPS0019,CONSUMO DE LAMINADO
57433,46145,LAMINADO 110MM PPBB60-P1-G62S
57434,CPS0019,CONSUMO DE LAMINADO
57434,50359,LAMINADO FILM PETG 240 MM 45 MIC
57434,46812,LAMINADO FOLIA PLATA COLDFOIL 240MM DSCF620-OP COR
57435,44955,LAMINADO 280MM BOPP BLCO. BRITE. RITRAMA (8065)
57435,CPS0019,CONSUMO DE LAMINADO
57437,CPS0019,CONSUMO DE LAMINADO
57437,54394,LAMINADO 333MM PP BCO. SY1071H RP37 EXACTO UPM
57438,40500,LAMINADO 160MM BOPP  BLACO. 60 UTC RI 707/BL 8065 EXACTO
57438,CPS0019,CONSUMO DE LAMINADO
57439,CPS0019,CONSUMO DE LAMINADO
57439,45876,LAMINADO 111MM PAPEL TERMICO T70-PH-G62 ARC
57441,CPS0019,CONSUMO DE LAMINADO
57441,50754,LAMINADO 320MM PPDL54P4 OPTIMA MATE 2 G60 (F9CG3 ) MIC
57441,50136,LAMINADO CINTA P/LAMINAR  PP TRANSP. 320MM OLPP24-MATE-º1500º
57445,CPS0019,CONSUMO DE LAMINADO
57445,48647,LAMINADO FILM PETG 330 MM 45 MIC
57446,CPS0019,CONSUMO DE LAMINADO
57446,48647,LAMINADO FILM PETG 330 MM 45 MIC
57447,CPS0019,CONSUMO DE LAMINADO
57447,48647,LAMINADO FILM PETG 330 MM 45 MIC
57448,CPS0019,CONSUMO DE LAMINADO
57448,48647,LAMINADO FILM PETG 330 MM 45 MIC
57449,CPS0019,CONSUMO DE LAMINADO
57449,48647,LAMINADO FILM PETG 330 MM 45 MIC
57451,CPS0019,CONSUMO DE LAMINADO
57451,44955,LAMINADO 280MM BOPP BLCO. BRITE. RITRAMA (8065)
57453,CPS0019,CONSUMO DE LAMINADO
57453,50359,LAMINADO FILM PETG 240 MM 45 MIC
57455,CPS0019,CONSUMO DE LAMINADO
57455,50359,LAMINADO FILM PETG 240 MM 45 MIC
57456,CPS0019,CONSUMO DE LAMINADO
57456,50359,LAMINADO FILM PETG 240 MM 45 MIC
57457,42817,LAMINADO 300MM BOPP BCO. BRILLANTE 60 TC (08065)
57457,CPS0019,CONSUMO DE LAMINADO
57458,CPS0019,CONSUMO DE LAMINADO
57458,50359,LAMINADO FILM PETG 240 MM 45 MIC
57460,CPS0019,CONSUMO DE LAMINADO
57460,57374,LAMINADO 330MM PP BCO BTE PPBB60-P ARP
57461,CPS0019,CONSUMO DE LAMINADO
57461,57374,LAMINADO 330MM PP BCO BTE PPBB60-P ARP
57462,CPS0019,CONSUMO DE LAMINADO
57462,57374,LAMINADO 330MM PP BCO BTE PPBB60-P ARP
57463,CPS0019,CONSUMO DE LAMINADO
57463,57374,LAMINADO 330MM PP BCO BTE PPBB60-P ARP
57464,CPS0019,CONSUMO DE LAMINADO
57464,57374,LAMINADO 330MM PP BCO BTE PPBB60-P ARP
57465,CPS0019,CONSUMO DE LAMINADO
57465,57374,LAMINADO 330MM PP BCO BTE PPBB60-P ARP
57466,CPS0019,CONSUMO DE LAMINADO
57466,57374,LAMINADO 330MM PP BCO BTE PPBB60-P ARP
57469,CPS0019,CONSUMO DE LAMINADO
57469,54314,LAMINADO 167 WINEGLASS (MANUAL) 10939 RI
57471,CPS0019,CONSUMO DE LAMINADO
57471,53291,LAMINADO 320MM BLACKCOVER II  80 GR AE500 GL62 INNO 2
57472,CPS0019,CONSUMO DE LAMINADO
57472,56776,LAMINADO 260MM PAPEL SEMIBRILLO L80-P6H-G62S ARC
57473,46148,LAMINADO 330MM PPBB60-P1-G62S
57473,CPS0019,CONSUMO DE LAMINADO
57474,CPS0019,CONSUMO DE LAMINADO
57474,56778,LAMINADO 330MM PAPEL SEMIBRILLO L80-P6H-G62S ARC
57475,CPS0019,CONSUMO DE LAMINADO
57475,56778,LAMINADO 330MM PAPEL SEMIBRILLO L80-P6H-G62S ARC
57477,CPS0019,CONSUMO DE LAMINADO
57477,53609,LAMINADO 330MM PP BLANCO TC 40 MICRAS  02176 RI757
57477,57346,LAMINADO 330MM PP BCO. BTE. 60 S0290 F2953B AVERY
57478,CPS0019,CONSUMO DE LAMINADO
57478,57346,LAMINADO 330MM PP BCO. BTE. 60 S0290 F2953B AVERY
57478,53609,LAMINADO 330MM PP BLANCO TC 40 MICRAS  02176 RI757
57481,CPS0019,CONSUMO DE LAMINADO
57481,57374,LAMINADO 330MM PP BCO BTE PPBB60-P ARP
57482,CPS0019,CONSUMO DE LAMINADO
57482,57374,LAMINADO 330MM PP BCO BTE PPBB60-P ARP
57483,CPS0019,CONSUMO DE LAMINADO
57483,57374,LAMINADO 330MM PP BCO BTE PPBB60-P ARP
57486,CPS0019,CONSUMO DE LAMINADO
57486,56778,LAMINADO 330MM PAPEL SEMIBRILLO L80-P6H-G62S ARC
57487,CPS0019,CONSUMO DE LAMINADO
57487,53511,LAMINADO 330 MM PPDL54P1 OPTIMA MATE G60 ARC
57487,46148,LAMINADO 330MM PPBB60-P1-G62S
57488,CPS0019,CONSUMO DE LAMINADO
57488,54394,LAMINADO 333MM PP BCO. SY1071H RP37 EXACTO UPM
57489,CPS0019,CONSUMO DE LAMINADO
57489,54394,LAMINADO 333MM PP BCO. SY1071H RP37 EXACTO UPM
57490,CPS0019,CONSUMO DE LAMINADO
57490,54394,LAMINADO 333MM PP BCO. SY1071H RP37 EXACTO UPM
57491,CPS0019,CONSUMO DE LAMINADO
57491,54394,LAMINADO 333MM PP BCO. SY1071H RP37 EXACTO UPM
57492,CPS0019,CONSUMO DE LAMINADO
57492,54394,LAMINADO 333MM PP BCO. SY1071H RP37 EXACTO UPM
57493,CPS0019,CONSUMO DE LAMINADO
57493,53511,LAMINADO 330 MM PPDL54P1 OPTIMA MATE G60 ARC
57493,56502,LAMINADO 330MM PPBB57-P1-G62S ARC
57494,CPS0019,CONSUMO DE LAMINADO
57494,56777,LAMINADO 300MM PAPEL SEMIBRILLO L80-P6H-G62S ARC
57495,40500,LAMINADO 160MM BOPP  BLACO. 60 UTC RI 707/BL 8065 EXACTO
57495,CPS0019,CONSUMO DE LAMINADO
57496,40500,LAMINADO 160MM BOPP  BLACO. 60 UTC RI 707/BL 8065 EXACTO
57496,CPS0019,CONSUMO DE LAMINADO
57497,40500,LAMINADO 160MM BOPP  BLACO. 60 UTC RI 707/BL 8065 EXACTO
57497,CPS0019,CONSUMO DE LAMINADO
57498,40500,LAMINADO 160MM BOPP  BLACO. 60 UTC RI 707/BL 8065 EXACTO
57498,CPS0019,CONSUMO DE LAMINADO
57501,CPS0019,CONSUMO DE LAMINADO
57501,57346,LAMINADO 330MM PP BCO. BTE. 60 S0290 F2953B AVERY
57501,53609,LAMINADO 330MM PP BLANCO TC 40 MICRAS  02176 RI757
57504,43452,LAMINADO 160MM PP BCO BTE P4 38M G58 ARC
57504,CPS0019,CONSUMO DE LAMINADO
57504,57755,LAMINADO 160MM PP BCO BTE PPBB60-P ARP (SAMSON/ARP)
57506,CPS0019,CONSUMO DE LAMINADO
57506,45856,LAMINADO 330MM PAPEL SEMIBRILLO 6770 80 GR AP 904 RI
57507,CPS0019,CONSUMO DE LAMINADO
57507,709,LAMINADO 110MM PAPEL SEMIBRILLO 6770 80G AP 904 RI
57508,CPS0019,CONSUMO DE LAMINADO
57508,709,LAMINADO 110MM PAPEL SEMIBRILLO 6770 80G AP 904 RI
57509,CPS0019,CONSUMO DE LAMINADO
57509,53103,LAMINADO 111MM PP TRANSP. RP37 SY105C UPM RAFLATAC
57510,CPS0019,CONSUMO DE LAMINADO
57510,50360,LAMINADO FILM PETG 300 MM 45 MIC
57510,45939,LAMINADO FOLIA PLATA COLDFOIL 160MM DSCF613-OP COR
57511,45939,LAMINADO FOLIA PLATA COLDFOIL 160MM DSCF613-OP COR
57511,CPS0019,CONSUMO DE LAMINADO
57511,50360,LAMINADO FILM PETG 300 MM 45 MIC
57512,CPS0019,CONSUMO DE LAMINADO
57512,51557,LAMINADO FILM PETG 280 MM 45 MIC
57512,45939,LAMINADO FOLIA PLATA COLDFOIL 160MM DSCF613-OP COR
57513,CPS0019,CONSUMO DE LAMINADO
57513,51557,LAMINADO FILM PETG 280 MM 45 MIC
57513,45939,LAMINADO FOLIA PLATA COLDFOIL 160MM DSCF613-OP COR
57516,CPS0019,CONSUMO DE LAMINADO
57516,54314,LAMINADO 167 WINEGLASS (MANUAL) 10939 RI
57519,57518,LAMINADO 170MM GLASSINE 60G
57519,57517,LAMINADO 150MM PAPEL COUCHE 90GR/M2
57524,CPS0019,CONSUMO DE LAMINADO
57524,56389,LAMINADO 333MM PAPEL SEMIBRILLO BG62 ECOPRINT S2045 AD
57525,CPS0019,CONSUMO DE LAMINADO
57525,57570,LAMINADO 250MM PAPEL SEMIBRILLO BG62 ECOPRINT S2045 AD
57526,CPS0019,CONSUMO DE LAMINADO
57526,56389,LAMINADO 333MM PAPEL SEMIBRILLO BG62 ECOPRINT S2045 AD
57527,CPS0019,CONSUMO DE LAMINADO
57527,54394,LAMINADO 333MM PP BCO. SY1071H RP37 EXACTO UPM
57528,CPS0019,CONSUMO DE LAMINADO
57528,54394,LAMINADO 333MM PP BCO. SY1071H RP37 EXACTO UPM
57529,CPS0019,CONSUMO DE LAMINADO
57529,54394,LAMINADO 333MM PP BCO. SY1071H RP37 EXACTO UPM
57530,CPS0019,CONSUMO DE LAMINADO
57530,54394,LAMINADO 333MM PP BCO. SY1071H RP37 EXACTO UPM
57531,CPS0019,CONSUMO DE LAMINADO
57531,54394,LAMINADO 333MM PP BCO. SY1071H RP37 EXACTO UPM
57532,CPS0019,CONSUMO DE LAMINADO
57532,54394,LAMINADO 333MM PP BCO. SY1071H RP37 EXACTO UPM
57533,CPS0019,CONSUMO DE LAMINADO
57533,54394,LAMINADO 333MM PP BCO. SY1071H RP37 EXACTO UPM
57534,CPS0019,CONSUMO DE LAMINADO
57534,54394,LAMINADO 333MM PP BCO. SY1071H RP37 EXACTO UPM
57535,CPS0019,CONSUMO DE LAMINADO
57535,54394,LAMINADO 333MM PP BCO. SY1071H RP37 EXACTO UPM
57536,CPS0019,CONSUMO DE LAMINADO
57536,54394,LAMINADO 333MM PP BCO. SY1071H RP37 EXACTO UPM
57537,CPS0019,CONSUMO DE LAMINADO
57537,54394,LAMINADO 333MM PP BCO. SY1071H RP37 EXACTO UPM
57538,CPS0019,CONSUMO DE LAMINADO
57538,46145,LAMINADO 110MM PPBB60-P1-G62S
57539,CPS0019,CONSUMO DE LAMINADO
57539,57373,LAMINADO 300MM PP BCO BTE PPBB60-P ARP
57540,CPS0019,CONSUMO DE LAMINADO
57540,46148,LAMINADO 330MM PPBB60-P1-G62S
57544,CPS0019,CONSUMO DE LAMINADO
57544,56778,LAMINADO 330MM PAPEL SEMIBRILLO L80-P6H-G62S ARC
57545,CPS0019,CONSUMO DE LAMINADO
57545,48647,LAMINADO FILM PETG 330 MM 45 MIC
57545,49673,LAMINADO FOLIA PLATA COLDFOIL 320MM
57546,CPS0019,CONSUMO DE LAMINADO
57546,709,LAMINADO 110MM PAPEL SEMIBRILLO 6770 80G AP 904 RI
57547,CPS0019,CONSUMO DE LAMINADO
57547,709,LAMINADO 110MM PAPEL SEMIBRILLO 6770 80G AP 904 RI
57548,CPS0019,CONSUMO DE LAMINADO
57548,709,LAMINADO 110MM PAPEL SEMIBRILLO 6770 80G AP 904 RI
57549,CPS0019,CONSUMO DE LAMINADO
57549,709,LAMINADO 110MM PAPEL SEMIBRILLO 6770 80G AP 904 RI
57550,CPS0019,CONSUMO DE LAMINADO
57550,709,LAMINADO 110MM PAPEL SEMIBRILLO 6770 80G AP 904 RI
57551,CPS0019,CONSUMO DE LAMINADO
57551,54022,LAMINADO 110MM PAPEL TRANSFER PREMIUM EXTRA / RP51 / WHITE KRAFT 65 UPM
57560,CPS0019,CONSUMO DE LAMINADO
57560,50359,LAMINADO FILM PETG 240 MM 45 MIC
57561,CPS0019,CONSUMO DE LAMINADO
57561,50359,LAMINADO FILM PETG 240 MM 45 MIC
57562,CPS0019,CONSUMO DE LAMINADO
57562,50359,LAMINADO FILM PETG 240 MM 45 MIC
57563,CPS0019,CONSUMO DE LAMINADO
57563,50359,LAMINADO FILM PETG 240 MM 45 MIC
57571,CPS0019,CONSUMO DE LAMINADO
57571,57557,LAMINADO 300MM PAPEL SEMIBRILLO L80-PH-G60 ARP
57572,CPS0019,CONSUMO DE LAMINADO
57572,57557,LAMINADO 300MM PAPEL SEMIBRILLO L80-PH-G60 ARP
57572,57872,LAMINADO 300MM PAPEL SEMIBRILLO L80 -P - G60 ARP
57573,CPS0019,CONSUMO DE LAMINADO
57573,57557,LAMINADO 300MM PAPEL SEMIBRILLO L80-PH-G60 ARP
57574,CPS0019,CONSUMO DE LAMINADO
57574,57557,LAMINADO 300MM PAPEL SEMIBRILLO L80-PH-G60 ARP
57575,CPS0019,CONSUMO DE LAMINADO
57575,56885,LAMINADO 320MM PAPEL SEMIBRILLO L80-P6H-G62S ARC
57576,CPS0019,CONSUMO DE LAMINADO
57576,57559,LAMINADO 330MM PAPEL SEMIBRILLO L80-PH-G60 ARP
57577,CPS0019,CONSUMO DE LAMINADO
57577,57559,LAMINADO 330MM PAPEL SEMIBRILLO L80-PH-G60 ARP
57578,CPS0019,CONSUMO DE LAMINADO
57578,57559,LAMINADO 330MM PAPEL SEMIBRILLO L80-PH-G60 ARP
57579,CPS0019,CONSUMO DE LAMINADO
57579,57559,LAMINADO 330MM PAPEL SEMIBRILLO L80-PH-G60 ARP
57580,CPS0019,CONSUMO DE LAMINADO
57580,50359,LAMINADO FILM PETG 240 MM 45 MIC
57581,CPS0019,CONSUMO DE LAMINADO
57581,50359,LAMINADO FILM PETG 240 MM 45 MIC
57582,CPS0019,CONSUMO DE LAMINADO
57582,50359,LAMINADO FILM PETG 240 MM 45 MIC
57583,CPS0019,CONSUMO DE LAMINADO
57583,50359,LAMINADO FILM PETG 240 MM 45 MIC
57584,CPS0019,CONSUMO DE LAMINADO
57584,50360,LAMINADO FILM PETG 300 MM 45 MIC
57585,CPS0019,CONSUMO DE LAMINADO
57585,50360,LAMINADO FILM PETG 300 MM 45 MIC
57586,CPS0019,CONSUMO DE LAMINADO
57586,50360,LAMINADO FILM PETG 300 MM 45 MIC
57587,CPS0019,CONSUMO DE LAMINADO
57587,50360,LAMINADO FILM PETG 300 MM 45 MIC
57588,CPS0019,CONSUMO DE LAMINADO
57588,50359,LAMINADO FILM PETG 240 MM 45 MIC
57589,CPS0019,CONSUMO DE LAMINADO
57589,50359,LAMINADO FILM PETG 240 MM 45 MIC
57592,CPS0019,CONSUMO DE LAMINADO
57592,57374,LAMINADO 330MM PP BCO BTE PPBB60-P ARP
57593,CPS0019,CONSUMO DE LAMINADO
57593,45856,LAMINADO 330MM PAPEL SEMIBRILLO 6770 80 GR AP 904 RI
57594,CPS0019,CONSUMO DE LAMINADO
57594,51557,LAMINADO FILM PETG 280 MM 45 MIC
57595,CPS0019,CONSUMO DE LAMINADO
57595,51557,LAMINADO FILM PETG 280 MM 45 MIC
57596,CPS0019,CONSUMO DE LAMINADO
57596,50359,LAMINADO FILM PETG 240 MM 45 MIC
57597,CPS0019,CONSUMO DE LAMINADO
57597,53511,LAMINADO 330 MM PPDL54P1 OPTIMA MATE G60 ARC
57597,46148,LAMINADO 330MM PPBB60-P1-G62S
57598,CPS0019,CONSUMO DE LAMINADO
57598,53511,LAMINADO 330 MM PPDL54P1 OPTIMA MATE G60 ARC
57598,46148,LAMINADO 330MM PPBB60-P1-G62S
57599,43389,LAMINADO 75MM SEGURIDAD ARSEAL AZUL
57599,CPS0019,CONSUMO DE LAMINADO
57601,CPS0019,CONSUMO DE LAMINADO
57601,56775,LAMINADO 160MM PAPEL SEMIBRILLO L80-P6H-G62S ARC
57604,CPS0019,CONSUMO DE LAMINADO
57604,57452,LAMINADO 280MM PP BCO. BTE. 60 S0290 F2953B AVERY
57605,CPS0019,CONSUMO DE LAMINADO
57605,54080,LAMINADO 200MM PP METALIZADO PLATA BRILLANTE RP37 UPM
57606,CPS0019,CONSUMO DE LAMINADO
57606,53894,LAMINADO 300MM PP TRANSP. RP37 SY105C UPM RAFLATAC
57607,CPS0019,CONSUMO DE LAMINADO
57607,51558,LAMINADO FILM PETG 360 MM 45 MIC
57608,CPS0019,CONSUMO DE LAMINADO
57608,54394,LAMINADO 333MM PP BCO. SY1071H RP37 EXACTO UPM
57609,CPS0019,CONSUMO DE LAMINADO
57609,54394,LAMINADO 333MM PP BCO. SY1071H RP37 EXACTO UPM
57610,CPS0019,CONSUMO DE LAMINADO
57610,54082,LAMINADO 300MM BOPP  METALIZADO PLATA BRILLANTE RP37UPM
57612,CPS0019,CONSUMO DE LAMINADO
57612,54080,LAMINADO 200MM PP METALIZADO PLATA BRILLANTE RP37 UPM
57614,44892,LAMINADO 200MM PPBB60-P4-G62S
57614,CPS0019,CONSUMO DE LAMINADO
57615,CPS0019,CONSUMO DE LAMINADO
57615,57559,LAMINADO 330MM PAPEL SEMIBRILLO L80-PH-G60 ARP
57616,CPS0019,CONSUMO DE LAMINADO
57616,59025,LAMINADO 330MM PP BCO MATE PPDL54-FH G60 ARP
57617,CPS0019,CONSUMO DE LAMINADO
57617,59025,LAMINADO 330MM PP BCO MATE PPDL54-FH G60 ARP
57618,CPS0019,CONSUMO DE LAMINADO
57618,59025,LAMINADO 330MM PP BCO MATE PPDL54-FH G60 ARP
57619,CPS0019,CONSUMO DE LAMINADO
57619,59025,LAMINADO 330MM PP BCO MATE PPDL54-FH G60 ARP
57620,CPS0019,CONSUMO DE LAMINADO
57620,59025,LAMINADO 330MM PP BCO MATE PPDL54-FH G60 ARP
57621,CPS0019,CONSUMO DE LAMINADO
57621,59025,LAMINADO 330MM PP BCO MATE PPDL54-FH G60 ARP
57622,CPS0019,CONSUMO DE LAMINADO
57622,59025,LAMINADO 330MM PP BCO MATE PPDL54-FH G60 ARP
57623,CPS0019,CONSUMO DE LAMINADO
57623,59025,LAMINADO 330MM PP BCO MATE PPDL54-FH G60 ARP
57624,CPS0019,CONSUMO DE LAMINADO
57624,59025,LAMINADO 330MM PP BCO MATE PPDL54-FH G60 ARP
57625,CPS0019,CONSUMO DE LAMINADO
57625,58929,LAMINADO 333MM PAPEL TERMICO T70-PH-ECO-G60 ARP
57626,CPS0019,CONSUMO DE LAMINADO
57626,58929,LAMINADO 333MM PAPEL TERMICO T70-PH-ECO-G60 ARP
57627,CPS0019,CONSUMO DE LAMINADO
57627,57373,LAMINADO 300MM PP BCO BTE PPBB60-P ARP
57628,CPS0019,CONSUMO DE LAMINADO
57628,57373,LAMINADO 300MM PP BCO BTE PPBB60-P ARP
57632,CPS0019,CONSUMO DE LAMINADO
57632,54226,LAMINADO 200MM PP  BCO. SY1071H RP37 EXACTO UPM
57634,CPS0019,CONSUMO DE LAMINADO
57634,45856,LAMINADO 330MM PAPEL SEMIBRILLO 6770 80 GR AP 904 RI
57635,CPS0019,CONSUMO DE LAMINADO
57635,51557,LAMINADO FILM PETG 280 MM 45 MIC
57636,CPS0019,CONSUMO DE LAMINADO
57636,51557,LAMINADO FILM PETG 280 MM 45 MIC
57637,CPS0019,CONSUMO DE LAMINADO
57637,51557,LAMINADO FILM PETG 280 MM 45 MIC
57638,CPS0019,CONSUMO DE LAMINADO
57638,51557,LAMINADO FILM PETG 280 MM 45 MIC
57642,CPS0019,CONSUMO DE LAMINADO
57642,57374,LAMINADO 330MM PP BCO BTE PPBB60-P ARP
57644,CPS0019,CONSUMO DE LAMINADO
57644,55734,LAMINADO FOLIA PLATA COLDFOIL 120 MM COR
57644,48647,LAMINADO FILM PETG 330 MM 45 MIC
57645,CPS0019,CONSUMO DE LAMINADO
57645,55734,LAMINADO FOLIA PLATA COLDFOIL 120 MM COR
57645,48647,LAMINADO FILM PETG 330 MM 45 MIC
57646,43973,LAMINADO 110MM PAPEL SINTETICO 200 micras MIC
57646,CPS0019,CONSUMO DE LAMINADO
57647,43973,LAMINADO 110MM PAPEL SINTETICO 200 micras MIC
57647,CPS0019,CONSUMO DE LAMINADO
57651,CPS0019,CONSUMO DE LAMINADO
57651,57559,LAMINADO 330MM PAPEL SEMIBRILLO L80-PH-G60 ARP
57652,CPS0019,CONSUMO DE LAMINADO
57652,50047,LAMINADO 330MM PAPEL BRILLANTE INKJET 7978 AP904
57653,CPS0019,CONSUMO DE LAMINADO
57653,51557,LAMINADO FILM PETG 280 MM 45 MIC
57657,CPS0019,CONSUMO DE LAMINADO
57657,50754,LAMINADO 320MM PPDL54P4 OPTIMA MATE 2 G60 (F9CG3 ) MIC
57657,50136,LAMINADO CINTA P/LAMINAR  PP TRANSP. 320MM OLPP24-MATE-º1500º
57659,CPS0019,CONSUMO DE LAMINADO
57659,54022,LAMINADO 110MM PAPEL TRANSFER PREMIUM EXTRA / RP51 / WHITE KRAFT 65 UPM
57660,CPS0019,CONSUMO DE LAMINADO
57660,54022,LAMINADO 110MM PAPEL TRANSFER PREMIUM EXTRA / RP51 / WHITE KRAFT 65 UPM
57663,CPS0019,CONSUMO DE LAMINADO
57663,54022,LAMINADO 110MM PAPEL TRANSFER PREMIUM EXTRA / RP51 / WHITE KRAFT 65 UPM
57668,CPS0019,CONSUMO DE LAMINADO
57668,46344,LAMINADO 160MM PPBB60-P1-G62S (Samson)
57669,CPS0019,CONSUMO DE LAMINADO
57669,46145,LAMINADO 110MM PPBB60-P1-G62S
57670,46145,LAMINADO 110MM PPBB60-P1-G62S
57670,CPS0019,CONSUMO DE LAMINADO
57671,CPS0019,CONSUMO DE LAMINADO
57671,46344,LAMINADO 160MM PPBB60-P1-G62S (Samson)
57672,CPS0019,CONSUMO DE LAMINADO
57672,46344,LAMINADO 160MM PPBB60-P1-G62S (Samson)
57673,46145,LAMINADO 110MM PPBB60-P1-G62S
57673,CPS0019,CONSUMO DE LAMINADO
57679,CPS0019,CONSUMO DE LAMINADO
57679,54314,LAMINADO 167 WINEGLASS (MANUAL) 10939 RI
57680,CPS0019,CONSUMO DE LAMINADO
57680,53511,LAMINADO 330 MM PPDL54P1 OPTIMA MATE G60 ARC
57680,46148,LAMINADO 330MM PPBB60-P1-G62S
57684,CPS0019,CONSUMO DE LAMINADO
57684,50359,LAMINADO FILM PETG 240 MM 45 MIC
57685,CPS0019,CONSUMO DE LAMINADO
57685,50359,LAMINADO FILM PETG 240 MM 45 MIC
57686,CPS0019,CONSUMO DE LAMINADO
57686,50359,LAMINADO FILM PETG 240 MM 45 MIC
57687,CPS0019,CONSUMO DE LAMINADO
57687,50359,LAMINADO FILM PETG 240 MM 45 MIC
57688,CPS0019,CONSUMO DE LAMINADO
57688,50359,LAMINADO FILM PETG 240 MM 45 MIC
57689,CPS0019,CONSUMO DE LAMINADO
57689,56778,LAMINADO 330MM PAPEL SEMIBRILLO L80-P6H-G62S ARC
57690,CPS0019,CONSUMO DE LAMINADO
57690,56778,LAMINADO 330MM PAPEL SEMIBRILLO L80-P6H-G62S ARC
57691,CPS0019,CONSUMO DE LAMINADO
57691,50359,LAMINADO FILM PETG 240 MM 45 MIC
57692,CPS0019,CONSUMO DE LAMINADO
57692,54024,LAMINADO 330MM PAPEL TRANSFER PREMIUM EXTRA / RP51 / WHITE KRAFT 65 UPM
57693,CPS0019,CONSUMO DE LAMINADO
57693,46452,LAMINADO 300MM PAPEL SEMIBRILLO 6770 80 GR AP 904 RI
57694,CPS0019,CONSUMO DE LAMINADO
57694,53511,LAMINADO 330 MM PPDL54P1 OPTIMA MATE G60 ARC
57694,46148,LAMINADO 330MM PPBB60-P1-G62S
57697,CPS0019,CONSUMO DE LAMINADO
57697,54080,LAMINADO 200MM PP METALIZADO PLATA BRILLANTE RP37 UPM
57698,CPS0019,CONSUMO DE LAMINADO
57698,54081,LAMINADO 250MM BOPP  METALIZADO PLATA BRILLANTE RP37UPM
57702,CPS0019,CONSUMO DE LAMINADO
57702,46118,LAMINADO 300MM PPBB60-P1-G62S
57703,CPS0019,CONSUMO DE LAMINADO
57703,56392,LAMINADO 330MM WHITE COVER
57704,CPS0019,CONSUMO DE LAMINADO
57704,50359,LAMINADO FILM PETG 240 MM 45 MIC
57705,CPS0019,CONSUMO DE LAMINADO
57705,46148,LAMINADO 330MM PPBB60-P1-G62S
57712,CPS0019,CONSUMO DE LAMINADO
57712,50359,LAMINADO FILM PETG 240 MM 45 MIC
57713,CPS0019,CONSUMO DE LAMINADO
57713,50359,LAMINADO FILM PETG 240 MM 45 MIC
57714,CPS0019,CONSUMO DE LAMINADO
57714,50359,LAMINADO FILM PETG 240 MM 45 MIC
57716,CPS0019,CONSUMO DE LAMINADO
57716,53291,LAMINADO 320MM BLACKCOVER II  80 GR AE500 GL62 INNO 2
57717,43860,LAMINADO 330MM PP BCO BTE P4 38M G58 ARC
57717,50136,LAMINADO CINTA P/LAMINAR  PP TRANSP. 320MM OLPP24-MATE-º1500º
57717,CPS0019,CONSUMO DE LAMINADO
57718,43860,LAMINADO 330MM PP BCO BTE P4 38M G58 ARC
57718,CPS0019,CONSUMO DE LAMINADO
57718,50136,LAMINADO CINTA P/LAMINAR  PP TRANSP. 320MM OLPP24-MATE-º1500º
57719,43860,LAMINADO 330MM PP BCO BTE P4 38M G58 ARC
57719,CPS0019,CONSUMO DE LAMINADO
57719,50136,LAMINADO CINTA P/LAMINAR  PP TRANSP. 320MM OLPP24-MATE-º1500º
57720,43860,LAMINADO 330MM PP BCO BTE P4 38M G58 ARC
57720,CPS0019,CONSUMO DE LAMINADO
57720,50136,LAMINADO CINTA P/LAMINAR  PP TRANSP. 320MM OLPP24-MATE-º1500º
57721,CPS0019,CONSUMO DE LAMINADO
57721,49668,LAMINADO 200MM PP TRANSP.51MC RP37
57722,CPS0019,CONSUMO DE LAMINADO
57722,59025,LAMINADO 330MM PP BCO MATE PPDL54-FH G60 ARP
57723,CPS0019,CONSUMO DE LAMINADO
57723,59025,LAMINADO 330MM PP BCO MATE PPDL54-FH G60 ARP
57724,CPS0019,CONSUMO DE LAMINADO
57724,59025,LAMINADO 330MM PP BCO MATE PPDL54-FH G60 ARP
57725,CPS0019,CONSUMO DE LAMINADO
57725,59025,LAMINADO 330MM PP BCO MATE PPDL54-FH G60 ARP
57726,CPS0019,CONSUMO DE LAMINADO
57726,59025,LAMINADO 330MM PP BCO MATE PPDL54-FH G60 ARP
57727,CPS0019,CONSUMO DE LAMINADO
57727,59025,LAMINADO 330MM PP BCO MATE PPDL54-FH G60 ARP
57728,CPS0019,CONSUMO DE LAMINADO
57728,59025,LAMINADO 330MM PP BCO MATE PPDL54-FH G60 ARP
57733,CPS0019,CONSUMO DE LAMINADO
57733,46344,LAMINADO 160MM PPBB60-P1-G62S (Samson)
57734,CPS0019,CONSUMO DE LAMINADO
57734,56392,LAMINADO 330MM WHITE COVER
57735,CPS0019,CONSUMO DE LAMINADO
57735,46118,LAMINADO 300MM PPBB60-P1-G62S
57735,51677,LAMINADO 300MM PP BCO BTE P4 38M G58 ARC
57736,CPS0019,CONSUMO DE LAMINADO
57736,50360,LAMINADO FILM PETG 300 MM 45 MIC
57737,CPS0019,CONSUMO DE LAMINADO
57737,50360,LAMINADO FILM PETG 300 MM 45 MIC
57739,CPS0019,CONSUMO DE LAMINADO
57739,57374,LAMINADO 330MM PP BCO BTE PPBB60-P ARP
57740,CPS0019,CONSUMO DE LAMINADO
57740,57374,LAMINADO 330MM PP BCO BTE PPBB60-P ARP
57741,CPS0019,CONSUMO DE LAMINADO
57741,57374,LAMINADO 330MM PP BCO BTE PPBB60-P ARP
57742,CPS0019,CONSUMO DE LAMINADO
57742,57374,LAMINADO 330MM PP BCO BTE PPBB60-P ARP
57743,CPS0019,CONSUMO DE LAMINADO
57743,57374,LAMINADO 330MM PP BCO BTE PPBB60-P ARP
57744,CPS0019,CONSUMO DE LAMINADO
57744,56778,LAMINADO 330MM PAPEL SEMIBRILLO L80-P6H-G62S ARC
57745,43860,LAMINADO 330MM PP BCO BTE P4 38M G58 ARC
57745,CPS0019,CONSUMO DE LAMINADO
57745,50136,LAMINADO CINTA P/LAMINAR  PP TRANSP. 320MM OLPP24-MATE-º1500º
57746,43860,LAMINADO 330MM PP BCO BTE P4 38M G58 ARC
57746,CPS0019,CONSUMO DE LAMINADO
57746,50136,LAMINADO CINTA P/LAMINAR  PP TRANSP. 320MM OLPP24-MATE-º1500º
57747,CPS0019,CONSUMO DE LAMINADO
57747,46192,LAMINADO 330MM PPBB60-P4-G62S
57748,CPS0019,CONSUMO DE LAMINADO
57748,46192,LAMINADO 330MM PPBB60-P4-G62S
57749,CPS0019,CONSUMO DE LAMINADO
57749,56378,LAMINADO 110MM PAPEL SEMIBRILLO L80-P6H-G62S ARC
57751,CPS0019,CONSUMO DE LAMINADO
57751,56775,LAMINADO 160MM PAPEL SEMIBRILLO L80-P6H-G62S ARC
57753,CPS0019,CONSUMO DE LAMINADO
57753,54314,LAMINADO 167 WINEGLASS (MANUAL) 10939 RI
57754,CPS0019,CONSUMO DE LAMINADO
57754,56392,LAMINADO 330MM WHITE COVER
57760,CPS0019,CONSUMO DE LAMINADO
57760,44927,LAMINADO 330MM PAPEL SEMIBRILLO L80-PH-G62S ( EXACTO) ARP
57761,CPS0019,CONSUMO DE LAMINADO
57761,57373,LAMINADO 300MM PP BCO BTE PPBB60-P ARP
57762,CPS0019,CONSUMO DE LAMINADO
57762,57373,LAMINADO 300MM PP BCO BTE PPBB60-P ARP
57767,CPS0019,CONSUMO DE LAMINADO
57767,43431,LAMINADO 160MM PAPEL SEMIBRILLO L80-PH-G62S ( EXACTO) ARP
57768,CPS0019,CONSUMO DE LAMINADO
57768,54394,LAMINADO 333MM PP BCO. SY1071H RP37 EXACTO UPM
57769,CPS0019,CONSUMO DE LAMINADO
57769,54394,LAMINADO 333MM PP BCO. SY1071H RP37 EXACTO UPM
57772,CPS0019,CONSUMO DE LAMINADO
57772,58129,LAMINADO 333MM SY2040S PP BCO TC60  RP37 UPM
57773,CPS0019,CONSUMO DE LAMINADO
57773,53609,LAMINADO 330MM PP BLANCO TC 40 MICRAS  02176 RI757
57773,57346,LAMINADO 330MM PP BCO. BTE. 60 S0290 F2953B AVERY
57776,CPS0019,CONSUMO DE LAMINADO
57776,56778,LAMINADO 330MM PAPEL SEMIBRILLO L80-P6H-G62S ARC
57777,CPS0019,CONSUMO DE LAMINADO
57777,56778,LAMINADO 330MM PAPEL SEMIBRILLO L80-P6H-G62S ARC
57778,42817,LAMINADO 300MM BOPP BCO. BRILLANTE 60 TC (08065)
57778,CPS0019,CONSUMO DE LAMINADO
57780,CPS0019,CONSUMO DE LAMINADO
57780,45856,LAMINADO 330MM PAPEL SEMIBRILLO 6770 80 GR AP 904 RI
57783,CPS0019,CONSUMO DE LAMINADO
57783,45856,LAMINADO 330MM PAPEL SEMIBRILLO 6770 80 GR AP 904 RI
57784,CPS0019,CONSUMO DE LAMINADO
57784,45856,LAMINADO 330MM PAPEL SEMIBRILLO 6770 80 GR AP 904 RI
57785,44261,LAMINADO 300MM PPDL54P4 OPTIMA MATE AF1000 G60 ARC
57785,CPS0019,CONSUMO DE LAMINADO
57786,CPS0019,CONSUMO DE LAMINADO
57786,44261,LAMINADO 300MM PPDL54P4 OPTIMA MATE AF1000 G60 ARC
57787,45051,LAMINADO 330MM PAPEL TRANSFER TT64/PH
57787,CPS0019,CONSUMO DE LAMINADO
57788,CPS0019,CONSUMO DE LAMINADO
57788,54226,LAMINADO 200MM PP  BCO. SY1071H RP37 EXACTO UPM
57789,CPS0019,CONSUMO DE LAMINADO
57789,56378,LAMINADO 110MM PAPEL SEMIBRILLO L80-P6H-G62S ARC
57790,CPS0019,CONSUMO DE LAMINADO
57790,51557,LAMINADO FILM PETG 280 MM 45 MIC
57791,CPS0019,CONSUMO DE LAMINADO
57791,51557,LAMINADO FILM PETG 280 MM 45 MIC
57792,CPS0019,CONSUMO DE LAMINADO
57792,51557,LAMINADO FILM PETG 280 MM 45 MIC
57793,CPS0019,CONSUMO DE LAMINADO
57793,51557,LAMINADO FILM PETG 280 MM 45 MIC
57794,CPS0019,CONSUMO DE LAMINADO
57794,51557,LAMINADO FILM PETG 280 MM 45 MIC
57795,CPS0019,CONSUMO DE LAMINADO
57795,51557,LAMINADO FILM PETG 280 MM 45 MIC
57796,CPS0019,CONSUMO DE LAMINADO
57796,51557,LAMINADO FILM PETG 280 MM 45 MIC
57798,CPS0019,CONSUMO DE LAMINADO
57798,50360,LAMINADO FILM PETG 300 MM 45 MIC
57798,45939,LAMINADO FOLIA PLATA COLDFOIL 160MM DSCF613-OP COR
57799,45939,LAMINADO FOLIA PLATA COLDFOIL 160MM DSCF613-OP COR
57799,CPS0019,CONSUMO DE LAMINADO
57799,50360,LAMINADO FILM PETG 300 MM 45 MIC
578,CPS0019,CONSUMO DE LAMINADO
578,57559,LAMINADO 330MM PAPEL SEMIBRILLO L80-PH-G60 ARP
57800,CPS0019,CONSUMO DE LAMINADO
57800,50360,LAMINADO FILM PETG 300 MM 45 MIC
57801,CPS0019,CONSUMO DE LAMINADO
57801,50360,LAMINADO FILM PETG 300 MM 45 MIC
57802,CPS0019,CONSUMO DE LAMINADO
57802,46452,LAMINADO 300MM PAPEL SEMIBRILLO 6770 80 GR AP 904 RI
57803,CPS0019,CONSUMO DE LAMINADO
57803,56775,LAMINADO 160MM PAPEL SEMIBRILLO L80-P6H-G62S ARC
57809,CPS0019,CONSUMO DE LAMINADO
57809,57553,LAMINADO 110MM PAPEL SEMIBRILLO L80-PH-G60 ARP
57810,CPS0019,CONSUMO DE LAMINADO
57810,57559,LAMINADO 330MM PAPEL SEMIBRILLO L80-PH-G60 ARP
57811,CPS0019,CONSUMO DE LAMINADO
57811,57559,LAMINADO 330MM PAPEL SEMIBRILLO L80-PH-G60 ARP
57812,CPS0019,CONSUMO DE LAMINADO
57812,57553,LAMINADO 110MM PAPEL SEMIBRILLO L80-PH-G60 ARP
57813,39651,LAMINADO 200MM PAPEL SEMIBRILLO cod. 6770 RI
57813,CPS0019,CONSUMO DE LAMINADO
57814,40500,LAMINADO 160MM BOPP  BLACO. 60 UTC RI 707/BL 8065 EXACTO
57814,CPS0019,CONSUMO DE LAMINADO
57816,40500,LAMINADO 160MM BOPP  BLACO. 60 UTC RI 707/BL 8065 EXACTO
57816,CPS0019,CONSUMO DE LAMINADO
57817,40500,LAMINADO 160MM BOPP  BLACO. 60 UTC RI 707/BL 8065 EXACTO
57817,CPS0019,CONSUMO DE LAMINADO
57818,40500,LAMINADO 160MM BOPP  BLACO. 60 UTC RI 707/BL 8065 EXACTO
57818,CPS0019,CONSUMO DE LAMINADO
57820,CPS0019,CONSUMO DE LAMINADO
57820,46452,LAMINADO 300MM PAPEL SEMIBRILLO 6770 80 GR AP 904 RI
57821,CPS0019,CONSUMO DE LAMINADO
57821,50360,LAMINADO FILM PETG 300 MM 45 MIC
57822,CPS0019,CONSUMO DE LAMINADO
57822,50359,LAMINADO FILM PETG 240 MM 45 MIC
57823,CPS0019,CONSUMO DE LAMINADO
57823,57553,LAMINADO 110MM PAPEL SEMIBRILLO L80-PH-G60 ARP
57824,43348,LAMINADO 111MM PAPEL TERMICO T70/P ARC
57824,CPS0019,CONSUMO DE LAMINADO
57825,CPS0019,CONSUMO DE LAMINADO
57825,57844,LAMINADO 330MM PAPEL SEMIBRILLO L80 -P - G60 AR
57825,46187,LAMINADO FOLIA ORO COLDFOIL 320MM DGCF-613-OP
57826,CPS0019,CONSUMO DE LAMINADO
57826,59025,LAMINADO 330MM PP BCO MATE PPDL54-FH G60 ARP
57827,CPS0019,CONSUMO DE LAMINADO
57827,59025,LAMINADO 330MM PP BCO MATE PPDL54-FH G60 ARP
57828,CPS0019,CONSUMO DE LAMINADO
57828,59025,LAMINADO 330MM PP BCO MATE PPDL54-FH G60 ARP
57829,CPS0019,CONSUMO DE LAMINADO
57829,53894,LAMINADO 300MM PP TRANSP. RP37 SY105C UPM RAFLATAC
57830,CPS0019,CONSUMO DE LAMINADO
57830,57557,LAMINADO 300MM PAPEL SEMIBRILLO L80-PH-G60 ARP
57831,CPS0019,CONSUMO DE LAMINADO
57831,57559,LAMINADO 330MM PAPEL SEMIBRILLO L80-PH-G60 ARP
57832,CPS0019,CONSUMO DE LAMINADO
57832,57553,LAMINADO 110MM PAPEL SEMIBRILLO L80-PH-G60 ARP
57841,CPS0019,CONSUMO DE LAMINADO
57841,57553,LAMINADO 110MM PAPEL SEMIBRILLO L80-PH-G60 ARP
57842,CPS0019,CONSUMO DE LAMINADO
57842,57553,LAMINADO 110MM PAPEL SEMIBRILLO L80-PH-G60 ARP
57843,CPS0019,CONSUMO DE LAMINADO
57843,57553,LAMINADO 110MM PAPEL SEMIBRILLO L80-PH-G60 ARP
57846,CPS0019,CONSUMO DE LAMINADO
57846,56389,LAMINADO 333MM PAPEL SEMIBRILLO BG62 ECOPRINT S2045 AD
57849,CPS0019,CONSUMO DE LAMINADO
57849,57852,LAMINADO 110MM WHITE COVER
57850,CPS0019,CONSUMO DE LAMINADO
57850,57852,LAMINADO 110MM WHITE COVER
57851,CPS0019,CONSUMO DE LAMINADO
57851,57852,LAMINADO 110MM WHITE COVER
57853,CPS0019,CONSUMO DE LAMINADO
57853,57863,LAMINADO 300mm PP TRANSP (03838) TC8 AP901 WG62 RI
57854,42684,LAMINADO 300MM PP TRANSP. (7559) 50TC S0208 BG62B
57854,CPS0019,CONSUMO DE LAMINADO
57855,CPS0019,CONSUMO DE LAMINADO
57855,50359,LAMINADO FILM PETG 240 MM 45 MIC
57856,CPS0019,CONSUMO DE LAMINADO
57856,50359,LAMINADO FILM PETG 240 MM 45 MIC
57857,CPS0019,CONSUMO DE LAMINADO
57857,50359,LAMINADO FILM PETG 240 MM 45 MIC
57858,CPS0019,CONSUMO DE LAMINADO
57858,50359,LAMINADO FILM PETG 240 MM 45 MIC
57859,CPS0019,CONSUMO DE LAMINADO
57859,58293,LAMINADO 230MM PP BCO MATE PPDL54-FH G60 ARP
57860,CPS0019,CONSUMO DE LAMINADO
57860,58293,LAMINADO 230MM PP BCO MATE PPDL54-FH G60 ARP
57861,CPS0019,CONSUMO DE LAMINADO
57861,57559,LAMINADO 330MM PAPEL SEMIBRILLO L80-PH-G60 ARP
57862,CPS0019,CONSUMO DE LAMINADO
57862,57553,LAMINADO 110MM PAPEL SEMIBRILLO L80-PH-G60 ARP
57865,CPS0019,CONSUMO DE LAMINADO
57865,45585,LAMINADO 330MM BOPP  METALIZADO PLATA BRILLANTE RI 717/50
57866,45856,LAMINADO 330MM PAPEL SEMIBRILLO 6770 80 GR AP 904 RI
57866,CPS0019,CONSUMO DE LAMINADO
57868,CPS0019,CONSUMO DE LAMINADO
57868,57559,LAMINADO 330MM PAPEL SEMIBRILLO L80-PH-G60 ARP
57870,CPS0019,CONSUMO DE LAMINADO
57870,57559,LAMINADO 330MM PAPEL SEMIBRILLO L80-PH-G60 ARP
57871,CPS0019,CONSUMO DE LAMINADO
57871,46452,LAMINADO 300MM PAPEL SEMIBRILLO 6770 80 GR AP 904 RI
57874,CPS0019,CONSUMO DE LAMINADO
57874,57559,LAMINADO 330MM PAPEL SEMIBRILLO L80-PH-G60 ARP
57875,CPS0019,CONSUMO DE LAMINADO
57875,57557,LAMINADO 300MM PAPEL SEMIBRILLO L80-PH-G60 ARP
57876,CPS0019,CONSUMO DE LAMINADO
57876,50928,"LAMINADO 330MM PP BLANCO S7400ER/PET23 "" EASY MOVE"" CLEAN FLAKE AD"
57877,CPS0019,CONSUMO DE LAMINADO
57877,45856,LAMINADO 330MM PAPEL SEMIBRILLO 6770 80 GR AP 904 RI
57878,CPS0019,CONSUMO DE LAMINADO
57878,50359,LAMINADO FILM PETG 240 MM 45 MIC
57879,CPS0019,CONSUMO DE LAMINADO
57879,56392,LAMINADO 330MM WHITE COVER
57880,CPS0019,CONSUMO DE LAMINADO
57880,57755,LAMINADO 160MM PP BCO BTE PPBB60-P ARP (SAMSON/ARP)
57881,CPS0019,CONSUMO DE LAMINADO
57881,57374,LAMINADO 330MM PP BCO BTE PPBB60-P ARP
57882,CPS0019,CONSUMO DE LAMINADO
57882,57552,LAMINADO 160MM PAPEL SEMIBRILLO L80-PH-G60 ARP
57883,CPS0019,CONSUMO DE LAMINADO
57883,57552,LAMINADO 160MM PAPEL SEMIBRILLO L80-PH-G60 ARP
57884,CPS0019,CONSUMO DE LAMINADO
57884,57552,LAMINADO 160MM PAPEL SEMIBRILLO L80-PH-G60 ARP
57885,CPS0019,CONSUMO DE LAMINADO
57885,51557,LAMINADO FILM PETG 280 MM 45 MIC
57886,CPS0019,CONSUMO DE LAMINADO
57886,51557,LAMINADO FILM PETG 280 MM 45 MIC
57887,43348,LAMINADO 111MM PAPEL TERMICO T70/P ARC
57887,CPS0019,CONSUMO DE LAMINADO
57889,CPS0019,CONSUMO DE LAMINADO
57889,56377,LAMINADO 280MM PAPEL SEMIBRILLO L80-PH-G62S ARP
57890,43973,LAMINADO 110MM PAPEL SINTETICO 200 micras MIC
57890,CPS0019,CONSUMO DE LAMINADO
57891,CPS0019,CONSUMO DE LAMINADO
57891,57872,LAMINADO 300MM PAPEL SEMIBRILLO L80 -P - G60 ARP
57895,44927,LAMINADO 330MM PAPEL SEMIBRILLO L80-PH-G62S ( EXACTO) ARP
57895,CPS0019,CONSUMO DE LAMINADO
57896,CPS0019,CONSUMO DE LAMINADO
57896,46452,LAMINADO 300MM PAPEL SEMIBRILLO 6770 80 GR AP 904 RI
57897,44927,LAMINADO 330MM PAPEL SEMIBRILLO L80-PH-G62S ( EXACTO) ARP
57897,CPS0019,CONSUMO DE LAMINADO
57898,CPS0019,CONSUMO DE LAMINADO
57898,44927,LAMINADO 330MM PAPEL SEMIBRILLO L80-PH-G62S ( EXACTO) ARP
57899,CPS0019,CONSUMO DE LAMINADO
57899,46452,LAMINADO 300MM PAPEL SEMIBRILLO 6770 80 GR AP 904 RI
579,CPS0019,CONSUMO DE LAMINADO
579,57559,LAMINADO 330MM PAPEL SEMIBRILLO L80-PH-G60 ARP
57900,44927,LAMINADO 330MM PAPEL SEMIBRILLO L80-PH-G62S ( EXACTO) ARP
57900,CPS0019,CONSUMO DE LAMINADO
57901,44927,LAMINADO 330MM PAPEL SEMIBRILLO L80-PH-G62S ( EXACTO) ARP
57901,CPS0019,CONSUMO DE LAMINADO
57902,CPS0019,CONSUMO DE LAMINADO
57902,46452,LAMINADO 300MM PAPEL SEMIBRILLO 6770 80 GR AP 904 RI
57903,CPS0019,CONSUMO DE LAMINADO
57903,46452,LAMINADO 300MM PAPEL SEMIBRILLO 6770 80 GR AP 904 RI
57904,CPS0019,CONSUMO DE LAMINADO
57904,45856,LAMINADO 330MM PAPEL SEMIBRILLO 6770 80 GR AP 904 RI
57905,CPS0019,CONSUMO DE LAMINADO
57905,57872,LAMINADO 300MM PAPEL SEMIBRILLO L80 -P - G60 ARP
57906,CPS0019,CONSUMO DE LAMINADO
57906,52915,LAMINADO 333MM PP TRANSP. RP37 SY105C UPM RAFLATAC
57910,CPS0019,CONSUMO DE LAMINADO
57910,57844,LAMINADO 330MM PAPEL SEMIBRILLO L80 -P - G60 AR
57911,CPS0019,CONSUMO DE LAMINADO
57911,57844,LAMINADO 330MM PAPEL SEMIBRILLO L80 -P - G60 AR
57912,CPS0019,CONSUMO DE LAMINADO
57912,57844,LAMINADO 330MM PAPEL SEMIBRILLO L80 -P - G60 AR
57913,CPS0019,CONSUMO DE LAMINADO
57913,57844,LAMINADO 330MM PAPEL SEMIBRILLO L80 -P - G60 AR
57915,CPS0019,CONSUMO DE LAMINADO
57915,57559,LAMINADO 330MM PAPEL SEMIBRILLO L80-PH-G60 ARP
57916,CPS0019,CONSUMO DE LAMINADO
57916,57844,LAMINADO 330MM PAPEL SEMIBRILLO L80 -P - G60 AR
57926,CPS0019,CONSUMO DE LAMINADO
57926,55895,LAMINADO 300MM PPDL54P4 OPTIMA MATE 2 G60
57928,CPS0019,CONSUMO DE LAMINADO
57928,53894,LAMINADO 300MM PP TRANSP. RP37 SY105C UPM RAFLATAC
57929,CPS0019,CONSUMO DE LAMINADO
57929,53894,LAMINADO 300MM PP TRANSP. RP37 SY105C UPM RAFLATAC
57930,CPS0019,CONSUMO DE LAMINADO
57930,57844,LAMINADO 330MM PAPEL SEMIBRILLO L80 -P - G60 AR
57931,CPS0019,CONSUMO DE LAMINADO
57931,52915,LAMINADO 333MM PP TRANSP. RP37 SY105C UPM RAFLATAC
57932,CPS0019,CONSUMO DE LAMINADO
57932,57844,LAMINADO 330MM PAPEL SEMIBRILLO L80 -P - G60 AR
57933,CPS0019,CONSUMO DE LAMINADO
57933,57844,LAMINADO 330MM PAPEL SEMIBRILLO L80 -P - G60 AR
57934,CPS0019,CONSUMO DE LAMINADO
57934,50359,LAMINADO FILM PETG 240 MM 45 MIC
57935,CPS0019,CONSUMO DE LAMINADO
57935,50359,LAMINADO FILM PETG 240 MM 45 MIC
57936,CPS0019,CONSUMO DE LAMINADO
57936,50359,LAMINADO FILM PETG 240 MM 45 MIC
57942,CPS0019,CONSUMO DE LAMINADO
57942,57844,LAMINADO 330MM PAPEL SEMIBRILLO L80 -P - G60 AR
57943,CPS0019,CONSUMO DE LAMINADO
57943,57755,LAMINADO 160MM PP BCO BTE PPBB60-P ARP (SAMSON/ARP)
57944,CPS0019,CONSUMO DE LAMINADO
57944,57755,LAMINADO 160MM PP BCO BTE PPBB60-P ARP (SAMSON/ARP)
57945,CPS0019,CONSUMO DE LAMINADO
57945,57373,LAMINADO 300MM PP BCO BTE PPBB60-P ARP
57946,CPS0019,CONSUMO DE LAMINADO
57946,57374,LAMINADO 330MM PP BCO BTE PPBB60-P ARP
57948,CPS0019,CONSUMO DE LAMINADO
57948,57844,LAMINADO 330MM PAPEL SEMIBRILLO L80 -P - G60 AR
57950,CPS0019,CONSUMO DE LAMINADO
57950,56683,LAMINADO 280MM PAPEL SEMIBRILLO 6770 AP904 RI
57956,CPS0019,CONSUMO DE LAMINADO
57956,57844,LAMINADO 330MM PAPEL SEMIBRILLO L80 -P - G60 AR
57957,CPS0019,CONSUMO DE LAMINADO
57957,57844,LAMINADO 330MM PAPEL SEMIBRILLO L80 -P - G60 AR
57959,CPS0019,CONSUMO DE LAMINADO
57959,57844,LAMINADO 330MM PAPEL SEMIBRILLO L80 -P - G60 AR
57964,CPS0019,CONSUMO DE LAMINADO
57964,57755,LAMINADO 160MM PP BCO BTE PPBB60-P ARP (SAMSON/ARP)
57965,CPS0019,CONSUMO DE LAMINADO
57965,57559,LAMINADO 330MM PAPEL SEMIBRILLO L80-PH-G60 ARP
57966,CPS0019,CONSUMO DE LAMINADO
57966,56612,LAMINADO 280MM PAPEL SEMIBRILLO L80-P6H ARC
57967,CPS0019,CONSUMO DE LAMINADO
57967,56612,LAMINADO 280MM PAPEL SEMIBRILLO L80-P6H ARC
57968,CPS0019,CONSUMO DE LAMINADO
57968,59025,LAMINADO 330MM PP BCO MATE PPDL54-FH G60 ARP
57969,CPS0019,CONSUMO DE LAMINADO
57969,59025,LAMINADO 330MM PP BCO MATE PPDL54-FH G60 ARP
57970,CPS0019,CONSUMO DE LAMINADO
57970,59025,LAMINADO 330MM PP BCO MATE PPDL54-FH G60 ARP
57971,CPS0019,CONSUMO DE LAMINADO
57971,50359,LAMINADO FILM PETG 240 MM 45 MIC
57973,CPS0019,CONSUMO DE LAMINADO
57973,48261,LAMINADO 330MM TERMICO PROTEGIDO 7836 THERMAL TC /80 GR GL/60 RI
57974,CPS0019,CONSUMO DE LAMINADO
57974,48261,LAMINADO 330MM TERMICO PROTEGIDO 7836 THERMAL TC /80 GR GL/60 RI
57975,CPS0019,CONSUMO DE LAMINADO
57975,54314,LAMINADO 167 WINEGLASS (MANUAL) 10939 RI
57976,CPS0019,CONSUMO DE LAMINADO
57976,57844,LAMINADO 330MM PAPEL SEMIBRILLO L80 -P - G60 AR
57976,46187,LAMINADO FOLIA ORO COLDFOIL 320MM DGCF-613-OP
57977,CPS0019,CONSUMO DE LAMINADO
57977,57755,LAMINADO 160MM PP BCO BTE PPBB60-P ARP (SAMSON/ARP)
57979,CPS0019,CONSUMO DE LAMINADO
57979,46452,LAMINADO 300MM PAPEL SEMIBRILLO 6770 80 GR AP 904 RI
57980,CPS0019,CONSUMO DE LAMINADO
57980,51344,LAMINADO 260MM PAPEL SEMIBRILLO 80 GR AP 904 ( 6770) RI
57981,CPS0019,CONSUMO DE LAMINADO
57981,51344,LAMINADO 260MM PAPEL SEMIBRILLO 80 GR AP 904 ( 6770) RI
57982,45856,LAMINADO 330MM PAPEL SEMIBRILLO 6770 80 GR AP 904 RI
57982,CPS0019,CONSUMO DE LAMINADO
57983,CPS0019,CONSUMO DE LAMINADO
57983,45856,LAMINADO 330MM PAPEL SEMIBRILLO 6770 80 GR AP 904 RI
57984,CPS0019,CONSUMO DE LAMINADO
57984,46452,LAMINADO 300MM PAPEL SEMIBRILLO 6770 80 GR AP 904 RI
57985,CPS0019,CONSUMO DE LAMINADO
57985,57755,LAMINADO 160MM PP BCO BTE PPBB60-P ARP (SAMSON/ARP)
57986,CPS0019,CONSUMO DE LAMINADO
57986,56683,LAMINADO 280MM PAPEL SEMIBRILLO 6770 AP904 RI
57987,CPS0019,CONSUMO DE LAMINADO
57987,56683,LAMINADO 280MM PAPEL SEMIBRILLO 6770 AP904 RI
57988,CPS0019,CONSUMO DE LAMINADO
57988,56683,LAMINADO 280MM PAPEL SEMIBRILLO 6770 AP904 RI
57989,CPS0019,CONSUMO DE LAMINADO
57989,52915,LAMINADO 333MM PP TRANSP. RP37 SY105C UPM RAFLATAC
57990,CPS0019,CONSUMO DE LAMINADO
57990,57844,LAMINADO 330MM PAPEL SEMIBRILLO L80 -P - G60 AR
57991,CPS0019,CONSUMO DE LAMINADO
57991,57844,LAMINADO 330MM PAPEL SEMIBRILLO L80 -P - G60 AR
57992,CPS0019,CONSUMO DE LAMINADO
57992,57872,LAMINADO 300MM PAPEL SEMIBRILLO L80 -P - G60 ARP
57993,CPS0019,CONSUMO DE LAMINADO
57993,57872,LAMINADO 300MM PAPEL SEMIBRILLO L80 -P - G60 ARP
57994,CPS0019,CONSUMO DE LAMINADO
57994,46192,LAMINADO 330MM PPBB60-P4-G62S
580,CPS0019,CONSUMO DE LAMINADO
580,51228,"LAMINADO 116,5MM PAPEL TRANSFER AT2550/40 CK"
58000,CPS0019,CONSUMO DE LAMINADO
58000,52915,LAMINADO 333MM PP TRANSP. RP37 SY105C UPM RAFLATAC
58003,CPS0019,CONSUMO DE LAMINADO
58003,46219,LAMINADO CINTA P/LAMINAR PP TRANSP. 320MM AA-LABR-LA-SL-BPT-QSW DIP
58003,54024,LAMINADO 330MM PAPEL TRANSFER PREMIUM EXTRA / RP51 / WHITE KRAFT 65 UPM
58005,CPS0019,CONSUMO DE LAMINADO
58005,57844,LAMINADO 330MM PAPEL SEMIBRILLO L80 -P - G60 AR
58006,CPS0019,CONSUMO DE LAMINADO
58006,57872,LAMINADO 300MM PAPEL SEMIBRILLO L80 -P - G60 ARP
58007,CPS0019,CONSUMO DE LAMINADO
58007,57872,LAMINADO 300MM PAPEL SEMIBRILLO L80 -P - G60 ARP
58008,CPS0019,CONSUMO DE LAMINADO
58008,57872,LAMINADO 300MM PAPEL SEMIBRILLO L80 -P - G60 ARP
58009,CPS0019,CONSUMO DE LAMINADO
58009,57872,LAMINADO 300MM PAPEL SEMIBRILLO L80 -P - G60 ARP
58010,CPS0019,CONSUMO DE LAMINADO
58010,57872,LAMINADO 300MM PAPEL SEMIBRILLO L80 -P - G60 ARP
58012,CPS0019,CONSUMO DE LAMINADO
58012,58703,LAMINADO 160MM PAPEL SEMIBRILLO 6770 80G AP 904 PERU RI
58015,CPS0019,CONSUMO DE LAMINADO
58015,45856,LAMINADO 330MM PAPEL SEMIBRILLO 6770 80 GR AP 904 RI
58016,45856,LAMINADO 330MM PAPEL SEMIBRILLO 6770 80 GR AP 904 RI
58016,CPS0019,CONSUMO DE LAMINADO
58017,45856,LAMINADO 330MM PAPEL SEMIBRILLO 6770 80 GR AP 904 RI
58017,CPS0019,CONSUMO DE LAMINADO
58024,CPS0019,CONSUMO DE LAMINADO
58024,53894,LAMINADO 300MM PP TRANSP. RP37 SY105C UPM RAFLATAC
58025,CPS0019,CONSUMO DE LAMINADO
58025,50359,LAMINADO FILM PETG 240 MM 45 MIC
58026,CPS0019,CONSUMO DE LAMINADO
58026,45856,LAMINADO 330MM PAPEL SEMIBRILLO 6770 80 GR AP 904 RI
58029,CPS0019,CONSUMO DE LAMINADO
58029,57844,LAMINADO 330MM PAPEL SEMIBRILLO L80 -P - G60 AR
58031,CPS0019,CONSUMO DE LAMINADO
58031,56612,LAMINADO 280MM PAPEL SEMIBRILLO L80-P6H ARC
58032,CPS0019,CONSUMO DE LAMINADO
58032,57557,LAMINADO 300MM PAPEL SEMIBRILLO L80-PH-G60 ARP
58036,CPS0019,CONSUMO DE LAMINADO
58036,52915,LAMINADO 333MM PP TRANSP. RP37 SY105C UPM RAFLATAC
58037,CPS0019,CONSUMO DE LAMINADO
58037,54314,LAMINADO 167 WINEGLASS (MANUAL) 10939 RI
58040,CPS0019,CONSUMO DE LAMINADO
58040,56683,LAMINADO 280MM PAPEL SEMIBRILLO 6770 AP904 RI
58041,CPS0019,CONSUMO DE LAMINADO
58041,56683,LAMINADO 280MM PAPEL SEMIBRILLO 6770 AP904 RI
58042,CPS0019,CONSUMO DE LAMINADO
58042,57557,LAMINADO 300MM PAPEL SEMIBRILLO L80-PH-G60 ARP
58048,CPS0019,CONSUMO DE LAMINADO
58048,46192,LAMINADO 330MM PPBB60-P4-G62S
58049,CPS0019,CONSUMO DE LAMINADO
58049,51677,LAMINADO 300MM PP BCO BTE P4 38M G58 ARC
58049,46118,LAMINADO 300MM PPBB60-P1-G62S
58050,CPS0019,CONSUMO DE LAMINADO
58050,57844,LAMINADO 330MM PAPEL SEMIBRILLO L80 -P - G60 AR
58051,CPS0019,CONSUMO DE LAMINADO
58051,57844,LAMINADO 330MM PAPEL SEMIBRILLO L80 -P - G60 AR
58053,CPS0019,CONSUMO DE LAMINADO
58053,54314,LAMINADO 167 WINEGLASS (MANUAL) 10939 RI
58058,CPS0019,CONSUMO DE LAMINADO
58058,57755,LAMINADO 160MM PP BCO BTE PPBB60-P ARP (SAMSON/ARP)
58069,45856,LAMINADO 330MM PAPEL SEMIBRILLO 6770 80 GR AP 904 RI
58069,CPS0019,CONSUMO DE LAMINADO
58070,CPS0019,CONSUMO DE LAMINADO
58070,50359,LAMINADO FILM PETG 240 MM 45 MIC
58072,45856,LAMINADO 330MM PAPEL SEMIBRILLO 6770 80 GR AP 904 RI
58072,CPS0019,CONSUMO DE LAMINADO
58073,CPS0019,CONSUMO DE LAMINADO
58073,53511,LAMINADO 330 MM PPDL54P1 OPTIMA MATE G60 ARC
58073,46148,LAMINADO 330MM PPBB60-P1-G62S
58074,CPS0019,CONSUMO DE LAMINADO
58074,57844,LAMINADO 330MM PAPEL SEMIBRILLO L80 -P - G60 AR
58075,CPS0019,CONSUMO DE LAMINADO
58075,51557,LAMINADO FILM PETG 280 MM 45 MIC
58076,CPS0019,CONSUMO DE LAMINADO
58076,51557,LAMINADO FILM PETG 280 MM 45 MIC
58077,CPS0019,CONSUMO DE LAMINADO
58077,50928,"LAMINADO 330MM PP BLANCO S7400ER/PET23 "" EASY MOVE"" CLEAN FLAKE AD"
58082,CPS0019,CONSUMO DE LAMINADO
58082,57755,LAMINADO 160MM PP BCO BTE PPBB60-P ARP (SAMSON/ARP)
58083,CPS0019,CONSUMO DE LAMINADO
58083,50359,LAMINADO FILM PETG 240 MM 45 MIC
58084,CPS0019,CONSUMO DE LAMINADO
58084,50359,LAMINADO FILM PETG 240 MM 45 MIC
58085,CPS0019,CONSUMO DE LAMINADO
58085,57844,LAMINADO 330MM PAPEL SEMIBRILLO L80 -P - G60 AR
58086,CPS0019,CONSUMO DE LAMINADO
58086,50928,"LAMINADO 330MM PP BLANCO S7400ER/PET23 "" EASY MOVE"" CLEAN FLAKE AD"
58087,CPS0019,CONSUMO DE LAMINADO
58087,50928,"LAMINADO 330MM PP BLANCO S7400ER/PET23 "" EASY MOVE"" CLEAN FLAKE AD"
58088,CPS0019,CONSUMO DE LAMINADO
58088,57844,LAMINADO 330MM PAPEL SEMIBRILLO L80 -P - G60 AR
58092,CPS0019,CONSUMO DE LAMINADO
58092,57872,LAMINADO 300MM PAPEL SEMIBRILLO L80 -P - G60 ARP
58095,CPS0019,CONSUMO DE LAMINADO
58095,46148,LAMINADO 330MM PPBB60-P1-G62S
58096,CPS0019,CONSUMO DE LAMINADO
58096,57755,LAMINADO 160MM PP BCO BTE PPBB60-P ARP (SAMSON/ARP)
58097,CPS0019,CONSUMO DE LAMINADO
58097,57755,LAMINADO 160MM PP BCO BTE PPBB60-P ARP (SAMSON/ARP)
581,CPS0019,CONSUMO DE LAMINADO
581,51229,LAMINADO 330MM PAPEL TRANSFER AT2550/40 CK
58102,CPS0019,CONSUMO DE LAMINADO
58102,50359,LAMINADO FILM PETG 240 MM 45 MIC
58103,CPS0019,CONSUMO DE LAMINADO
58103,50359,LAMINADO FILM PETG 240 MM 45 MIC
58104,CPS0019,CONSUMO DE LAMINADO
58104,57553,LAMINADO 110MM PAPEL SEMIBRILLO L80-PH-G60 ARP
58109,CPS0019,CONSUMO DE LAMINADO
58109,57553,LAMINADO 110MM PAPEL SEMIBRILLO L80-PH-G60 ARP
58110,CPS0019,CONSUMO DE LAMINADO
58110,57553,LAMINADO 110MM PAPEL SEMIBRILLO L80-PH-G60 ARP
58111,CPS0019,CONSUMO DE LAMINADO
58111,57553,LAMINADO 110MM PAPEL SEMIBRILLO L80-PH-G60 ARP
58112,CPS0019,CONSUMO DE LAMINADO
58112,57553,LAMINADO 110MM PAPEL SEMIBRILLO L80-PH-G60 ARP
58113,CPS0019,CONSUMO DE LAMINADO
58113,57553,LAMINADO 110MM PAPEL SEMIBRILLO L80-PH-G60 ARP
58116,CPS0019,CONSUMO DE LAMINADO
58116,57872,LAMINADO 300MM PAPEL SEMIBRILLO L80 -P - G60 ARP
58117,CPS0019,CONSUMO DE LAMINADO
58117,57872,LAMINADO 300MM PAPEL SEMIBRILLO L80 -P - G60 ARP
58120,CPS0019,CONSUMO DE LAMINADO
58120,50359,LAMINADO FILM PETG 240 MM 45 MIC
58121,CPS0019,CONSUMO DE LAMINADO
58121,50359,LAMINADO FILM PETG 240 MM 45 MIC
58122,CPS0019,CONSUMO DE LAMINADO
58122,50359,LAMINADO FILM PETG 240 MM 45 MIC
58124,50359,LAMINADO FILM PETG 240 MM 45 MIC
58124,CPS0019,CONSUMO DE LAMINADO
58125,CPS0019,CONSUMO DE LAMINADO
58125,58292,LAMINADO 260MM PP BCO MATE PPDL54-FH G60 ARP
58126,CPS0019,CONSUMO DE LAMINADO
58126,58292,LAMINADO 260MM PP BCO MATE PPDL54-FH G60 ARP
58127,CPS0019,CONSUMO DE LAMINADO
58127,58292,LAMINADO 260MM PP BCO MATE PPDL54-FH G60 ARP
58135,CPS0019,CONSUMO DE LAMINADO
58135,56612,LAMINADO 280MM PAPEL SEMIBRILLO L80-P6H ARC
58135,46187,LAMINADO FOLIA ORO COLDFOIL 320MM DGCF-613-OP
58136,CPS0019,CONSUMO DE LAMINADO
58136,56612,LAMINADO 280MM PAPEL SEMIBRILLO L80-P6H ARC
58136,46187,LAMINADO FOLIA ORO COLDFOIL 320MM DGCF-613-OP
58139,CPS0019,CONSUMO DE LAMINADO
58139,57755,LAMINADO 160MM PP BCO BTE PPBB60-P ARP (SAMSON/ARP)
58140,CPS0019,CONSUMO DE LAMINADO
58140,57755,LAMINADO 160MM PP BCO BTE PPBB60-P ARP (SAMSON/ARP)
58141,CPS0019,CONSUMO DE LAMINADO
58141,711,LAMINADO 160MM PAPEL SEMIBRILLO 6770 80G AP 904 RI
58142,CPS0019,CONSUMO DE LAMINADO
58142,57755,LAMINADO 160MM PP BCO BTE PPBB60-P ARP (SAMSON/ARP)
58145,CPS0019,CONSUMO DE LAMINADO
58145,57872,LAMINADO 300MM PAPEL SEMIBRILLO L80 -P - G60 ARP
58147,CPS0019,CONSUMO DE LAMINADO
58147,57374,LAMINADO 330MM PP BCO BTE PPBB60-P ARP
58149,CPS0019,CONSUMO DE LAMINADO
58149,57374,LAMINADO 330MM PP BCO BTE PPBB60-P ARP
58150,CPS0019,CONSUMO DE LAMINADO
58150,45856,LAMINADO 330MM PAPEL SEMIBRILLO 6770 80 GR AP 904 RI
58151,CPS0019,CONSUMO DE LAMINADO
58151,45856,LAMINADO 330MM PAPEL SEMIBRILLO 6770 80 GR AP 904 RI
58152,CPS0019,CONSUMO DE LAMINADO
58152,45856,LAMINADO 330MM PAPEL SEMIBRILLO 6770 80 GR AP 904 RI
58156,44822,LAMINADO 160MM PP TRANSP. PPT50P-P1-G62S ARC
58156,CPS0019,CONSUMO DE LAMINADO
58158,CPS0019,CONSUMO DE LAMINADO
58158,58043,LAMINADO FILM PETG 280 MM 45 MIC JIANGSU
58158,45939,LAMINADO FOLIA PLATA COLDFOIL 160MM DSCF613-OP COR
58159,45939,LAMINADO FOLIA PLATA COLDFOIL 160MM DSCF613-OP COR
58159,CPS0019,CONSUMO DE LAMINADO
58159,58043,LAMINADO FILM PETG 280 MM 45 MIC JIANGSU
58160,CPS0019,CONSUMO DE LAMINADO
58160,50360,LAMINADO FILM PETG 300 MM 45 MIC
58160,45939,LAMINADO FOLIA PLATA COLDFOIL 160MM DSCF613-OP COR
58161,45939,LAMINADO FOLIA PLATA COLDFOIL 160MM DSCF613-OP COR
58161,CPS0019,CONSUMO DE LAMINADO
58161,50360,LAMINADO FILM PETG 300 MM 45 MIC
58162,CPS0019,CONSUMO DE LAMINADO
58162,46145,LAMINADO 110MM PPBB60-P1-G62S
58166,CPS0019,CONSUMO DE LAMINADO
58166,56392,LAMINADO 330MM WHITE COVER
58167,CPS0019,CONSUMO DE LAMINADO
58167,56392,LAMINADO 330MM WHITE COVER
58168,CPS0019,CONSUMO DE LAMINADO
58168,50359,LAMINADO FILM PETG 240 MM 45 MIC
58169,CPS0019,CONSUMO DE LAMINADO
58169,58044,LAMINADO FILM PETG 300 MM 45 MIC JIANGSU
58170,CPS0019,CONSUMO DE LAMINADO
58170,50359,LAMINADO FILM PETG 240 MM 45 MIC
58171,CPS0019,CONSUMO DE LAMINADO
58171,58044,LAMINADO FILM PETG 300 MM 45 MIC JIANGSU
58176,CPS0019,CONSUMO DE LAMINADO
58176,54314,LAMINADO 167 WINEGLASS (MANUAL) 10939 RI
58177,CPS0019,CONSUMO DE LAMINADO
58177,56392,LAMINADO 330MM WHITE COVER
58178,CPS0019,CONSUMO DE LAMINADO
58178,56392,LAMINADO 330MM WHITE COVER
58179,CPS0019,CONSUMO DE LAMINADO
58179,56392,LAMINADO 330MM WHITE COVER
58180,CPS0019,CONSUMO DE LAMINADO
58180,56392,LAMINADO 330MM WHITE COVER
58183,CPS0019,CONSUMO DE LAMINADO
58183,57872,LAMINADO 300MM PAPEL SEMIBRILLO L80 -P - G60 ARP
58185,CPS0019,CONSUMO DE LAMINADO
58185,50359,LAMINADO FILM PETG 240 MM 45 MIC
58186,CPS0019,CONSUMO DE LAMINADO
58186,50359,LAMINADO FILM PETG 240 MM 45 MIC
58192,46344,LAMINADO 160MM PPBB60-P1-G62S (Samson)
58192,CPS0019,CONSUMO DE LAMINADO
58193,CPS0019,CONSUMO DE LAMINADO
58193,58174,LAMINADO 330MM SY2040S PP BCO TC60  RP37 UPM
58194,45856,LAMINADO 330MM PAPEL SEMIBRILLO 6770 80 GR AP 904 RI
58194,CPS0019,CONSUMO DE LAMINADO
58195,CPS0019,CONSUMO DE LAMINADO
58195,45856,LAMINADO 330MM PAPEL SEMIBRILLO 6770 80 GR AP 904 RI
58196,45856,LAMINADO 330MM PAPEL SEMIBRILLO 6770 80 GR AP 904 RI
58196,CPS0019,CONSUMO DE LAMINADO
58197,CPS0019,CONSUMO DE LAMINADO
58197,58174,LAMINADO 330MM SY2040S PP BCO TC60  RP37 UPM
58198,CPS0019,CONSUMO DE LAMINADO
58198,58174,LAMINADO 330MM SY2040S PP BCO TC60  RP37 UPM
58199,CPS0019,CONSUMO DE LAMINADO
58199,58174,LAMINADO 330MM SY2040S PP BCO TC60  RP37 UPM
58200,CPS0019,CONSUMO DE LAMINADO
58200,58174,LAMINADO 330MM SY2040S PP BCO TC60  RP37 UPM
58201,CPS0019,CONSUMO DE LAMINADO
58201,58174,LAMINADO 330MM SY2040S PP BCO TC60  RP37 UPM
58202,CPS0019,CONSUMO DE LAMINADO
58202,58174,LAMINADO 330MM SY2040S PP BCO TC60  RP37 UPM
58204,CPS0019,CONSUMO DE LAMINADO
58204,58174,LAMINADO 330MM SY2040S PP BCO TC60  RP37 UPM
58206,CPS0019,CONSUMO DE LAMINADO
58206,50014,LAMINADO 333 MM  PP BLANCO BRILLANTE INKJET 8045 AP904
58209,CPS0019,CONSUMO DE LAMINADO
58209,49494,LAMINADO 110MM PAPEL SEMIBRILLO RAPIDJET 7978 AP904 RI
58212,CPS0019,CONSUMO DE LAMINADO
58212,50359,LAMINADO FILM PETG 240 MM 45 MIC
58213,CPS0019,CONSUMO DE LAMINADO
58213,50359,LAMINADO FILM PETG 240 MM 45 MIC
58214,CPS0019,CONSUMO DE LAMINADO
58214,50359,LAMINADO FILM PETG 240 MM 45 MIC
58219,CPS0019,CONSUMO DE LAMINADO
58219,46452,LAMINADO 300MM PAPEL SEMIBRILLO 6770 80 GR AP 904 RI
58223,CPS0019,CONSUMO DE LAMINADO
58223,46118,LAMINADO 300MM PPBB60-P1-G62S
58224,CPS0019,CONSUMO DE LAMINADO
58224,46148,LAMINADO 330MM PPBB60-P1-G62S
58225,CPS0019,CONSUMO DE LAMINADO
58225,50359,LAMINADO FILM PETG 240 MM 45 MIC
58228,CPS0019,CONSUMO DE LAMINADO
58228,44955,LAMINADO 280MM BOPP BLCO. BRITE. RITRAMA (8065)
58230,CPS0019,CONSUMO DE LAMINADO
58230,58129,LAMINADO 333MM SY2040S PP BCO TC60  RP37 UPM
58231,CPS0019,CONSUMO DE LAMINADO
58231,57374,LAMINADO 330MM PP BCO BTE PPBB60-P ARP
58232,CPS0019,CONSUMO DE LAMINADO
58232,57374,LAMINADO 330MM PP BCO BTE PPBB60-P ARP
58233,CPS0019,CONSUMO DE LAMINADO
58233,57374,LAMINADO 330MM PP BCO BTE PPBB60-P ARP
58234,CPS0019,CONSUMO DE LAMINADO
58234,57374,LAMINADO 330MM PP BCO BTE PPBB60-P ARP
58235,CPS0019,CONSUMO DE LAMINADO
58235,57374,LAMINADO 330MM PP BCO BTE PPBB60-P ARP
58236,CPS0019,CONSUMO DE LAMINADO
58236,58129,LAMINADO 333MM SY2040S PP BCO TC60  RP37 UPM
58237,CPS0019,CONSUMO DE LAMINADO
58237,58131,LAMINADO 250MM SY2040S PP BCO TC60  RP37 UPM
58238,CPS0019,CONSUMO DE LAMINADO
58238,58131,LAMINADO 250MM SY2040S PP BCO TC60  RP37 UPM
58239,CPS0019,CONSUMO DE LAMINADO
58239,58131,LAMINADO 250MM SY2040S PP BCO TC60  RP37 UPM
58240,CPS0019,CONSUMO DE LAMINADO
58240,58131,LAMINADO 250MM SY2040S PP BCO TC60  RP37 UPM
58241,CPS0019,CONSUMO DE LAMINADO
58241,58131,LAMINADO 250MM SY2040S PP BCO TC60  RP37 UPM
58242,CPS0019,CONSUMO DE LAMINADO
58242,58130,LAMINADO 300MM SY2040S PP BCO TC60  RP37 UPM
58243,CPS0019,CONSUMO DE LAMINADO
58243,58130,LAMINADO 300MM SY2040S PP BCO TC60  RP37 UPM
58244,CPS0019,CONSUMO DE LAMINADO
58244,58130,LAMINADO 300MM SY2040S PP BCO TC60  RP37 UPM
58245,CPS0019,CONSUMO DE LAMINADO
58245,58130,LAMINADO 300MM SY2040S PP BCO TC60  RP37 UPM
58246,CPS0019,CONSUMO DE LAMINADO
58246,58130,LAMINADO 300MM SY2040S PP BCO TC60  RP37 UPM
58247,CPS0019,CONSUMO DE LAMINADO
58247,58130,LAMINADO 300MM SY2040S PP BCO TC60  RP37 UPM
58249,CPS0019,CONSUMO DE LAMINADO
58249,51557,LAMINADO FILM PETG 280 MM 45 MIC
58253,CPS0019,CONSUMO DE LAMINADO
58253,58146,LAMINADO 330MM BOPP  METALIZADO PLATA BRILLANTE RP37UPM
58255,CPS0019,CONSUMO DE LAMINADO
58255,57384,LAMINADO 200MM PP BCO BTE PPBB60-P ARP
58255,45939,LAMINADO FOLIA PLATA COLDFOIL 160MM DSCF613-OP COR
58256,CPS0019,CONSUMO DE LAMINADO
58256,57384,LAMINADO 200MM PP BCO BTE PPBB60-P ARP
58257,CPS0019,CONSUMO DE LAMINADO
58257,57384,LAMINADO 200MM PP BCO BTE PPBB60-P ARP
58258,CPS0019,CONSUMO DE LAMINADO
58258,57384,LAMINADO 200MM PP BCO BTE PPBB60-P ARP
58258,45939,LAMINADO FOLIA PLATA COLDFOIL 160MM DSCF613-OP COR
58259,CPS0019,CONSUMO DE LAMINADO
58259,50360,LAMINADO FILM PETG 300 MM 45 MIC
58259,45939,LAMINADO FOLIA PLATA COLDFOIL 160MM DSCF613-OP COR
58260,45939,LAMINADO FOLIA PLATA COLDFOIL 160MM DSCF613-OP COR
58260,CPS0019,CONSUMO DE LAMINADO
58260,50360,LAMINADO FILM PETG 300 MM 45 MIC
58261,CPS0019,CONSUMO DE LAMINADO
58261,57559,LAMINADO 330MM PAPEL SEMIBRILLO L80-PH-G60 ARP
58262,CPS0019,CONSUMO DE LAMINADO
58262,46145,LAMINADO 110MM PPBB60-P1-G62S
58263,CPS0019,CONSUMO DE LAMINADO
58263,46145,LAMINADO 110MM PPBB60-P1-G62S
58264,CPS0019,CONSUMO DE LAMINADO
58264,46145,LAMINADO 110MM PPBB60-P1-G62S
58265,42240,LAMINADO 111MM PAPEL BLANCO SB REMOVIBLE 7546 80G/AR805/SK60 RI
58265,CPS0019,CONSUMO DE LAMINADO
58267,CPS0019,CONSUMO DE LAMINADO
58267,48647,LAMINADO FILM PETG 330 MM 45 MIC
58268,50359,LAMINADO FILM PETG 240 MM 45 MIC
58268,CPS0019,CONSUMO DE LAMINADO
58269,CPS0019,CONSUMO DE LAMINADO
58269,50359,LAMINADO FILM PETG 240 MM 45 MIC
58270,CPS0019,CONSUMO DE LAMINADO
58270,50359,LAMINADO FILM PETG 240 MM 45 MIC
58271,CPS0019,CONSUMO DE LAMINADO
58271,50360,LAMINADO FILM PETG 300 MM 45 MIC
58272,CPS0019,CONSUMO DE LAMINADO
58272,50360,LAMINADO FILM PETG 300 MM 45 MIC
58273,CPS0019,CONSUMO DE LAMINADO
58273,50360,LAMINADO FILM PETG 300 MM 45 MIC
58274,CPS0019,CONSUMO DE LAMINADO
58274,48647,LAMINADO FILM PETG 330 MM 45 MIC
58275,CPS0019,CONSUMO DE LAMINADO
58275,48647,LAMINADO FILM PETG 330 MM 45 MIC
58276,CPS0019,CONSUMO DE LAMINADO
58276,54314,LAMINADO 167 WINEGLASS (MANUAL) 10939 RI
58281,CPS0019,CONSUMO DE LAMINADO
58281,51557,LAMINADO FILM PETG 280 MM 45 MIC
58282,CPS0019,CONSUMO DE LAMINADO
58282,51557,LAMINADO FILM PETG 280 MM 45 MIC
58283,CPS0019,CONSUMO DE LAMINADO
58283,51557,LAMINADO FILM PETG 280 MM 45 MIC
58284,CPS0019,CONSUMO DE LAMINADO
58284,59743,LAMINADO 250MM PP BCO BTE PPBB60-P ARP (SAMSON/ARP)
58294,CPS0019,CONSUMO DE LAMINADO
58294,54314,LAMINADO 167 WINEGLASS (MANUAL) 10939 RI
58296,43860,LAMINADO 330MM PP BCO BTE P4 38M G58 ARC
58296,CPS0019,CONSUMO DE LAMINADO
58296,57293,LAMINADO CINTA P/LAMINAR  PP TRANSP 320MM INK PAPER
58297,CPS0019,CONSUMO DE LAMINADO
58297,57293,LAMINADO CINTA P/LAMINAR  PP TRANSP 320MM INK PAPER
58297,43860,LAMINADO 330MM PP BCO BTE P4 38M G58 ARC
58298,CPS0019,CONSUMO DE LAMINADO
58298,57844,LAMINADO 330MM PAPEL SEMIBRILLO L80 -P - G60 AR
58299,CPS0019,CONSUMO DE LAMINADO
58299,56431,LAMINADO 250MM PAPEL SEMIBRILLO L80-PH-G60 ARP
58300,42252,LAMINADO CINTA P/LAM  PP TRANSP. 300MM BRILLANTE 24M
58300,CPS0019,CONSUMO DE LAMINADO
58300,57872,LAMINADO 300MM PAPEL SEMIBRILLO L80 -P - G60 ARP
58301,42252,LAMINADO CINTA P/LAM  PP TRANSP. 300MM BRILLANTE 24M
58301,CPS0019,CONSUMO DE LAMINADO
58301,57872,LAMINADO 300MM PAPEL SEMIBRILLO L80 -P - G60 ARP
58302,42252,LAMINADO CINTA P/LAM  PP TRANSP. 300MM BRILLANTE 24M
58302,CPS0019,CONSUMO DE LAMINADO
58302,57872,LAMINADO 300MM PAPEL SEMIBRILLO L80 -P - G60 ARP
58303,43973,LAMINADO 110MM PAPEL SINTETICO 200 micras MIC
58303,CPS0019,CONSUMO DE LAMINADO
58304,CPS0019,CONSUMO DE LAMINADO
58304,46344,LAMINADO 160MM PPBB60-P1-G62S (Samson)
58306,CPS0019,CONSUMO DE LAMINADO
58306,57872,LAMINADO 300MM PAPEL SEMIBRILLO L80 -P - G60 ARP
58307,CPS0019,CONSUMO DE LAMINADO
58307,48647,LAMINADO FILM PETG 330 MM 45 MIC
58308,CPS0019,CONSUMO DE LAMINADO
58308,57755,LAMINADO 160MM PP BCO BTE PPBB60-P ARP (SAMSON/ARP)
58309,CPS0019,CONSUMO DE LAMINADO
58309,46344,LAMINADO 160MM PPBB60-P1-G62S (Samson)
58310,CPS0019,CONSUMO DE LAMINADO
58310,53511,LAMINADO 330 MM PPDL54P1 OPTIMA MATE G60 ARC
58310,46148,LAMINADO 330MM PPBB60-P1-G62S
58311,CPS0019,CONSUMO DE LAMINADO
58311,49668,LAMINADO 200MM PP TRANSP.51MC RP37
58312,CPS0019,CONSUMO DE LAMINADO
58312,58131,LAMINADO 250MM SY2040S PP BCO TC60  RP37 UPM
58312,58321,LAMINADO FOLIA ORO COLDFOIL 200MM
58313,CPS0019,CONSUMO DE LAMINADO
58313,58131,LAMINADO 250MM SY2040S PP BCO TC60  RP37 UPM
58313,58321,LAMINADO FOLIA ORO COLDFOIL 200MM
58314,CPS0019,CONSUMO DE LAMINADO
58314,57872,LAMINADO 300MM PAPEL SEMIBRILLO L80 -P - G60 ARP
58315,46344,LAMINADO 160MM PPBB60-P1-G62S (Samson)
58315,CPS0019,CONSUMO DE LAMINADO
58316,CPS0019,CONSUMO DE LAMINADO
58316,58682,LAMINADO 160MM PP BCO 60 UTC 2102  707/BL 8065 PERU RI
58317,CPS0019,CONSUMO DE LAMINADO
58317,48261,LAMINADO 330MM TERMICO PROTEGIDO 7836 THERMAL TC /80 GR GL/60 RI
58319,CPS0019,CONSUMO DE LAMINADO
58319,57844,LAMINADO 330MM PAPEL SEMIBRILLO L80 -P - G60 AR
58320,CPS0019,CONSUMO DE LAMINADO
58320,52915,LAMINADO 333MM PP TRANSP. RP37 SY105C UPM RAFLATAC
58322,CPS0019,CONSUMO DE LAMINADO
58322,54146,LAMINADO FILM PETG 360 MM TERMOCONTRAIBLE 40 MIC (QUIMATIC S.A.)
58323,CPS0019,CONSUMO DE LAMINADO
58323,54146,LAMINADO FILM PETG 360 MM TERMOCONTRAIBLE 40 MIC (QUIMATIC S.A.)
58326,44955,LAMINADO 280MM BOPP BLCO. BRITE. RITRAMA (8065)
58326,CPS0019,CONSUMO DE LAMINADO
58327,42252,LAMINADO CINTA P/LAM  PP TRANSP. 300MM BRILLANTE 24M
58327,CPS0019,CONSUMO DE LAMINADO
58327,57872,LAMINADO 300MM PAPEL SEMIBRILLO L80 -P - G60 ARP
58328,CPS0019,CONSUMO DE LAMINADO
58328,50136,LAMINADO CINTA P/LAMINAR  PP TRANSP. 320MM OLPP24-MATE-º1500º
58328,50754,LAMINADO 320MM PPDL54P4 OPTIMA MATE 2 G60 (F9CG3 ) MIC
58330,CPS0019,CONSUMO DE LAMINADO
58330,54024,LAMINADO 330MM PAPEL TRANSFER PREMIUM EXTRA / RP51 / WHITE KRAFT 65 UPM
58331,CPS0019,CONSUMO DE LAMINADO
58331,54024,LAMINADO 330MM PAPEL TRANSFER PREMIUM EXTRA / RP51 / WHITE KRAFT 65 UPM
58332,CPS0019,CONSUMO DE LAMINADO
58332,57553,LAMINADO 110MM PAPEL SEMIBRILLO L80-PH-G60 ARP
58334,CPS0019,CONSUMO DE LAMINADO
58334,58174,LAMINADO 330MM SY2040S PP BCO TC60  RP37 UPM
58345,49668,LAMINADO 200MM PP TRANSP.51MC RP37
58345,CPS0019,CONSUMO DE LAMINADO
58346,CPS0019,CONSUMO DE LAMINADO
58346,57872,LAMINADO 300MM PAPEL SEMIBRILLO L80 -P - G60 ARP
58347,CPS0019,CONSUMO DE LAMINADO
58347,57844,LAMINADO 330MM PAPEL SEMIBRILLO L80 -P - G60 AR
58348,CPS0019,CONSUMO DE LAMINADO
58348,45856,LAMINADO 330MM PAPEL SEMIBRILLO 6770 80 GR AP 904 RI
58349,CPS0019,CONSUMO DE LAMINADO
58349,57374,LAMINADO 330MM PP BCO BTE PPBB60-P ARP
58349,43860,LAMINADO 330MM PP BCO BTE P4 38M G58 ARC
58352,CPS0019,CONSUMO DE LAMINADO
58352,57844,LAMINADO 330MM PAPEL SEMIBRILLO L80 -P - G60 AR
58353,CPS0019,CONSUMO DE LAMINADO
58353,50359,LAMINADO FILM PETG 240 MM 45 MIC
58354,CPS0019,CONSUMO DE LAMINADO
58354,50359,LAMINADO FILM PETG 240 MM 45 MIC
58355,CPS0019,CONSUMO DE LAMINADO
58355,50136,LAMINADO CINTA P/LAMINAR  PP TRANSP. 320MM OLPP24-MATE-º1500º
58355,54353,LAMINADO 330MM PPDL54P4 OPTIMA MATE AF1000 G60 ARC
58362,CPS0019,CONSUMO DE LAMINADO
58362,57552,LAMINADO 160MM PAPEL SEMIBRILLO L80-PH-G60 ARP
58363,CPS0019,CONSUMO DE LAMINADO
58363,57872,LAMINADO 300MM PAPEL SEMIBRILLO L80 -P - G60 ARP
58364,CPS0019,CONSUMO DE LAMINADO
58364,50359,LAMINADO FILM PETG 240 MM 45 MIC
58365,51560,LAMINADO FILM PETG BLANCO 360 MM 45 MIC
58365,CPS0019,CONSUMO DE LAMINADO
58366,CPS0019,CONSUMO DE LAMINADO
58366,58044,LAMINADO FILM PETG 300 MM 45 MIC JIANGSU
58369,CPS0019,CONSUMO DE LAMINADO
58369,57872,LAMINADO 300MM PAPEL SEMIBRILLO L80 -P - G60 ARP
58370,CPS0019,CONSUMO DE LAMINADO
58370,58321,LAMINADO FOLIA ORO COLDFOIL 200MM
58370,54226,LAMINADO 200MM PP  BCO. SY1071H RP37 EXACTO UPM
58371,CPS0019,CONSUMO DE LAMINADO
58371,58321,LAMINADO FOLIA ORO COLDFOIL 200MM
58371,54226,LAMINADO 200MM PP  BCO. SY1071H RP37 EXACTO UPM
58373,CPS0019,CONSUMO DE LAMINADO
58373,48647,LAMINADO FILM PETG 330 MM 45 MIC
58374,CPS0019,CONSUMO DE LAMINADO
58374,48647,LAMINADO FILM PETG 330 MM 45 MIC
58375,CPS0019,CONSUMO DE LAMINADO
58375,48647,LAMINADO FILM PETG 330 MM 45 MIC
58376,CPS0019,CONSUMO DE LAMINADO
58376,48647,LAMINADO FILM PETG 330 MM 45 MIC
58377,CPS0019,CONSUMO DE LAMINADO
58377,48647,LAMINADO FILM PETG 330 MM 45 MIC
58378,CPS0019,CONSUMO DE LAMINADO
58378,48647,LAMINADO FILM PETG 330 MM 45 MIC
58379,CPS0019,CONSUMO DE LAMINADO
58379,48647,LAMINADO FILM PETG 330 MM 45 MIC
58380,CPS0019,CONSUMO DE LAMINADO
58380,57872,LAMINADO 300MM PAPEL SEMIBRILLO L80 -P - G60 ARP
58382,CPS0019,CONSUMO DE LAMINADO
58382,57872,LAMINADO 300MM PAPEL SEMIBRILLO L80 -P - G60 ARP
58384,CPS0019,CONSUMO DE LAMINADO
58384,51557,LAMINADO FILM PETG 280 MM 45 MIC
58385,38688,LAMINADO 100MM PAPEL SINTETICO 250 micras MIC
58385,CPS0019,CONSUMO DE LAMINADO
58386,38688,LAMINADO 100MM PAPEL SINTETICO 250 micras MIC
58386,CPS0019,CONSUMO DE LAMINADO
58387,CPS0019,CONSUMO DE LAMINADO
58387,57844,LAMINADO 330MM PAPEL SEMIBRILLO L80 -P - G60 AR
58388,CPS0019,CONSUMO DE LAMINADO
58388,58131,LAMINADO 250MM SY2040S PP BCO TC60  RP37 UPM
58389,CPS0019,CONSUMO DE LAMINADO
58389,57373,LAMINADO 300MM PP BCO BTE PPBB60-P ARP
58390,CPS0019,CONSUMO DE LAMINADO
58390,58682,LAMINADO 160MM PP BCO 60 UTC 2102  707/BL 8065 PERU RI
58391,CPS0019,CONSUMO DE LAMINADO
58391,58682,LAMINADO 160MM PP BCO 60 UTC 2102  707/BL 8065 PERU RI
58392,CPS0019,CONSUMO DE LAMINADO
58392,46344,LAMINADO 160MM PPBB60-P1-G62S (Samson)
58394,CPS0019,CONSUMO DE LAMINADO
58394,46344,LAMINADO 160MM PPBB60-P1-G62S (Samson)
58395,46344,LAMINADO 160MM PPBB60-P1-G62S (Samson)
58395,CPS0019,CONSUMO DE LAMINADO
58396,CPS0019,CONSUMO DE LAMINADO
58396,46344,LAMINADO 160MM PPBB60-P1-G62S (Samson)
58397,CPS0019,CONSUMO DE LAMINADO
58397,46344,LAMINADO 160MM PPBB60-P1-G62S (Samson)
58398,CPS0019,CONSUMO DE LAMINADO
58398,57844,LAMINADO 330MM PAPEL SEMIBRILLO L80 -P - G60 AR
58399,CPS0019,CONSUMO DE LAMINADO
58399,57552,LAMINADO 160MM PAPEL SEMIBRILLO L80-PH-G60 ARP
58401,CPS0019,CONSUMO DE LAMINADO
58401,58703,LAMINADO 160MM PAPEL SEMIBRILLO 6770 80G AP 904 PERU RI
58403,CPS0019,CONSUMO DE LAMINADO
58403,58407,LAMINADO 160MM ECOWINEGLASS
58404,CPS0019,CONSUMO DE LAMINADO
58404,58046,LAMINADO FILM PETG 360 MM 45 MIC JIANGSU
58407,58929,LAMINADO 333MM PAPEL TERMICO T70-PH-ECO-G60 ARP
58407,50878,LAMINADO 340MM PAPEL KRAFT 80 GMS.
58409,CPS0019,CONSUMO DE LAMINADO
58409,54353,LAMINADO 330MM PPDL54P4 OPTIMA MATE AF1000 G60 ARC
58410,CPS0019,CONSUMO DE LAMINADO
58410,58164,LAMINADO 300MM PP TRANSP. PPT50P-P1-G62S ARC
58411,CPS0019,CONSUMO DE LAMINADO
58411,58174,LAMINADO 330MM SY2040S PP BCO TC60  RP37 UPM
58412,CPS0019,CONSUMO DE LAMINADO
58412,58174,LAMINADO 330MM SY2040S PP BCO TC60  RP37 UPM
58413,CPS0019,CONSUMO DE LAMINADO
58413,58174,LAMINADO 330MM SY2040S PP BCO TC60  RP37 UPM
58414,CPS0019,CONSUMO DE LAMINADO
58414,57553,LAMINADO 110MM PAPEL SEMIBRILLO L80-PH-G60 ARP
58415,CPS0019,CONSUMO DE LAMINADO
58415,57553,LAMINADO 110MM PAPEL SEMIBRILLO L80-PH-G60 ARP
58416,CPS0019,CONSUMO DE LAMINADO
58416,57553,LAMINADO 110MM PAPEL SEMIBRILLO L80-PH-G60 ARP
58417,CPS0019,CONSUMO DE LAMINADO
58417,57553,LAMINADO 110MM PAPEL SEMIBRILLO L80-PH-G60 ARP
58418,CPS0019,CONSUMO DE LAMINADO
58418,55734,LAMINADO FOLIA PLATA COLDFOIL 120 MM COR
58418,48647,LAMINADO FILM PETG 330 MM 45 MIC
58419,CPS0019,CONSUMO DE LAMINADO
58419,55734,LAMINADO FOLIA PLATA COLDFOIL 120 MM COR
58419,58045,LAMINADO FILM PETG 330 MM 45 MIC JIANGSU
58420,CPS0019,CONSUMO DE LAMINADO
58420,48647,LAMINADO FILM PETG 330 MM 45 MIC
58420,55734,LAMINADO FOLIA PLATA COLDFOIL 120 MM COR
58421,CPS0019,CONSUMO DE LAMINADO
58421,55734,LAMINADO FOLIA PLATA COLDFOIL 120 MM COR
58421,48647,LAMINADO FILM PETG 330 MM 45 MIC
58429,CPS0019,CONSUMO DE LAMINADO
58429,57552,LAMINADO 160MM PAPEL SEMIBRILLO L80-PH-G60 ARP
58430,CPS0019,CONSUMO DE LAMINADO
58430,57552,LAMINADO 160MM PAPEL SEMIBRILLO L80-PH-G60 ARP
58431,CPS0019,CONSUMO DE LAMINADO
58431,46344,LAMINADO 160MM PPBB60-P1-G62S (Samson)
58433,44626,LAMINADO 110MM PPDL54P4 OPTIMA MATE AF1000 G60 ARC
58433,CPS0019,CONSUMO DE LAMINADO
58434,44626,LAMINADO 110MM PPDL54P4 OPTIMA MATE AF1000 G60 ARC
58434,CPS0019,CONSUMO DE LAMINADO
58436,CPS0019,CONSUMO DE LAMINADO
58436,46452,LAMINADO 300MM PAPEL SEMIBRILLO 6770 80 GR AP 904 RI
58437,CPS0019,CONSUMO DE LAMINADO
58437,50359,LAMINADO FILM PETG 240 MM 45 MIC
58438,CPS0019,CONSUMO DE LAMINADO
58438,50359,LAMINADO FILM PETG 240 MM 45 MIC
58441,CPS0019,CONSUMO DE LAMINADO
58441,50359,LAMINADO FILM PETG 240 MM 45 MIC
58442,CPS0019,CONSUMO DE LAMINADO
58442,50359,LAMINADO FILM PETG 240 MM 45 MIC
58443,CPS0019,CONSUMO DE LAMINADO
58443,50359,LAMINADO FILM PETG 240 MM 45 MIC
58444,CPS0019,CONSUMO DE LAMINADO
58444,50359,LAMINADO FILM PETG 240 MM 45 MIC
58445,CPS0019,CONSUMO DE LAMINADO
58445,58682,LAMINADO 160MM PP BCO 60 UTC 2102  707/BL 8065 PERU RI
58447,CPS0019,CONSUMO DE LAMINADO
58447,57552,LAMINADO 160MM PAPEL SEMIBRILLO L80-PH-G60 ARP
58448,CPS0019,CONSUMO DE LAMINADO
58448,46452,LAMINADO 300MM PAPEL SEMIBRILLO 6770 80 GR AP 904 RI
58449,CPS0019,CONSUMO DE LAMINADO
58449,58046,LAMINADO FILM PETG 360 MM 45 MIC JIANGSU
58454,48647,LAMINADO FILM PETG 330 MM 45 MIC
58454,CPS0019,CONSUMO DE LAMINADO
58456,CPS0019,CONSUMO DE LAMINADO
58456,46344,LAMINADO 160MM PPBB60-P1-G62S (Samson)
58457,CPS0019,CONSUMO DE LAMINADO
58457,50359,LAMINADO FILM PETG 240 MM 45 MIC
58458,CPS0019,CONSUMO DE LAMINADO
58458,50359,LAMINADO FILM PETG 240 MM 45 MIC
58459,CPS0019,CONSUMO DE LAMINADO
58459,51557,LAMINADO FILM PETG 280 MM 45 MIC
58461,CPS0019,CONSUMO DE LAMINADO
58461,51557,LAMINADO FILM PETG 280 MM 45 MIC
58462,CPS0019,CONSUMO DE LAMINADO
58462,51557,LAMINADO FILM PETG 280 MM 45 MIC
58463,CPS0019,CONSUMO DE LAMINADO
58463,51557,LAMINADO FILM PETG 280 MM 45 MIC
58465,CPS0019,CONSUMO DE LAMINADO
58465,45856,LAMINADO 330MM PAPEL SEMIBRILLO 6770 80 GR AP 904 RI
58466,CPS0019,CONSUMO DE LAMINADO
58466,57559,LAMINADO 330MM PAPEL SEMIBRILLO L80-PH-G60 ARP
58468,CPS0019,CONSUMO DE LAMINADO
58468,50359,LAMINADO FILM PETG 240 MM 45 MIC
58469,CPS0019,CONSUMO DE LAMINADO
58469,50359,LAMINADO FILM PETG 240 MM 45 MIC
58470,CPS0019,CONSUMO DE LAMINADO
58470,50359,LAMINADO FILM PETG 240 MM 45 MIC
58473,CPS0019,CONSUMO DE LAMINADO
58473,45856,LAMINADO 330MM PAPEL SEMIBRILLO 6770 80 GR AP 904 RI
58474,CPS0019,CONSUMO DE LAMINADO
58474,57553,LAMINADO 110MM PAPEL SEMIBRILLO L80-PH-G60 ARP
58475,CPS0019,CONSUMO DE LAMINADO
58475,57553,LAMINADO 110MM PAPEL SEMIBRILLO L80-PH-G60 ARP
58476,CPS0019,CONSUMO DE LAMINADO
58476,57553,LAMINADO 110MM PAPEL SEMIBRILLO L80-PH-G60 ARP
58478,CPS0019,CONSUMO DE LAMINADO
58478,50359,LAMINADO FILM PETG 240 MM 45 MIC
58480,CPS0019,CONSUMO DE LAMINADO
58480,46344,LAMINADO 160MM PPBB60-P1-G62S (Samson)
58481,CPS0019,CONSUMO DE LAMINADO
58481,46344,LAMINADO 160MM PPBB60-P1-G62S (Samson)
58484,CPS0019,CONSUMO DE LAMINADO
58484,57467,LAMINADO FILM PETG 440 MM 45 MIC QUIMATIC
58485,CPS0019,CONSUMO DE LAMINADO
58485,55677,LAMINADO 160MM PAPEL TRANSFER PREMIUM EXTRA / RP51 / WHITE KRAFT 65
58488,CPS0019,CONSUMO DE LAMINADO
58488,59025,LAMINADO 330MM PP BCO MATE PPDL54-FH G60 ARP
58489,CPS0019,CONSUMO DE LAMINADO
58489,46344,LAMINADO 160MM PPBB60-P1-G62S (Samson)
58490,CPS0019,CONSUMO DE LAMINADO
58490,46344,LAMINADO 160MM PPBB60-P1-G62S (Samson)
58492,CPS0019,CONSUMO DE LAMINADO
58492,58119,LAMINADO 250MM OPTIMA MATE PPDL54 P G60  ARP
58493,CPS0019,CONSUMO DE LAMINADO
58493,51560,LAMINADO FILM PETG BLANCO 360 MM 45 MIC
58494,CPS0019,CONSUMO DE LAMINADO
58494,54314,LAMINADO 167 WINEGLASS (MANUAL) 10939 RI
58495,CPS0019,CONSUMO DE LAMINADO
58495,54314,LAMINADO 167 WINEGLASS (MANUAL) 10939 RI
58496,CPS0019,CONSUMO DE LAMINADO
58496,54022,LAMINADO 110MM PAPEL TRANSFER PREMIUM EXTRA / RP51 / WHITE KRAFT 65 UPM
58497,CPS0019,CONSUMO DE LAMINADO
58497,54022,LAMINADO 110MM PAPEL TRANSFER PREMIUM EXTRA / RP51 / WHITE KRAFT 65 UPM
58498,CPS0019,CONSUMO DE LAMINADO
58498,58129,LAMINADO 333MM SY2040S PP BCO TC60  RP37 UPM
58499,CPS0019,CONSUMO DE LAMINADO
58499,54314,LAMINADO 167 WINEGLASS (MANUAL) 10939 RI
585,CPS0019,CONSUMO DE LAMINADO
585,54353,LAMINADO 330MM PPDL54P4 OPTIMA MATE AF1000 G60 ARC
58500,CPS0019,CONSUMO DE LAMINADO
58500,57755,LAMINADO 160MM PP BCO BTE PPBB60-P ARP (SAMSON/ARP)
58501,CPS0019,CONSUMO DE LAMINADO
58501,57755,LAMINADO 160MM PP BCO BTE PPBB60-P ARP (SAMSON/ARP)
58502,CPS0019,CONSUMO DE LAMINADO
58502,57552,LAMINADO 160MM PAPEL SEMIBRILLO L80-PH-G60 ARP
58506,CPS0019,CONSUMO DE LAMINADO
58506,57755,LAMINADO 160MM PP BCO BTE PPBB60-P ARP (SAMSON/ARP)
58507,CPS0019,CONSUMO DE LAMINADO
58507,57755,LAMINADO 160MM PP BCO BTE PPBB60-P ARP (SAMSON/ARP)
58508,CPS0019,CONSUMO DE LAMINADO
58508,57755,LAMINADO 160MM PP BCO BTE PPBB60-P ARP (SAMSON/ARP)
58509,CPS0019,CONSUMO DE LAMINADO
58509,57755,LAMINADO 160MM PP BCO BTE PPBB60-P ARP (SAMSON/ARP)
58510,CPS0019,CONSUMO DE LAMINADO
58510,57755,LAMINADO 160MM PP BCO BTE PPBB60-P ARP (SAMSON/ARP)
58511,CPS0019,CONSUMO DE LAMINADO
58511,57552,LAMINADO 160MM PAPEL SEMIBRILLO L80-PH-G60 ARP
58513,CPS0019,CONSUMO DE LAMINADO
58513,57755,LAMINADO 160MM PP BCO BTE PPBB60-P ARP (SAMSON/ARP)
58517,CPS0019,CONSUMO DE LAMINADO
58517,57373,LAMINADO 300MM PP BCO BTE PPBB60-P ARP
58518,CPS0019,CONSUMO DE LAMINADO
58518,57373,LAMINADO 300MM PP BCO BTE PPBB60-P ARP
58519,CPS0019,CONSUMO DE LAMINADO
58519,57373,LAMINADO 300MM PP BCO BTE PPBB60-P ARP
58520,CPS0019,CONSUMO DE LAMINADO
58520,57373,LAMINADO 300MM PP BCO BTE PPBB60-P ARP
58522,CPS0019,CONSUMO DE LAMINADO
58522,57373,LAMINADO 300MM PP BCO BTE PPBB60-P ARP
58523,CPS0019,CONSUMO DE LAMINADO
58523,54022,LAMINADO 110MM PAPEL TRANSFER PREMIUM EXTRA / RP51 / WHITE KRAFT 65 UPM
58524,CPS0019,CONSUMO DE LAMINADO
58524,58078,LAMINADO 300MM PPBB57-P4-G58 ARC
58524,50136,LAMINADO CINTA P/LAMINAR  PP TRANSP. 320MM OLPP24-MATE-º1500º
58525,CPS0019,CONSUMO DE LAMINADO
58525,58078,LAMINADO 300MM PPBB57-P4-G58 ARC
58525,50136,LAMINADO CINTA P/LAMINAR  PP TRANSP. 320MM OLPP24-MATE-º1500º
58526,CPS0019,CONSUMO DE LAMINADO
58526,58078,LAMINADO 300MM PPBB57-P4-G58 ARC
58526,50136,LAMINADO CINTA P/LAMINAR  PP TRANSP. 320MM OLPP24-MATE-º1500º
58527,CPS0019,CONSUMO DE LAMINADO
58527,58078,LAMINADO 300MM PPBB57-P4-G58 ARC
58527,50136,LAMINADO CINTA P/LAMINAR  PP TRANSP. 320MM OLPP24-MATE-º1500º
58528,CPS0019,CONSUMO DE LAMINADO
58528,58078,LAMINADO 300MM PPBB57-P4-G58 ARC
58528,50136,LAMINADO CINTA P/LAMINAR  PP TRANSP. 320MM OLPP24-MATE-º1500º
58529,CPS0019,CONSUMO DE LAMINADO
58529,58078,LAMINADO 300MM PPBB57-P4-G58 ARC
58529,50136,LAMINADO CINTA P/LAMINAR  PP TRANSP. 320MM OLPP24-MATE-º1500º
586,CPS0019,CONSUMO DE LAMINADO
586,54022,LAMINADO 110MM PAPEL TRANSFER PREMIUM EXTRA / RP51 / WHITE KRAFT 65 UPM
58606,CPS0019,CONSUMO DE LAMINADO
58606,54024,LAMINADO 330MM PAPEL TRANSFER PREMIUM EXTRA / RP51 / WHITE KRAFT 65 UPM
58608,44236,LAMINADO 250MM TERMICO PROTEGIDO 7836 THERMAL TC /80 GR GL/60 RI
58608,CPS0019,CONSUMO DE LAMINADO
58615,CPS0019,CONSUMO DE LAMINADO
58615,57755,LAMINADO 160MM PP BCO BTE PPBB60-P ARP (SAMSON/ARP)
58617,CPS0019,CONSUMO DE LAMINADO
58617,58174,LAMINADO 330MM SY2040S PP BCO TC60  RP37 UPM
58619,CPS0019,CONSUMO DE LAMINADO
58619,50359,LAMINADO FILM PETG 240 MM 45 MIC
58620,CPS0019,CONSUMO DE LAMINADO
58620,50359,LAMINADO FILM PETG 240 MM 45 MIC
58621,CPS0019,CONSUMO DE LAMINADO
58621,57755,LAMINADO 160MM PP BCO BTE PPBB60-P ARP (SAMSON/ARP)
58623,CPS0019,CONSUMO DE LAMINADO
58623,51557,LAMINADO FILM PETG 280 MM 45 MIC
58623,45939,LAMINADO FOLIA PLATA COLDFOIL 160MM DSCF613-OP COR
58624,CPS0019,CONSUMO DE LAMINADO
58624,45939,LAMINADO FOLIA PLATA COLDFOIL 160MM DSCF613-OP COR
58624,50360,LAMINADO FILM PETG 300 MM 45 MIC
58626,CPS0019,CONSUMO DE LAMINADO
58626,51557,LAMINADO FILM PETG 280 MM 45 MIC
58627,CPS0019,CONSUMO DE LAMINADO
58627,58662,LAMINADO FILM PETG 366MM IMPRESO MR. BIG 2.5 REGULAR EMPACK FLEXIBLE
58628,CPS0019,CONSUMO DE LAMINADO
58628,58446,LAMINADO 250MM PAPEL TERMICO T70-P-TOP-G60 ARP
58629,CPS0019,CONSUMO DE LAMINADO
58629,58446,LAMINADO 250MM PAPEL TERMICO T70-P-TOP-G60 ARP
58630,CPS0019,CONSUMO DE LAMINADO
58630,58446,LAMINADO 250MM PAPEL TERMICO T70-P-TOP-G60 ARP
58631,CPS0019,CONSUMO DE LAMINADO
58631,58446,LAMINADO 250MM PAPEL TERMICO T70-P-TOP-G60 ARP
58632,CPS0019,CONSUMO DE LAMINADO
58632,58446,LAMINADO 250MM PAPEL TERMICO T70-P-TOP-G60 ARP
58633,CPS0019,CONSUMO DE LAMINADO
58633,58446,LAMINADO 250MM PAPEL TERMICO T70-P-TOP-G60 ARP
58634,CPS0019,CONSUMO DE LAMINADO
58634,58446,LAMINADO 250MM PAPEL TERMICO T70-P-TOP-G60 ARP
58635,CPS0019,CONSUMO DE LAMINADO
58635,58446,LAMINADO 250MM PAPEL TERMICO T70-P-TOP-G60 ARP
58636,CPS0019,CONSUMO DE LAMINADO
58636,58446,LAMINADO 250MM PAPEL TERMICO T70-P-TOP-G60 ARP
58637,CPS0019,CONSUMO DE LAMINADO
58637,58446,LAMINADO 250MM PAPEL TERMICO T70-P-TOP-G60 ARP
58638,CPS0019,CONSUMO DE LAMINADO
58638,58446,LAMINADO 250MM PAPEL TERMICO T70-P-TOP-G60 ARP
58639,CPS0019,CONSUMO DE LAMINADO
58639,58446,LAMINADO 250MM PAPEL TERMICO T70-P-TOP-G60 ARP
58640,CPS0019,CONSUMO DE LAMINADO
58640,58446,LAMINADO 250MM PAPEL TERMICO T70-P-TOP-G60 ARP
58641,CPS0019,CONSUMO DE LAMINADO
58641,58446,LAMINADO 250MM PAPEL TERMICO T70-P-TOP-G60 ARP
58642,CPS0019,CONSUMO DE LAMINADO
58642,58446,LAMINADO 250MM PAPEL TERMICO T70-P-TOP-G60 ARP
58643,CPS0019,CONSUMO DE LAMINADO
58643,58446,LAMINADO 250MM PAPEL TERMICO T70-P-TOP-G60 ARP
58644,CPS0019,CONSUMO DE LAMINADO
58644,58446,LAMINADO 250MM PAPEL TERMICO T70-P-TOP-G60 ARP
58645,CPS0019,CONSUMO DE LAMINADO
58645,58446,LAMINADO 250MM PAPEL TERMICO T70-P-TOP-G60 ARP
58647,CPS0019,CONSUMO DE LAMINADO
58647,50359,LAMINADO FILM PETG 240 MM 45 MIC
58648,CPS0019,CONSUMO DE LAMINADO
58648,50359,LAMINADO FILM PETG 240 MM 45 MIC
58649,CPS0019,CONSUMO DE LAMINADO
58649,50359,LAMINADO FILM PETG 240 MM 45 MIC
58650,CPS0019,CONSUMO DE LAMINADO
58650,51557,LAMINADO FILM PETG 280 MM 45 MIC
58651,CPS0019,CONSUMO DE LAMINADO
58651,50359,LAMINADO FILM PETG 240 MM 45 MIC
58652,CPS0019,CONSUMO DE LAMINADO
58652,58174,LAMINADO 330MM SY2040S PP BCO TC60  RP37 UPM
58653,CPS0019,CONSUMO DE LAMINADO
58653,58174,LAMINADO 330MM SY2040S PP BCO TC60  RP37 UPM
58654,CPS0019,CONSUMO DE LAMINADO
58654,50359,LAMINADO FILM PETG 240 MM 45 MIC
58655,CPS0019,CONSUMO DE LAMINADO
58655,50359,LAMINADO FILM PETG 240 MM 45 MIC
58656,CPS0019,CONSUMO DE LAMINADO
58656,50359,LAMINADO FILM PETG 240 MM 45 MIC
58657,CPS0019,CONSUMO DE LAMINADO
58657,50359,LAMINADO FILM PETG 240 MM 45 MIC
58658,CPS0019,CONSUMO DE LAMINADO
58658,58622,LAMINADO 160MM FASSON PHARMAGLOSS S2045 BG62 AD
58659,CPS0019,CONSUMO DE LAMINADO
58659,58622,LAMINADO 160MM FASSON PHARMAGLOSS S2045 BG62 AD
58660,CPS0019,CONSUMO DE LAMINADO
58660,50359,LAMINADO FILM PETG 240 MM 45 MIC
58663,CPS0019,CONSUMO DE LAMINADO
58663,57559,LAMINADO 330MM PAPEL SEMIBRILLO L80-PH-G60 ARP
58664,CPS0019,CONSUMO DE LAMINADO
58664,57559,LAMINADO 330MM PAPEL SEMIBRILLO L80-PH-G60 ARP
58667,CPS0019,CONSUMO DE LAMINADO
58667,50359,LAMINADO FILM PETG 240 MM 45 MIC
58668,CPS0019,CONSUMO DE LAMINADO
58668,55657,LAMINADO 200MM PPDL54P4 OPTIMA MATE 2 G60 MIC
58669,CPS0019,CONSUMO DE LAMINADO
58669,55657,LAMINADO 200MM PPDL54P4 OPTIMA MATE 2 G60 MIC
58683,CPS0019,CONSUMO DE LAMINADO
58683,58045,LAMINADO FILM PETG 330 MM 45 MIC JIANGSU
58684,CPS0019,CONSUMO DE LAMINADO
58684,51557,LAMINADO FILM PETG 280 MM 45 MIC
58685,CPS0019,CONSUMO DE LAMINADO
58685,51557,LAMINADO FILM PETG 280 MM 45 MIC
58686,CPS0019,CONSUMO DE LAMINADO
58686,58045,LAMINADO FILM PETG 330 MM 45 MIC JIANGSU
58689,CPS0019,CONSUMO DE LAMINADO
58689,46118,LAMINADO 300MM PPBB60-P1-G62S
58690,CPS0019,CONSUMO DE LAMINADO
58690,46118,LAMINADO 300MM PPBB60-P1-G62S
58691,CPS0019,CONSUMO DE LAMINADO
58691,46118,LAMINADO 300MM PPBB60-P1-G62S
58692,CPS0019,CONSUMO DE LAMINADO
58692,46118,LAMINADO 300MM PPBB60-P1-G62S
58694,CPS0019,CONSUMO DE LAMINADO
58694,50359,LAMINADO FILM PETG 240 MM 45 MIC
58698,CPS0019,CONSUMO DE LAMINADO
58698,54024,LAMINADO 330MM PAPEL TRANSFER PREMIUM EXTRA / RP51 / WHITE KRAFT 65 UPM
58699,CPS0019,CONSUMO DE LAMINADO
58699,58043,LAMINADO FILM PETG 280 MM 45 MIC JIANGSU
58700,CPS0019,CONSUMO DE LAMINADO
58700,58043,LAMINADO FILM PETG 280 MM 45 MIC JIANGSU
58701,CPS0019,CONSUMO DE LAMINADO
58701,58043,LAMINADO FILM PETG 280 MM 45 MIC JIANGSU
58704,CPS0019,CONSUMO DE LAMINADO
58704,58175,LAMINADO 160MM SY2040S PP BCO TC60  RP37 UPM SAMSON
58705,CPS0019,CONSUMO DE LAMINADO
58705,58175,LAMINADO 160MM SY2040S PP BCO TC60  RP37 UPM SAMSON
58706,43860,LAMINADO 330MM PP BCO BTE P4 38M G58 ARC
58706,CPS0019,CONSUMO DE LAMINADO
58706,57374,LAMINADO 330MM PP BCO BTE PPBB60-P ARP
58707,CPS0019,CONSUMO DE LAMINADO
58707,58046,LAMINADO FILM PETG 360 MM 45 MIC JIANGSU
58709,CPS0019,CONSUMO DE LAMINADO
58709,57844,LAMINADO 330MM PAPEL SEMIBRILLO L80 -P - G60 AR
58710,CPS0019,CONSUMO DE LAMINADO
58710,57374,LAMINADO 330MM PP BCO BTE PPBB60-P ARP
58713,CPS0019,CONSUMO DE LAMINADO
58713,58175,LAMINADO 160MM SY2040S PP BCO TC60  RP37 UPM SAMSON
58716,CPS0019,CONSUMO DE LAMINADO
58716,57374,LAMINADO 330MM PP BCO BTE PPBB60-P ARP
58717,CPS0019,CONSUMO DE LAMINADO
58717,57557,LAMINADO 300MM PAPEL SEMIBRILLO L80-PH-G60 ARP
58718,CPS0019,CONSUMO DE LAMINADO
58718,57553,LAMINADO 110MM PAPEL SEMIBRILLO L80-PH-G60 ARP
58719,45856,LAMINADO 330MM PAPEL SEMIBRILLO 6770 80 GR AP 904 RI
58719,CPS0019,CONSUMO DE LAMINADO
58720,CPS0019,CONSUMO DE LAMINADO
58720,45856,LAMINADO 330MM PAPEL SEMIBRILLO 6770 80 GR AP 904 RI
58721,CPS0019,CONSUMO DE LAMINADO
58721,45856,LAMINADO 330MM PAPEL SEMIBRILLO 6770 80 GR AP 904 RI
58722,CPS0019,CONSUMO DE LAMINADO
58722,54394,LAMINADO 333MM PP BCO. SY1071H RP37 EXACTO UPM
58725,CPS0019,CONSUMO DE LAMINADO
58725,50359,LAMINADO FILM PETG 240 MM 45 MIC
58726,CPS0019,CONSUMO DE LAMINADO
58726,50359,LAMINADO FILM PETG 240 MM 45 MIC
58727,CPS0019,CONSUMO DE LAMINADO
58727,50359,LAMINADO FILM PETG 240 MM 45 MIC
58728,CPS0019,CONSUMO DE LAMINADO
58728,57553,LAMINADO 110MM PAPEL SEMIBRILLO L80-PH-G60 ARP
58729,CPS0019,CONSUMO DE LAMINADO
58729,53609,LAMINADO 330MM PP BLANCO TC 40 MICRAS  02176 RI757
58729,57374,LAMINADO 330MM PP BCO BTE PPBB60-P ARP
58730,CPS0019,CONSUMO DE LAMINADO
58730,58175,LAMINADO 160MM SY2040S PP BCO TC60  RP37 UPM SAMSON
58731,CPS0019,CONSUMO DE LAMINADO
58731,57844,LAMINADO 330MM PAPEL SEMIBRILLO L80 -P - G60 AR
58732,CPS0019,CONSUMO DE LAMINADO
58732,56683,LAMINADO 280MM PAPEL SEMIBRILLO 6770 AP904 RI
58733,CPS0019,CONSUMO DE LAMINADO
58733,50359,LAMINADO FILM PETG 240 MM 45 MIC
58734,CPS0019,CONSUMO DE LAMINADO
58734,53609,LAMINADO 330MM PP BLANCO TC 40 MICRAS  02176 RI757
58734,57374,LAMINADO 330MM PP BCO BTE PPBB60-P ARP
58735,CPS0019,CONSUMO DE LAMINADO
58735,53609,LAMINADO 330MM PP BLANCO TC 40 MICRAS  02176 RI757
58735,57374,LAMINADO 330MM PP BCO BTE PPBB60-P ARP
58736,CPS0019,CONSUMO DE LAMINADO
58736,53609,LAMINADO 330MM PP BLANCO TC 40 MICRAS  02176 RI757
58736,57374,LAMINADO 330MM PP BCO BTE PPBB60-P ARP
58737,CPS0019,CONSUMO DE LAMINADO
58737,53609,LAMINADO 330MM PP BLANCO TC 40 MICRAS  02176 RI757
58737,57374,LAMINADO 330MM PP BCO BTE PPBB60-P ARP
58738,CPS0019,CONSUMO DE LAMINADO
58738,57374,LAMINADO 330MM PP BCO BTE PPBB60-P ARP
58738,53609,LAMINADO 330MM PP BLANCO TC 40 MICRAS  02176 RI757
58741,CPS0019,CONSUMO DE LAMINADO
58741,57844,LAMINADO 330MM PAPEL SEMIBRILLO L80 -P - G60 AR
58742,CPS0019,CONSUMO DE LAMINADO
58742,56503,LAMINADO 160MM PPBB57-P1-G62S ARC (Samson)
58742,46934,LAMINADO 160MM PP BLANCO TC 40 MICRAS  02176 RI757
58744,CPS0019,CONSUMO DE LAMINADO
58744,54353,LAMINADO 330MM PPDL54P4 OPTIMA MATE AF1000 G60 ARC
58744,50136,LAMINADO CINTA P/LAMINAR  PP TRANSP. 320MM OLPP24-MATE-º1500º
58748,CPS0019,CONSUMO DE LAMINADO
58748,57559,LAMINADO 330MM PAPEL SEMIBRILLO L80-PH-G60 ARP
58750,CPS0019,CONSUMO DE LAMINADO
58750,57894,LAMINADO 330MM PP METALIZADO PLATA BRILLANTE PPMB50-P1-G60S-R1 ARC
58753,CPS0019,CONSUMO DE LAMINADO
58753,58175,LAMINADO 160MM SY2040S PP BCO TC60  RP37 UPM SAMSON
58754,CPS0019,CONSUMO DE LAMINADO
58754,58175,LAMINADO 160MM SY2040S PP BCO TC60  RP37 UPM SAMSON
58756,CPS0019,CONSUMO DE LAMINADO
58756,57374,LAMINADO 330MM PP BCO BTE PPBB60-P ARP
58756,53609,LAMINADO 330MM PP BLANCO TC 40 MICRAS  02176 RI757
58757,43613,LAMINADO 200MM PP BCO BTE P4 38M G58 ARC
58757,CPS0019,CONSUMO DE LAMINADO
58757,54226,LAMINADO 200MM PP  BCO. SY1071H RP37 EXACTO UPM
58758,CPS0019,CONSUMO DE LAMINADO
58758,57552,LAMINADO 160MM PAPEL SEMIBRILLO L80-PH-G60 ARP
58759,CPS0019,CONSUMO DE LAMINADO
58759,57374,LAMINADO 330MM PP BCO BTE PPBB60-P ARP
58760,CPS0019,CONSUMO DE LAMINADO
58760,57374,LAMINADO 330MM PP BCO BTE PPBB60-P ARP
58761,CPS0019,CONSUMO DE LAMINADO
58761,57374,LAMINADO 330MM PP BCO BTE PPBB60-P ARP
58762,CPS0019,CONSUMO DE LAMINADO
58762,57374,LAMINADO 330MM PP BCO BTE PPBB60-P ARP
58764,CPS0019,CONSUMO DE LAMINADO
58764,57852,LAMINADO 110MM WHITE COVER
58765,CPS0019,CONSUMO DE LAMINADO
58765,57852,LAMINADO 110MM WHITE COVER
58767,43613,LAMINADO 200MM PP BCO BTE P4 38M G58 ARC
58767,CPS0019,CONSUMO DE LAMINADO
58767,54226,LAMINADO 200MM PP  BCO. SY1071H RP37 EXACTO UPM
58768,CPS0019,CONSUMO DE LAMINADO
58768,57374,LAMINADO 330MM PP BCO BTE PPBB60-P ARP
58768,53609,LAMINADO 330MM PP BLANCO TC 40 MICRAS  02176 RI757
58771,43613,LAMINADO 200MM PP BCO BTE P4 38M G58 ARC
58771,CPS0019,CONSUMO DE LAMINADO
58771,54226,LAMINADO 200MM PP  BCO. SY1071H RP37 EXACTO UPM
58772,CPS0019,CONSUMO DE LAMINADO
58772,58682,LAMINADO 160MM PP BCO 60 UTC 2102  707/BL 8065 PERU RI
58773,CPS0019,CONSUMO DE LAMINADO
58773,58175,LAMINADO 160MM SY2040S PP BCO TC60  RP37 UPM SAMSON
58774,CPS0019,CONSUMO DE LAMINADO
58774,58682,LAMINADO 160MM PP BCO 60 UTC 2102  707/BL 8065 PERU RI
58775,CPS0019,CONSUMO DE LAMINADO
58775,50359,LAMINADO FILM PETG 240 MM 45 MIC
58776,CPS0019,CONSUMO DE LAMINADO
58776,50359,LAMINADO FILM PETG 240 MM 45 MIC
58777,CPS0019,CONSUMO DE LAMINADO
58777,50359,LAMINADO FILM PETG 240 MM 45 MIC
58778,CPS0019,CONSUMO DE LAMINADO
58778,50359,LAMINADO FILM PETG 240 MM 45 MIC
58786,CPS0019,CONSUMO DE LAMINADO
58786,58622,LAMINADO 160MM FASSON PHARMAGLOSS S2045 BG62 AD
58787,CPS0019,CONSUMO DE LAMINADO
58787,58622,LAMINADO 160MM FASSON PHARMAGLOSS S2045 BG62 AD
58788,CPS0019,CONSUMO DE LAMINADO
58788,58622,LAMINADO 160MM FASSON PHARMAGLOSS S2045 BG62 AD
58789,CPS0019,CONSUMO DE LAMINADO
58789,58622,LAMINADO 160MM FASSON PHARMAGLOSS S2045 BG62 AD
58792,CPS0019,CONSUMO DE LAMINADO
58792,58119,LAMINADO 250MM OPTIMA MATE PPDL54 P G60  ARP
58793,CPS0019,CONSUMO DE LAMINADO
58793,58446,LAMINADO 250MM PAPEL TERMICO T70-P-TOP-G60 ARP
58794,CPS0019,CONSUMO DE LAMINADO
58794,58446,LAMINADO 250MM PAPEL TERMICO T70-P-TOP-G60 ARP
58795,CPS0019,CONSUMO DE LAMINADO
58795,58446,LAMINADO 250MM PAPEL TERMICO T70-P-TOP-G60 ARP
58796,CPS0019,CONSUMO DE LAMINADO
58796,58446,LAMINADO 250MM PAPEL TERMICO T70-P-TOP-G60 ARP
58797,CPS0019,CONSUMO DE LAMINADO
58797,58446,LAMINADO 250MM PAPEL TERMICO T70-P-TOP-G60 ARP
58798,CPS0019,CONSUMO DE LAMINADO
58798,58446,LAMINADO 250MM PAPEL TERMICO T70-P-TOP-G60 ARP
58799,CPS0019,CONSUMO DE LAMINADO
58799,58446,LAMINADO 250MM PAPEL TERMICO T70-P-TOP-G60 ARP
58800,CPS0019,CONSUMO DE LAMINADO
58800,58446,LAMINADO 250MM PAPEL TERMICO T70-P-TOP-G60 ARP
58801,CPS0019,CONSUMO DE LAMINADO
58801,58446,LAMINADO 250MM PAPEL TERMICO T70-P-TOP-G60 ARP
58802,CPS0019,CONSUMO DE LAMINADO
58802,58446,LAMINADO 250MM PAPEL TERMICO T70-P-TOP-G60 ARP
58803,CPS0019,CONSUMO DE LAMINADO
58803,58446,LAMINADO 250MM PAPEL TERMICO T70-P-TOP-G60 ARP
58804,CPS0019,CONSUMO DE LAMINADO
58804,58446,LAMINADO 250MM PAPEL TERMICO T70-P-TOP-G60 ARP
58805,CPS0019,CONSUMO DE LAMINADO
58805,58446,LAMINADO 250MM PAPEL TERMICO T70-P-TOP-G60 ARP
58811,CPS0019,CONSUMO DE LAMINADO
58811,58175,LAMINADO 160MM SY2040S PP BCO TC60  RP37 UPM SAMSON
58812,CPS0019,CONSUMO DE LAMINADO
58812,44236,LAMINADO 250MM TERMICO PROTEGIDO 7836 THERMAL TC /80 GR GL/60 RI
58813,44236,LAMINADO 250MM TERMICO PROTEGIDO 7836 THERMAL TC /80 GR GL/60 RI
58813,CPS0019,CONSUMO DE LAMINADO
58814,44236,LAMINADO 250MM TERMICO PROTEGIDO 7836 THERMAL TC /80 GR GL/60 RI
58814,CPS0019,CONSUMO DE LAMINADO
58815,44236,LAMINADO 250MM TERMICO PROTEGIDO 7836 THERMAL TC /80 GR GL/60 RI
58815,CPS0019,CONSUMO DE LAMINADO
58816,44236,LAMINADO 250MM TERMICO PROTEGIDO 7836 THERMAL TC /80 GR GL/60 RI
58816,CPS0019,CONSUMO DE LAMINADO
58817,44236,LAMINADO 250MM TERMICO PROTEGIDO 7836 THERMAL TC /80 GR GL/60 RI
58817,CPS0019,CONSUMO DE LAMINADO
58818,44236,LAMINADO 250MM TERMICO PROTEGIDO 7836 THERMAL TC /80 GR GL/60 RI
58818,CPS0019,CONSUMO DE LAMINADO
58819,CPS0019,CONSUMO DE LAMINADO
58819,58118,LAMINADO 325MM TERMICO PROTEGIDO 7836 THERMAL TC /80 GR GL/60
58820,CPS0019,CONSUMO DE LAMINADO
58820,58046,LAMINADO FILM PETG 360 MM 45 MIC JIANGSU
58821,CPS0019,CONSUMO DE LAMINADO
58821,57374,LAMINADO 330MM PP BCO BTE PPBB60-P ARP
58821,43860,LAMINADO 330MM PP BCO BTE P4 38M G58 ARC
58823,CPS0019,CONSUMO DE LAMINADO
58823,57374,LAMINADO 330MM PP BCO BTE PPBB60-P ARP
58824,CPS0019,CONSUMO DE LAMINADO
58824,58045,LAMINADO FILM PETG 330 MM 45 MIC JIANGSU
58825,CPS0019,CONSUMO DE LAMINADO
58825,54314,LAMINADO 167 WINEGLASS (MANUAL) 10939 RI
58826,CPS0019,CONSUMO DE LAMINADO
58826,48261,LAMINADO 330MM TERMICO PROTEGIDO 7836 THERMAL TC /80 GR GL/60 RI
58828,CPS0019,CONSUMO DE LAMINADO
58828,58045,LAMINADO FILM PETG 330 MM 45 MIC JIANGSU
58829,CPS0019,CONSUMO DE LAMINADO
58829,54353,LAMINADO 330MM PPDL54P4 OPTIMA MATE AF1000 G60 ARC
58830,CPS0019,CONSUMO DE LAMINADO
58830,51557,LAMINADO FILM PETG 280 MM 45 MIC
58832,CPS0019,CONSUMO DE LAMINADO
58832,58682,LAMINADO 160MM PP BCO 60 UTC 2102  707/BL 8065 PERU RI
58833,CPS0019,CONSUMO DE LAMINADO
58833,56431,LAMINADO 250MM PAPEL SEMIBRILLO L80-PH-G60 ARP
58834,CPS0019,CONSUMO DE LAMINADO
58834,58446,LAMINADO 250MM PAPEL TERMICO T70-P-TOP-G60 ARP
58835,CPS0019,CONSUMO DE LAMINADO
58835,53609,LAMINADO 330MM PP BLANCO TC 40 MICRAS  02176 RI757
58835,57374,LAMINADO 330MM PP BCO BTE PPBB60-P ARP
58836,CPS0019,CONSUMO DE LAMINADO
58836,57374,LAMINADO 330MM PP BCO BTE PPBB60-P ARP
58836,53609,LAMINADO 330MM PP BLANCO TC 40 MICRAS  02176 RI757
58837,43613,LAMINADO 200MM PP BCO BTE P4 38M G58 ARC
58837,CPS0019,CONSUMO DE LAMINADO
58837,56501,LAMINADO 200MM PPBB57-P1-G62S ARC
58838,CPS0019,CONSUMO DE LAMINADO
58838,58175,LAMINADO 160MM SY2040S PP BCO TC60  RP37 UPM SAMSON
58839,46934,LAMINADO 160MM PP BLANCO TC 40 MICRAS  02176 RI757
58839,CPS0019,CONSUMO DE LAMINADO
58839,57755,LAMINADO 160MM PP BCO BTE PPBB60-P ARP (SAMSON/ARP)
58840,CPS0019,CONSUMO DE LAMINADO
58840,57755,LAMINADO 160MM PP BCO BTE PPBB60-P ARP (SAMSON/ARP)
58840,46934,LAMINADO 160MM PP BLANCO TC 40 MICRAS  02176 RI757
58841,CPS0019,CONSUMO DE LAMINADO
58841,57755,LAMINADO 160MM PP BCO BTE PPBB60-P ARP (SAMSON/ARP)
58841,46934,LAMINADO 160MM PP BLANCO TC 40 MICRAS  02176 RI757
58842,CPS0019,CONSUMO DE LAMINADO
58842,50359,LAMINADO FILM PETG 240 MM 45 MIC
58843,CPS0019,CONSUMO DE LAMINADO
58843,50359,LAMINADO FILM PETG 240 MM 45 MIC
58844,CPS0019,CONSUMO DE LAMINADO
58844,50359,LAMINADO FILM PETG 240 MM 45 MIC
58845,CPS0019,CONSUMO DE LAMINADO
58845,53609,LAMINADO 330MM PP BLANCO TC 40 MICRAS  02176 RI757
58845,57374,LAMINADO 330MM PP BCO BTE PPBB60-P ARP
58846,43613,LAMINADO 200MM PP BCO BTE P4 38M G58 ARC
58846,CPS0019,CONSUMO DE LAMINADO
58846,56501,LAMINADO 200MM PPBB57-P1-G62S ARC
58848,CPS0019,CONSUMO DE LAMINADO
58848,46886,LAMINADO 250MM PPDL54P1 OPTIMA MATE G60
58849,CPS0019,CONSUMO DE LAMINADO
58849,46886,LAMINADO 250MM PPDL54P1 OPTIMA MATE G60
58850,CPS0019,CONSUMO DE LAMINADO
58850,46886,LAMINADO 250MM PPDL54P1 OPTIMA MATE G60
58851,CPS0019,CONSUMO DE LAMINADO
58851,58175,LAMINADO 160MM SY2040S PP BCO TC60  RP37 UPM SAMSON
58859,CPS0019,CONSUMO DE LAMINADO
58859,59025,LAMINADO 330MM PP BCO MATE PPDL54-FH G60 ARP
58860,CPS0019,CONSUMO DE LAMINADO
58860,59025,LAMINADO 330MM PP BCO MATE PPDL54-FH G60 ARP
58861,CPS0019,CONSUMO DE LAMINADO
58861,50136,LAMINADO CINTA P/LAMINAR  PP TRANSP. 320MM OLPP24-MATE-º1500º
58861,50753,LAMINADO 330MM PPDL54P4 OPTIMA MATE 2 G60 MIC
58862,CPS0019,CONSUMO DE LAMINADO
58862,58446,LAMINADO 250MM PAPEL TERMICO T70-P-TOP-G60 ARP
58863,CPS0019,CONSUMO DE LAMINADO
58863,57755,LAMINADO 160MM PP BCO BTE PPBB60-P ARP (SAMSON/ARP)
58864,CPS0019,CONSUMO DE LAMINADO
58864,57374,LAMINADO 330MM PP BCO BTE PPBB60-P ARP
58864,53609,LAMINADO 330MM PP BLANCO TC 40 MICRAS  02176 RI757
58865,CPS0019,CONSUMO DE LAMINADO
58865,58682,LAMINADO 160MM PP BCO 60 UTC 2102  707/BL 8065 PERU RI
58866,CPS0019,CONSUMO DE LAMINADO
58866,58446,LAMINADO 250MM PAPEL TERMICO T70-P-TOP-G60 ARP
58867,CPS0019,CONSUMO DE LAMINADO
58867,58446,LAMINADO 250MM PAPEL TERMICO T70-P-TOP-G60 ARP
58868,CPS0019,CONSUMO DE LAMINADO
58868,58446,LAMINADO 250MM PAPEL TERMICO T70-P-TOP-G60 ARP
58869,CPS0019,CONSUMO DE LAMINADO
58869,58446,LAMINADO 250MM PAPEL TERMICO T70-P-TOP-G60 ARP
58870,CPS0019,CONSUMO DE LAMINADO
58870,55657,LAMINADO 200MM PPDL54P4 OPTIMA MATE 2 G60 MIC
58871,CPS0019,CONSUMO DE LAMINADO
58871,57755,LAMINADO 160MM PP BCO BTE PPBB60-P ARP (SAMSON/ARP)
58873,CPS0019,CONSUMO DE LAMINADO
58873,53609,LAMINADO 330MM PP BLANCO TC 40 MICRAS  02176 RI757
58873,57374,LAMINADO 330MM PP BCO BTE PPBB60-P ARP
58876,CPS0019,CONSUMO DE LAMINADO
58876,57755,LAMINADO 160MM PP BCO BTE PPBB60-P ARP (SAMSON/ARP)
58876,46934,LAMINADO 160MM PP BLANCO TC 40 MICRAS  02176 RI757
58878,CPS0019,CONSUMO DE LAMINADO
58878,54353,LAMINADO 330MM PPDL54P4 OPTIMA MATE AF1000 G60 ARC
58878,50136,LAMINADO CINTA P/LAMINAR  PP TRANSP. 320MM OLPP24-MATE-º1500º
58879,CPS0019,CONSUMO DE LAMINADO
58879,54353,LAMINADO 330MM PPDL54P4 OPTIMA MATE AF1000 G60 ARC
58879,50136,LAMINADO CINTA P/LAMINAR  PP TRANSP. 320MM OLPP24-MATE-º1500º
58880,CPS0019,CONSUMO DE LAMINADO
58880,58078,LAMINADO 300MM PPBB57-P4-G58 ARC
58880,58877,LAMINADO CINTA P/LAMINAR  PP TRANSP. 300MM OLPP24-MATE-º1500º
58881,CPS0019,CONSUMO DE LAMINADO
58881,57384,LAMINADO 200MM PP BCO BTE PPBB60-P ARP
58882,CPS0019,CONSUMO DE LAMINADO
58882,54024,LAMINADO 330MM PAPEL TRANSFER PREMIUM EXTRA / RP51 / WHITE KRAFT 65 UPM
58883,CPS0019,CONSUMO DE LAMINADO
58883,57374,LAMINADO 330MM PP BCO BTE PPBB60-P ARP
58883,53609,LAMINADO 330MM PP BLANCO TC 40 MICRAS  02176 RI757
58884,CPS0019,CONSUMO DE LAMINADO
58884,57755,LAMINADO 160MM PP BCO BTE PPBB60-P ARP (SAMSON/ARP)
58884,46934,LAMINADO 160MM PP BLANCO TC 40 MICRAS  02176 RI757
58885,CPS0019,CONSUMO DE LAMINADO
58885,57374,LAMINADO 330MM PP BCO BTE PPBB60-P ARP
58886,CPS0019,CONSUMO DE LAMINADO
58886,53103,LAMINADO 111MM PP TRANSP. RP37 SY105C UPM RAFLATAC
58887,CPS0019,CONSUMO DE LAMINADO
58887,57552,LAMINADO 160MM PAPEL SEMIBRILLO L80-PH-G60 ARP
58888,CPS0019,CONSUMO DE LAMINADO
58888,57552,LAMINADO 160MM PAPEL SEMIBRILLO L80-PH-G60 ARP
58889,CPS0019,CONSUMO DE LAMINADO
58889,57552,LAMINADO 160MM PAPEL SEMIBRILLO L80-PH-G60 ARP
58890,CPS0019,CONSUMO DE LAMINADO
58890,58446,LAMINADO 250MM PAPEL TERMICO T70-P-TOP-G60 ARP
58891,CPS0019,CONSUMO DE LAMINADO
58891,58446,LAMINADO 250MM PAPEL TERMICO T70-P-TOP-G60 ARP
58894,CPS0019,CONSUMO DE LAMINADO
58894,44626,LAMINADO 110MM PPDL54P4 OPTIMA MATE AF1000 G60 ARC
58895,CPS0019,CONSUMO DE LAMINADO
58895,44626,LAMINADO 110MM PPDL54P4 OPTIMA MATE AF1000 G60 ARC
58897,CPS0019,CONSUMO DE LAMINADO
58897,58682,LAMINADO 160MM PP BCO 60 UTC 2102  707/BL 8065 PERU RI
58898,44927,LAMINADO 330MM PAPEL SEMIBRILLO L80-PH-G62S ( EXACTO) ARP
58898,CPS0019,CONSUMO DE LAMINADO
58899,CPS0019,CONSUMO DE LAMINADO
58899,50014,LAMINADO 333 MM  PP BLANCO BRILLANTE INKJET 8045 AP904
58900,CPS0019,CONSUMO DE LAMINADO
58900,58039,LAMINADO FILM PETG 240 MM 45 MIC JIANGSU
58901,CPS0019,CONSUMO DE LAMINADO
58901,50014,LAMINADO 333 MM  PP BLANCO BRILLANTE INKJET 8045 AP904
58902,CPS0019,CONSUMO DE LAMINADO
58902,57384,LAMINADO 200MM PP BCO BTE PPBB60-P ARP
58903,CPS0019,CONSUMO DE LAMINADO
58903,57384,LAMINADO 200MM PP BCO BTE PPBB60-P ARP
58904,CPS0019,CONSUMO DE LAMINADO
58904,57384,LAMINADO 200MM PP BCO BTE PPBB60-P ARP
58905,CPS0019,CONSUMO DE LAMINADO
58905,57384,LAMINADO 200MM PP BCO BTE PPBB60-P ARP
58906,46934,LAMINADO 160MM PP BLANCO TC 40 MICRAS  02176 RI757
58906,CPS0019,CONSUMO DE LAMINADO
58906,57755,LAMINADO 160MM PP BCO BTE PPBB60-P ARP (SAMSON/ARP)
58907,CPS0019,CONSUMO DE LAMINADO
58907,57755,LAMINADO 160MM PP BCO BTE PPBB60-P ARP (SAMSON/ARP)
58907,46934,LAMINADO 160MM PP BLANCO TC 40 MICRAS  02176 RI757
58908,CPS0019,CONSUMO DE LAMINADO
58908,54314,LAMINADO 167 WINEGLASS (MANUAL) 10939 RI
58909,CPS0019,CONSUMO DE LAMINADO
58909,58078,LAMINADO 300MM PPBB57-P4-G58 ARC
58911,CPS0019,CONSUMO DE LAMINADO
58911,57384,LAMINADO 200MM PP BCO BTE PPBB60-P ARP
58912,CPS0019,CONSUMO DE LAMINADO
58912,50359,LAMINADO FILM PETG 240 MM 45 MIC
58913,CPS0019,CONSUMO DE LAMINADO
58913,50359,LAMINADO FILM PETG 240 MM 45 MIC
58916,CPS0019,CONSUMO DE LAMINADO
58916,57844,LAMINADO 330MM PAPEL SEMIBRILLO L80 -P - G60 AR
58917,CPS0019,CONSUMO DE LAMINADO
58917,57844,LAMINADO 330MM PAPEL SEMIBRILLO L80 -P - G60 AR
58918,57374,LAMINADO 330MM PP BCO BTE PPBB60-P ARP
58918,CPS0019,CONSUMO DE LAMINADO
58919,CPS0019,CONSUMO DE LAMINADO
58919,57374,LAMINADO 330MM PP BCO BTE PPBB60-P ARP
58919,53609,LAMINADO 330MM PP BLANCO TC 40 MICRAS  02176 RI757
58924,CPS0019,CONSUMO DE LAMINADO
58924,53609,LAMINADO 330MM PP BLANCO TC 40 MICRAS  02176 RI757
58924,57374,LAMINADO 330MM PP BCO BTE PPBB60-P ARP
58925,CPS0019,CONSUMO DE LAMINADO
58925,58174,LAMINADO 330MM SY2040S PP BCO TC60  RP37 UPM
58926,CPS0019,CONSUMO DE LAMINADO
58926,57755,LAMINADO 160MM PP BCO BTE PPBB60-P ARP (SAMSON/ARP)
58931,CPS0019,CONSUMO DE LAMINADO
58931,56431,LAMINADO 250MM PAPEL SEMIBRILLO L80-PH-G60 ARP
58932,CPS0019,CONSUMO DE LAMINADO
58932,56431,LAMINADO 250MM PAPEL SEMIBRILLO L80-PH-G60 ARP
58933,CPS0019,CONSUMO DE LAMINADO
58933,56431,LAMINADO 250MM PAPEL SEMIBRILLO L80-PH-G60 ARP
58934,CPS0019,CONSUMO DE LAMINADO
58934,57844,LAMINADO 330MM PAPEL SEMIBRILLO L80 -P - G60 AR
58935,CPS0019,CONSUMO DE LAMINADO
58935,57844,LAMINADO 330MM PAPEL SEMIBRILLO L80 -P - G60 AR
58936,CPS0019,CONSUMO DE LAMINADO
58936,57844,LAMINADO 330MM PAPEL SEMIBRILLO L80 -P - G60 AR
58938,CPS0019,CONSUMO DE LAMINADO
58938,54024,LAMINADO 330MM PAPEL TRANSFER PREMIUM EXTRA / RP51 / WHITE KRAFT 65 UPM
58938,46219,LAMINADO CINTA P/LAMINAR PP TRANSP. 320MM AA-LABR-LA-SL-BPT-QSW DIP
58943,CPS0019,CONSUMO DE LAMINADO
58943,58039,LAMINADO FILM PETG 240 MM 45 MIC JIANGSU
58945,CPS0019,CONSUMO DE LAMINADO
58945,58039,LAMINADO FILM PETG 240 MM 45 MIC JIANGSU
58946,CPS0019,CONSUMO DE LAMINADO
58946,58039,LAMINADO FILM PETG 240 MM 45 MIC JIANGSU
58948,CPS0019,CONSUMO DE LAMINADO
58948,58929,LAMINADO 333MM PAPEL TERMICO T70-PH-ECO-G60 ARP
58949,CPS0019,CONSUMO DE LAMINADO
58949,57755,LAMINADO 160MM PP BCO BTE PPBB60-P ARP (SAMSON/ARP)
58950,CPS0019,CONSUMO DE LAMINADO
58950,58972,LAMINADO 330MM PP BCO TERMICO PROTEGIDO 10823 4-RL1H AP1009 WG55 RI
58951,CPS0019,CONSUMO DE LAMINADO
58951,58956,LAMINADO 300MM PP TRANSP. PPT50-P-G60 ARP
58952,CPS0019,CONSUMO DE LAMINADO
58952,58956,LAMINADO 300MM PP TRANSP. PPT50-P-G60 ARP
58953,CPS0019,CONSUMO DE LAMINADO
58953,58956,LAMINADO 300MM PP TRANSP. PPT50-P-G60 ARP
58954,CPS0019,CONSUMO DE LAMINADO
58954,58956,LAMINADO 300MM PP TRANSP. PPT50-P-G60 ARP
58962,CPS0019,CONSUMO DE LAMINADO
58962,57374,LAMINADO 330MM PP BCO BTE PPBB60-P ARP
58962,53609,LAMINADO 330MM PP BLANCO TC 40 MICRAS  02176 RI757
58963,CPS0019,CONSUMO DE LAMINADO
58963,57373,LAMINADO 300MM PP BCO BTE PPBB60-P ARP
58964,CPS0019,CONSUMO DE LAMINADO
58964,46886,LAMINADO 250MM PPDL54P1 OPTIMA MATE G60
58965,46886,LAMINADO 250MM PPDL54P1 OPTIMA MATE G60
58965,CPS0019,CONSUMO DE LAMINADO
58966,CPS0019,CONSUMO DE LAMINADO
58966,54394,LAMINADO 333MM PP BCO. SY1071H RP37 EXACTO UPM
58968,CPS0019,CONSUMO DE LAMINADO
58968,57374,LAMINADO 330MM PP BCO BTE PPBB60-P ARP
58969,CPS0019,CONSUMO DE LAMINADO
58969,48261,LAMINADO 330MM TERMICO PROTEGIDO 7836 THERMAL TC /80 GR GL/60 RI
58970,CPS0019,CONSUMO DE LAMINADO
58970,54314,LAMINADO 167 WINEGLASS (MANUAL) 10939 RI
58971,CPS0019,CONSUMO DE LAMINADO
58971,54082,LAMINADO 300MM BOPP  METALIZADO PLATA BRILLANTE RP37UPM
58973,CPS0019,CONSUMO DE LAMINADO
58973,57374,LAMINADO 330MM PP BCO BTE PPBB60-P ARP
58975,CPS0019,CONSUMO DE LAMINADO
58975,57553,LAMINADO 110MM PAPEL SEMIBRILLO L80-PH-G60 ARP
58976,CPS0019,CONSUMO DE LAMINADO
58976,57553,LAMINADO 110MM PAPEL SEMIBRILLO L80-PH-G60 ARP
58977,CPS0019,CONSUMO DE LAMINADO
58977,57553,LAMINADO 110MM PAPEL SEMIBRILLO L80-PH-G60 ARP
58978,CPS0019,CONSUMO DE LAMINADO
58978,57553,LAMINADO 110MM PAPEL SEMIBRILLO L80-PH-G60 ARP
58983,CPS0019,CONSUMO DE LAMINADO
58983,57872,LAMINADO 300MM PAPEL SEMIBRILLO L80 -P - G60 ARP
58984,CPS0019,CONSUMO DE LAMINADO
58984,57557,LAMINADO 300MM PAPEL SEMIBRILLO L80-PH-G60 ARP
58985,CPS0019,CONSUMO DE LAMINADO
58985,51560,LAMINADO FILM PETG BLANCO 360 MM 45 MIC
58986,CPS0019,CONSUMO DE LAMINADO
58986,51560,LAMINADO FILM PETG BLANCO 360 MM 45 MIC
58987,CPS0019,CONSUMO DE LAMINADO
58987,58682,LAMINADO 160MM PP BCO 60 UTC 2102  707/BL 8065 PERU RI
58988,CPS0019,CONSUMO DE LAMINADO
58988,56305,LAMINADO 250MM PP  BCO. SY1071H RP37 EXACTO UPM
58990,CPS0019,CONSUMO DE LAMINADO
58990,54314,LAMINADO 167 WINEGLASS (MANUAL) 10939 RI
58991,CPS0019,CONSUMO DE LAMINADO
58991,58078,LAMINADO 300MM PPBB57-P4-G58 ARC
58994,CPS0019,CONSUMO DE LAMINADO
58994,58446,LAMINADO 250MM PAPEL TERMICO T70-P-TOP-G60 ARP
58995,CPS0019,CONSUMO DE LAMINADO
58995,58446,LAMINADO 250MM PAPEL TERMICO T70-P-TOP-G60 ARP
58996,CPS0019,CONSUMO DE LAMINADO
58996,58446,LAMINADO 250MM PAPEL TERMICO T70-P-TOP-G60 ARP
59000,CPS0019,CONSUMO DE LAMINADO
59000,58703,LAMINADO 160MM PAPEL SEMIBRILLO 6770 80G AP 904 PERU RI
59001,CPS0019,CONSUMO DE LAMINADO
59001,58703,LAMINADO 160MM PAPEL SEMIBRILLO 6770 80G AP 904 PERU RI
59002,CPS0019,CONSUMO DE LAMINADO
59002,58703,LAMINADO 160MM PAPEL SEMIBRILLO 6770 80G AP 904 PERU RI
59003,CPS0019,CONSUMO DE LAMINADO
59003,58703,LAMINADO 160MM PAPEL SEMIBRILLO 6770 80G AP 904 PERU RI
59004,CPS0019,CONSUMO DE LAMINADO
59004,58703,LAMINADO 160MM PAPEL SEMIBRILLO 6770 80G AP 904 PERU RI
59006,CPS0019,CONSUMO DE LAMINADO
59006,58118,LAMINADO 325MM TERMICO PROTEGIDO 7836 THERMAL TC /80 GR GL/60
59007,CPS0019,CONSUMO DE LAMINADO
59007,57374,LAMINADO 330MM PP BCO BTE PPBB60-P ARP
59008,CPS0019,CONSUMO DE LAMINADO
59008,58929,LAMINADO 333MM PAPEL TERMICO T70-PH-ECO-G60 ARP
59009,CPS0019,CONSUMO DE LAMINADO
59009,58039,LAMINADO FILM PETG 240 MM 45 MIC JIANGSU
59009,59054,LAMINADO FOLIA PLATA COLDFOIL 200MM DSCF620-OP COR
59010,CPS0019,CONSUMO DE LAMINADO
59010,51558,LAMINADO FILM PETG 360 MM 45 MIC
59010,55714,LAMINADO FOLIA PLATA COLDFOIL 320MM DSCF620-OP COR
59011,CPS0019,CONSUMO DE LAMINADO
59011,51558,LAMINADO FILM PETG 360 MM 45 MIC
59011,55714,LAMINADO FOLIA PLATA COLDFOIL 320MM DSCF620-OP COR
59012,CPS0019,CONSUMO DE LAMINADO
59012,58039,LAMINADO FILM PETG 240 MM 45 MIC JIANGSU
59012,59054,LAMINADO FOLIA PLATA COLDFOIL 200MM DSCF620-OP COR
59013,CPS0019,CONSUMO DE LAMINADO
59013,58039,LAMINADO FILM PETG 240 MM 45 MIC JIANGSU
59013,59054,LAMINADO FOLIA PLATA COLDFOIL 200MM DSCF620-OP COR
59014,CPS0019,CONSUMO DE LAMINADO
59014,55714,LAMINADO FOLIA PLATA COLDFOIL 320MM DSCF620-OP COR
59014,51558,LAMINADO FILM PETG 360 MM 45 MIC
59015,CPS0019,CONSUMO DE LAMINADO
59015,57374,LAMINADO 330MM PP BCO BTE PPBB60-P ARP
59016,CPS0019,CONSUMO DE LAMINADO
59016,57755,LAMINADO 160MM PP BCO BTE PPBB60-P ARP (SAMSON/ARP)
59017,CPS0019,CONSUMO DE LAMINADO
59017,58039,LAMINADO FILM PETG 240 MM 45 MIC JIANGSU
59018,CPS0019,CONSUMO DE LAMINADO
59018,58045,LAMINADO FILM PETG 330 MM 45 MIC JIANGSU
59019,CPS0019,CONSUMO DE LAMINADO
59019,58045,LAMINADO FILM PETG 330 MM 45 MIC JIANGSU
59020,CPS0019,CONSUMO DE LAMINADO
59020,58045,LAMINADO FILM PETG 330 MM 45 MIC JIANGSU
59021,CPS0019,CONSUMO DE LAMINADO
59021,58045,LAMINADO FILM PETG 330 MM 45 MIC JIANGSU
59022,CPS0019,CONSUMO DE LAMINADO
59022,58045,LAMINADO FILM PETG 330 MM 45 MIC JIANGSU
59023,CPS0019,CONSUMO DE LAMINADO
59023,58045,LAMINADO FILM PETG 330 MM 45 MIC JIANGSU
59024,58929,LAMINADO 333MM PAPEL TERMICO T70-PH-ECO-G60 ARP
59027,CPS0019,CONSUMO DE LAMINADO
59027,58292,LAMINADO 260MM PP BCO MATE PPDL54-FH G60 ARP
59028,CPS0019,CONSUMO DE LAMINADO
59028,58292,LAMINADO 260MM PP BCO MATE PPDL54-FH G60 ARP
59029,CPS0019,CONSUMO DE LAMINADO
59029,58292,LAMINADO 260MM PP BCO MATE PPDL54-FH G60 ARP
59030,CPS0019,CONSUMO DE LAMINADO
59030,58292,LAMINADO 260MM PP BCO MATE PPDL54-FH G60 ARP
59031,CPS0019,CONSUMO DE LAMINADO
59031,59025,LAMINADO 330MM PP BCO MATE PPDL54-FH G60 ARP
59032,CPS0019,CONSUMO DE LAMINADO
59032,59025,LAMINADO 330MM PP BCO MATE PPDL54-FH G60 ARP
59033,CPS0019,CONSUMO DE LAMINADO
59033,59025,LAMINADO 330MM PP BCO MATE PPDL54-FH G60 ARP
59034,CPS0019,CONSUMO DE LAMINADO
59034,59025,LAMINADO 330MM PP BCO MATE PPDL54-FH G60 ARP
59035,CPS0019,CONSUMO DE LAMINADO
59035,59025,LAMINADO 330MM PP BCO MATE PPDL54-FH G60 ARP
59036,CPS0019,CONSUMO DE LAMINADO
59036,59025,LAMINADO 330MM PP BCO MATE PPDL54-FH G60 ARP
59037,CPS0019,CONSUMO DE LAMINADO
59037,59025,LAMINADO 330MM PP BCO MATE PPDL54-FH G60 ARP
59038,CPS0019,CONSUMO DE LAMINADO
59038,59025,LAMINADO 330MM PP BCO MATE PPDL54-FH G60 ARP
59041,CPS0019,CONSUMO DE LAMINADO
59041,57374,LAMINADO 330MM PP BCO BTE PPBB60-P ARP
59042,CPS0019,CONSUMO DE LAMINADO
59042,57844,LAMINADO 330MM PAPEL SEMIBRILLO L80 -P - G60 AR
59044,CPS0019,CONSUMO DE LAMINADO
59044,58078,LAMINADO 300MM PPBB57-P4-G58 ARC
59045,CPS0019,CONSUMO DE LAMINADO
59045,57844,LAMINADO 330MM PAPEL SEMIBRILLO L80 -P - G60 AR
59046,CPS0019,CONSUMO DE LAMINADO
59046,57844,LAMINADO 330MM PAPEL SEMIBRILLO L80 -P - G60 AR
59047,CPS0019,CONSUMO DE LAMINADO
59047,57844,LAMINADO 330MM PAPEL SEMIBRILLO L80 -P - G60 AR
59048,CPS0019,CONSUMO DE LAMINADO
59048,57844,LAMINADO 330MM PAPEL SEMIBRILLO L80 -P - G60 AR
59053,43573,LAMINADO 200MM PPBB60-P1-G62S
59053,CPS0019,CONSUMO DE LAMINADO
59053,57384,LAMINADO 200MM PP BCO BTE PPBB60-P ARP
59055,CPS0019,CONSUMO DE LAMINADO
59055,58039,LAMINADO FILM PETG 240 MM 45 MIC JIANGSU
59056,CPS0019,CONSUMO DE LAMINADO
59056,57373,LAMINADO 300MM PP BCO BTE PPBB60-P ARP
59057,CPS0019,CONSUMO DE LAMINADO
59057,57844,LAMINADO 330MM PAPEL SEMIBRILLO L80 -P - G60 AR
59061,CPS0019,CONSUMO DE LAMINADO
59061,57559,LAMINADO 330MM PAPEL SEMIBRILLO L80-PH-G60 ARP
59062,CPS0019,CONSUMO DE LAMINADO
59062,53558,LAMINADO FOLIA PLATA COLDFOIL 280MM DSCF620-OP COR
59062,51557,LAMINADO FILM PETG 280 MM 45 MIC
59063,CPS0019,CONSUMO DE LAMINADO
59063,51557,LAMINADO FILM PETG 280 MM 45 MIC
59063,53558,LAMINADO FOLIA PLATA COLDFOIL 280MM DSCF620-OP COR
59064,CPS0019,CONSUMO DE LAMINADO
59064,50359,LAMINADO FILM PETG 240 MM 45 MIC
59064,46812,LAMINADO FOLIA PLATA COLDFOIL 240MM DSCF620-OP COR
59065,CPS0019,CONSUMO DE LAMINADO
59065,46812,LAMINADO FOLIA PLATA COLDFOIL 240MM DSCF620-OP COR
59065,50359,LAMINADO FILM PETG 240 MM 45 MIC
59066,CPS0019,CONSUMO DE LAMINADO
59066,50359,LAMINADO FILM PETG 240 MM 45 MIC
59066,46812,LAMINADO FOLIA PLATA COLDFOIL 240MM DSCF620-OP COR
59067,CPS0019,CONSUMO DE LAMINADO
59067,50359,LAMINADO FILM PETG 240 MM 45 MIC
59067,46812,LAMINADO FOLIA PLATA COLDFOIL 240MM DSCF620-OP COR
59068,CPS0019,CONSUMO DE LAMINADO
59068,46812,LAMINADO FOLIA PLATA COLDFOIL 240MM DSCF620-OP COR
59068,50359,LAMINADO FILM PETG 240 MM 45 MIC
59069,CPS0019,CONSUMO DE LAMINADO
59069,58039,LAMINADO FILM PETG 240 MM 45 MIC JIANGSU
59069,59054,LAMINADO FOLIA PLATA COLDFOIL 200MM DSCF620-OP COR
59070,CPS0019,CONSUMO DE LAMINADO
59070,58039,LAMINADO FILM PETG 240 MM 45 MIC JIANGSU
59070,59054,LAMINADO FOLIA PLATA COLDFOIL 200MM DSCF620-OP COR
59071,CPS0019,CONSUMO DE LAMINADO
59071,59054,LAMINADO FOLIA PLATA COLDFOIL 200MM DSCF620-OP COR
59071,58039,LAMINADO FILM PETG 240 MM 45 MIC JIANGSU
59072,CPS0019,CONSUMO DE LAMINADO
59072,59054,LAMINADO FOLIA PLATA COLDFOIL 200MM DSCF620-OP COR
59072,58039,LAMINADO FILM PETG 240 MM 45 MIC JIANGSU
59073,CPS0019,CONSUMO DE LAMINADO
59073,58039,LAMINADO FILM PETG 240 MM 45 MIC JIANGSU
59073,59054,LAMINADO FOLIA PLATA COLDFOIL 200MM DSCF620-OP COR
59074,CPS0019,CONSUMO DE LAMINADO
59074,58039,LAMINADO FILM PETG 240 MM 45 MIC JIANGSU
59074,59054,LAMINADO FOLIA PLATA COLDFOIL 200MM DSCF620-OP COR
59075,CPS0019,CONSUMO DE LAMINADO
59075,58039,LAMINADO FILM PETG 240 MM 45 MIC JIANGSU
59075,59054,LAMINADO FOLIA PLATA COLDFOIL 200MM DSCF620-OP COR
59076,CPS0019,CONSUMO DE LAMINADO
59076,58446,LAMINADO 250MM PAPEL TERMICO T70-P-TOP-G60 ARP
59077,CPS0019,CONSUMO DE LAMINADO
59077,58446,LAMINADO 250MM PAPEL TERMICO T70-P-TOP-G60 ARP
59078,CPS0019,CONSUMO DE LAMINADO
59078,58446,LAMINADO 250MM PAPEL TERMICO T70-P-TOP-G60 ARP
59079,CPS0019,CONSUMO DE LAMINADO
59079,58446,LAMINADO 250MM PAPEL TERMICO T70-P-TOP-G60 ARP
59080,CPS0019,CONSUMO DE LAMINADO
59080,51558,LAMINADO FILM PETG 360 MM 45 MIC
59080,55714,LAMINADO FOLIA PLATA COLDFOIL 320MM DSCF620-OP COR
59081,CPS0019,CONSUMO DE LAMINADO
59081,51558,LAMINADO FILM PETG 360 MM 45 MIC
59081,55714,LAMINADO FOLIA PLATA COLDFOIL 320MM DSCF620-OP COR
59082,CPS0019,CONSUMO DE LAMINADO
59082,55714,LAMINADO FOLIA PLATA COLDFOIL 320MM DSCF620-OP COR
59082,51558,LAMINADO FILM PETG 360 MM 45 MIC
59083,CPS0019,CONSUMO DE LAMINADO
59083,51558,LAMINADO FILM PETG 360 MM 45 MIC
59083,55714,LAMINADO FOLIA PLATA COLDFOIL 320MM DSCF620-OP COR
59085,CPS0019,CONSUMO DE LAMINADO
59085,58045,LAMINADO FILM PETG 330 MM 45 MIC JIANGSU
59086,CPS0019,CONSUMO DE LAMINADO
59086,50136,LAMINADO CINTA P/LAMINAR  PP TRANSP. 320MM OLPP24-MATE-º1500º
59086,54353,LAMINADO 330MM PPDL54P4 OPTIMA MATE AF1000 G60 ARC
59089,CPS0019,CONSUMO DE LAMINADO
59089,57755,LAMINADO 160MM PP BCO BTE PPBB60-P ARP (SAMSON/ARP)
59090,CPS0019,CONSUMO DE LAMINADO
59090,51677,LAMINADO 300MM PP BCO BTE P4 38M G58 ARC
59090,57373,LAMINADO 300MM PP BCO BTE PPBB60-P ARP
59091,CPS0019,CONSUMO DE LAMINADO
59091,58043,LAMINADO FILM PETG 280 MM 45 MIC JIANGSU
59091,59194,LAMINADO FOLIA PLATA COLDFOIL 90MM DSCF620-OP
59092,CPS0019,CONSUMO DE LAMINADO
59092,58118,LAMINADO 325MM TERMICO PROTEGIDO 7836 THERMAL TC /80 GR GL/60
59093,CPS0019,CONSUMO DE LAMINADO
59093,58046,LAMINADO FILM PETG 360 MM 45 MIC JIANGSU
59095,CPS0019,CONSUMO DE LAMINADO
59095,57755,LAMINADO 160MM PP BCO BTE PPBB60-P ARP (SAMSON/ARP)
59097,CPS0019,CONSUMO DE LAMINADO
59097,55657,LAMINADO 200MM PPDL54P4 OPTIMA MATE 2 G60 MIC
59098,CPS0019,CONSUMO DE LAMINADO
59098,55657,LAMINADO 200MM PPDL54P4 OPTIMA MATE 2 G60 MIC
59099,CPS0019,CONSUMO DE LAMINADO
59099,58682,LAMINADO 160MM PP BCO 60 UTC 2102  707/BL 8065 PERU RI
59100,CPS0019,CONSUMO DE LAMINADO
59100,58703,LAMINADO 160MM PAPEL SEMIBRILLO 6770 80G AP 904 PERU RI
59101,CPS0019,CONSUMO DE LAMINADO
59101,58046,LAMINADO FILM PETG 360 MM 45 MIC JIANGSU
59101,55714,LAMINADO FOLIA PLATA COLDFOIL 320MM DSCF620-OP COR
59102,CPS0019,CONSUMO DE LAMINADO
59102,58039,LAMINADO FILM PETG 240 MM 45 MIC JIANGSU
59102,59054,LAMINADO FOLIA PLATA COLDFOIL 200MM DSCF620-OP COR
59103,CPS0019,CONSUMO DE LAMINADO
59103,58039,LAMINADO FILM PETG 240 MM 45 MIC JIANGSU
59103,46812,LAMINADO FOLIA PLATA COLDFOIL 240MM DSCF620-OP COR
59104,CPS0019,CONSUMO DE LAMINADO
59104,58039,LAMINADO FILM PETG 240 MM 45 MIC JIANGSU
59105,CPS0019,CONSUMO DE LAMINADO
59105,58044,LAMINADO FILM PETG 300 MM 45 MIC JIANGSU
59106,CPS0019,CONSUMO DE LAMINADO
59106,58044,LAMINADO FILM PETG 300 MM 45 MIC JIANGSU
59107,CPS0019,CONSUMO DE LAMINADO
59107,58044,LAMINADO FILM PETG 300 MM 45 MIC JIANGSU
59109,CPS0019,CONSUMO DE LAMINADO
59109,58039,LAMINADO FILM PETG 240 MM 45 MIC JIANGSU
59110,CPS0019,CONSUMO DE LAMINADO
59110,58039,LAMINADO FILM PETG 240 MM 45 MIC JIANGSU
59111,CPS0019,CONSUMO DE LAMINADO
59111,58039,LAMINADO FILM PETG 240 MM 45 MIC JIANGSU
59112,CPS0019,CONSUMO DE LAMINADO
59112,58044,LAMINADO FILM PETG 300 MM 45 MIC JIANGSU
59113,CPS0019,CONSUMO DE LAMINADO
59113,58044,LAMINADO FILM PETG 300 MM 45 MIC JIANGSU
59114,CPS0019,CONSUMO DE LAMINADO
59114,58044,LAMINADO FILM PETG 300 MM 45 MIC JIANGSU
59115,CPS0019,CONSUMO DE LAMINADO
59115,58045,LAMINADO FILM PETG 330 MM 45 MIC JIANGSU
59116,CPS0019,CONSUMO DE LAMINADO
59116,58045,LAMINADO FILM PETG 330 MM 45 MIC JIANGSU
59117,CPS0019,CONSUMO DE LAMINADO
59117,58045,LAMINADO FILM PETG 330 MM 45 MIC JIANGSU
59118,CPS0019,CONSUMO DE LAMINADO
59118,52689,LAMINADO 330MM TERMICO PROTEGIDO S2670 TC 75 GR-FR-GL 60
59119,CPS0019,CONSUMO DE LAMINADO
59119,54394,LAMINADO 333MM PP BCO. SY1071H RP37 EXACTO UPM
59121,CPS0019,CONSUMO DE LAMINADO
59121,58446,LAMINADO 250MM PAPEL TERMICO T70-P-TOP-G60 ARP
59122,CPS0019,CONSUMO DE LAMINADO
59122,58446,LAMINADO 250MM PAPEL TERMICO T70-P-TOP-G60 ARP
59123,CPS0019,CONSUMO DE LAMINADO
59123,58446,LAMINADO 250MM PAPEL TERMICO T70-P-TOP-G60 ARP
59124,CPS0019,CONSUMO DE LAMINADO
59124,58446,LAMINADO 250MM PAPEL TERMICO T70-P-TOP-G60 ARP
59125,CPS0019,CONSUMO DE LAMINADO
59125,58446,LAMINADO 250MM PAPEL TERMICO T70-P-TOP-G60 ARP
59126,CPS0019,CONSUMO DE LAMINADO
59126,58446,LAMINADO 250MM PAPEL TERMICO T70-P-TOP-G60 ARP
59127,CPS0019,CONSUMO DE LAMINADO
59127,58446,LAMINADO 250MM PAPEL TERMICO T70-P-TOP-G60 ARP
59128,CPS0019,CONSUMO DE LAMINADO
59128,58446,LAMINADO 250MM PAPEL TERMICO T70-P-TOP-G60 ARP
59129,CPS0019,CONSUMO DE LAMINADO
59129,58446,LAMINADO 250MM PAPEL TERMICO T70-P-TOP-G60 ARP
59130,CPS0019,CONSUMO DE LAMINADO
59130,58446,LAMINADO 250MM PAPEL TERMICO T70-P-TOP-G60 ARP
59131,CPS0019,CONSUMO DE LAMINADO
59131,58446,LAMINADO 250MM PAPEL TERMICO T70-P-TOP-G60 ARP
59132,CPS0019,CONSUMO DE LAMINADO
59132,58446,LAMINADO 250MM PAPEL TERMICO T70-P-TOP-G60 ARP
59133,CPS0019,CONSUMO DE LAMINADO
59133,58446,LAMINADO 250MM PAPEL TERMICO T70-P-TOP-G60 ARP
59134,CPS0019,CONSUMO DE LAMINADO
59134,58446,LAMINADO 250MM PAPEL TERMICO T70-P-TOP-G60 ARP
59135,CPS0019,CONSUMO DE LAMINADO
59135,54080,LAMINADO 200MM PP METALIZADO PLATA BRILLANTE RP37 UPM
59136,CPS0019,CONSUMO DE LAMINADO
59136,53894,LAMINADO 300MM PP TRANSP. RP37 SY105C UPM RAFLATAC
59137,CPS0019,CONSUMO DE LAMINADO
59137,53511,LAMINADO 330 MM PPDL54P1 OPTIMA MATE G60 ARC
59137,46148,LAMINADO 330MM PPBB60-P1-G62S
59141,CPS0019,CONSUMO DE LAMINADO
59141,59138,LAMINADO 330MM PET PSF35ZAC EMPACK
59142,CPS0019,CONSUMO DE LAMINADO
59142,59138,LAMINADO 330MM PET PSF35ZAC EMPACK
59143,CPS0019,CONSUMO DE LAMINADO
59143,59138,LAMINADO 330MM PET PSF35ZAC EMPACK
59144,CPS0019,CONSUMO DE LAMINADO
59144,59138,LAMINADO 330MM PET PSF35ZAC EMPACK
59145,CPS0019,CONSUMO DE LAMINADO
59145,59138,LAMINADO 330MM PET PSF35ZAC EMPACK
59146,CPS0019,CONSUMO DE LAMINADO
59146,59138,LAMINADO 330MM PET PSF35ZAC EMPACK
59147,CPS0019,CONSUMO DE LAMINADO
59147,59138,LAMINADO 330MM PET PSF35ZAC EMPACK
59148,CPS0019,CONSUMO DE LAMINADO
59148,59138,LAMINADO 330MM PET PSF35ZAC EMPACK
59149,CPS0019,CONSUMO DE LAMINADO
59149,59139,LAMINADO 230MM PET PSF35ZAC EMPACK
59150,CPS0019,CONSUMO DE LAMINADO
59150,59139,LAMINADO 230MM PET PSF35ZAC EMPACK
59151,CPS0019,CONSUMO DE LAMINADO
59151,59139,LAMINADO 230MM PET PSF35ZAC EMPACK
59152,CPS0019,CONSUMO DE LAMINADO
59152,59139,LAMINADO 230MM PET PSF35ZAC EMPACK
59153,CPS0019,CONSUMO DE LAMINADO
59153,59139,LAMINADO 230MM PET PSF35ZAC EMPACK
59154,CPS0019,CONSUMO DE LAMINADO
59154,59139,LAMINADO 230MM PET PSF35ZAC EMPACK
59155,CPS0019,CONSUMO DE LAMINADO
59155,59139,LAMINADO 230MM PET PSF35ZAC EMPACK
59156,CPS0019,CONSUMO DE LAMINADO
59156,58044,LAMINADO FILM PETG 300 MM 45 MIC JIANGSU
59156,59194,LAMINADO FOLIA PLATA COLDFOIL 90MM DSCF620-OP
59157,CPS0019,CONSUMO DE LAMINADO
59157,58044,LAMINADO FILM PETG 300 MM 45 MIC JIANGSU
59157,59194,LAMINADO FOLIA PLATA COLDFOIL 90MM DSCF620-OP
59158,CPS0019,CONSUMO DE LAMINADO
59158,57373,LAMINADO 300MM PP BCO BTE PPBB60-P ARP
59159,CPS0019,CONSUMO DE LAMINADO
59159,57553,LAMINADO 110MM PAPEL SEMIBRILLO L80-PH-G60 ARP
59160,CPS0019,CONSUMO DE LAMINADO
59160,57553,LAMINADO 110MM PAPEL SEMIBRILLO L80-PH-G60 ARP
59161,CPS0019,CONSUMO DE LAMINADO
59161,57553,LAMINADO 110MM PAPEL SEMIBRILLO L80-PH-G60 ARP
59162,CPS0019,CONSUMO DE LAMINADO
59162,58039,LAMINADO FILM PETG 240 MM 45 MIC JIANGSU
59163,CPS0019,CONSUMO DE LAMINADO
59163,58039,LAMINADO FILM PETG 240 MM 45 MIC JIANGSU
59164,CPS0019,CONSUMO DE LAMINADO
59164,58039,LAMINADO FILM PETG 240 MM 45 MIC JIANGSU
59165,CPS0019,CONSUMO DE LAMINADO
59165,58039,LAMINADO FILM PETG 240 MM 45 MIC JIANGSU
59167,CPS0019,CONSUMO DE LAMINADO
59167,58118,LAMINADO 325MM TERMICO PROTEGIDO 7836 THERMAL TC /80 GR GL/60
59168,CPS0019,CONSUMO DE LAMINADO
59168,58118,LAMINADO 325MM TERMICO PROTEGIDO 7836 THERMAL TC /80 GR GL/60
59169,CPS0019,CONSUMO DE LAMINADO
59169,59181,LAMINADO 260MM BOPP PERLADO( 03239 ) RI 757/PR PET 30 AP901
59169,57409,LAMINADO CINTA P/LAMINAR BTE  PP TRANSP. 250MM INK & PAPER
59170,CPS0019,CONSUMO DE LAMINADO
59170,59181,LAMINADO 260MM BOPP PERLADO( 03239 ) RI 757/PR PET 30 AP901
59170,57409,LAMINADO CINTA P/LAMINAR BTE  PP TRANSP. 250MM INK & PAPER
59171,CPS0019,CONSUMO DE LAMINADO
59171,57409,LAMINADO CINTA P/LAMINAR BTE  PP TRANSP. 250MM INK & PAPER
59171,59181,LAMINADO 260MM BOPP PERLADO( 03239 ) RI 757/PR PET 30 AP901
59172,CPS0019,CONSUMO DE LAMINADO
59172,59181,LAMINADO 260MM BOPP PERLADO( 03239 ) RI 757/PR PET 30 AP901
59172,57409,LAMINADO CINTA P/LAMINAR BTE  PP TRANSP. 250MM INK & PAPER
59173,42252,LAMINADO CINTA P/LAM  PP TRANSP. 300MM BRILLANTE 24M
59173,CPS0019,CONSUMO DE LAMINADO
59173,59182,LAMINADO 330MM BOPP PERLADO( 03239 ) RI 757/PR PET 30 AP901
59174,42252,LAMINADO CINTA P/LAM  PP TRANSP. 300MM BRILLANTE 24M
59174,CPS0019,CONSUMO DE LAMINADO
59174,59182,LAMINADO 330MM BOPP PERLADO( 03239 ) RI 757/PR PET 30 AP901
59175,42252,LAMINADO CINTA P/LAM  PP TRANSP. 300MM BRILLANTE 24M
59175,CPS0019,CONSUMO DE LAMINADO
59175,59182,LAMINADO 330MM BOPP PERLADO( 03239 ) RI 757/PR PET 30 AP901
59176,42252,LAMINADO CINTA P/LAM  PP TRANSP. 300MM BRILLANTE 24M
59176,CPS0019,CONSUMO DE LAMINADO
59176,59182,LAMINADO 330MM BOPP PERLADO( 03239 ) RI 757/PR PET 30 AP901
59177,42252,LAMINADO CINTA P/LAM  PP TRANSP. 300MM BRILLANTE 24M
59177,CPS0019,CONSUMO DE LAMINADO
59177,59182,LAMINADO 330MM BOPP PERLADO( 03239 ) RI 757/PR PET 30 AP901
59178,CPS0019,CONSUMO DE LAMINADO
59178,59182,LAMINADO 330MM BOPP PERLADO( 03239 ) RI 757/PR PET 30 AP901
59178,42252,LAMINADO CINTA P/LAM  PP TRANSP. 300MM BRILLANTE 24M
59179,42252,LAMINADO CINTA P/LAM  PP TRANSP. 300MM BRILLANTE 24M
59179,CPS0019,CONSUMO DE LAMINADO
59179,59182,LAMINADO 330MM BOPP PERLADO( 03239 ) RI 757/PR PET 30 AP901
59180,42252,LAMINADO CINTA P/LAM  PP TRANSP. 300MM BRILLANTE 24M
59180,CPS0019,CONSUMO DE LAMINADO
59180,59182,LAMINADO 330MM BOPP PERLADO( 03239 ) RI 757/PR PET 30 AP901
59184,CPS0019,CONSUMO DE LAMINADO
59184,54394,LAMINADO 333MM PP BCO. SY1071H RP37 EXACTO UPM
59186,CPS0019,CONSUMO DE LAMINADO
59186,59687,LAMINADO 160MM BOPP METALIZADO PLATA BRILLANTE 7522 RI 717/50 PERU RI
59189,CPS0019,CONSUMO DE LAMINADO
59189,54080,LAMINADO 200MM PP METALIZADO PLATA BRILLANTE RP37 UPM
59190,CPS0019,CONSUMO DE LAMINADO
59190,58358,LAMINADO 200MM PP TRANSP. PPT50P-P-G60 ARP
59191,CPS0019,CONSUMO DE LAMINADO
59191,56392,LAMINADO 330MM WHITE COVER
59193,CPS0019,CONSUMO DE LAMINADO
59193,58039,LAMINADO FILM PETG 240 MM 45 MIC JIANGSU
59195,CPS0019,CONSUMO DE LAMINADO
59195,57373,LAMINADO 300MM PP BCO BTE PPBB60-P ARP
59196,45856,LAMINADO 330MM PAPEL SEMIBRILLO 6770 80 GR AP 904 RI
59196,CPS0019,CONSUMO DE LAMINADO
59198,CPS0019,CONSUMO DE LAMINADO
59198,58682,LAMINADO 160MM PP BCO 60 UTC 2102  707/BL 8065 PERU RI
59199,CPS0019,CONSUMO DE LAMINADO
59199,58682,LAMINADO 160MM PP BCO 60 UTC 2102  707/BL 8065 PERU RI
592,CPS0019,CONSUMO DE LAMINADO
592,709,LAMINADO 110MM PAPEL SEMIBRILLO 6770 80G AP 904 RI
59200,CPS0019,CONSUMO DE LAMINADO
59200,58682,LAMINADO 160MM PP BCO 60 UTC 2102  707/BL 8065 PERU RI
59201,CPS0019,CONSUMO DE LAMINADO
59201,58682,LAMINADO 160MM PP BCO 60 UTC 2102  707/BL 8065 PERU RI
59202,CPS0019,CONSUMO DE LAMINADO
59202,58682,LAMINADO 160MM PP BCO 60 UTC 2102  707/BL 8065 PERU RI
59203,CPS0019,CONSUMO DE LAMINADO
59203,58682,LAMINADO 160MM PP BCO 60 UTC 2102  707/BL 8065 PERU RI
59204,CPS0019,CONSUMO DE LAMINADO
59204,58682,LAMINADO 160MM PP BCO 60 UTC 2102  707/BL 8065 PERU RI
59205,CPS0019,CONSUMO DE LAMINADO
59205,58682,LAMINADO 160MM PP BCO 60 UTC 2102  707/BL 8065 PERU RI
59206,CPS0019,CONSUMO DE LAMINADO
59206,58682,LAMINADO 160MM PP BCO 60 UTC 2102  707/BL 8065 PERU RI
59207,CPS0019,CONSUMO DE LAMINADO
59207,57374,LAMINADO 330MM PP BCO BTE PPBB60-P ARP
59208,CPS0019,CONSUMO DE LAMINADO
59208,56305,LAMINADO 250MM PP  BCO. SY1071H RP37 EXACTO UPM
59209,CPS0019,CONSUMO DE LAMINADO
59209,57557,LAMINADO 300MM PAPEL SEMIBRILLO L80-PH-G60 ARP
59210,CPS0019,CONSUMO DE LAMINADO
59210,58446,LAMINADO 250MM PAPEL TERMICO T70-P-TOP-G60 ARP
59211,CPS0019,CONSUMO DE LAMINADO
59211,58703,LAMINADO 160MM PAPEL SEMIBRILLO 6770 80G AP 904 PERU RI
59212,CPS0019,CONSUMO DE LAMINADO
59212,58703,LAMINADO 160MM PAPEL SEMIBRILLO 6770 80G AP 904 PERU RI
59213,CPS0019,CONSUMO DE LAMINADO
59213,58703,LAMINADO 160MM PAPEL SEMIBRILLO 6770 80G AP 904 PERU RI
59215,CPS0019,CONSUMO DE LAMINADO
59215,58682,LAMINADO 160MM PP BCO 60 UTC 2102  707/BL 8065 PERU RI
59216,CPS0019,CONSUMO DE LAMINADO
59216,57559,LAMINADO 330MM PAPEL SEMIBRILLO L80-PH-G60 ARP
59217,44533,LAMINADO 320MM PPDL54P4 OPTIMA MATE AF1000 G60 ARC
59217,CPS0019,CONSUMO DE LAMINADO
59217,50136,LAMINADO CINTA P/LAMINAR  PP TRANSP. 320MM OLPP24-MATE-º1500º
59218,44533,LAMINADO 320MM PPDL54P4 OPTIMA MATE AF1000 G60 ARC
59218,CPS0019,CONSUMO DE LAMINADO
59218,50136,LAMINADO CINTA P/LAMINAR  PP TRANSP. 320MM OLPP24-MATE-º1500º
59219,CPS0019,CONSUMO DE LAMINADO
59219,57373,LAMINADO 300MM PP BCO BTE PPBB60-P ARP
59220,CPS0019,CONSUMO DE LAMINADO
59220,57844,LAMINADO 330MM PAPEL SEMIBRILLO L80 -P - G60 AR
59221,CPS0019,CONSUMO DE LAMINADO
59221,57844,LAMINADO 330MM PAPEL SEMIBRILLO L80 -P - G60 AR
59222,CPS0019,CONSUMO DE LAMINADO
59222,58044,LAMINADO FILM PETG 300 MM 45 MIC JIANGSU
59222,59194,LAMINADO FOLIA PLATA COLDFOIL 90MM DSCF620-OP
59223,CPS0019,CONSUMO DE LAMINADO
59223,58044,LAMINADO FILM PETG 300 MM 45 MIC JIANGSU
59223,59194,LAMINADO FOLIA PLATA COLDFOIL 90MM DSCF620-OP
59224,CPS0019,CONSUMO DE LAMINADO
59224,53511,LAMINADO 330 MM PPDL54P1 OPTIMA MATE G60 ARC
59224,56502,LAMINADO 330MM PPBB57-P1-G62S ARC
59229,CPS0019,CONSUMO DE LAMINADO
59229,57559,LAMINADO 330MM PAPEL SEMIBRILLO L80-PH-G60 ARP
59230,CPS0019,CONSUMO DE LAMINADO
59230,57374,LAMINADO 330MM PP BCO BTE PPBB60-P ARP
59231,CPS0019,CONSUMO DE LAMINADO
59231,57374,LAMINADO 330MM PP BCO BTE PPBB60-P ARP
59232,CPS0019,CONSUMO DE LAMINADO
59232,57374,LAMINADO 330MM PP BCO BTE PPBB60-P ARP
59234,CPS0019,CONSUMO DE LAMINADO
59234,58446,LAMINADO 250MM PAPEL TERMICO T70-P-TOP-G60 ARP
59235,CPS0019,CONSUMO DE LAMINADO
59235,58446,LAMINADO 250MM PAPEL TERMICO T70-P-TOP-G60 ARP
59236,CPS0019,CONSUMO DE LAMINADO
59236,58446,LAMINADO 250MM PAPEL TERMICO T70-P-TOP-G60 ARP
59237,CPS0019,CONSUMO DE LAMINADO
59237,58446,LAMINADO 250MM PAPEL TERMICO T70-P-TOP-G60 ARP
59238,CPS0019,CONSUMO DE LAMINADO
59238,58446,LAMINADO 250MM PAPEL TERMICO T70-P-TOP-G60 ARP
59239,CPS0019,CONSUMO DE LAMINADO
59239,58446,LAMINADO 250MM PAPEL TERMICO T70-P-TOP-G60 ARP
59241,CPS0019,CONSUMO DE LAMINADO
59241,57557,LAMINADO 300MM PAPEL SEMIBRILLO L80-PH-G60 ARP
59242,CPS0019,CONSUMO DE LAMINADO
59242,58446,LAMINADO 250MM PAPEL TERMICO T70-P-TOP-G60 ARP
59243,CPS0019,CONSUMO DE LAMINADO
59243,58446,LAMINADO 250MM PAPEL TERMICO T70-P-TOP-G60 ARP
59244,CPS0019,CONSUMO DE LAMINADO
59244,57557,LAMINADO 300MM PAPEL SEMIBRILLO L80-PH-G60 ARP
59252,CPS0019,CONSUMO DE LAMINADO
59252,57852,LAMINADO 110MM WHITE COVER
59253,CPS0019,CONSUMO DE LAMINADO
59253,57852,LAMINADO 110MM WHITE COVER
59254,CPS0019,CONSUMO DE LAMINADO
59254,57755,LAMINADO 160MM PP BCO BTE PPBB60-P ARP (SAMSON/ARP)
59254,46934,LAMINADO 160MM PP BLANCO TC 40 MICRAS  02176 RI757
59255,CPS0019,CONSUMO DE LAMINADO
59255,57755,LAMINADO 160MM PP BCO BTE PPBB60-P ARP (SAMSON/ARP)
59255,46934,LAMINADO 160MM PP BLANCO TC 40 MICRAS  02176 RI757
59256,CPS0019,CONSUMO DE LAMINADO
59256,57755,LAMINADO 160MM PP BCO BTE PPBB60-P ARP (SAMSON/ARP)
59258,CPS0019,CONSUMO DE LAMINADO
59258,50359,LAMINADO FILM PETG 240 MM 45 MIC
59259,CPS0019,CONSUMO DE LAMINADO
59259,57557,LAMINADO 300MM PAPEL SEMIBRILLO L80-PH-G60 ARP
59260,CPS0019,CONSUMO DE LAMINADO
59260,57557,LAMINADO 300MM PAPEL SEMIBRILLO L80-PH-G60 ARP
59263,CPS0019,CONSUMO DE LAMINADO
59263,58045,LAMINADO FILM PETG 330 MM 45 MIC JIANGSU
59263,55734,LAMINADO FOLIA PLATA COLDFOIL 120 MM COR
59264,CPS0019,CONSUMO DE LAMINADO
59264,55734,LAMINADO FOLIA PLATA COLDFOIL 120 MM COR
59264,58045,LAMINADO FILM PETG 330 MM 45 MIC JIANGSU
59265,CPS0019,CONSUMO DE LAMINADO
59265,58045,LAMINADO FILM PETG 330 MM 45 MIC JIANGSU
59265,55734,LAMINADO FOLIA PLATA COLDFOIL 120 MM COR
59273,CPS0019,CONSUMO DE LAMINADO
59273,58682,LAMINADO 160MM PP BCO 60 UTC 2102  707/BL 8065 PERU RI
59277,CPS0019,CONSUMO DE LAMINADO
59277,58039,LAMINADO FILM PETG 240 MM 45 MIC JIANGSU
59278,CPS0019,CONSUMO DE LAMINADO
59278,58043,LAMINADO FILM PETG 280 MM 45 MIC JIANGSU
59278,59194,LAMINADO FOLIA PLATA COLDFOIL 90MM DSCF620-OP
59279,CPS0019,CONSUMO DE LAMINADO
59279,58043,LAMINADO FILM PETG 280 MM 45 MIC JIANGSU
59279,59194,LAMINADO FOLIA PLATA COLDFOIL 90MM DSCF620-OP
59281,CPS0019,CONSUMO DE LAMINADO
59281,48261,LAMINADO 330MM TERMICO PROTEGIDO 7836 THERMAL TC /80 GR GL/60 RI
59282,CPS0019,CONSUMO DE LAMINADO
59282,58039,LAMINADO FILM PETG 240 MM 45 MIC JIANGSU
59283,CPS0019,CONSUMO DE LAMINADO
59283,58039,LAMINADO FILM PETG 240 MM 45 MIC JIANGSU
59284,CPS0019,CONSUMO DE LAMINADO
59284,50359,LAMINADO FILM PETG 240 MM 45 MIC
59285,CPS0019,CONSUMO DE LAMINADO
59285,58046,LAMINADO FILM PETG 360 MM 45 MIC JIANGSU
59286,CPS0019,CONSUMO DE LAMINADO
59286,58046,LAMINADO FILM PETG 360 MM 45 MIC JIANGSU
59287,CPS0019,CONSUMO DE LAMINADO
59287,58682,LAMINADO 160MM PP BCO 60 UTC 2102  707/BL 8065 PERU RI
59288,CPS0019,CONSUMO DE LAMINADO
59288,58682,LAMINADO 160MM PP BCO 60 UTC 2102  707/BL 8065 PERU RI
59289,CPS0019,CONSUMO DE LAMINADO
59289,58682,LAMINADO 160MM PP BCO 60 UTC 2102  707/BL 8065 PERU RI
59290,CPS0019,CONSUMO DE LAMINADO
59290,58682,LAMINADO 160MM PP BCO 60 UTC 2102  707/BL 8065 PERU RI
59291,CPS0019,CONSUMO DE LAMINADO
59291,58512,LAMINADO 125MM PAPEL TERMICO T70-P-TOP-G60 ARP
59299,CPS0019,CONSUMO DE LAMINADO
59299,57844,LAMINADO 330MM PAPEL SEMIBRILLO L80 -P - G60 AR
59300,CPS0019,CONSUMO DE LAMINADO
59300,57844,LAMINADO 330MM PAPEL SEMIBRILLO L80 -P - G60 AR
59303,CPS0019,CONSUMO DE LAMINADO
59303,58703,LAMINADO 160MM PAPEL SEMIBRILLO 6770 80G AP 904 PERU RI
59304,CPS0019,CONSUMO DE LAMINADO
59304,58703,LAMINADO 160MM PAPEL SEMIBRILLO 6770 80G AP 904 PERU RI
59305,CPS0019,CONSUMO DE LAMINADO
59305,58703,LAMINADO 160MM PAPEL SEMIBRILLO 6770 80G AP 904 PERU RI
59306,CPS0019,CONSUMO DE LAMINADO
59306,57844,LAMINADO 330MM PAPEL SEMIBRILLO L80 -P - G60 AR
59307,CPS0019,CONSUMO DE LAMINADO
59307,57844,LAMINADO 330MM PAPEL SEMIBRILLO L80 -P - G60 AR
59308,CPS0019,CONSUMO DE LAMINADO
59308,58039,LAMINADO FILM PETG 240 MM 45 MIC JIANGSU
59309,CPS0019,CONSUMO DE LAMINADO
59309,58039,LAMINADO FILM PETG 240 MM 45 MIC JIANGSU
59310,CPS0019,CONSUMO DE LAMINADO
59310,58039,LAMINADO FILM PETG 240 MM 45 MIC JIANGSU
59311,CPS0019,CONSUMO DE LAMINADO
59311,58682,LAMINADO 160MM PP BCO 60 UTC 2102  707/BL 8065 PERU RI
59313,46145,LAMINADO 110MM PPBB60-P1-G62S
59313,CPS0019,CONSUMO DE LAMINADO
59314,CPS0019,CONSUMO DE LAMINADO
59314,53511,LAMINADO 330 MM PPDL54P1 OPTIMA MATE G60 ARC
59314,56502,LAMINADO 330MM PPBB57-P1-G62S ARC
59315,CPS0019,CONSUMO DE LAMINADO
59315,53511,LAMINADO 330 MM PPDL54P1 OPTIMA MATE G60 ARC
59315,56502,LAMINADO 330MM PPBB57-P1-G62S ARC
59326,CPS0019,CONSUMO DE LAMINADO
59326,57553,LAMINADO 110MM PAPEL SEMIBRILLO L80-PH-G60 ARP
59327,CPS0019,CONSUMO DE LAMINADO
59327,57553,LAMINADO 110MM PAPEL SEMIBRILLO L80-PH-G60 ARP
59331,CPS0019,CONSUMO DE LAMINADO
59331,57844,LAMINADO 330MM PAPEL SEMIBRILLO L80 -P - G60 AR
59332,CPS0019,CONSUMO DE LAMINADO
59332,57844,LAMINADO 330MM PAPEL SEMIBRILLO L80 -P - G60 AR
59333,CPS0019,CONSUMO DE LAMINADO
59333,58703,LAMINADO 160MM PAPEL SEMIBRILLO 6770 80G AP 904 PERU RI
59334,CPS0019,CONSUMO DE LAMINADO
59334,58703,LAMINADO 160MM PAPEL SEMIBRILLO 6770 80G AP 904 PERU RI
59335,CPS0019,CONSUMO DE LAMINADO
59335,58703,LAMINADO 160MM PAPEL SEMIBRILLO 6770 80G AP 904 PERU RI
59336,CPS0019,CONSUMO DE LAMINADO
59336,57557,LAMINADO 300MM PAPEL SEMIBRILLO L80-PH-G60 ARP
59337,44955,LAMINADO 280MM BOPP BLCO. BRITE. RITRAMA (8065)
59337,CPS0019,CONSUMO DE LAMINADO
59338,CPS0019,CONSUMO DE LAMINADO
59338,57559,LAMINADO 330MM PAPEL SEMIBRILLO L80-PH-G60 ARP
59339,CPS0019,CONSUMO DE LAMINADO
59339,57559,LAMINADO 330MM PAPEL SEMIBRILLO L80-PH-G60 ARP
59340,CPS0019,CONSUMO DE LAMINADO
59340,57559,LAMINADO 330MM PAPEL SEMIBRILLO L80-PH-G60 ARP
59341,CPS0019,CONSUMO DE LAMINADO
59341,57559,LAMINADO 330MM PAPEL SEMIBRILLO L80-PH-G60 ARP
59342,CPS0019,CONSUMO DE LAMINADO
59342,57559,LAMINADO 330MM PAPEL SEMIBRILLO L80-PH-G60 ARP
59344,CPS0019,CONSUMO DE LAMINADO
59344,57844,LAMINADO 330MM PAPEL SEMIBRILLO L80 -P - G60 AR
59345,CPS0019,CONSUMO DE LAMINADO
59345,58703,LAMINADO 160MM PAPEL SEMIBRILLO 6770 80G AP 904 PERU RI
59346,CPS0019,CONSUMO DE LAMINADO
59346,58703,LAMINADO 160MM PAPEL SEMIBRILLO 6770 80G AP 904 PERU RI
59347,CPS0019,CONSUMO DE LAMINADO
59347,52915,LAMINADO 333MM PP TRANSP. RP37 SY105C UPM RAFLATAC
59348,CPS0019,CONSUMO DE LAMINADO
59348,52915,LAMINADO 333MM PP TRANSP. RP37 SY105C UPM RAFLATAC
59351,CPS0019,CONSUMO DE LAMINADO
59351,57373,LAMINADO 300MM PP BCO BTE PPBB60-P ARP
59356,CPS0019,CONSUMO DE LAMINADO
59356,58682,LAMINADO 160MM PP BCO 60 UTC 2102  707/BL 8065 PERU RI
59357,CPS0019,CONSUMO DE LAMINADO
59357,58682,LAMINADO 160MM PP BCO 60 UTC 2102  707/BL 8065 PERU RI
59358,CPS0019,CONSUMO DE LAMINADO
59358,58682,LAMINADO 160MM PP BCO 60 UTC 2102  707/BL 8065 PERU RI
59359,CPS0019,CONSUMO DE LAMINADO
59359,58682,LAMINADO 160MM PP BCO 60 UTC 2102  707/BL 8065 PERU RI
59362,CPS0019,CONSUMO DE LAMINADO
59362,58682,LAMINADO 160MM PP BCO 60 UTC 2102  707/BL 8065 PERU RI
59363,CPS0019,CONSUMO DE LAMINADO
59363,58682,LAMINADO 160MM PP BCO 60 UTC 2102  707/BL 8065 PERU RI
59365,CPS0019,CONSUMO DE LAMINADO
59365,57755,LAMINADO 160MM PP BCO BTE PPBB60-P ARP (SAMSON/ARP)
59366,CPS0019,CONSUMO DE LAMINADO
59366,57755,LAMINADO 160MM PP BCO BTE PPBB60-P ARP (SAMSON/ARP)
59367,CPS0019,CONSUMO DE LAMINADO
59367,57755,LAMINADO 160MM PP BCO BTE PPBB60-P ARP (SAMSON/ARP)
59368,CPS0019,CONSUMO DE LAMINADO
59368,57755,LAMINADO 160MM PP BCO BTE PPBB60-P ARP (SAMSON/ARP)
59369,CPS0019,CONSUMO DE LAMINADO
59369,57755,LAMINADO 160MM PP BCO BTE PPBB60-P ARP (SAMSON/ARP)
59370,CPS0019,CONSUMO DE LAMINADO
59370,57755,LAMINADO 160MM PP BCO BTE PPBB60-P ARP (SAMSON/ARP)
59371,CPS0019,CONSUMO DE LAMINADO
59371,57755,LAMINADO 160MM PP BCO BTE PPBB60-P ARP (SAMSON/ARP)
59372,CPS0019,CONSUMO DE LAMINADO
59372,57755,LAMINADO 160MM PP BCO BTE PPBB60-P ARP (SAMSON/ARP)
59373,CPS0019,CONSUMO DE LAMINADO
59373,57755,LAMINADO 160MM PP BCO BTE PPBB60-P ARP (SAMSON/ARP)
59374,CPS0019,CONSUMO DE LAMINADO
59374,57755,LAMINADO 160MM PP BCO BTE PPBB60-P ARP (SAMSON/ARP)
59375,CPS0019,CONSUMO DE LAMINADO
59375,57755,LAMINADO 160MM PP BCO BTE PPBB60-P ARP (SAMSON/ARP)
59377,CPS0019,CONSUMO DE LAMINADO
59377,57557,LAMINADO 300MM PAPEL SEMIBRILLO L80-PH-G60 ARP
59378,CPS0019,CONSUMO DE LAMINADO
59378,57844,LAMINADO 330MM PAPEL SEMIBRILLO L80 -P - G60 AR
59379,CPS0019,CONSUMO DE LAMINADO
59379,57844,LAMINADO 330MM PAPEL SEMIBRILLO L80 -P - G60 AR
59380,CPS0019,CONSUMO DE LAMINADO
59380,57557,LAMINADO 300MM PAPEL SEMIBRILLO L80-PH-G60 ARP
59381,CPS0019,CONSUMO DE LAMINADO
59381,58682,LAMINADO 160MM PP BCO 60 UTC 2102  707/BL 8065 PERU RI
59382,CPS0019,CONSUMO DE LAMINADO
59382,58682,LAMINADO 160MM PP BCO 60 UTC 2102  707/BL 8065 PERU RI
59383,CPS0019,CONSUMO DE LAMINADO
59383,58682,LAMINADO 160MM PP BCO 60 UTC 2102  707/BL 8065 PERU RI
59384,CPS0019,CONSUMO DE LAMINADO
59384,58682,LAMINADO 160MM PP BCO 60 UTC 2102  707/BL 8065 PERU RI
59385,CPS0019,CONSUMO DE LAMINADO
59385,58682,LAMINADO 160MM PP BCO 60 UTC 2102  707/BL 8065 PERU RI
59386,CPS0019,CONSUMO DE LAMINADO
59386,50047,LAMINADO 330MM PAPEL BRILLANTE INKJET 7978 AP904
59387,CPS0019,CONSUMO DE LAMINADO
59387,58043,LAMINADO FILM PETG 280 MM 45 MIC JIANGSU
59392,CPS0019,CONSUMO DE LAMINADO
59392,57374,LAMINADO 330MM PP BCO BTE PPBB60-P ARP
59397,CPS0019,CONSUMO DE LAMINADO
59397,58682,LAMINADO 160MM PP BCO 60 UTC 2102  707/BL 8065 PERU RI
59398,CPS0019,CONSUMO DE LAMINADO
59398,58039,LAMINADO FILM PETG 240 MM 45 MIC JIANGSU
59399,CPS0019,CONSUMO DE LAMINADO
59399,57374,LAMINADO 330MM PP BCO BTE PPBB60-P ARP
59400,CPS0019,CONSUMO DE LAMINADO
59400,56778,LAMINADO 330MM PAPEL SEMIBRILLO L80-P6H-G62S ARC
59401,CPS0019,CONSUMO DE LAMINADO
59401,56778,LAMINADO 330MM PAPEL SEMIBRILLO L80-P6H-G62S ARC
59402,CPS0019,CONSUMO DE LAMINADO
59402,58043,LAMINADO FILM PETG 280 MM 45 MIC JIANGSU
59403,CPS0019,CONSUMO DE LAMINADO
59403,57557,LAMINADO 300MM PAPEL SEMIBRILLO L80-PH-G60 ARP
59404,CPS0019,CONSUMO DE LAMINADO
59404,57557,LAMINADO 300MM PAPEL SEMIBRILLO L80-PH-G60 ARP
59409,CPS0019,CONSUMO DE LAMINADO
59409,46145,LAMINADO 110MM PPBB60-P1-G62S
59412,CPS0019,CONSUMO DE LAMINADO
59412,57374,LAMINADO 330MM PP BCO BTE PPBB60-P ARP
59413,CPS0019,CONSUMO DE LAMINADO
59413,57374,LAMINADO 330MM PP BCO BTE PPBB60-P ARP
59414,CPS0019,CONSUMO DE LAMINADO
59414,58044,LAMINADO FILM PETG 300 MM 45 MIC JIANGSU
59415,CPS0019,CONSUMO DE LAMINADO
59415,58044,LAMINADO FILM PETG 300 MM 45 MIC JIANGSU
59416,CPS0019,CONSUMO DE LAMINADO
59416,57553,LAMINADO 110MM PAPEL SEMIBRILLO L80-PH-G60 ARP
59417,CPS0019,CONSUMO DE LAMINADO
59417,59425,LAMINADO 330MM PP TRANSP CLEAN FLAKE PPTC/S7400ER/PET23 AD
59418,CPS0019,CONSUMO DE LAMINADO
59418,59425,LAMINADO 330MM PP TRANSP CLEAN FLAKE PPTC/S7400ER/PET23 AD
59420,CPS0019,CONSUMO DE LAMINADO
59420,58045,LAMINADO FILM PETG 330 MM 45 MIC JIANGSU
59421,CPS0019,CONSUMO DE LAMINADO
59421,59743,LAMINADO 250MM PP BCO BTE PPBB60-P ARP (SAMSON/ARP)
59422,CPS0019,CONSUMO DE LAMINADO
59422,46193,LAMINADO 250MM PPBB60-P4-G62S
59423,CPS0019,CONSUMO DE LAMINADO
59423,46193,LAMINADO 250MM PPBB60-P4-G62S
59424,CPS0019,CONSUMO DE LAMINADO
59424,59743,LAMINADO 250MM PP BCO BTE PPBB60-P ARP (SAMSON/ARP)
59432,CPS0019,CONSUMO DE LAMINADO
59432,59054,LAMINADO FOLIA PLATA COLDFOIL 200MM DSCF620-OP COR
59432,58039,LAMINADO FILM PETG 240 MM 45 MIC JIANGSU
59433,CPS0019,CONSUMO DE LAMINADO
59433,50928,"LAMINADO 330MM PP BLANCO S7400ER/PET23 "" EASY MOVE"" CLEAN FLAKE AD"
59434,CPS0019,CONSUMO DE LAMINADO
59434,50754,LAMINADO 320MM PPDL54P4 OPTIMA MATE 2 G60 (F9CG3 ) MIC
59434,50136,LAMINADO CINTA P/LAMINAR  PP TRANSP. 320MM OLPP24-MATE-º1500º
59435,CPS0019,CONSUMO DE LAMINADO
59435,50136,LAMINADO CINTA P/LAMINAR  PP TRANSP. 320MM OLPP24-MATE-º1500º
59435,50754,LAMINADO 320MM PPDL54P4 OPTIMA MATE 2 G60 (F9CG3 ) MIC
59436,CPS0019,CONSUMO DE LAMINADO
59436,58039,LAMINADO FILM PETG 240 MM 45 MIC JIANGSU
59437,CPS0019,CONSUMO DE LAMINADO
59437,58039,LAMINADO FILM PETG 240 MM 45 MIC JIANGSU
59438,CPS0019,CONSUMO DE LAMINADO
59438,57755,LAMINADO 160MM PP BCO BTE PPBB60-P ARP (SAMSON/ARP)
59439,CPS0019,CONSUMO DE LAMINADO
59439,57559,LAMINADO 330MM PAPEL SEMIBRILLO L80-PH-G60 ARP
59440,CPS0019,CONSUMO DE LAMINADO
59440,57559,LAMINADO 330MM PAPEL SEMIBRILLO L80-PH-G60 ARP
59441,CPS0019,CONSUMO DE LAMINADO
59441,57559,LAMINADO 330MM PAPEL SEMIBRILLO L80-PH-G60 ARP
59443,CPS0019,CONSUMO DE LAMINADO
59443,57872,LAMINADO 300MM PAPEL SEMIBRILLO L80 -P - G60 ARP
59444,CPS0019,CONSUMO DE LAMINADO
59444,57872,LAMINADO 300MM PAPEL SEMIBRILLO L80 -P - G60 ARP
59446,CPS0019,CONSUMO DE LAMINADO
59446,58682,LAMINADO 160MM PP BCO 60 UTC 2102  707/BL 8065 PERU RI
59447,CPS0019,CONSUMO DE LAMINADO
59447,58682,LAMINADO 160MM PP BCO 60 UTC 2102  707/BL 8065 PERU RI
59448,CPS0019,CONSUMO DE LAMINADO
59448,58682,LAMINADO 160MM PP BCO 60 UTC 2102  707/BL 8065 PERU RI
59450,CPS0019,CONSUMO DE LAMINADO
59450,58703,LAMINADO 160MM PAPEL SEMIBRILLO 6770 80G AP 904 PERU RI
59451,CPS0019,CONSUMO DE LAMINADO
59451,58703,LAMINADO 160MM PAPEL SEMIBRILLO 6770 80G AP 904 PERU RI
59452,CPS0019,CONSUMO DE LAMINADO
59452,58703,LAMINADO 160MM PAPEL SEMIBRILLO 6770 80G AP 904 PERU RI
59453,CPS0019,CONSUMO DE LAMINADO
59453,55657,LAMINADO 200MM PPDL54P4 OPTIMA MATE 2 G60 MIC
59454,CPS0019,CONSUMO DE LAMINADO
59454,55657,LAMINADO 200MM PPDL54P4 OPTIMA MATE 2 G60 MIC
59457,CPS0019,CONSUMO DE LAMINADO
59457,58892,LAMINADO 330MM PPBB57-P4-G58 ARC
59458,CPS0019,CONSUMO DE LAMINADO
59458,58892,LAMINADO 330MM PPBB57-P4-G58 ARC
59459,CPS0019,CONSUMO DE LAMINADO
59459,57374,LAMINADO 330MM PP BCO BTE PPBB60-P ARP
59460,CPS0019,CONSUMO DE LAMINADO
59460,57374,LAMINADO 330MM PP BCO BTE PPBB60-P ARP
59462,CPS0019,CONSUMO DE LAMINADO
59462,57559,LAMINADO 330MM PAPEL SEMIBRILLO L80-PH-G60 ARP
59463,CPS0019,CONSUMO DE LAMINADO
59463,57755,LAMINADO 160MM PP BCO BTE PPBB60-P ARP (SAMSON/ARP)
59464,CPS0019,CONSUMO DE LAMINADO
59464,57755,LAMINADO 160MM PP BCO BTE PPBB60-P ARP (SAMSON/ARP)
59465,CPS0019,CONSUMO DE LAMINADO
59465,58682,LAMINADO 160MM PP BCO 60 UTC 2102  707/BL 8065 PERU RI
59466,CPS0019,CONSUMO DE LAMINADO
59466,58682,LAMINADO 160MM PP BCO 60 UTC 2102  707/BL 8065 PERU RI
59467,CPS0019,CONSUMO DE LAMINADO
59467,58682,LAMINADO 160MM PP BCO 60 UTC 2102  707/BL 8065 PERU RI
59469,CPS0019,CONSUMO DE LAMINADO
59469,58446,LAMINADO 250MM PAPEL TERMICO T70-P-TOP-G60 ARP
59470,CPS0019,CONSUMO DE LAMINADO
59470,58043,LAMINADO FILM PETG 280 MM 45 MIC JIANGSU
59471,CPS0019,CONSUMO DE LAMINADO
59471,58043,LAMINADO FILM PETG 280 MM 45 MIC JIANGSU
59472,CPS0019,CONSUMO DE LAMINADO
59472,58043,LAMINADO FILM PETG 280 MM 45 MIC JIANGSU
59473,CPS0019,CONSUMO DE LAMINADO
59473,58043,LAMINADO FILM PETG 280 MM 45 MIC JIANGSU
59474,CPS0019,CONSUMO DE LAMINADO
59474,58043,LAMINADO FILM PETG 280 MM 45 MIC JIANGSU
59475,CPS0019,CONSUMO DE LAMINADO
59475,57755,LAMINADO 160MM PP BCO BTE PPBB60-P ARP (SAMSON/ARP)
59476,CPS0019,CONSUMO DE LAMINADO
59476,57755,LAMINADO 160MM PP BCO BTE PPBB60-P ARP (SAMSON/ARP)
59477,CPS0019,CONSUMO DE LAMINADO
59477,57755,LAMINADO 160MM PP BCO BTE PPBB60-P ARP (SAMSON/ARP)
59481,CPS0019,CONSUMO DE LAMINADO
59481,58044,LAMINADO FILM PETG 300 MM 45 MIC JIANGSU
59484,CPS0019,CONSUMO DE LAMINADO
59484,57755,LAMINADO 160MM PP BCO BTE PPBB60-P ARP (SAMSON/ARP)
59485,CPS0019,CONSUMO DE LAMINADO
59485,58039,LAMINADO FILM PETG 240 MM 45 MIC JIANGSU
59486,CPS0019,CONSUMO DE LAMINADO
59486,58039,LAMINADO FILM PETG 240 MM 45 MIC JIANGSU
59487,CPS0019,CONSUMO DE LAMINADO
59487,57755,LAMINADO 160MM PP BCO BTE PPBB60-P ARP (SAMSON/ARP)
59488,CPS0019,CONSUMO DE LAMINADO
59488,52756,LAMINADO 330MM PAPEL SEMIBRILLO 80G-RP48AT-68G UPM
59489,CPS0019,CONSUMO DE LAMINADO
59489,55734,LAMINADO FOLIA PLATA COLDFOIL 120 MM COR
59489,58045,LAMINADO FILM PETG 330 MM 45 MIC JIANGSU
59490,CPS0019,CONSUMO DE LAMINADO
59490,55734,LAMINADO FOLIA PLATA COLDFOIL 120 MM COR
59490,58045,LAMINADO FILM PETG 330 MM 45 MIC JIANGSU
59491,CPS0019,CONSUMO DE LAMINADO
59491,55734,LAMINADO FOLIA PLATA COLDFOIL 120 MM COR
59491,58045,LAMINADO FILM PETG 330 MM 45 MIC JIANGSU
59492,CPS0019,CONSUMO DE LAMINADO
59492,58043,LAMINADO FILM PETG 280 MM 45 MIC JIANGSU
59492,59194,LAMINADO FOLIA PLATA COLDFOIL 90MM DSCF620-OP
59493,CPS0019,CONSUMO DE LAMINADO
59493,58043,LAMINADO FILM PETG 280 MM 45 MIC JIANGSU
59493,59194,LAMINADO FOLIA PLATA COLDFOIL 90MM DSCF620-OP
59494,CPS0019,CONSUMO DE LAMINADO
59494,58043,LAMINADO FILM PETG 280 MM 45 MIC JIANGSU
59494,59194,LAMINADO FOLIA PLATA COLDFOIL 90MM DSCF620-OP
59495,CPS0019,CONSUMO DE LAMINADO
59495,57559,LAMINADO 330MM PAPEL SEMIBRILLO L80-PH-G60 ARP
59496,CPS0019,CONSUMO DE LAMINADO
59496,57559,LAMINADO 330MM PAPEL SEMIBRILLO L80-PH-G60 ARP
59497,CPS0019,CONSUMO DE LAMINADO
59497,57559,LAMINADO 330MM PAPEL SEMIBRILLO L80-PH-G60 ARP
59498,CPS0019,CONSUMO DE LAMINADO
59498,57559,LAMINADO 330MM PAPEL SEMIBRILLO L80-PH-G60 ARP
59499,CPS0019,CONSUMO DE LAMINADO
59499,57559,LAMINADO 330MM PAPEL SEMIBRILLO L80-PH-G60 ARP
59500,CPS0019,CONSUMO DE LAMINADO
59500,57559,LAMINADO 330MM PAPEL SEMIBRILLO L80-PH-G60 ARP
59501,CPS0019,CONSUMO DE LAMINADO
59501,57559,LAMINADO 330MM PAPEL SEMIBRILLO L80-PH-G60 ARP
59502,CPS0019,CONSUMO DE LAMINADO
59502,57373,LAMINADO 300MM PP BCO BTE PPBB60-P ARP
59503,CPS0019,CONSUMO DE LAMINADO
59503,52756,LAMINADO 330MM PAPEL SEMIBRILLO 80G-RP48AT-68G UPM
59504,CPS0019,CONSUMO DE LAMINADO
59504,58682,LAMINADO 160MM PP BCO 60 UTC 2102  707/BL 8065 PERU RI
59505,CPS0019,CONSUMO DE LAMINADO
59505,58682,LAMINADO 160MM PP BCO 60 UTC 2102  707/BL 8065 PERU RI
59506,CPS0019,CONSUMO DE LAMINADO
59506,58682,LAMINADO 160MM PP BCO 60 UTC 2102  707/BL 8065 PERU RI
59507,CPS0019,CONSUMO DE LAMINADO
59507,58446,LAMINADO 250MM PAPEL TERMICO T70-P-TOP-G60 ARP
59508,CPS0019,CONSUMO DE LAMINADO
59508,58446,LAMINADO 250MM PAPEL TERMICO T70-P-TOP-G60 ARP
59509,CPS0019,CONSUMO DE LAMINADO
59509,58446,LAMINADO 250MM PAPEL TERMICO T70-P-TOP-G60 ARP
59510,CPS0019,CONSUMO DE LAMINADO
59510,58446,LAMINADO 250MM PAPEL TERMICO T70-P-TOP-G60 ARP
59511,CPS0019,CONSUMO DE LAMINADO
59511,58446,LAMINADO 250MM PAPEL TERMICO T70-P-TOP-G60 ARP
59512,CPS0019,CONSUMO DE LAMINADO
59512,58446,LAMINADO 250MM PAPEL TERMICO T70-P-TOP-G60 ARP
59513,CPS0019,CONSUMO DE LAMINADO
59513,58446,LAMINADO 250MM PAPEL TERMICO T70-P-TOP-G60 ARP
59514,CPS0019,CONSUMO DE LAMINADO
59514,58446,LAMINADO 250MM PAPEL TERMICO T70-P-TOP-G60 ARP
59515,CPS0019,CONSUMO DE LAMINADO
59515,58446,LAMINADO 250MM PAPEL TERMICO T70-P-TOP-G60 ARP
59516,CPS0019,CONSUMO DE LAMINADO
59516,58446,LAMINADO 250MM PAPEL TERMICO T70-P-TOP-G60 ARP
59517,CPS0019,CONSUMO DE LAMINADO
59517,58446,LAMINADO 250MM PAPEL TERMICO T70-P-TOP-G60 ARP
59518,CPS0019,CONSUMO DE LAMINADO
59518,58446,LAMINADO 250MM PAPEL TERMICO T70-P-TOP-G60 ARP
59519,CPS0019,CONSUMO DE LAMINADO
59519,58446,LAMINADO 250MM PAPEL TERMICO T70-P-TOP-G60 ARP
59520,CPS0019,CONSUMO DE LAMINADO
59520,58446,LAMINADO 250MM PAPEL TERMICO T70-P-TOP-G60 ARP
59521,CPS0019,CONSUMO DE LAMINADO
59521,58446,LAMINADO 250MM PAPEL TERMICO T70-P-TOP-G60 ARP
59522,CPS0019,CONSUMO DE LAMINADO
59522,58446,LAMINADO 250MM PAPEL TERMICO T70-P-TOP-G60 ARP
59523,CPS0019,CONSUMO DE LAMINADO
59523,58446,LAMINADO 250MM PAPEL TERMICO T70-P-TOP-G60 ARP
59524,CPS0019,CONSUMO DE LAMINADO
59524,58446,LAMINADO 250MM PAPEL TERMICO T70-P-TOP-G60 ARP
59526,CPS0019,CONSUMO DE LAMINADO
59526,57559,LAMINADO 330MM PAPEL SEMIBRILLO L80-PH-G60 ARP
59527,CPS0019,CONSUMO DE LAMINADO
59527,57559,LAMINADO 330MM PAPEL SEMIBRILLO L80-PH-G60 ARP
59528,CPS0019,CONSUMO DE LAMINADO
59528,54353,LAMINADO 330MM PPDL54P4 OPTIMA MATE AF1000 G60 ARC
59530,CPS0019,CONSUMO DE LAMINADO
59530,57559,LAMINADO 330MM PAPEL SEMIBRILLO L80-PH-G60 ARP
59531,CPS0019,CONSUMO DE LAMINADO
59531,57557,LAMINADO 300MM PAPEL SEMIBRILLO L80-PH-G60 ARP
59532,CPS0019,CONSUMO DE LAMINADO
59532,50360,LAMINADO FILM PETG 300 MM 45 MIC
59533,CPS0019,CONSUMO DE LAMINADO
59533,57557,LAMINADO 300MM PAPEL SEMIBRILLO L80-PH-G60 ARP
59538,CPS0019,CONSUMO DE LAMINADO
59538,57559,LAMINADO 330MM PAPEL SEMIBRILLO L80-PH-G60 ARP
59539,CPS0019,CONSUMO DE LAMINADO
59539,58446,LAMINADO 250MM PAPEL TERMICO T70-P-TOP-G60 ARP
59542,CPS0019,CONSUMO DE LAMINADO
59542,56501,LAMINADO 200MM PPBB57-P1-G62S ARC
59543,CPS0019,CONSUMO DE LAMINADO
59543,57844,LAMINADO 330MM PAPEL SEMIBRILLO L80 -P - G60 AR
59544,CPS0019,CONSUMO DE LAMINADO
59544,57844,LAMINADO 330MM PAPEL SEMIBRILLO L80 -P - G60 AR
59545,CPS0019,CONSUMO DE LAMINADO
59545,57844,LAMINADO 330MM PAPEL SEMIBRILLO L80 -P - G60 AR
59546,CPS0019,CONSUMO DE LAMINADO
59546,58682,LAMINADO 160MM PP BCO 60 UTC 2102  707/BL 8065 PERU RI
59548,CPS0019,CONSUMO DE LAMINADO
59548,57755,LAMINADO 160MM PP BCO BTE PPBB60-P ARP (SAMSON/ARP)
59549,CPS0019,CONSUMO DE LAMINADO
59549,57755,LAMINADO 160MM PP BCO BTE PPBB60-P ARP (SAMSON/ARP)
59550,CPS0019,CONSUMO DE LAMINADO
59550,58703,LAMINADO 160MM PAPEL SEMIBRILLO 6770 80G AP 904 PERU RI
59551,CPS0019,CONSUMO DE LAMINADO
59551,58703,LAMINADO 160MM PAPEL SEMIBRILLO 6770 80G AP 904 PERU RI
59552,CPS0019,CONSUMO DE LAMINADO
59552,52915,LAMINADO 333MM PP TRANSP. RP37 SY105C UPM RAFLATAC
59553,CPS0019,CONSUMO DE LAMINADO
59553,50359,LAMINADO FILM PETG 240 MM 45 MIC
59554,CPS0019,CONSUMO DE LAMINADO
59554,50359,LAMINADO FILM PETG 240 MM 45 MIC
59555,CPS0019,CONSUMO DE LAMINADO
59555,50359,LAMINADO FILM PETG 240 MM 45 MIC
59556,CPS0019,CONSUMO DE LAMINADO
59556,50359,LAMINADO FILM PETG 240 MM 45 MIC
59557,CPS0019,CONSUMO DE LAMINADO
59557,50359,LAMINADO FILM PETG 240 MM 45 MIC
59558,CPS0019,CONSUMO DE LAMINADO
59558,57872,LAMINADO 300MM PAPEL SEMIBRILLO L80 -P - G60 ARP
59560,CPS0019,CONSUMO DE LAMINADO
59560,51557,LAMINADO FILM PETG 280 MM 45 MIC
59561,CPS0019,CONSUMO DE LAMINADO
59561,51557,LAMINADO FILM PETG 280 MM 45 MIC
59562,CPS0019,CONSUMO DE LAMINADO
59562,51557,LAMINADO FILM PETG 280 MM 45 MIC
59563,CPS0019,CONSUMO DE LAMINADO
59563,51557,LAMINADO FILM PETG 280 MM 45 MIC
59564,CPS0019,CONSUMO DE LAMINADO
59564,51557,LAMINADO FILM PETG 280 MM 45 MIC
59565,CPS0019,CONSUMO DE LAMINADO
59565,58682,LAMINADO 160MM PP BCO 60 UTC 2102  707/BL 8065 PERU RI
59566,CPS0019,CONSUMO DE LAMINADO
59566,58682,LAMINADO 160MM PP BCO 60 UTC 2102  707/BL 8065 PERU RI
59567,CPS0019,CONSUMO DE LAMINADO
59567,58682,LAMINADO 160MM PP BCO 60 UTC 2102  707/BL 8065 PERU RI
59568,CPS0019,CONSUMO DE LAMINADO
59568,57872,LAMINADO 300MM PAPEL SEMIBRILLO L80 -P - G60 ARP
59569,CPS0019,CONSUMO DE LAMINADO
59569,57374,LAMINADO 330MM PP BCO BTE PPBB60-P ARP
59570,CPS0019,CONSUMO DE LAMINADO
59570,48261,LAMINADO 330MM TERMICO PROTEGIDO 7836 THERMAL TC /80 GR GL/60 RI
59571,CPS0019,CONSUMO DE LAMINADO
59571,56392,LAMINADO 330MM WHITE COVER
59572,CPS0019,CONSUMO DE LAMINADO
59572,54353,LAMINADO 330MM PPDL54P4 OPTIMA MATE AF1000 G60 ARC
59573,CPS0019,CONSUMO DE LAMINADO
59573,51558,LAMINADO FILM PETG 360 MM 45 MIC
59574,CPS0019,CONSUMO DE LAMINADO
59574,51558,LAMINADO FILM PETG 360 MM 45 MIC
59575,CPS0019,CONSUMO DE LAMINADO
59575,51558,LAMINADO FILM PETG 360 MM 45 MIC
59576,CPS0019,CONSUMO DE LAMINADO
59576,51558,LAMINADO FILM PETG 360 MM 45 MIC
59577,CPS0019,CONSUMO DE LAMINADO
59577,50360,LAMINADO FILM PETG 300 MM 45 MIC
59578,CPS0019,CONSUMO DE LAMINADO
59578,50360,LAMINADO FILM PETG 300 MM 45 MIC
59579,50360,LAMINADO FILM PETG 300 MM 45 MIC
59579,CPS0019,CONSUMO DE LAMINADO
59580,CPS0019,CONSUMO DE LAMINADO
59580,50360,LAMINADO FILM PETG 300 MM 45 MIC
59581,CPS0019,CONSUMO DE LAMINADO
59581,57373,LAMINADO 300MM PP BCO BTE PPBB60-P ARP
59582,CPS0019,CONSUMO DE LAMINADO
59582,56778,LAMINADO 330MM PAPEL SEMIBRILLO L80-P6H-G62S ARC
59585,CPS0019,CONSUMO DE LAMINADO
59585,56502,LAMINADO 330MM PPBB57-P1-G62S ARC
59585,53511,LAMINADO 330 MM PPDL54P1 OPTIMA MATE G60 ARC
59586,CPS0019,CONSUMO DE LAMINADO
59586,58682,LAMINADO 160MM PP BCO 60 UTC 2102  707/BL 8065 PERU RI
59587,CPS0019,CONSUMO DE LAMINADO
59587,58682,LAMINADO 160MM PP BCO 60 UTC 2102  707/BL 8065 PERU RI
59588,CPS0019,CONSUMO DE LAMINADO
59588,58682,LAMINADO 160MM PP BCO 60 UTC 2102  707/BL 8065 PERU RI
59592,CPS0019,CONSUMO DE LAMINADO
59592,58703,LAMINADO 160MM PAPEL SEMIBRILLO 6770 80G AP 904 PERU RI
59593,CPS0019,CONSUMO DE LAMINADO
59593,58682,LAMINADO 160MM PP BCO 60 UTC 2102  707/BL 8065 PERU RI
59594,CPS0019,CONSUMO DE LAMINADO
59594,48647,LAMINADO FILM PETG 330 MM 45 MIC
59595,CPS0019,CONSUMO DE LAMINADO
59595,58682,LAMINADO 160MM PP BCO 60 UTC 2102  707/BL 8065 PERU RI
59596,CPS0019,CONSUMO DE LAMINADO
59596,50359,LAMINADO FILM PETG 240 MM 45 MIC
59597,CPS0019,CONSUMO DE LAMINADO
59597,52690,LAMINADO 110 MM TERMICO PROTEGIDO THERMAL S2670 TC 75 GR-FR-GL 60
59598,CPS0019,CONSUMO DE LAMINADO
59598,57373,LAMINADO 300MM PP BCO BTE PPBB60-P ARP
59599,CPS0019,CONSUMO DE LAMINADO
59599,57553,LAMINADO 110MM PAPEL SEMIBRILLO L80-PH-G60 ARP
59600,CPS0019,CONSUMO DE LAMINADO
59600,57553,LAMINADO 110MM PAPEL SEMIBRILLO L80-PH-G60 ARP
59602,CPS0019,CONSUMO DE LAMINADO
59602,51557,LAMINADO FILM PETG 280 MM 45 MIC
59603,CPS0019,CONSUMO DE LAMINADO
59603,51557,LAMINADO FILM PETG 280 MM 45 MIC
59605,CPS0019,CONSUMO DE LAMINADO
59605,51557,LAMINADO FILM PETG 280 MM 45 MIC
59606,CPS0019,CONSUMO DE LAMINADO
59606,58682,LAMINADO 160MM PP BCO 60 UTC 2102  707/BL 8065 PERU RI
59608,CPS0019,CONSUMO DE LAMINADO
59608,57559,LAMINADO 330MM PAPEL SEMIBRILLO L80-PH-G60 ARP
59609,CPS0019,CONSUMO DE LAMINADO
59609,57559,LAMINADO 330MM PAPEL SEMIBRILLO L80-PH-G60 ARP
59610,CPS0019,CONSUMO DE LAMINADO
59610,57559,LAMINADO 330MM PAPEL SEMIBRILLO L80-PH-G60 ARP
59612,CPS0019,CONSUMO DE LAMINADO
59612,59617,LAMINADO 250MM PP TRANSP. PPT50P-P-G60 ARP
59613,CPS0019,CONSUMO DE LAMINADO
59613,50359,LAMINADO FILM PETG 240 MM 45 MIC
59614,CPS0019,CONSUMO DE LAMINADO
59614,50359,LAMINADO FILM PETG 240 MM 45 MIC
59615,CPS0019,CONSUMO DE LAMINADO
59615,57844,LAMINADO 330MM PAPEL SEMIBRILLO L80 -P - G60 AR
59618,CPS0019,CONSUMO DE LAMINADO
59618,57374,LAMINADO 330MM PP BCO BTE PPBB60-P ARP
59621,CPS0019,CONSUMO DE LAMINADO
59621,57557,LAMINADO 300MM PAPEL SEMIBRILLO L80-PH-G60 ARP
59622,CPS0019,CONSUMO DE LAMINADO
59622,58763,LAMINADO 200MM PP METALIZADO PLATA BRILLANTE PPMB50-P1-G60S-R1 ARC
59623,CPS0019,CONSUMO DE LAMINADO
59623,58358,LAMINADO 200MM PP TRANSP. PPT50P-P-G60 ARP
59624,CPS0019,CONSUMO DE LAMINADO
59624,51557,LAMINADO FILM PETG 280 MM 45 MIC
59625,CPS0019,CONSUMO DE LAMINADO
59625,51557,LAMINADO FILM PETG 280 MM 45 MIC
59628,CPS0019,CONSUMO DE LAMINADO
59628,57755,LAMINADO 160MM PP BCO BTE PPBB60-P ARP (SAMSON/ARP)
59629,CPS0019,CONSUMO DE LAMINADO
59629,57755,LAMINADO 160MM PP BCO BTE PPBB60-P ARP (SAMSON/ARP)
59630,CPS0019,CONSUMO DE LAMINADO
59630,50359,LAMINADO FILM PETG 240 MM 45 MIC
59631,CPS0019,CONSUMO DE LAMINADO
59631,50359,LAMINADO FILM PETG 240 MM 45 MIC
59632,CPS0019,CONSUMO DE LAMINADO
59632,57557,LAMINADO 300MM PAPEL SEMIBRILLO L80-PH-G60 ARP
59633,CPS0019,CONSUMO DE LAMINADO
59633,52915,LAMINADO 333MM PP TRANSP. RP37 SY105C UPM RAFLATAC
59634,CPS0019,CONSUMO DE LAMINADO
59634,57557,LAMINADO 300MM PAPEL SEMIBRILLO L80-PH-G60 ARP
59635,CPS0019,CONSUMO DE LAMINADO
59635,50360,LAMINADO FILM PETG 300 MM 45 MIC
59636,CPS0019,CONSUMO DE LAMINADO
59636,50360,LAMINADO FILM PETG 300 MM 45 MIC
59637,CPS0019,CONSUMO DE LAMINADO
59637,50360,LAMINADO FILM PETG 300 MM 45 MIC
59638,CPS0019,CONSUMO DE LAMINADO
59638,50360,LAMINADO FILM PETG 300 MM 45 MIC
59640,CPS0019,CONSUMO DE LAMINADO
59640,59536,LAMINADO FILM PVC 280 MM 40 MIC
59641,CPS0019,CONSUMO DE LAMINADO
59641,57557,LAMINADO 300MM PAPEL SEMIBRILLO L80-PH-G60 ARP
59643,CPS0019,CONSUMO DE LAMINADO
59643,57559,LAMINADO 330MM PAPEL SEMIBRILLO L80-PH-G60 ARP
59644,CPS0019,CONSUMO DE LAMINADO
59644,58763,LAMINADO 200MM PP METALIZADO PLATA BRILLANTE PPMB50-P1-G60S-R1 ARC
59646,CPS0019,CONSUMO DE LAMINADO
59646,58682,LAMINADO 160MM PP BCO 60 UTC 2102  707/BL 8065 PERU RI
59647,CPS0019,CONSUMO DE LAMINADO
59647,57553,LAMINADO 110MM PAPEL SEMIBRILLO L80-PH-G60 ARP
59648,CPS0019,CONSUMO DE LAMINADO
59648,50359,LAMINADO FILM PETG 240 MM 45 MIC
59649,CPS0019,CONSUMO DE LAMINADO
59649,50359,LAMINADO FILM PETG 240 MM 45 MIC
59650,CPS0019,CONSUMO DE LAMINADO
59650,50359,LAMINADO FILM PETG 240 MM 45 MIC
59651,CPS0019,CONSUMO DE LAMINADO
59651,57559,LAMINADO 330MM PAPEL SEMIBRILLO L80-PH-G60 ARP
59652,CPS0019,CONSUMO DE LAMINADO
59652,57557,LAMINADO 300MM PAPEL SEMIBRILLO L80-PH-G60 ARP
59653,CPS0019,CONSUMO DE LAMINADO
59653,57557,LAMINADO 300MM PAPEL SEMIBRILLO L80-PH-G60 ARP
59654,CPS0019,CONSUMO DE LAMINADO
59654,57557,LAMINADO 300MM PAPEL SEMIBRILLO L80-PH-G60 ARP
59655,CPS0019,CONSUMO DE LAMINADO
59655,57557,LAMINADO 300MM PAPEL SEMIBRILLO L80-PH-G60 ARP
59656,CPS0019,CONSUMO DE LAMINADO
59656,57557,LAMINADO 300MM PAPEL SEMIBRILLO L80-PH-G60 ARP
59659,CPS0019,CONSUMO DE LAMINADO
59659,58078,LAMINADO 300MM PPBB57-P4-G58 ARC
59659,50136,LAMINADO CINTA P/LAMINAR  PP TRANSP. 320MM OLPP24-MATE-º1500º
59661,CPS0019,CONSUMO DE LAMINADO
59661,58703,LAMINADO 160MM PAPEL SEMIBRILLO 6770 80G AP 904 PERU RI
59662,CPS0019,CONSUMO DE LAMINADO
59662,54314,LAMINADO 167 WINEGLASS (MANUAL) 10939 RI
59663,CPS0019,CONSUMO DE LAMINADO
59663,54353,LAMINADO 330MM PPDL54P4 OPTIMA MATE AF1000 G60 ARC
59665,CPS0019,CONSUMO DE LAMINADO
59665,57559,LAMINADO 330MM PAPEL SEMIBRILLO L80-PH-G60 ARP
59666,CPS0019,CONSUMO DE LAMINADO
59666,57559,LAMINADO 330MM PAPEL SEMIBRILLO L80-PH-G60 ARP
59667,CPS0019,CONSUMO DE LAMINADO
59667,57559,LAMINADO 330MM PAPEL SEMIBRILLO L80-PH-G60 ARP
59668,CPS0019,CONSUMO DE LAMINADO
59668,57559,LAMINADO 330MM PAPEL SEMIBRILLO L80-PH-G60 ARP
59669,CPS0019,CONSUMO DE LAMINADO
59669,57872,LAMINADO 300MM PAPEL SEMIBRILLO L80 -P - G60 ARP
59670,CPS0019,CONSUMO DE LAMINADO
59670,57872,LAMINADO 300MM PAPEL SEMIBRILLO L80 -P - G60 ARP
59671,CPS0019,CONSUMO DE LAMINADO
59671,57872,LAMINADO 300MM PAPEL SEMIBRILLO L80 -P - G60 ARP
59672,42240,LAMINADO 111MM PAPEL BLANCO SB REMOVIBLE 7546 80G/AR805/SK60 RI
59672,CPS0019,CONSUMO DE LAMINADO
59673,CPS0019,CONSUMO DE LAMINADO
59673,58446,LAMINADO 250MM PAPEL TERMICO T70-P-TOP-G60 ARP
59674,CPS0019,CONSUMO DE LAMINADO
59674,58446,LAMINADO 250MM PAPEL TERMICO T70-P-TOP-G60 ARP
59675,CPS0019,CONSUMO DE LAMINADO
59675,57755,LAMINADO 160MM PP BCO BTE PPBB60-P ARP (SAMSON/ARP)
59680,CPS0019,CONSUMO DE LAMINADO
59680,57559,LAMINADO 330MM PAPEL SEMIBRILLO L80-PH-G60 ARP
59681,CPS0019,CONSUMO DE LAMINADO
59681,57559,LAMINADO 330MM PAPEL SEMIBRILLO L80-PH-G60 ARP
59682,CPS0019,CONSUMO DE LAMINADO
59682,57559,LAMINADO 330MM PAPEL SEMIBRILLO L80-PH-G60 ARP
59684,CPS0019,CONSUMO DE LAMINADO
59684,58119,LAMINADO 250MM OPTIMA MATE PPDL54 P G60  ARP
59686,CPS0019,CONSUMO DE LAMINADO
59686,50359,LAMINADO FILM PETG 240 MM 45 MIC
59688,CPS0019,CONSUMO DE LAMINADO
59688,58937,LAMINADO 125MM PAPEL TERMICO T70-PH-ECO-G60 ARP
59689,CPS0019,CONSUMO DE LAMINADO
59689,57559,LAMINADO 330MM PAPEL SEMIBRILLO L80-PH-G60 ARP
59690,CPS0019,CONSUMO DE LAMINADO
59690,57373,LAMINADO 300MM PP BCO BTE PPBB60-P ARP
59691,CPS0019,CONSUMO DE LAMINADO
59691,57373,LAMINADO 300MM PP BCO BTE PPBB60-P ARP
59692,CPS0019,CONSUMO DE LAMINADO
59692,57844,LAMINADO 330MM PAPEL SEMIBRILLO L80 -P - G60 AR
59693,CPS0019,CONSUMO DE LAMINADO
59693,57557,LAMINADO 300MM PAPEL SEMIBRILLO L80-PH-G60 ARP
59694,CPS0019,CONSUMO DE LAMINADO
59694,57559,LAMINADO 330MM PAPEL SEMIBRILLO L80-PH-G60 ARP
59695,CPS0019,CONSUMO DE LAMINADO
59695,57559,LAMINADO 330MM PAPEL SEMIBRILLO L80-PH-G60 ARP
59696,CPS0019,CONSUMO DE LAMINADO
59696,57559,LAMINADO 330MM PAPEL SEMIBRILLO L80-PH-G60 ARP
59701,CPS0019,CONSUMO DE LAMINADO
59701,56778,LAMINADO 330MM PAPEL SEMIBRILLO L80-P6H-G62S ARC
59702,CPS0019,CONSUMO DE LAMINADO
59702,59789,LAMINADO 330MM FOAMTAC P73 WG NIRO
59703,CPS0019,CONSUMO DE LAMINADO
59703,59789,LAMINADO 330MM FOAMTAC P73 WG NIRO
59704,CPS0019,CONSUMO DE LAMINADO
59704,58358,LAMINADO 200MM PP TRANSP. PPT50P-P-G60 ARP
59705,CPS0019,CONSUMO DE LAMINADO
59705,54080,LAMINADO 200MM PP METALIZADO PLATA BRILLANTE RP37 UPM
59706,CPS0019,CONSUMO DE LAMINADO
59706,54394,LAMINADO 333MM PP BCO. SY1071H RP37 EXACTO UPM
59707,CPS0019,CONSUMO DE LAMINADO
59707,57557,LAMINADO 300MM PAPEL SEMIBRILLO L80-PH-G60 ARP
59708,CPS0019,CONSUMO DE LAMINADO
59708,57557,LAMINADO 300MM PAPEL SEMIBRILLO L80-PH-G60 ARP
59709,CPS0019,CONSUMO DE LAMINADO
59709,57559,LAMINADO 330MM PAPEL SEMIBRILLO L80-PH-G60 ARP
59710,CPS0019,CONSUMO DE LAMINADO
59710,57557,LAMINADO 300MM PAPEL SEMIBRILLO L80-PH-G60 ARP
59713,CPS0019,CONSUMO DE LAMINADO
59713,57559,LAMINADO 330MM PAPEL SEMIBRILLO L80-PH-G60 ARP
59714,CPS0019,CONSUMO DE LAMINADO
59714,57559,LAMINADO 330MM PAPEL SEMIBRILLO L80-PH-G60 ARP
59715,CPS0019,CONSUMO DE LAMINADO
59715,57557,LAMINADO 300MM PAPEL SEMIBRILLO L80-PH-G60 ARP
59719,CPS0019,CONSUMO DE LAMINADO
59719,57384,LAMINADO 200MM PP BCO BTE PPBB60-P ARP
59720,CPS0019,CONSUMO DE LAMINADO
59720,57384,LAMINADO 200MM PP BCO BTE PPBB60-P ARP
59721,CPS0019,CONSUMO DE LAMINADO
59721,57384,LAMINADO 200MM PP BCO BTE PPBB60-P ARP
59722,CPS0019,CONSUMO DE LAMINADO
59722,57384,LAMINADO 200MM PP BCO BTE PPBB60-P ARP
59727,CPS0019,CONSUMO DE LAMINADO
59727,59182,LAMINADO 330MM BOPP PERLADO( 03239 ) RI 757/PR PET 30 AP901
59727,59730,LAMINADO CINTA P/LAMINAR  PP TRANSP. 300MM OLPP24-B-1500
59728,CPS0019,CONSUMO DE LAMINADO
59728,56431,LAMINADO 250MM PAPEL SEMIBRILLO L80-PH-G60 ARP
59729,CPS0019,CONSUMO DE LAMINADO
59729,57844,LAMINADO 330MM PAPEL SEMIBRILLO L80 -P - G60 AR
59738,CPS0019,CONSUMO DE LAMINADO
59738,56392,LAMINADO 330MM WHITE COVER
59739,CPS0019,CONSUMO DE LAMINADO
59739,59743,LAMINADO 250MM PP BCO BTE PPBB60-P ARP (SAMSON/ARP)
59740,CPS0019,CONSUMO DE LAMINADO
59740,59743,LAMINADO 250MM PP BCO BTE PPBB60-P ARP (SAMSON/ARP)
59744,CPS0019,CONSUMO DE LAMINADO
59744,58682,LAMINADO 160MM PP BCO 60 UTC 2102  707/BL 8065 PERU RI
59745,CPS0019,CONSUMO DE LAMINADO
59745,58682,LAMINADO 160MM PP BCO 60 UTC 2102  707/BL 8065 PERU RI
59748,CPS0019,CONSUMO DE LAMINADO
59748,51677,LAMINADO 300MM PP BCO BTE P4 38M G58 ARC
59748,46118,LAMINADO 300MM PPBB60-P1-G62S
59749,CPS0019,CONSUMO DE LAMINADO
59749,45856,LAMINADO 330MM PAPEL SEMIBRILLO 6770 80 GR AP 904 RI
59750,CPS0019,CONSUMO DE LAMINADO
59750,45856,LAMINADO 330MM PAPEL SEMIBRILLO 6770 80 GR AP 904 RI
59751,CPS0019,CONSUMO DE LAMINADO
59751,45856,LAMINADO 330MM PAPEL SEMIBRILLO 6770 80 GR AP 904 RI
59752,CPS0019,CONSUMO DE LAMINADO
59752,45856,LAMINADO 330MM PAPEL SEMIBRILLO 6770 80 GR AP 904 RI
59753,45856,LAMINADO 330MM PAPEL SEMIBRILLO 6770 80 GR AP 904 RI
59753,CPS0019,CONSUMO DE LAMINADO
59754,45856,LAMINADO 330MM PAPEL SEMIBRILLO 6770 80 GR AP 904 RI
59754,CPS0019,CONSUMO DE LAMINADO
59755,45856,LAMINADO 330MM PAPEL SEMIBRILLO 6770 80 GR AP 904 RI
59755,CPS0019,CONSUMO DE LAMINADO
59756,CPS0019,CONSUMO DE LAMINADO
59756,45856,LAMINADO 330MM PAPEL SEMIBRILLO 6770 80 GR AP 904 RI
59758,CPS0019,CONSUMO DE LAMINADO
59758,51557,LAMINADO FILM PETG 280 MM 45 MIC
59758,53558,LAMINADO FOLIA PLATA COLDFOIL 280MM DSCF620-OP COR
59759,CPS0019,CONSUMO DE LAMINADO
59759,57557,LAMINADO 300MM PAPEL SEMIBRILLO L80-PH-G60 ARP
59763,CPS0019,CONSUMO DE LAMINADO
59763,58164,LAMINADO 300MM PP TRANSP. PPT50P-P1-G62S ARC
59766,CPS0019,CONSUMO DE LAMINADO
59766,57374,LAMINADO 330MM PP BCO BTE PPBB60-P ARP
59767,CPS0019,CONSUMO DE LAMINADO
59767,52915,LAMINADO 333MM PP TRANSP. RP37 SY105C UPM RAFLATAC
59768,CPS0019,CONSUMO DE LAMINADO
59768,57557,LAMINADO 300MM PAPEL SEMIBRILLO L80-PH-G60 ARP
59769,CPS0019,CONSUMO DE LAMINADO
59769,56778,LAMINADO 330MM PAPEL SEMIBRILLO L80-P6H-G62S ARC
59770,CPS0019,CONSUMO DE LAMINADO
59770,56778,LAMINADO 330MM PAPEL SEMIBRILLO L80-P6H-G62S ARC
59772,CPS0019,CONSUMO DE LAMINADO
59772,56778,LAMINADO 330MM PAPEL SEMIBRILLO L80-P6H-G62S ARC
59774,CPS0019,CONSUMO DE LAMINADO
59774,57384,LAMINADO 200MM PP BCO BTE PPBB60-P ARP
59775,CPS0019,CONSUMO DE LAMINADO
59775,58164,LAMINADO 300MM PP TRANSP. PPT50P-P1-G62S ARC
59778,CPS0019,CONSUMO DE LAMINADO
59778,59743,LAMINADO 250MM PP BCO BTE PPBB60-P ARP (SAMSON/ARP)
59779,CPS0019,CONSUMO DE LAMINADO
59779,59760,LAMINADO 330MM PAPEL BLANCO SB REMOVIBLE LITHO 80 R G60 ARP
59780,44236,LAMINADO 250MM TERMICO PROTEGIDO 7836 THERMAL TC /80 GR GL/60 RI
59780,CPS0019,CONSUMO DE LAMINADO
59781,44236,LAMINADO 250MM TERMICO PROTEGIDO 7836 THERMAL TC /80 GR GL/60 RI
59781,CPS0019,CONSUMO DE LAMINADO
59782,CPS0019,CONSUMO DE LAMINADO
59782,57557,LAMINADO 300MM PAPEL SEMIBRILLO L80-PH-G60 ARP
59784,CPS0019,CONSUMO DE LAMINADO
59784,50359,LAMINADO FILM PETG 240 MM 45 MIC
59786,CPS0019,CONSUMO DE LAMINADO
59786,50359,LAMINADO FILM PETG 240 MM 45 MIC
59787,CPS0019,CONSUMO DE LAMINADO
59787,50359,LAMINADO FILM PETG 240 MM 45 MIC
59788,CPS0019,CONSUMO DE LAMINADO
59788,50359,LAMINADO FILM PETG 240 MM 45 MIC
59792,CPS0019,CONSUMO DE LAMINADO
59792,58703,LAMINADO 160MM PAPEL SEMIBRILLO 6770 80G AP 904 PERU RI
59793,CPS0019,CONSUMO DE LAMINADO
59793,57755,LAMINADO 160MM PP BCO BTE PPBB60-P ARP (SAMSON/ARP)
59794,CPS0019,CONSUMO DE LAMINADO
59794,57559,LAMINADO 330MM PAPEL SEMIBRILLO L80-PH-G60 ARP
59795,43860,LAMINADO 330MM PP BCO BTE P4 38M G58 ARC
59795,CPS0019,CONSUMO DE LAMINADO
59795,57374,LAMINADO 330MM PP BCO BTE PPBB60-P ARP
59796,CPS0019,CONSUMO DE LAMINADO
59796,54353,LAMINADO 330MM PPDL54P4 OPTIMA MATE AF1000 G60 ARC
59797,CPS0019,CONSUMO DE LAMINADO
59797,54353,LAMINADO 330MM PPDL54P4 OPTIMA MATE AF1000 G60 ARC
59798,CPS0019,CONSUMO DE LAMINADO
59798,54353,LAMINADO 330MM PPDL54P4 OPTIMA MATE AF1000 G60 ARC
59799,CPS0019,CONSUMO DE LAMINADO
59799,54353,LAMINADO 330MM PPDL54P4 OPTIMA MATE AF1000 G60 ARC
59799,50136,LAMINADO CINTA P/LAMINAR  PP TRANSP. 320MM OLPP24-MATE-º1500º
59800,CPS0019,CONSUMO DE LAMINADO
59800,58682,LAMINADO 160MM PP BCO 60 UTC 2102  707/BL 8065 PERU RI
59801,CPS0019,CONSUMO DE LAMINADO
59801,58682,LAMINADO 160MM PP BCO 60 UTC 2102  707/BL 8065 PERU RI
59802,CPS0019,CONSUMO DE LAMINADO
59802,58682,LAMINADO 160MM PP BCO 60 UTC 2102  707/BL 8065 PERU RI
59803,CPS0019,CONSUMO DE LAMINADO
59803,50136,LAMINADO CINTA P/LAMINAR  PP TRANSP. 320MM OLPP24-MATE-º1500º
59803,54353,LAMINADO 330MM PPDL54P4 OPTIMA MATE AF1000 G60 ARC
59804,CPS0019,CONSUMO DE LAMINADO
59804,50136,LAMINADO CINTA P/LAMINAR  PP TRANSP. 320MM OLPP24-MATE-º1500º
59804,54353,LAMINADO 330MM PPDL54P4 OPTIMA MATE AF1000 G60 ARC
59805,CPS0019,CONSUMO DE LAMINADO
59805,54314,LAMINADO 167 WINEGLASS (MANUAL) 10939 RI
59806,43452,LAMINADO 160MM PP BCO BTE P4 38M G58 ARC
59806,CPS0019,CONSUMO DE LAMINADO
59806,57755,LAMINADO 160MM PP BCO BTE PPBB60-P ARP (SAMSON/ARP)
59807,44980,LAMINADO 160MM PPDL54P4 OPTIMA MATE AF1000 G60 ARC
59807,CPS0019,CONSUMO DE LAMINADO
59809,CPS0019,CONSUMO DE LAMINADO
59809,57755,LAMINADO 160MM PP BCO BTE PPBB60-P ARP (SAMSON/ARP)
59810,CPS0019,CONSUMO DE LAMINADO
59810,51558,LAMINADO FILM PETG 360 MM 45 MIC
59815,CPS0019,CONSUMO DE LAMINADO
59815,51558,LAMINADO FILM PETG 360 MM 45 MIC
59819,CPS0019,CONSUMO DE LAMINADO
59819,57374,LAMINADO 330MM PP BCO BTE PPBB60-P ARP
59820,CPS0019,CONSUMO DE LAMINADO
59820,57374,LAMINADO 330MM PP BCO BTE PPBB60-P ARP
59821,42252,LAMINADO CINTA P/LAM  PP TRANSP. 300MM BRILLANTE 24M
59821,CPS0019,CONSUMO DE LAMINADO
59821,57872,LAMINADO 300MM PAPEL SEMIBRILLO L80 -P - G60 ARP
59822,CPS0019,CONSUMO DE LAMINADO
59822,52915,LAMINADO 333MM PP TRANSP. RP37 SY105C UPM RAFLATAC
59823,CPS0019,CONSUMO DE LAMINADO
59823,58682,LAMINADO 160MM PP BCO 60 UTC 2102  707/BL 8065 PERU RI
59824,CPS0019,CONSUMO DE LAMINADO
59824,58682,LAMINADO 160MM PP BCO 60 UTC 2102  707/BL 8065 PERU RI
59826,CPS0019,CONSUMO DE LAMINADO
59826,58703,LAMINADO 160MM PAPEL SEMIBRILLO 6770 80G AP 904 PERU RI
59827,CPS0019,CONSUMO DE LAMINADO
59827,55657,LAMINADO 200MM PPDL54P4 OPTIMA MATE 2 G60 MIC
59828,CPS0019,CONSUMO DE LAMINADO
59828,51557,LAMINADO FILM PETG 280 MM 45 MIC
59829,CPS0019,CONSUMO DE LAMINADO
59829,59194,LAMINADO FOLIA PLATA COLDFOIL 90MM DSCF620-OP
59829,50360,LAMINADO FILM PETG 300 MM 45 MIC
59831,CPS0019,CONSUMO DE LAMINADO
59831,58682,LAMINADO 160MM PP BCO 60 UTC 2102  707/BL 8065 PERU RI
59832,CPS0019,CONSUMO DE LAMINADO
59832,59743,LAMINADO 250MM PP BCO BTE PPBB60-P ARP (SAMSON/ARP)
59834,44236,LAMINADO 250MM TERMICO PROTEGIDO 7836 THERMAL TC /80 GR GL/60 RI
59834,CPS0019,CONSUMO DE LAMINADO
59835,CPS0019,CONSUMO DE LAMINADO
59835,57755,LAMINADO 160MM PP BCO BTE PPBB60-P ARP (SAMSON/ARP)
59839,CPS0019,CONSUMO DE LAMINADO
59839,58682,LAMINADO 160MM PP BCO 60 UTC 2102  707/BL 8065 PERU RI
59840,CPS0019,CONSUMO DE LAMINADO
59840,58682,LAMINADO 160MM PP BCO 60 UTC 2102  707/BL 8065 PERU RI
59843,CPS0019,CONSUMO DE LAMINADO
59843,50359,LAMINADO FILM PETG 240 MM 45 MIC
59845,CPS0019,CONSUMO DE LAMINADO
59845,57755,LAMINADO 160MM PP BCO BTE PPBB60-P ARP (SAMSON/ARP)
59846,CPS0019,CONSUMO DE LAMINADO
59846,57755,LAMINADO 160MM PP BCO BTE PPBB60-P ARP (SAMSON/ARP)
59849,CPS0019,CONSUMO DE LAMINADO
59849,58682,LAMINADO 160MM PP BCO 60 UTC 2102  707/BL 8065 PERU RI
59850,CPS0019,CONSUMO DE LAMINADO
59850,58682,LAMINADO 160MM PP BCO 60 UTC 2102  707/BL 8065 PERU RI
59851,CPS0019,CONSUMO DE LAMINADO
59851,57755,LAMINADO 160MM PP BCO BTE PPBB60-P ARP (SAMSON/ARP)
59856,CPS0019,CONSUMO DE LAMINADO
59856,57373,LAMINADO 300MM PP BCO BTE PPBB60-P ARP
59857,CPS0019,CONSUMO DE LAMINADO
59857,59760,LAMINADO 330MM PAPEL BLANCO SB REMOVIBLE LITHO 80 R G60 ARP
59859,CPS0019,CONSUMO DE LAMINADO
59859,58703,LAMINADO 160MM PAPEL SEMIBRILLO 6770 80G AP 904 PERU RI
59860,CPS0019,CONSUMO DE LAMINADO
59860,51677,LAMINADO 300MM PP BCO BTE P4 38M G58 ARC
59860,46118,LAMINADO 300MM PPBB60-P1-G62S
59861,CPS0019,CONSUMO DE LAMINADO
59861,50360,LAMINADO FILM PETG 300 MM 45 MIC
59863,CPS0019,CONSUMO DE LAMINADO
59863,50360,LAMINADO FILM PETG 300 MM 45 MIC
59865,CPS0019,CONSUMO DE LAMINADO
59865,57755,LAMINADO 160MM PP BCO BTE PPBB60-P ARP (SAMSON/ARP)
59874,CPS0019,CONSUMO DE LAMINADO
59874,58682,LAMINADO 160MM PP BCO 60 UTC 2102  707/BL 8065 PERU RI
59877,CPS0019,CONSUMO DE LAMINADO
59877,57755,LAMINADO 160MM PP BCO BTE PPBB60-P ARP (SAMSON/ARP)
59878,CPS0019,CONSUMO DE LAMINADO
59878,57755,LAMINADO 160MM PP BCO BTE PPBB60-P ARP (SAMSON/ARP)
59879,CPS0019,CONSUMO DE LAMINADO
59879,59890,LAMINADO 255MM PP BCO BTE PPBB60-P ARP (SAMSON/ARP)
59880,CPS0019,CONSUMO DE LAMINADO
59880,59890,LAMINADO 255MM PP BCO BTE PPBB60-P ARP (SAMSON/ARP)
59884,CPS0019,CONSUMO DE LAMINADO
59884,51557,LAMINADO FILM PETG 280 MM 45 MIC
59884,53558,LAMINADO FOLIA PLATA COLDFOIL 280MM DSCF620-OP COR
59885,CPS0019,CONSUMO DE LAMINADO
59885,50359,LAMINADO FILM PETG 240 MM 45 MIC
59885,46812,LAMINADO FOLIA PLATA COLDFOIL 240MM DSCF620-OP COR
59886,CPS0019,CONSUMO DE LAMINADO
59886,57373,LAMINADO 300MM PP BCO BTE PPBB60-P ARP
59887,CPS0019,CONSUMO DE LAMINADO
59887,51677,LAMINADO 300MM PP BCO BTE P4 38M G58 ARC
59887,57373,LAMINADO 300MM PP BCO BTE PPBB60-P ARP
59888,CPS0019,CONSUMO DE LAMINADO
59888,51677,LAMINADO 300MM PP BCO BTE P4 38M G58 ARC
59888,57373,LAMINADO 300MM PP BCO BTE PPBB60-P ARP
59889,CPS0019,CONSUMO DE LAMINADO
59889,56613,LAMINADO 200MM PAPEL SEMIBRILLO L80-P6H ARC
59897,CPS0019,CONSUMO DE LAMINADO
59897,57559,LAMINADO 330MM PAPEL SEMIBRILLO L80-PH-G60 ARP
59898,CPS0019,CONSUMO DE LAMINADO
59898,50136,LAMINADO CINTA P/LAMINAR  PP TRANSP. 320MM OLPP24-MATE-º1500º
59898,54353,LAMINADO 330MM PPDL54P4 OPTIMA MATE AF1000 G60 ARC
59901,CPS0019,CONSUMO DE LAMINADO
59901,57384,LAMINADO 200MM PP BCO BTE PPBB60-P ARP
59902,CPS0019,CONSUMO DE LAMINADO
59902,50094,LAMINADO 333MM PP BLANCO MATE TRANSFER C2075 F8212B
59909,CPS0019,CONSUMO DE LAMINADO
59909,58682,LAMINADO 160MM PP BCO 60 UTC 2102  707/BL 8065 PERU RI
59910,CPS0019,CONSUMO DE LAMINADO
59910,58682,LAMINADO 160MM PP BCO 60 UTC 2102  707/BL 8065 PERU RI
59911,CPS0019,CONSUMO DE LAMINADO
59911,58682,LAMINADO 160MM PP BCO 60 UTC 2102  707/BL 8065 PERU RI
59912,CPS0019,CONSUMO DE LAMINADO
59912,58682,LAMINADO 160MM PP BCO 60 UTC 2102  707/BL 8065 PERU RI
59913,CPS0019,CONSUMO DE LAMINADO
59913,58682,LAMINADO 160MM PP BCO 60 UTC 2102  707/BL 8065 PERU RI
59914,CPS0019,CONSUMO DE LAMINADO
59914,58682,LAMINADO 160MM PP BCO 60 UTC 2102  707/BL 8065 PERU RI
59919,CPS0019,CONSUMO DE LAMINADO
59919,54024,LAMINADO 330MM PAPEL TRANSFER PREMIUM EXTRA / RP51 / WHITE KRAFT 65 UPM
59920,CPS0019,CONSUMO DE LAMINADO
59920,45856,LAMINADO 330MM PAPEL SEMIBRILLO 6770 80 GR AP 904 RI
59921,CPS0019,CONSUMO DE LAMINADO
59921,57755,LAMINADO 160MM PP BCO BTE PPBB60-P ARP (SAMSON/ARP)
59924,CPS0019,CONSUMO DE LAMINADO
59924,59429,LAMINADO 330MM PAPEL TERMICO T70-P-ECO-G60 ARP
59925,CPS0019,CONSUMO DE LAMINADO
59925,58682,LAMINADO 160MM PP BCO 60 UTC 2102  707/BL 8065 PERU RI
59927,CPS0019,CONSUMO DE LAMINADO
59927,57557,LAMINADO 300MM PAPEL SEMIBRILLO L80-PH-G60 ARP
59930,CPS0019,CONSUMO DE LAMINADO
59930,58892,LAMINADO 330MM PPBB57-P4-G58 ARC
59931,CPS0019,CONSUMO DE LAMINADO
59931,58682,LAMINADO 160MM PP BCO 60 UTC 2102  707/BL 8065 PERU RI
59932,CPS0019,CONSUMO DE LAMINADO
59932,58682,LAMINADO 160MM PP BCO 60 UTC 2102  707/BL 8065 PERU RI
59933,CPS0019,CONSUMO DE LAMINADO
59933,57755,LAMINADO 160MM PP BCO BTE PPBB60-P ARP (SAMSON/ARP)
59935,CPS0019,CONSUMO DE LAMINADO
59935,56315,LAMINADO 160MM INNOGLASS
59936,CPS0019,CONSUMO DE LAMINADO
59936,46224,LAMINADO 110MM PAPEL SINTETICO 80 micras MIC
59941,CPS0019,CONSUMO DE LAMINADO
59941,58956,LAMINADO 300MM PP TRANSP. PPT50-P-G60 ARP
59942,CPS0019,CONSUMO DE LAMINADO
59942,58956,LAMINADO 300MM PP TRANSP. PPT50-P-G60 ARP
59943,CPS0019,CONSUMO DE LAMINADO
59943,51557,LAMINADO FILM PETG 280 MM 45 MIC
59944,CPS0019,CONSUMO DE LAMINADO
59944,51557,LAMINADO FILM PETG 280 MM 45 MIC
59945,CPS0019,CONSUMO DE LAMINADO
59945,51557,LAMINADO FILM PETG 280 MM 45 MIC
59947,CPS0019,CONSUMO DE LAMINADO
59947,59900,LAMINADO 250 WINEGLASS (MANUAL) 10939 RI
59948,CPS0019,CONSUMO DE LAMINADO
59948,50359,LAMINADO FILM PETG 240 MM 45 MIC
59950,42240,LAMINADO 111MM PAPEL BLANCO SB REMOVIBLE 7546 80G/AR805/SK60 RI
59950,CPS0019,CONSUMO DE LAMINADO
59951,42240,LAMINADO 111MM PAPEL BLANCO SB REMOVIBLE 7546 80G/AR805/SK60 RI
59951,CPS0019,CONSUMO DE LAMINADO
59952,42240,LAMINADO 111MM PAPEL BLANCO SB REMOVIBLE 7546 80G/AR805/SK60 RI
59952,CPS0019,CONSUMO DE LAMINADO
59953,42240,LAMINADO 111MM PAPEL BLANCO SB REMOVIBLE 7546 80G/AR805/SK60 RI
59953,CPS0019,CONSUMO DE LAMINADO
59954,42240,LAMINADO 111MM PAPEL BLANCO SB REMOVIBLE 7546 80G/AR805/SK60 RI
59954,CPS0019,CONSUMO DE LAMINADO
59955,CPS0019,CONSUMO DE LAMINADO
59955,60152,LAMINADO 300 MM PAPEL BLANCO SB REMOVIBLE 7546 80G/AR805/SK60 RI
59956,CPS0019,CONSUMO DE LAMINADO
59956,57553,LAMINADO 110MM PAPEL SEMIBRILLO L80-PH-G60 ARP
59958,CPS0019,CONSUMO DE LAMINADO
59958,54081,LAMINADO 250MM BOPP  METALIZADO PLATA BRILLANTE RP37UPM
59959,CPS0019,CONSUMO DE LAMINADO
59959,53882,LAMINADO 320 MM PPDL54P1 OPTIMA MATE G60 ARC
59960,CPS0019,CONSUMO DE LAMINADO
59960,57374,LAMINADO 330MM PP BCO BTE PPBB60-P ARP
59960,50136,LAMINADO CINTA P/LAMINAR  PP TRANSP. 320MM OLPP24-MATE-º1500º
59961,CPS0019,CONSUMO DE LAMINADO
59961,58682,LAMINADO 160MM PP BCO 60 UTC 2102  707/BL 8065 PERU RI
59962,CPS0019,CONSUMO DE LAMINADO
59962,57557,LAMINADO 300MM PAPEL SEMIBRILLO L80-PH-G60 ARP
59963,CPS0019,CONSUMO DE LAMINADO
59963,51557,LAMINADO FILM PETG 280 MM 45 MIC
59965,CPS0019,CONSUMO DE LAMINADO
59965,50359,LAMINADO FILM PETG 240 MM 45 MIC
59966,CPS0019,CONSUMO DE LAMINADO
59966,50359,LAMINADO FILM PETG 240 MM 45 MIC
59967,CPS0019,CONSUMO DE LAMINADO
59967,50359,LAMINADO FILM PETG 240 MM 45 MIC
59968,CPS0019,CONSUMO DE LAMINADO
59968,50359,LAMINADO FILM PETG 240 MM 45 MIC
59969,CPS0019,CONSUMO DE LAMINADO
59969,50359,LAMINADO FILM PETG 240 MM 45 MIC
59970,CPS0019,CONSUMO DE LAMINADO
59970,50359,LAMINADO FILM PETG 240 MM 45 MIC
59971,CPS0019,CONSUMO DE LAMINADO
59971,50359,LAMINADO FILM PETG 240 MM 45 MIC
59973,CPS0019,CONSUMO DE LAMINADO
59973,59890,LAMINADO 255MM PP BCO BTE PPBB60-P ARP (SAMSON/ARP)
59974,CPS0019,CONSUMO DE LAMINADO
59974,58682,LAMINADO 160MM PP BCO 60 UTC 2102  707/BL 8065 PERU RI
59975,CPS0019,CONSUMO DE LAMINADO
59975,59972,LAMINADO 240MM PAPEL SINTETICO 250 micras
59976,CPS0019,CONSUMO DE LAMINADO
59976,59972,LAMINADO 240MM PAPEL SINTETICO 250 micras
59977,CPS0019,CONSUMO DE LAMINADO
59977,59972,LAMINADO 240MM PAPEL SINTETICO 250 micras
59978,CPS0019,CONSUMO DE LAMINADO
59978,59972,LAMINADO 240MM PAPEL SINTETICO 250 micras
59979,CPS0019,CONSUMO DE LAMINADO
59979,59972,LAMINADO 240MM PAPEL SINTETICO 250 micras
59980,CPS0019,CONSUMO DE LAMINADO
59980,59972,LAMINADO 240MM PAPEL SINTETICO 250 micras
59981,CPS0019,CONSUMO DE LAMINADO
59981,59972,LAMINADO 240MM PAPEL SINTETICO 250 micras
59982,CPS0019,CONSUMO DE LAMINADO
59982,59972,LAMINADO 240MM PAPEL SINTETICO 250 micras
59984,CPS0019,CONSUMO DE LAMINADO
59984,59972,LAMINADO 240MM PAPEL SINTETICO 250 micras
59985,CPS0019,CONSUMO DE LAMINADO
59985,59972,LAMINADO 240MM PAPEL SINTETICO 250 micras
59986,CPS0019,CONSUMO DE LAMINADO
59986,57374,LAMINADO 330MM PP BCO BTE PPBB60-P ARP
59988,CPS0019,CONSUMO DE LAMINADO
59988,57755,LAMINADO 160MM PP BCO BTE PPBB60-P ARP (SAMSON/ARP)
59989,CPS0019,CONSUMO DE LAMINADO
59989,57755,LAMINADO 160MM PP BCO BTE PPBB60-P ARP (SAMSON/ARP)
59990,CPS0019,CONSUMO DE LAMINADO
59990,57755,LAMINADO 160MM PP BCO BTE PPBB60-P ARP (SAMSON/ARP)
59990,46934,LAMINADO 160MM PP BLANCO TC 40 MICRAS  02176 RI757
59997,CPS0019,CONSUMO DE LAMINADO
59997,59890,LAMINADO 255MM PP BCO BTE PPBB60-P ARP (SAMSON/ARP)
59998,CPS0019,CONSUMO DE LAMINADO
59998,59890,LAMINADO 255MM PP BCO BTE PPBB60-P ARP (SAMSON/ARP)
6,CPS0019,CONSUMO DE LAMINADO
6,45997,LAMINADO 160MM PAPEL SEMIBRILLO L80-PH-G62S (EXACTO) ARP
60000,CPS0019,CONSUMO DE LAMINADO
60000,50136,LAMINADO CINTA P/LAMINAR  PP TRANSP. 320MM OLPP24-MATE-º1500º
60000,52915,LAMINADO 333MM PP TRANSP. RP37 SY105C UPM RAFLATAC
60001,CPS0019,CONSUMO DE LAMINADO
60001,58682,LAMINADO 160MM PP BCO 60 UTC 2102  707/BL 8065 PERU RI
60007,CPS0019,CONSUMO DE LAMINADO
60007,57755,LAMINADO 160MM PP BCO BTE PPBB60-P ARP (SAMSON/ARP)
60007,46934,LAMINADO 160MM PP BLANCO TC 40 MICRAS  02176 RI757
60008,CPS0019,CONSUMO DE LAMINADO
60008,59900,LAMINADO 250 WINEGLASS (MANUAL) 10939 RI
60009,CPS0019,CONSUMO DE LAMINADO
60009,59900,LAMINADO 250 WINEGLASS (MANUAL) 10939 RI
60010,CPS0019,CONSUMO DE LAMINADO
60010,50359,LAMINADO FILM PETG 240 MM 45 MIC
60011,CPS0019,CONSUMO DE LAMINADO
60011,50359,LAMINADO FILM PETG 240 MM 45 MIC
60012,CPS0019,CONSUMO DE LAMINADO
60012,47363,LAMINADO 200MM PPDL54P1 OPTIMA MATE G60
60012,43573,LAMINADO 200MM PPBB60-P1-G62S
60015,CPS0019,CONSUMO DE LAMINADO
60015,57844,LAMINADO 330MM PAPEL SEMIBRILLO L80 -P - G60 AR
60016,CPS0019,CONSUMO DE LAMINADO
60016,58115,LAMINADO 330MM PAPEL TRANSFER PH G58 TT62 ARC
60017,CPS0019,CONSUMO DE LAMINADO
60017,58115,LAMINADO 330MM PAPEL TRANSFER PH G58 TT62 ARC
60018,CPS0019,CONSUMO DE LAMINADO
60018,59890,LAMINADO 255MM PP BCO BTE PPBB60-P ARP (SAMSON/ARP)
60019,CPS0019,CONSUMO DE LAMINADO
60019,50359,LAMINADO FILM PETG 240 MM 45 MIC
60020,CPS0019,CONSUMO DE LAMINADO
60020,54353,LAMINADO 330MM PPDL54P4 OPTIMA MATE AF1000 G60 ARC
60021,CPS0019,CONSUMO DE LAMINADO
60021,51558,LAMINADO FILM PETG 360 MM 45 MIC
60022,CPS0019,CONSUMO DE LAMINADO
60022,51558,LAMINADO FILM PETG 360 MM 45 MIC
60023,CPS0019,CONSUMO DE LAMINADO
60023,50359,LAMINADO FILM PETG 240 MM 45 MIC
60024,CPS0019,CONSUMO DE LAMINADO
60024,59890,LAMINADO 255MM PP BCO BTE PPBB60-P ARP (SAMSON/ARP)
60025,CPS0019,CONSUMO DE LAMINADO
60025,58682,LAMINADO 160MM PP BCO 60 UTC 2102  707/BL 8065 PERU RI
60026,CPS0019,CONSUMO DE LAMINADO
60026,54353,LAMINADO 330MM PPDL54P4 OPTIMA MATE AF1000 G60 ARC
60027,CPS0019,CONSUMO DE LAMINADO
60027,58682,LAMINADO 160MM PP BCO 60 UTC 2102  707/BL 8065 PERU RI
60028,CPS0019,CONSUMO DE LAMINADO
60028,58682,LAMINADO 160MM PP BCO 60 UTC 2102  707/BL 8065 PERU RI
60029,CPS0019,CONSUMO DE LAMINADO
60029,58682,LAMINADO 160MM PP BCO 60 UTC 2102  707/BL 8065 PERU RI
60032,43432,LAMINADO 200MM PAPEL SEMIBRILLO L80-PH-G62S ARP
60032,CPS0019,CONSUMO DE LAMINADO
60033,CPS0019,CONSUMO DE LAMINADO
60033,50359,LAMINADO FILM PETG 240 MM 45 MIC
60034,CPS0019,CONSUMO DE LAMINADO
60034,50359,LAMINADO FILM PETG 240 MM 45 MIC
60035,CPS0019,CONSUMO DE LAMINADO
60035,50359,LAMINADO FILM PETG 240 MM 45 MIC
60036,CPS0019,CONSUMO DE LAMINADO
60036,50359,LAMINADO FILM PETG 240 MM 45 MIC
60037,CPS0019,CONSUMO DE LAMINADO
60037,51558,LAMINADO FILM PETG 360 MM 45 MIC
60038,CPS0019,CONSUMO DE LAMINADO
60038,48647,LAMINADO FILM PETG 330 MM 45 MIC
60039,CPS0019,CONSUMO DE LAMINADO
60039,59890,LAMINADO 255MM PP BCO BTE PPBB60-P ARP (SAMSON/ARP)
60042,CPS0019,CONSUMO DE LAMINADO
60042,50359,LAMINADO FILM PETG 240 MM 45 MIC
60043,CPS0019,CONSUMO DE LAMINADO
60043,50359,LAMINADO FILM PETG 240 MM 45 MIC
60044,CPS0019,CONSUMO DE LAMINADO
60044,59900,LAMINADO 250 WINEGLASS (MANUAL) 10939 RI
60048,CPS0019,CONSUMO DE LAMINADO
60048,53511,LAMINADO 330 MM PPDL54P1 OPTIMA MATE G60 ARC
60048,56502,LAMINADO 330MM PPBB57-P1-G62S ARC
60049,CPS0019,CONSUMO DE LAMINADO
60049,56502,LAMINADO 330MM PPBB57-P1-G62S ARC
60049,53511,LAMINADO 330 MM PPDL54P1 OPTIMA MATE G60 ARC
60050,CPS0019,CONSUMO DE LAMINADO
60050,53511,LAMINADO 330 MM PPDL54P1 OPTIMA MATE G60 ARC
60051,CPS0019,CONSUMO DE LAMINADO
60051,57557,LAMINADO 300MM PAPEL SEMIBRILLO L80-PH-G60 ARP
60052,CPS0019,CONSUMO DE LAMINADO
60052,57755,LAMINADO 160MM PP BCO BTE PPBB60-P ARP (SAMSON/ARP)
60053,CPS0019,CONSUMO DE LAMINADO
60053,57755,LAMINADO 160MM PP BCO BTE PPBB60-P ARP (SAMSON/ARP)
60054,CPS0019,CONSUMO DE LAMINADO
60054,57755,LAMINADO 160MM PP BCO BTE PPBB60-P ARP (SAMSON/ARP)
60055,CPS0019,CONSUMO DE LAMINADO
60055,57373,LAMINADO 300MM PP BCO BTE PPBB60-P ARP
60057,CPS0019,CONSUMO DE LAMINADO
60057,57374,LAMINADO 330MM PP BCO BTE PPBB60-P ARP
60058,CPS0019,CONSUMO DE LAMINADO
60058,58892,LAMINADO 330MM PPBB57-P4-G58 ARC
60060,CPS0019,CONSUMO DE LAMINADO
60060,58682,LAMINADO 160MM PP BCO 60 UTC 2102  707/BL 8065 PERU RI
60062,CPS0019,CONSUMO DE LAMINADO
60062,58929,LAMINADO 333MM PAPEL TERMICO T70-PH-ECO-G60 ARP
60063,CPS0019,CONSUMO DE LAMINADO
60063,58682,LAMINADO 160MM PP BCO 60 UTC 2102  707/BL 8065 PERU RI
60064,CPS0019,CONSUMO DE LAMINADO
60064,59900,LAMINADO 250 WINEGLASS (MANUAL) 10939 RI
60067,CPS0019,CONSUMO DE LAMINADO
60067,57373,LAMINADO 300MM PP BCO BTE PPBB60-P ARP
60067,51677,LAMINADO 300MM PP BCO BTE P4 38M G58 ARC
60069,CPS0019,CONSUMO DE LAMINADO
60069,59900,LAMINADO 250 WINEGLASS (MANUAL) 10939 RI
60071,CPS0019,CONSUMO DE LAMINADO
60071,51677,LAMINADO 300MM PP BCO BTE P4 38M G58 ARC
60071,57373,LAMINADO 300MM PP BCO BTE PPBB60-P ARP
60072,CPS0019,CONSUMO DE LAMINADO
60072,56431,LAMINADO 250MM PAPEL SEMIBRILLO L80-PH-G60 ARP
60073,CPS0019,CONSUMO DE LAMINADO
60073,59893,LAMINADO FILM PETG 330 MM 45 MIC GANGHUI
60073,55734,LAMINADO FOLIA PLATA COLDFOIL 120 MM COR
60074,CPS0019,CONSUMO DE LAMINADO
60074,58682,LAMINADO 160MM PP BCO 60 UTC 2102  707/BL 8065 PERU RI
60075,44236,LAMINADO 250MM TERMICO PROTEGIDO 7836 THERMAL TC /80 GR GL/60 RI
60075,CPS0019,CONSUMO DE LAMINADO
60076,CPS0019,CONSUMO DE LAMINADO
60076,57755,LAMINADO 160MM PP BCO BTE PPBB60-P ARP (SAMSON/ARP)
60077,CPS0019,CONSUMO DE LAMINADO
60077,57373,LAMINADO 300MM PP BCO BTE PPBB60-P ARP
60079,CPS0019,CONSUMO DE LAMINADO
60079,59900,LAMINADO 250 WINEGLASS (MANUAL) 10939 RI
60081,CPS0019,CONSUMO DE LAMINADO
60081,59890,LAMINADO 255MM PP BCO BTE PPBB60-P ARP (SAMSON/ARP)
60082,CPS0019,CONSUMO DE LAMINADO
60082,59890,LAMINADO 255MM PP BCO BTE PPBB60-P ARP (SAMSON/ARP)
60083,CPS0019,CONSUMO DE LAMINADO
60083,59900,LAMINADO 250 WINEGLASS (MANUAL) 10939 RI
60084,CPS0019,CONSUMO DE LAMINADO
60084,59900,LAMINADO 250 WINEGLASS (MANUAL) 10939 RI
60085,CPS0019,CONSUMO DE LAMINADO
60085,59900,LAMINADO 250 WINEGLASS (MANUAL) 10939 RI
60088,CPS0019,CONSUMO DE LAMINADO
60088,59900,LAMINADO 250 WINEGLASS (MANUAL) 10939 RI
60089,CPS0019,CONSUMO DE LAMINADO
60089,56392,LAMINADO 330MM WHITE COVER
60090,CPS0019,CONSUMO DE LAMINADO
60090,56392,LAMINADO 330MM WHITE COVER
60091,CPS0019,CONSUMO DE LAMINADO
60091,59900,LAMINADO 250 WINEGLASS (MANUAL) 10939 RI
60092,CPS0019,CONSUMO DE LAMINADO
60092,48261,LAMINADO 330MM TERMICO PROTEGIDO 7836 THERMAL TC /80 GR GL/60 RI
60093,CPS0019,CONSUMO DE LAMINADO
60093,48261,LAMINADO 330MM TERMICO PROTEGIDO 7836 THERMAL TC /80 GR GL/60 RI
60094,CPS0019,CONSUMO DE LAMINADO
60094,45856,LAMINADO 330MM PAPEL SEMIBRILLO 6770 80 GR AP 904 RI
60095,CPS0019,CONSUMO DE LAMINADO
60095,45856,LAMINADO 330MM PAPEL SEMIBRILLO 6770 80 GR AP 904 RI
60096,CPS0019,CONSUMO DE LAMINADO
60096,45856,LAMINADO 330MM PAPEL SEMIBRILLO 6770 80 GR AP 904 RI
60097,CPS0019,CONSUMO DE LAMINADO
60097,59895,LAMINADO FILM PVC 280 MM 40 MIC GANGHUI
60098,CPS0019,CONSUMO DE LAMINADO
60098,59895,LAMINADO FILM PVC 280 MM 40 MIC GANGHUI
60099,CPS0019,CONSUMO DE LAMINADO
60099,59895,LAMINADO FILM PVC 280 MM 40 MIC GANGHUI
601,39805,LAMINADO 230MM PAPEL SEMIBRILLO  80 GR 6770 AP904 RI
601,CPS0019,CONSUMO DE LAMINADO
60100,CPS0019,CONSUMO DE LAMINADO
60100,59895,LAMINADO FILM PVC 280 MM 40 MIC GANGHUI
60101,CPS0019,CONSUMO DE LAMINADO
60101,59895,LAMINADO FILM PVC 280 MM 40 MIC GANGHUI
60102,CPS0019,CONSUMO DE LAMINADO
60102,59895,LAMINADO FILM PVC 280 MM 40 MIC GANGHUI
60105,CPS0019,CONSUMO DE LAMINADO
60105,59900,LAMINADO 250 WINEGLASS (MANUAL) 10939 RI
60106,CPS0019,CONSUMO DE LAMINADO
60106,59139,LAMINADO 230MM PET PSF35ZAC EMPACK
60107,CPS0019,CONSUMO DE LAMINADO
60107,59139,LAMINADO 230MM PET PSF35ZAC EMPACK
60108,CPS0019,CONSUMO DE LAMINADO
60108,59139,LAMINADO 230MM PET PSF35ZAC EMPACK
60109,CPS0019,CONSUMO DE LAMINADO
60109,59139,LAMINADO 230MM PET PSF35ZAC EMPACK
60110,CPS0019,CONSUMO DE LAMINADO
60110,59895,LAMINADO FILM PVC 280 MM 40 MIC GANGHUI
60113,CPS0019,CONSUMO DE LAMINADO
60113,57373,LAMINADO 300MM PP BCO BTE PPBB60-P ARP
60114,CPS0019,CONSUMO DE LAMINADO
60114,51677,LAMINADO 300MM PP BCO BTE P4 38M G58 ARC
60114,57373,LAMINADO 300MM PP BCO BTE PPBB60-P ARP
60116,CPS0019,CONSUMO DE LAMINADO
60116,59900,LAMINADO 250 WINEGLASS (MANUAL) 10939 RI
60119,CPS0019,CONSUMO DE LAMINADO
60119,58129,LAMINADO 333MM SY2040S PP BCO TC60  RP37 UPM
60122,CPS0019,CONSUMO DE LAMINADO
60122,59087,LAMINADO 330 MM PAPEL TERMICO PROTEGIDO T74 PH G58S ARC
60123,CPS0019,CONSUMO DE LAMINADO
60123,58682,LAMINADO 160MM PP BCO 60 UTC 2102  707/BL 8065 PERU RI
60124,CPS0019,CONSUMO DE LAMINADO
60124,50359,LAMINADO FILM PETG 240 MM 45 MIC
60125,CPS0019,CONSUMO DE LAMINADO
60125,50359,LAMINADO FILM PETG 240 MM 45 MIC
60127,CPS0019,CONSUMO DE LAMINADO
60127,51557,LAMINADO FILM PETG 280 MM 45 MIC
60130,CPS0019,CONSUMO DE LAMINADO
60130,57559,LAMINADO 330MM PAPEL SEMIBRILLO L80-PH-G60 ARP
60131,CPS0019,CONSUMO DE LAMINADO
60131,57559,LAMINADO 330MM PAPEL SEMIBRILLO L80-PH-G60 ARP
60132,CPS0019,CONSUMO DE LAMINADO
60132,57559,LAMINADO 330MM PAPEL SEMIBRILLO L80-PH-G60 ARP
60133,CPS0019,CONSUMO DE LAMINADO
60133,57559,LAMINADO 330MM PAPEL SEMIBRILLO L80-PH-G60 ARP
60134,CPS0019,CONSUMO DE LAMINADO
60134,57559,LAMINADO 330MM PAPEL SEMIBRILLO L80-PH-G60 ARP
60135,CPS0019,CONSUMO DE LAMINADO
60135,57559,LAMINADO 330MM PAPEL SEMIBRILLO L80-PH-G60 ARP
60136,CPS0019,CONSUMO DE LAMINADO
60136,59900,LAMINADO 250 WINEGLASS (MANUAL) 10939 RI
60137,CPS0019,CONSUMO DE LAMINADO
60137,57559,LAMINADO 330MM PAPEL SEMIBRILLO L80-PH-G60 ARP
60138,CPS0019,CONSUMO DE LAMINADO
60138,45856,LAMINADO 330MM PAPEL SEMIBRILLO 6770 80 GR AP 904 RI
60139,CPS0019,CONSUMO DE LAMINADO
60139,57844,LAMINADO 330MM PAPEL SEMIBRILLO L80 -P - G60 AR
60142,CPS0019,CONSUMO DE LAMINADO
60142,59900,LAMINADO 250 WINEGLASS (MANUAL) 10939 RI
60143,CPS0019,CONSUMO DE LAMINADO
60143,58892,LAMINADO 330MM PPBB57-P4-G58 ARC
60144,CPS0019,CONSUMO DE LAMINADO
60144,50359,LAMINADO FILM PETG 240 MM 45 MIC
60145,CPS0019,CONSUMO DE LAMINADO
60145,50359,LAMINADO FILM PETG 240 MM 45 MIC
60146,50359,LAMINADO FILM PETG 240 MM 45 MIC
60146,CPS0019,CONSUMO DE LAMINADO
60147,CPS0019,CONSUMO DE LAMINADO
60147,50359,LAMINADO FILM PETG 240 MM 45 MIC
60149,CPS0019,CONSUMO DE LAMINADO
60149,59890,LAMINADO 255MM PP BCO BTE PPBB60-P ARP (SAMSON/ARP)
60150,CPS0019,CONSUMO DE LAMINADO
60150,59890,LAMINADO 255MM PP BCO BTE PPBB60-P ARP (SAMSON/ARP)
60153,CPS0019,CONSUMO DE LAMINADO
60153,53511,LAMINADO 330 MM PPDL54P1 OPTIMA MATE G60 ARC
60153,56502,LAMINADO 330MM PPBB57-P1-G62S ARC
60157,CPS0019,CONSUMO DE LAMINADO
60157,60152,LAMINADO 300 MM PAPEL BLANCO SB REMOVIBLE 7546 80G/AR805/SK60 RI
60158,CPS0019,CONSUMO DE LAMINADO
60158,59900,LAMINADO 250 WINEGLASS (MANUAL) 10939 RI
60162,CPS0019,CONSUMO DE LAMINADO
60162,58164,LAMINADO 300MM PP TRANSP. PPT50P-P1-G62S ARC
60163,CPS0019,CONSUMO DE LAMINADO
60163,59900,LAMINADO 250 WINEGLASS (MANUAL) 10939 RI
60165,CPS0019,CONSUMO DE LAMINADO
60165,57755,LAMINADO 160MM PP BCO BTE PPBB60-P ARP (SAMSON/ARP)
60166,CPS0019,CONSUMO DE LAMINADO
60166,57755,LAMINADO 160MM PP BCO BTE PPBB60-P ARP (SAMSON/ARP)
60168,CPS0019,CONSUMO DE LAMINADO
60168,55734,LAMINADO FOLIA PLATA COLDFOIL 120 MM COR
60168,59893,LAMINADO FILM PETG 330 MM 45 MIC GANGHUI
60170,CPS0019,CONSUMO DE LAMINADO
60170,59892,LAMINADO FILM PETG 300 MM 45 MIC GANGHUI
60171,CPS0019,CONSUMO DE LAMINADO
60171,58892,LAMINADO 330MM PPBB57-P4-G58 ARC
60172,CPS0019,CONSUMO DE LAMINADO
60172,58892,LAMINADO 330MM PPBB57-P4-G58 ARC
60173,CPS0019,CONSUMO DE LAMINADO
60173,57373,LAMINADO 300MM PP BCO BTE PPBB60-P ARP
60174,CPS0019,CONSUMO DE LAMINADO
60174,57373,LAMINADO 300MM PP BCO BTE PPBB60-P ARP
60175,CPS0019,CONSUMO DE LAMINADO
60175,57374,LAMINADO 330MM PP BCO BTE PPBB60-P ARP
60178,CPS0019,CONSUMO DE LAMINADO
60178,57373,LAMINADO 300MM PP BCO BTE PPBB60-P ARP
60179,CPS0019,CONSUMO DE LAMINADO
60179,48261,LAMINADO 330MM TERMICO PROTEGIDO 7836 THERMAL TC /80 GR GL/60 RI
60180,CPS0019,CONSUMO DE LAMINADO
60180,58703,LAMINADO 160MM PAPEL SEMIBRILLO 6770 80G AP 904 PERU RI
60181,CPS0019,CONSUMO DE LAMINADO
60181,59900,LAMINADO 250 WINEGLASS (MANUAL) 10939 RI
60182,CPS0019,CONSUMO DE LAMINADO
60182,48261,LAMINADO 330MM TERMICO PROTEGIDO 7836 THERMAL TC /80 GR GL/60 RI
60183,CPS0019,CONSUMO DE LAMINADO
60183,57557,LAMINADO 300MM PAPEL SEMIBRILLO L80-PH-G60 ARP
60184,CPS0019,CONSUMO DE LAMINADO
60184,57557,LAMINADO 300MM PAPEL SEMIBRILLO L80-PH-G60 ARP
60186,CPS0019,CONSUMO DE LAMINADO
60186,58078,LAMINADO 300MM PPBB57-P4-G58 ARC
60187,CPS0019,CONSUMO DE LAMINADO
60187,57755,LAMINADO 160MM PP BCO BTE PPBB60-P ARP (SAMSON/ARP)
60189,CPS0019,CONSUMO DE LAMINADO
60189,57373,LAMINADO 300MM PP BCO BTE PPBB60-P ARP
60190,CPS0019,CONSUMO DE LAMINADO
60190,57844,LAMINADO 330MM PAPEL SEMIBRILLO L80 -P - G60 AR
60191,CPS0019,CONSUMO DE LAMINADO
60191,59760,LAMINADO 330MM PAPEL BLANCO SB REMOVIBLE LITHO 80 R G60 ARP
60192,CPS0019,CONSUMO DE LAMINADO
60192,57559,LAMINADO 330MM PAPEL SEMIBRILLO L80-PH-G60 ARP
60193,CPS0019,CONSUMO DE LAMINADO
60193,56392,LAMINADO 330MM WHITE COVER
60194,CPS0019,CONSUMO DE LAMINADO
60194,57374,LAMINADO 330MM PP BCO BTE PPBB60-P ARP
60198,CPS0019,CONSUMO DE LAMINADO
60198,58043,LAMINADO FILM PETG 280 MM 45 MIC JIANGSU
60199,CPS0019,CONSUMO DE LAMINADO
60199,57552,LAMINADO 160MM PAPEL SEMIBRILLO L80-PH-G60 ARP
60200,CPS0019,CONSUMO DE LAMINADO
60200,57373,LAMINADO 300MM PP BCO BTE PPBB60-P ARP
60201,CPS0019,CONSUMO DE LAMINADO
60201,57373,LAMINADO 300MM PP BCO BTE PPBB60-P ARP
60203,CPS0019,CONSUMO DE LAMINADO
60203,57374,LAMINADO 330MM PP BCO BTE PPBB60-P ARP
60204,CPS0019,CONSUMO DE LAMINADO
60204,57374,LAMINADO 330MM PP BCO BTE PPBB60-P ARP
60221,CPS0019,CONSUMO DE LAMINADO
60221,46384,LAMINADO 330 MM PAPEL TERMICO PROTEGIDO T77 PH G62 ARC
60223,CPS0019,CONSUMO DE LAMINADO
60223,59900,LAMINADO 250 WINEGLASS (MANUAL) 10939 RI
60224,CPS0019,CONSUMO DE LAMINADO
60224,57755,LAMINADO 160MM PP BCO BTE PPBB60-P ARP (SAMSON/ARP)
60225,CPS0019,CONSUMO DE LAMINADO
60225,56392,LAMINADO 330MM WHITE COVER
60226,CPS0019,CONSUMO DE LAMINADO
60226,57557,LAMINADO 300MM PAPEL SEMIBRILLO L80-PH-G60 ARP
60227,CPS0019,CONSUMO DE LAMINADO
60227,51558,LAMINADO FILM PETG 360 MM 45 MIC
60228,CPS0019,CONSUMO DE LAMINADO
60228,51558,LAMINADO FILM PETG 360 MM 45 MIC
60234,CPS0019,CONSUMO DE LAMINADO
60234,51557,LAMINADO FILM PETG 280 MM 45 MIC
60235,CPS0019,CONSUMO DE LAMINADO
60235,51557,LAMINADO FILM PETG 280 MM 45 MIC
60236,CPS0019,CONSUMO DE LAMINADO
60236,57844,LAMINADO 330MM PAPEL SEMIBRILLO L80 -P - G60 AR
60237,CPS0019,CONSUMO DE LAMINADO
60237,57844,LAMINADO 330MM PAPEL SEMIBRILLO L80 -P - G60 AR
60238,CPS0019,CONSUMO DE LAMINADO
60238,57844,LAMINADO 330MM PAPEL SEMIBRILLO L80 -P - G60 AR
60239,CPS0019,CONSUMO DE LAMINADO
60239,57844,LAMINADO 330MM PAPEL SEMIBRILLO L80 -P - G60 AR
60240,CPS0019,CONSUMO DE LAMINADO
60240,57844,LAMINADO 330MM PAPEL SEMIBRILLO L80 -P - G60 AR
60241,CPS0019,CONSUMO DE LAMINADO
60241,57844,LAMINADO 330MM PAPEL SEMIBRILLO L80 -P - G60 AR
60242,CPS0019,CONSUMO DE LAMINADO
60242,57844,LAMINADO 330MM PAPEL SEMIBRILLO L80 -P - G60 AR
60243,CPS0019,CONSUMO DE LAMINADO
60243,57844,LAMINADO 330MM PAPEL SEMIBRILLO L80 -P - G60 AR
60244,CPS0019,CONSUMO DE LAMINADO
60244,51557,LAMINADO FILM PETG 280 MM 45 MIC
60245,CPS0019,CONSUMO DE LAMINADO
60245,57374,LAMINADO 330MM PP BCO BTE PPBB60-P ARP
60246,CPS0019,CONSUMO DE LAMINADO
60246,57374,LAMINADO 330MM PP BCO BTE PPBB60-P ARP
60247,CPS0019,CONSUMO DE LAMINADO
60247,57755,LAMINADO 160MM PP BCO BTE PPBB60-P ARP (SAMSON/ARP)
60248,CPS0019,CONSUMO DE LAMINADO
60248,57755,LAMINADO 160MM PP BCO BTE PPBB60-P ARP (SAMSON/ARP)
60249,CPS0019,CONSUMO DE LAMINADO
60249,57755,LAMINADO 160MM PP BCO BTE PPBB60-P ARP (SAMSON/ARP)
60250,CPS0019,CONSUMO DE LAMINADO
60250,57374,LAMINADO 330MM PP BCO BTE PPBB60-P ARP
60251,CPS0019,CONSUMO DE LAMINADO
60251,57374,LAMINADO 330MM PP BCO BTE PPBB60-P ARP
60252,CPS0019,CONSUMO DE LAMINADO
60252,57755,LAMINADO 160MM PP BCO BTE PPBB60-P ARP (SAMSON/ARP)
60252,46934,LAMINADO 160MM PP BLANCO TC 40 MICRAS  02176 RI757
60253,CPS0019,CONSUMO DE LAMINADO
60253,56384,LAMINADO 333MM BOPP  METALIZADO PLATA BRILLANTE RP37 UPM
60254,CPS0019,CONSUMO DE LAMINADO
60254,58703,LAMINADO 160MM PAPEL SEMIBRILLO 6770 80G AP 904 PERU RI
60255,CPS0019,CONSUMO DE LAMINADO
60255,58703,LAMINADO 160MM PAPEL SEMIBRILLO 6770 80G AP 904 PERU RI
60256,CPS0019,CONSUMO DE LAMINADO
60256,59900,LAMINADO 250 WINEGLASS (MANUAL) 10939 RI
60262,CPS0019,CONSUMO DE LAMINADO
60262,57373,LAMINADO 300MM PP BCO BTE PPBB60-P ARP
60264,CPS0019,CONSUMO DE LAMINADO
60264,59890,LAMINADO 255MM PP BCO BTE PPBB60-P ARP (SAMSON/ARP)
60265,CPS0019,CONSUMO DE LAMINADO
60265,57559,LAMINADO 330MM PAPEL SEMIBRILLO L80-PH-G60 ARP
60266,CPS0019,CONSUMO DE LAMINADO
60266,57559,LAMINADO 330MM PAPEL SEMIBRILLO L80-PH-G60 ARP
60267,CPS0019,CONSUMO DE LAMINADO
60267,57559,LAMINADO 330MM PAPEL SEMIBRILLO L80-PH-G60 ARP
60268,CPS0019,CONSUMO DE LAMINADO
60268,57559,LAMINADO 330MM PAPEL SEMIBRILLO L80-PH-G60 ARP
60269,CPS0019,CONSUMO DE LAMINADO
60269,59900,LAMINADO 250 WINEGLASS (MANUAL) 10939 RI
60271,CPS0019,CONSUMO DE LAMINADO
60271,59900,LAMINADO 250 WINEGLASS (MANUAL) 10939 RI
60272,CPS0019,CONSUMO DE LAMINADO
60272,57844,LAMINADO 330MM PAPEL SEMIBRILLO L80 -P - G60 AR
60273,CPS0019,CONSUMO DE LAMINADO
60273,58435,LAMINADO FILM PETG 200 MM TERMOCONTRAIBLE 50 MIC (BONSET)
60275,CPS0019,CONSUMO DE LAMINADO
60275,51557,LAMINADO FILM PETG 280 MM 45 MIC
60276,CPS0019,CONSUMO DE LAMINADO
60276,51557,LAMINADO FILM PETG 280 MM 45 MIC
60277,51557,LAMINADO FILM PETG 280 MM 45 MIC
60277,CPS0019,CONSUMO DE LAMINADO
60282,CPS0019,CONSUMO DE LAMINADO
60282,52915,LAMINADO 333MM PP TRANSP. RP37 SY105C UPM RAFLATAC
60285,CPS0019,CONSUMO DE LAMINADO
60285,60232,LAMINADO 110MM PAPEL TRANSFER TT62/P6H ARC
60286,CPS0019,CONSUMO DE LAMINADO
60286,58892,LAMINADO 330MM PPBB57-P4-G58 ARC
60287,CPS0019,CONSUMO DE LAMINADO
60287,57374,LAMINADO 330MM PP BCO BTE PPBB60-P ARP
60288,CPS0019,CONSUMO DE LAMINADO
60288,50136,LAMINADO CINTA P/LAMINAR  PP TRANSP. 320MM OLPP24-MATE-º1500º
60288,57374,LAMINADO 330MM PP BCO BTE PPBB60-P ARP
60289,CPS0019,CONSUMO DE LAMINADO
60289,50359,LAMINADO FILM PETG 240 MM 45 MIC
60290,CPS0019,CONSUMO DE LAMINADO
60290,50359,LAMINADO FILM PETG 240 MM 45 MIC
60291,CPS0019,CONSUMO DE LAMINADO
60291,50359,LAMINADO FILM PETG 240 MM 45 MIC
60292,CPS0019,CONSUMO DE LAMINADO
60292,50359,LAMINADO FILM PETG 240 MM 45 MIC
60293,CPS0019,CONSUMO DE LAMINADO
60293,50359,LAMINADO FILM PETG 240 MM 45 MIC
60294,CPS0019,CONSUMO DE LAMINADO
60294,50359,LAMINADO FILM PETG 240 MM 45 MIC
60295,CPS0019,CONSUMO DE LAMINADO
60295,51557,LAMINADO FILM PETG 280 MM 45 MIC
60295,45939,LAMINADO FOLIA PLATA COLDFOIL 160MM DSCF613-OP COR
60296,CPS0019,CONSUMO DE LAMINADO
60296,51557,LAMINADO FILM PETG 280 MM 45 MIC
60296,45939,LAMINADO FOLIA PLATA COLDFOIL 160MM DSCF613-OP COR
60298,CPS0019,CONSUMO DE LAMINADO
60298,58682,LAMINADO 160MM PP BCO 60 UTC 2102  707/BL 8065 PERU RI
60299,CPS0019,CONSUMO DE LAMINADO
60299,58682,LAMINADO 160MM PP BCO 60 UTC 2102  707/BL 8065 PERU RI
60300,CPS0019,CONSUMO DE LAMINADO
60300,58682,LAMINADO 160MM PP BCO 60 UTC 2102  707/BL 8065 PERU RI
60303,43613,LAMINADO 200MM PP BCO BTE P4 38M G58 ARC
60303,CPS0019,CONSUMO DE LAMINADO
60303,57384,LAMINADO 200MM PP BCO BTE PPBB60-P ARP
60304,43613,LAMINADO 200MM PP BCO BTE P4 38M G58 ARC
60304,CPS0019,CONSUMO DE LAMINADO
60304,57384,LAMINADO 200MM PP BCO BTE PPBB60-P ARP
60305,CPS0019,CONSUMO DE LAMINADO
60305,59890,LAMINADO 255MM PP BCO BTE PPBB60-P ARP (SAMSON/ARP)
60306,CPS0019,CONSUMO DE LAMINADO
60306,57374,LAMINADO 330MM PP BCO BTE PPBB60-P ARP
60307,CPS0019,CONSUMO DE LAMINADO
60307,58682,LAMINADO 160MM PP BCO 60 UTC 2102  707/BL 8065 PERU RI
60308,CPS0019,CONSUMO DE LAMINADO
60308,58682,LAMINADO 160MM PP BCO 60 UTC 2102  707/BL 8065 PERU RI
60309,CPS0019,CONSUMO DE LAMINADO
60309,58682,LAMINADO 160MM PP BCO 60 UTC 2102  707/BL 8065 PERU RI
60310,CPS0019,CONSUMO DE LAMINADO
60310,59025,LAMINADO 330MM PP BCO MATE PPDL54-FH G60 ARP
60312,CPS0019,CONSUMO DE LAMINADO
60312,50359,LAMINADO FILM PETG 240 MM 45 MIC
60313,CPS0019,CONSUMO DE LAMINADO
60313,51558,LAMINADO FILM PETG 360 MM 45 MIC
60314,CPS0019,CONSUMO DE LAMINADO
60314,57373,LAMINADO 300MM PP BCO BTE PPBB60-P ARP
60315,CPS0019,CONSUMO DE LAMINADO
60315,57755,LAMINADO 160MM PP BCO BTE PPBB60-P ARP (SAMSON/ARP)
60315,46934,LAMINADO 160MM PP BLANCO TC 40 MICRAS  02176 RI757
60316,CPS0019,CONSUMO DE LAMINADO
60316,57844,LAMINADO 330MM PAPEL SEMIBRILLO L80 -P - G60 AR
60317,CPS0019,CONSUMO DE LAMINADO
60317,57844,LAMINADO 330MM PAPEL SEMIBRILLO L80 -P - G60 AR
60318,CPS0019,CONSUMO DE LAMINADO
60318,57559,LAMINADO 330MM PAPEL SEMIBRILLO L80-PH-G60 ARP
60319,CPS0019,CONSUMO DE LAMINADO
60319,57559,LAMINADO 330MM PAPEL SEMIBRILLO L80-PH-G60 ARP
60320,CPS0019,CONSUMO DE LAMINADO
60320,57559,LAMINADO 330MM PAPEL SEMIBRILLO L80-PH-G60 ARP
60327,CPS0019,CONSUMO DE LAMINADO
60327,59890,LAMINADO 255MM PP BCO BTE PPBB60-P ARP (SAMSON/ARP)
60329,CPS0019,CONSUMO DE LAMINADO
60329,57559,LAMINADO 330MM PAPEL SEMIBRILLO L80-PH-G60 ARP
60330,CPS0019,CONSUMO DE LAMINADO
60330,57559,LAMINADO 330MM PAPEL SEMIBRILLO L80-PH-G60 ARP
60331,CPS0019,CONSUMO DE LAMINADO
60331,57552,LAMINADO 160MM PAPEL SEMIBRILLO L80-PH-G60 ARP
60332,CPS0019,CONSUMO DE LAMINADO
60332,57557,LAMINADO 300MM PAPEL SEMIBRILLO L80-PH-G60 ARP
60333,CPS0019,CONSUMO DE LAMINADO
60333,57559,LAMINADO 330MM PAPEL SEMIBRILLO L80-PH-G60 ARP
60334,CPS0019,CONSUMO DE LAMINADO
60334,57559,LAMINADO 330MM PAPEL SEMIBRILLO L80-PH-G60 ARP
60335,CPS0019,CONSUMO DE LAMINADO
60335,57373,LAMINADO 300MM PP BCO BTE PPBB60-P ARP
60336,46145,LAMINADO 110MM PPBB60-P1-G62S
60336,CPS0019,CONSUMO DE LAMINADO
60337,46145,LAMINADO 110MM PPBB60-P1-G62S
60337,CPS0019,CONSUMO DE LAMINADO
60338,CPS0019,CONSUMO DE LAMINADO
60338,57872,LAMINADO 300MM PAPEL SEMIBRILLO L80 -P - G60 ARP
60339,CPS0019,CONSUMO DE LAMINADO
60339,57872,LAMINADO 300MM PAPEL SEMIBRILLO L80 -P - G60 ARP
60340,CPS0019,CONSUMO DE LAMINADO
60340,60364,LAMINADO 255MM OPTIMA MATE PPDL54 P G60  ARP
60341,CPS0019,CONSUMO DE LAMINADO
60341,60364,LAMINADO 255MM OPTIMA MATE PPDL54 P G60  ARP
60342,CPS0019,CONSUMO DE LAMINADO
60342,59900,LAMINADO 250 WINEGLASS (MANUAL) 10939 RI
60344,CPS0019,CONSUMO DE LAMINADO
60344,58682,LAMINADO 160MM PP BCO 60 UTC 2102  707/BL 8065 PERU RI
60347,CPS0019,CONSUMO DE LAMINADO
60347,59139,LAMINADO 230MM PET PSF35ZAC EMPACK
60348,CPS0019,CONSUMO DE LAMINADO
60348,59138,LAMINADO 330MM PET PSF35ZAC EMPACK
60349,CPS0019,CONSUMO DE LAMINADO
60349,59139,LAMINADO 230MM PET PSF35ZAC EMPACK
60350,CPS0019,CONSUMO DE LAMINADO
60350,50359,LAMINADO FILM PETG 240 MM 45 MIC
60350,46812,LAMINADO FOLIA PLATA COLDFOIL 240MM DSCF620-OP COR
60351,CPS0019,CONSUMO DE LAMINADO
60351,50359,LAMINADO FILM PETG 240 MM 45 MIC
60351,46812,LAMINADO FOLIA PLATA COLDFOIL 240MM DSCF620-OP COR
60352,CPS0019,CONSUMO DE LAMINADO
60352,59894,LAMINADO FILM PETG 360 MM 45 MIC GANGHUI
60352,55714,LAMINADO FOLIA PLATA COLDFOIL 320MM DSCF620-OP COR
60353,CPS0019,CONSUMO DE LAMINADO
60353,59054,LAMINADO FOLIA PLATA COLDFOIL 200MM DSCF620-OP COR
60353,50359,LAMINADO FILM PETG 240 MM 45 MIC
60354,CPS0019,CONSUMO DE LAMINADO
60354,53558,LAMINADO FOLIA PLATA COLDFOIL 280MM DSCF620-OP COR
60354,51557,LAMINADO FILM PETG 280 MM 45 MIC
60355,CPS0019,CONSUMO DE LAMINADO
60355,48261,LAMINADO 330MM TERMICO PROTEGIDO 7836 THERMAL TC /80 GR GL/60 RI
60359,CPS0019,CONSUMO DE LAMINADO
60359,59890,LAMINADO 255MM PP BCO BTE PPBB60-P ARP (SAMSON/ARP)
60360,CPS0019,CONSUMO DE LAMINADO
60360,59890,LAMINADO 255MM PP BCO BTE PPBB60-P ARP (SAMSON/ARP)
60362,CPS0019,CONSUMO DE LAMINADO
60362,60364,LAMINADO 255MM OPTIMA MATE PPDL54 P G60  ARP
60363,CPS0019,CONSUMO DE LAMINADO
60363,60364,LAMINADO 255MM OPTIMA MATE PPDL54 P G60  ARP
60368,CPS0019,CONSUMO DE LAMINADO
60368,58682,LAMINADO 160MM PP BCO 60 UTC 2102  707/BL 8065 PERU RI
60369,CPS0019,CONSUMO DE LAMINADO
60369,59891,LAMINADO FILM PETG 280 MM 45 MIC GANGHUI
60370,CPS0019,CONSUMO DE LAMINADO
60370,59891,LAMINADO FILM PETG 280 MM 45 MIC GANGHUI
60371,CPS0019,CONSUMO DE LAMINADO
60371,59891,LAMINADO FILM PETG 280 MM 45 MIC GANGHUI
60372,CPS0019,CONSUMO DE LAMINADO
60372,59891,LAMINADO FILM PETG 280 MM 45 MIC GANGHUI
60373,CPS0019,CONSUMO DE LAMINADO
60373,50928,"LAMINADO 330MM PP BLANCO S7400ER/PET23 "" EASY MOVE"" CLEAN FLAKE AD"
60374,CPS0019,CONSUMO DE LAMINADO
60374,50928,"LAMINADO 330MM PP BLANCO S7400ER/PET23 "" EASY MOVE"" CLEAN FLAKE AD"
60376,CPS0019,CONSUMO DE LAMINADO
60376,57755,LAMINADO 160MM PP BCO BTE PPBB60-P ARP (SAMSON/ARP)
60376,46934,LAMINADO 160MM PP BLANCO TC 40 MICRAS  02176 RI757
60378,CPS0019,CONSUMO DE LAMINADO
60378,57373,LAMINADO 300MM PP BCO BTE PPBB60-P ARP
60380,CPS0019,CONSUMO DE LAMINADO
60380,57755,LAMINADO 160MM PP BCO BTE PPBB60-P ARP (SAMSON/ARP)
60380,46934,LAMINADO 160MM PP BLANCO TC 40 MICRAS  02176 RI757
60381,CPS0019,CONSUMO DE LAMINADO
60381,58682,LAMINADO 160MM PP BCO 60 UTC 2102  707/BL 8065 PERU RI
60382,CPS0019,CONSUMO DE LAMINADO
60382,58682,LAMINADO 160MM PP BCO 60 UTC 2102  707/BL 8065 PERU RI
60383,CPS0019,CONSUMO DE LAMINADO
60383,58682,LAMINADO 160MM PP BCO 60 UTC 2102  707/BL 8065 PERU RI
60384,CPS0019,CONSUMO DE LAMINADO
60384,58682,LAMINADO 160MM PP BCO 60 UTC 2102  707/BL 8065 PERU RI
60385,CPS0019,CONSUMO DE LAMINADO
60385,58682,LAMINADO 160MM PP BCO 60 UTC 2102  707/BL 8065 PERU RI
60386,CPS0019,CONSUMO DE LAMINADO
60386,46934,LAMINADO 160MM PP BLANCO TC 40 MICRAS  02176 RI757
60386,57755,LAMINADO 160MM PP BCO BTE PPBB60-P ARP (SAMSON/ARP)
60387,CPS0019,CONSUMO DE LAMINADO
60387,57373,LAMINADO 300MM PP BCO BTE PPBB60-P ARP
60388,CPS0019,CONSUMO DE LAMINADO
60388,57373,LAMINADO 300MM PP BCO BTE PPBB60-P ARP
60389,CPS0019,CONSUMO DE LAMINADO
60389,57373,LAMINADO 300MM PP BCO BTE PPBB60-P ARP
60394,CPS0019,CONSUMO DE LAMINADO
60394,56392,LAMINADO 330MM WHITE COVER
60398,CPS0019,CONSUMO DE LAMINADO
60398,57559,LAMINADO 330MM PAPEL SEMIBRILLO L80-PH-G60 ARP
60399,CPS0019,CONSUMO DE LAMINADO
60399,57559,LAMINADO 330MM PAPEL SEMIBRILLO L80-PH-G60 ARP
60400,CPS0019,CONSUMO DE LAMINADO
60400,57559,LAMINADO 330MM PAPEL SEMIBRILLO L80-PH-G60 ARP
60401,CPS0019,CONSUMO DE LAMINADO
60401,57559,LAMINADO 330MM PAPEL SEMIBRILLO L80-PH-G60 ARP
60404,CPS0019,CONSUMO DE LAMINADO
60404,57844,LAMINADO 330MM PAPEL SEMIBRILLO L80 -P - G60 AR
60405,CPS0019,CONSUMO DE LAMINADO
60405,57844,LAMINADO 330MM PAPEL SEMIBRILLO L80 -P - G60 AR
60406,CPS0019,CONSUMO DE LAMINADO
60406,57844,LAMINADO 330MM PAPEL SEMIBRILLO L80 -P - G60 AR
60407,CPS0019,CONSUMO DE LAMINADO
60407,57894,LAMINADO 330MM PP METALIZADO PLATA BRILLANTE PPMB50-P1-G60S-R1 ARC
60407,46219,LAMINADO CINTA P/LAMINAR PP TRANSP. 320MM AA-LABR-LA-SL-BPT-QSW DIP
60408,CPS0019,CONSUMO DE LAMINADO
60408,57844,LAMINADO 330MM PAPEL SEMIBRILLO L80 -P - G60 AR
60409,CPS0019,CONSUMO DE LAMINADO
60409,57844,LAMINADO 330MM PAPEL SEMIBRILLO L80 -P - G60 AR
60410,CPS0019,CONSUMO DE LAMINADO
60410,57844,LAMINADO 330MM PAPEL SEMIBRILLO L80 -P - G60 AR
60411,CPS0019,CONSUMO DE LAMINADO
60411,57844,LAMINADO 330MM PAPEL SEMIBRILLO L80 -P - G60 AR
60412,CPS0019,CONSUMO DE LAMINADO
60412,57844,LAMINADO 330MM PAPEL SEMIBRILLO L80 -P - G60 AR
60413,CPS0019,CONSUMO DE LAMINADO
60413,54082,LAMINADO 300MM BOPP  METALIZADO PLATA BRILLANTE RP37UPM
60414,CPS0019,CONSUMO DE LAMINADO
60414,57373,LAMINADO 300MM PP BCO BTE PPBB60-P ARP
60415,CPS0019,CONSUMO DE LAMINADO
60415,57374,LAMINADO 330MM PP BCO BTE PPBB60-P ARP
60416,CPS0019,CONSUMO DE LAMINADO
60416,57374,LAMINADO 330MM PP BCO BTE PPBB60-P ARP
60417,CPS0019,CONSUMO DE LAMINADO
60417,57374,LAMINADO 330MM PP BCO BTE PPBB60-P ARP
60418,CPS0019,CONSUMO DE LAMINADO
60418,57373,LAMINADO 300MM PP BCO BTE PPBB60-P ARP
60419,CPS0019,CONSUMO DE LAMINADO
60419,51558,LAMINADO FILM PETG 360 MM 45 MIC
60420,CPS0019,CONSUMO DE LAMINADO
60420,51558,LAMINADO FILM PETG 360 MM 45 MIC
60421,CPS0019,CONSUMO DE LAMINADO
60421,51558,LAMINADO FILM PETG 360 MM 45 MIC
60422,CPS0019,CONSUMO DE LAMINADO
60422,51558,LAMINADO FILM PETG 360 MM 45 MIC
60424,CPS0019,CONSUMO DE LAMINADO
60424,58682,LAMINADO 160MM PP BCO 60 UTC 2102  707/BL 8065 PERU RI
60425,CPS0019,CONSUMO DE LAMINADO
60425,58682,LAMINADO 160MM PP BCO 60 UTC 2102  707/BL 8065 PERU RI
60427,CPS0019,CONSUMO DE LAMINADO
60427,59890,LAMINADO 255MM PP BCO BTE PPBB60-P ARP (SAMSON/ARP)
60428,CPS0019,CONSUMO DE LAMINADO
60428,57844,LAMINADO 330MM PAPEL SEMIBRILLO L80 -P - G60 AR
60430,CPS0019,CONSUMO DE LAMINADO
60430,59024,LAMINADO 330MM PAPEL TERMICO PROTEGIDO INNOPROTEC PH
60431,CPS0019,CONSUMO DE LAMINADO
60431,57844,LAMINADO 330MM PAPEL SEMIBRILLO L80 -P - G60 AR
60432,CPS0019,CONSUMO DE LAMINADO
60432,58682,LAMINADO 160MM PP BCO 60 UTC 2102  707/BL 8065 PERU RI
60433,CPS0019,CONSUMO DE LAMINADO
60433,58682,LAMINADO 160MM PP BCO 60 UTC 2102  707/BL 8065 PERU RI
60434,CPS0019,CONSUMO DE LAMINADO
60434,58682,LAMINADO 160MM PP BCO 60 UTC 2102  707/BL 8065 PERU RI
60435,CPS0019,CONSUMO DE LAMINADO
60435,57559,LAMINADO 330MM PAPEL SEMIBRILLO L80-PH-G60 ARP
60436,CPS0019,CONSUMO DE LAMINADO
60436,57559,LAMINADO 330MM PAPEL SEMIBRILLO L80-PH-G60 ARP
60437,CPS0019,CONSUMO DE LAMINADO
60437,58682,LAMINADO 160MM PP BCO 60 UTC 2102  707/BL 8065 PERU RI
60438,CPS0019,CONSUMO DE LAMINADO
60438,57559,LAMINADO 330MM PAPEL SEMIBRILLO L80-PH-G60 ARP
60439,CPS0019,CONSUMO DE LAMINADO
60439,57559,LAMINADO 330MM PAPEL SEMIBRILLO L80-PH-G60 ARP
60440,CPS0019,CONSUMO DE LAMINADO
60440,57559,LAMINADO 330MM PAPEL SEMIBRILLO L80-PH-G60 ARP
60441,CPS0019,CONSUMO DE LAMINADO
60441,57559,LAMINADO 330MM PAPEL SEMIBRILLO L80-PH-G60 ARP
60442,CPS0019,CONSUMO DE LAMINADO
60442,58682,LAMINADO 160MM PP BCO 60 UTC 2102  707/BL 8065 PERU RI
60444,CPS0019,CONSUMO DE LAMINADO
60444,59194,LAMINADO FOLIA PLATA COLDFOIL 90MM DSCF620-OP
60444,50360,LAMINADO FILM PETG 300 MM 45 MIC
60445,CPS0019,CONSUMO DE LAMINADO
60445,58703,LAMINADO 160MM PAPEL SEMIBRILLO 6770 80G AP 904 PERU RI
60452,CPS0019,CONSUMO DE LAMINADO
60452,50928,"LAMINADO 330MM PP BLANCO S7400ER/PET23 "" EASY MOVE"" CLEAN FLAKE AD"
60453,CPS0019,CONSUMO DE LAMINADO
60453,57557,LAMINADO 300MM PAPEL SEMIBRILLO L80-PH-G60 ARP
60454,CPS0019,CONSUMO DE LAMINADO
60454,59893,LAMINADO FILM PETG 330 MM 45 MIC GANGHUI
60456,CPS0019,CONSUMO DE LAMINADO
60456,57557,LAMINADO 300MM PAPEL SEMIBRILLO L80-PH-G60 ARP
60457,CPS0019,CONSUMO DE LAMINADO
60457,57559,LAMINADO 330MM PAPEL SEMIBRILLO L80-PH-G60 ARP
60458,CPS0019,CONSUMO DE LAMINADO
60458,60467,LAMINADO 166MM PP BCO 60 UTC 2102  707/BL 8065 PERU RI
60461,CPS0019,CONSUMO DE LAMINADO
60461,48261,LAMINADO 330MM TERMICO PROTEGIDO 7836 THERMAL TC /80 GR GL/60 RI
60462,CPS0019,CONSUMO DE LAMINADO
60462,57373,LAMINADO 300MM PP BCO BTE PPBB60-P ARP
60465,CPS0019,CONSUMO DE LAMINADO
60465,60375,LAMINADO 330MM PP TRANSP. PPT50P-P1-G60 AR
60466,CPS0019,CONSUMO DE LAMINADO
60466,60364,LAMINADO 255MM OPTIMA MATE PPDL54 P G60  ARP
621,CPS0019,CONSUMO DE LAMINADO
621,44928,LAMINADO 300MM PAPEL SEMIBRILLO L80-PH-G62S Exacto ARP
628,CPS0019,CONSUMO DE LAMINADO
628,45856,LAMINADO 330MM PAPEL SEMIBRILLO 6770 80 GR AP 904 RI
629,CPS0019,CONSUMO DE LAMINADO
629,709,LAMINADO 110MM PAPEL SEMIBRILLO 6770 80G AP 904 RI
634,43264,LAMINADO 160MM PAPEL SEMIBRILLO 80/P ARC
634,CPS0019,CONSUMO DE LAMINADO
642,CPS0019,CONSUMO DE LAMINADO
642,703,LAMINADO 111MM PAPEL TRANSTERM PREM 80G/ADC240/LN52M
645,CPS0019,CONSUMO DE LAMINADO
645,709,LAMINADO 110MM PAPEL SEMIBRILLO 6770 80G AP 904 RI
649,CPS0019,CONSUMO DE LAMINADO
649,719,LAMINADO 100MM PAPEL BLANCO SEMIBRILLO RI
661,46036,LAMINADO 110MM PAPEL SEMIBRILLO L80-PH-G62S (EXACTO) ARP
661,CPS0019,CONSUMO DE LAMINADO
663,43263,LAMINADO 110MM PAPEL SEMIBRILLO 80/P ARC
663,CPS0019,CONSUMO DE LAMINADO
665,CPS0019,CONSUMO DE LAMINADO
665,57553,LAMINADO 110MM PAPEL SEMIBRILLO L80-PH-G60 ARP
666,CPS0019,CONSUMO DE LAMINADO
666,709,LAMINADO 110MM PAPEL SEMIBRILLO 6770 80G AP 904 RI
667,CPS0019,CONSUMO DE LAMINADO
667,57844,LAMINADO 330MM PAPEL SEMIBRILLO L80 -P - G60 AR
669,CPS0019,CONSUMO DE LAMINADO
669,57559,LAMINADO 330MM PAPEL SEMIBRILLO L80-PH-G60 ARP
675,CPS0019,CONSUMO DE LAMINADO
675,724,LAMINADO 125MM PAPEL TERMICO
676,CPS0019,CONSUMO DE LAMINADO
676,711,LAMINADO 160MM PAPEL SEMIBRILLO 6770 80G AP 904 RI
682,CPS0019,CONSUMO DE LAMINADO
682,709,LAMINADO 110MM PAPEL SEMIBRILLO 6770 80G AP 904 RI
684,44626,LAMINADO 110MM PPDL54P4 OPTIMA MATE AF1000 G60 ARC
684,CPS0019,CONSUMO DE LAMINADO
685,CPS0019,CONSUMO DE LAMINADO
685,54353,LAMINADO 330MM PPDL54P4 OPTIMA MATE AF1000 G60 ARC
686,43347,LAMINADO 125MM PAPEL TERMICO T70/P ARC
686,CPS0019,CONSUMO DE LAMINADO
688,CPS0019,CONSUMO DE LAMINADO
688,709,LAMINADO 110MM PAPEL SEMIBRILLO 6770 80G AP 904 RI
690,CPS0019,CONSUMO DE LAMINADO
690,709,LAMINADO 110MM PAPEL SEMIBRILLO 6770 80G AP 904 RI
692,CPS0019,CONSUMO DE LAMINADO
692,57844,LAMINADO 330MM PAPEL SEMIBRILLO L80 -P - G60 AR
693,44533,LAMINADO 320MM PPDL54P4 OPTIMA MATE AF1000 G60 ARC
693,CPS0019,CONSUMO DE LAMINADO
7,CPS0019,CONSUMO DE LAMINADO
7,45997,LAMINADO 160MM PAPEL SEMIBRILLO L80-PH-G62S (EXACTO) ARP
8,CPS0019,CONSUMO DE LAMINADO
8,59529,LAMINADO 160MM PAPEL SEMIBRILLO L80 -P - G60 ARP
92,39799,LAMINADO 157MM PP PERLADO SAMSON
92,CPS0019,CONSUMO DE LAMINADO
93,39799,LAMINADO 157MM PP PERLADO SAMSON
93,CPS0019,CONSUMO DE LAMINADO
